{
  "type": "FeatureCollection",
  "metadata": {
    "gemeente": "Aartselaar",
    "slug": "aartselaar",
    "generated_at": "2026-09-25T22:11:33.988115Z",
    "total_points": 32,
    "providers": [
      "bpost",
      "DHL",
      "GLS",
      "InPost",
      "VintedGo",
      "PostNL",
      "DPD",
      "Amazon"
    ],
    "bounds": [
      4.36373,
      51.10998,
      4.390189,
      51.1429
    ]
  },
  "features": [
    {
      "type": "Feature",
      "geometry": {
        "type": "Point",
        "coordinates": [
          4.38215,
          51.1429
        ]
      },
      "properties": {
        "type": "pakketpunt",
        "locatieNaam": "Bbox 24/7 Lecot Aartselaar",
        "straatNaam": "Kontichsesteenweg",
        "straatNr": "21",
        "vervoerder": "bpost",
        "puntType": "automaat",
        "bezettingsgraad": 50,
        "latitude": 51.1429,
        "longitude": 4.38215,
        "canPickup": true,
        "canDropoff": true,
        "openingstijden": null
      }
    },
    {
      "type": "Feature",
      "geometry": {
        "type": "Point",
        "coordinates": [
          4.38513,
          51.13689
        ]
      },
      "properties": {
        "type": "pakketpunt",
        "locatieNaam": "Bbox 24/7 Aartselaar Bpost",
        "straatNaam": "Hoevelei",
        "straatNr": "76",
        "vervoerder": "bpost",
        "puntType": "automaat",
        "bezettingsgraad": 50,
        "latitude": 51.13689,
        "longitude": 4.38513,
        "canPickup": true,
        "canDropoff": true,
        "openingstijden": null
      }
    },
    {
      "type": "Feature",
      "geometry": {
        "type": "Point",
        "coordinates": [
          4.38499,
          51.1368
        ]
      },
      "properties": {
        "type": "pakketpunt",
        "locatieNaam": "Aartselaar",
        "straatNaam": "Hoevelei",
        "straatNr": "76",
        "vervoerder": "bpost",
        "puntType": "postkantoor",
        "bezettingsgraad": 50,
        "latitude": 51.1368,
        "longitude": 4.38499,
        "canPickup": true,
        "canDropoff": true,
        "openingstijden": null
      }
    },
    {
      "type": "Feature",
      "geometry": {
        "type": "Point",
        "coordinates": [
          4.38968,
          51.1347
        ]
      },
      "properties": {
        "type": "pakketpunt",
        "locatieNaam": "Bbox Delhaize Aartsela",
        "straatNaam": "Lindelei",
        "straatNr": "29",
        "vervoerder": "bpost",
        "puntType": "automaat",
        "bezettingsgraad": 50,
        "latitude": 51.1347,
        "longitude": 4.38968,
        "canPickup": true,
        "canDropoff": true,
        "openingstijden": null
      }
    },
    {
      "type": "Feature",
      "geometry": {
        "type": "Point",
        "coordinates": [
          4.38918,
          51.1318
        ]
      },
      "properties": {
        "type": "pakketpunt",
        "locatieNaam": "Bbox Netezon Kapellestraat",
        "straatNaam": "Kapellestraat",
        "straatNr": "61",
        "vervoerder": "bpost",
        "puntType": "automaat",
        "bezettingsgraad": 50,
        "latitude": 51.1318,
        "longitude": 4.38918,
        "canPickup": true,
        "canDropoff": true,
        "openingstijden": null
      }
    },
    {
      "type": "Feature",
      "geometry": {
        "type": "Point",
        "coordinates": [
          4.3761,
          51.13219
        ]
      },
      "properties": {
        "type": "pakketpunt",
        "locatieNaam": "Berca Aartselaar",
        "straatNaam": "Boomsesteenweg",
        "straatNr": "26",
        "vervoerder": "bpost",
        "puntType": "servicepunt",
        "bezettingsgraad": 50,
        "latitude": 51.13219,
        "longitude": 4.3761,
        "canPickup": true,
        "canDropoff": true,
        "openingstijden": null
      }
    },
    {
      "type": "Feature",
      "geometry": {
        "type": "Point",
        "coordinates": [
          4.38982,
          51.12977
        ]
      },
      "properties": {
        "type": "pakketpunt",
        "locatieNaam": "Bbox Carrefour Aartselaar",
        "straatNaam": "Kapellestraat",
        "straatNr": "94",
        "vervoerder": "bpost",
        "puntType": "automaat",
        "bezettingsgraad": 50,
        "latitude": 51.12977,
        "longitude": 4.38982,
        "canPickup": true,
        "canDropoff": true,
        "openingstijden": null
      }
    },
    {
      "type": "Feature",
      "geometry": {
        "type": "Point",
        "coordinates": [
          4.36373,
          51.10998
        ]
      },
      "properties": {
        "type": "pakketpunt",
        "locatieNaam": "Sadat Mm",
        "straatNaam": "Pierstraat",
        "straatNr": "359B",
        "vervoerder": "bpost",
        "puntType": "servicepunt",
        "bezettingsgraad": 50,
        "latitude": 51.10998,
        "longitude": 4.36373,
        "canPickup": true,
        "canDropoff": true,
        "openingstijden": null
      }
    },
    {
      "type": "Feature",
      "geometry": {
        "type": "Point",
        "coordinates": [
          4.363734,
          51.109982
        ]
      },
      "properties": {
        "type": "pakketpunt",
        "locatieNaam": "SADAT MM",
        "straatNaam": "PIERSTRAAT",
        "straatNr": "359B",
        "vervoerder": "DHL",
        "puntType": "parcelShop",
        "bezettingsgraad": 50,
        "latitude": 51.109982,
        "longitude": 4.363734,
        "canPickup": true,
        "canDropoff": true,
        "openingstijden": {
          "ma": "08:00 - 20:00",
          "di": "08:00 - 20:00",
          "wo": "08:00 - 20:00",
          "do": "08:00 - 20:00",
          "vr": "08:00 - 20:00",
          "za": "08:00 - 20:00",
          "zo": "08:00 - 20:00"
        }
      }
    },
    {
      "type": "Feature",
      "geometry": {
        "type": "Point",
        "coordinates": [
          4.376097,
          51.132186
        ]
      },
      "properties": {
        "type": "pakketpunt",
        "locatieNaam": "BERCA AARTSELAAR",
        "straatNaam": "BOOMSESTEENWEG",
        "straatNr": "26",
        "vervoerder": "DHL",
        "puntType": "parcelShop",
        "bezettingsgraad": 50,
        "latitude": 51.132186,
        "longitude": 4.376097,
        "canPickup": true,
        "canDropoff": true,
        "openingstijden": {
          "ma": "10:00 - 18:30",
          "di": "gesloten",
          "wo": "10:00 - 18:30",
          "do": "10:00 - 18:30",
          "vr": "10:00 - 18:30",
          "za": "10:00 - 18:30",
          "zo": "10:00 - 17:30"
        }
      }
    },
    {
      "type": "Feature",
      "geometry": {
        "type": "Point",
        "coordinates": [
          4.389821,
          51.129769
        ]
      },
      "properties": {
        "type": "pakketpunt",
        "locatieNaam": "BBOX CARREFOUR AARTSELAAR",
        "straatNaam": "KAPELLESTRAAT",
        "straatNr": "94",
        "vervoerder": "DHL",
        "puntType": "packStation",
        "bezettingsgraad": 50,
        "latitude": 51.129769,
        "longitude": 4.389821,
        "canPickup": true,
        "canDropoff": true,
        "openingstijden": {
          "ma": "00:00 - 23:59",
          "di": "00:00 - 23:59",
          "wo": "00:00 - 23:59",
          "do": "00:00 - 23:59",
          "vr": "00:00 - 23:59",
          "za": "00:00 - 23:59",
          "zo": "00:00 - 23:59"
        }
      }
    },
    {
      "type": "Feature",
      "geometry": {
        "type": "Point",
        "coordinates": [
          4.389176,
          51.131799
        ]
      },
      "properties": {
        "type": "pakketpunt",
        "locatieNaam": "BBOX NETEZON KAPELLESTRAAT",
        "straatNaam": "KAPELLESTRAAT",
        "straatNr": "61",
        "vervoerder": "DHL",
        "puntType": "packStation",
        "bezettingsgraad": 50,
        "latitude": 51.131799,
        "longitude": 4.389176,
        "canPickup": true,
        "canDropoff": true,
        "openingstijden": {
          "ma": "07:00 - 21:00",
          "di": "07:00 - 21:00",
          "wo": "07:00 - 21:00",
          "do": "07:00 - 21:00",
          "vr": "07:00 - 21:00",
          "za": "07:00 - 21:00",
          "zo": "07:00 - 21:00"
        }
      }
    },
    {
      "type": "Feature",
      "geometry": {
        "type": "Point",
        "coordinates": [
          4.389682,
          51.134705
        ]
      },
      "properties": {
        "type": "pakketpunt",
        "locatieNaam": "BBOX DELHAIZE AARTSELAAR",
        "straatNaam": "LINDELEI",
        "straatNr": "29",
        "vervoerder": "DHL",
        "puntType": "packStation",
        "bezettingsgraad": 50,
        "latitude": 51.134705,
        "longitude": 4.389682,
        "canPickup": true,
        "canDropoff": true,
        "openingstijden": {
          "ma": "12:30 - 19:00",
          "di": "08:00 - 19:00",
          "wo": "08:00 - 19:00",
          "do": "08:00 - 19:00",
          "vr": "08:00 - 19:00",
          "za": "08:00 - 19:00",
          "zo": "08:00 - 12:30"
        }
      }
    },
    {
      "type": "Feature",
      "geometry": {
        "type": "Point",
        "coordinates": [
          4.38513,
          51.13689
        ]
      },
      "properties": {
        "type": "pakketpunt",
        "locatieNaam": "BBOX 24/7 AARTSELAAR BPOST",
        "straatNaam": "HOEVELEI",
        "straatNr": "76",
        "vervoerder": "DHL",
        "puntType": "packStation",
        "bezettingsgraad": 50,
        "latitude": 51.13689,
        "longitude": 4.38513,
        "canPickup": true,
        "canDropoff": true,
        "openingstijden": {
          "ma": "00:00 - 23:59",
          "di": "00:00 - 23:59",
          "wo": "00:00 - 23:59",
          "do": "00:00 - 23:59",
          "vr": "00:00 - 23:59",
          "za": "00:00 - 23:59",
          "zo": "00:00 - 23:59"
        }
      }
    },
    {
      "type": "Feature",
      "geometry": {
        "type": "Point",
        "coordinates": [
          4.384988,
          51.136797
        ]
      },
      "properties": {
        "type": "pakketpunt",
        "locatieNaam": "AARTSELAAR",
        "straatNaam": "HOEVELEI",
        "straatNr": "76",
        "vervoerder": "DHL",
        "puntType": "postOffice",
        "bezettingsgraad": 50,
        "latitude": 51.136797,
        "longitude": 4.384988,
        "canPickup": true,
        "canDropoff": true,
        "openingstijden": {
          "ma": "09:30 - 12:30, 13:30 - 17:00",
          "di": "09:30 - 12:30, 13:30 - 18:00",
          "wo": "09:30 - 12:30, 13:30 - 17:00",
          "do": "09:30 - 12:30, 13:30 - 18:00",
          "vr": "09:30 - 12:30, 13:30 - 17:00",
          "za": "09:30 - 13:00",
          "zo": "gesloten"
        }
      }
    },
    {
      "type": "Feature",
      "geometry": {
        "type": "Point",
        "coordinates": [
          4.382146,
          51.142899
        ]
      },
      "properties": {
        "type": "pakketpunt",
        "locatieNaam": "BBOX 24/7 LECOT AARTSELAAR",
        "straatNaam": "KONTICHSESTEENWEG",
        "straatNr": "21",
        "vervoerder": "DHL",
        "puntType": "packStation",
        "bezettingsgraad": 50,
        "latitude": 51.142899,
        "longitude": 4.382146,
        "canPickup": true,
        "canDropoff": true,
        "openingstijden": {
          "ma": "00:00 - 23:59",
          "di": "00:00 - 23:59",
          "wo": "00:00 - 23:59",
          "do": "00:00 - 23:59",
          "vr": "00:00 - 23:59",
          "za": "00:00 - 23:59",
          "zo": "00:00 - 23:59"
        }
      }
    },
    {
      "type": "Feature",
      "geometry": {
        "type": "Point",
        "coordinates": [
          4.38884,
          51.13266
        ]
      },
      "properties": {
        "type": "pakketpunt",
        "locatieNaam": "The-Vaporium.be",
        "straatNaam": "Kapellestraat",
        "straatNr": "37",
        "vervoerder": "GLS",
        "puntType": "parcel_shop",
        "bezettingsgraad": 50,
        "latitude": 51.13266,
        "longitude": 4.38884,
        "canPickup": true,
        "canDropoff": true,
        "openingstijden": "vr: 10:00 - 18:00; za: 10:00 - 17:00"
      }
    },
    {
      "type": "Feature",
      "geometry": {
        "type": "Point",
        "coordinates": [
          4.3888,
          51.13241
        ]
      },
      "properties": {
        "type": "pakketpunt",
        "locatieNaam": "THE VAPORIUM",
        "straatNaam": "37 Kapellestraat",
        "straatNr": "",
        "vervoerder": "InPost",
        "puntType": "servicepunt",
        "bezettingsgraad": 50,
        "latitude": 51.13241,
        "longitude": 4.3888,
        "canPickup": true,
        "canDropoff": true,
        "openingstijden": null
      }
    },
    {
      "type": "Feature",
      "geometry": {
        "type": "Point",
        "coordinates": [
          4.38943,
          51.12963
        ]
      },
      "properties": {
        "type": "pakketpunt",
        "locatieNaam": "",
        "straatNaam": "Kapellestraat",
        "straatNr": "94",
        "vervoerder": "InPost",
        "puntType": "automaat",
        "bezettingsgraad": 50,
        "latitude": 51.12963,
        "longitude": 4.38943,
        "canPickup": true,
        "canDropoff": true,
        "openingstijden": "24/7"
      }
    },
    {
      "type": "Feature",
      "geometry": {
        "type": "Point",
        "coordinates": [
          4.38887934,
          51.13259542
        ]
      },
      "properties": {
        "type": "pakketpunt",
        "locatieNaam": "the-vaporium.be bv",
        "straatNaam": "Kapellestraat 37 bus A1",
        "straatNr": "",
        "vervoerder": "VintedGo",
        "puntType": "parcel_shop",
        "bezettingsgraad": 50,
        "latitude": 51.13259542,
        "longitude": 4.38887934,
        "canPickup": true,
        "canDropoff": true,
        "openingstijden": null
      }
    },
    {
      "type": "Feature",
      "geometry": {
        "type": "Point",
        "coordinates": [
          4.375538191,
          51.13226856
        ]
      },
      "properties": {
        "type": "pakketpunt",
        "locatieNaam": "Berca Aartselaar",
        "straatNaam": "Boomsesteenweg",
        "straatNr": "26A",
        "vervoerder": "PostNL",
        "puntType": "servicepunt",
        "bezettingsgraad": 50,
        "latitude": 51.13226856,
        "longitude": 4.375538191,
        "canPickup": true,
        "canDropoff": true,
        "openingstijden": "10:00 - 18:00"
      }
    },
    {
      "type": "Feature",
      "geometry": {
        "type": "Point",
        "coordinates": [
          4.39018300000004,
          51.129232
        ]
      },
      "properties": {
        "type": "pakketpunt",
        "locatieNaam": "Dagbladhandel Select 2 BV",
        "straatNaam": "Kapellestraat",
        "straatNr": "120",
        "vervoerder": "PostNL",
        "puntType": "servicepunt",
        "bezettingsgraad": 50,
        "latitude": 51.129232,
        "longitude": 4.39018300000004,
        "canPickup": true,
        "canDropoff": true,
        "openingstijden": "06:00 - 18:00"
      }
    },
    {
      "type": "Feature",
      "geometry": {
        "type": "Point",
        "coordinates": [
          4.390189,
          51.129232
        ]
      },
      "properties": {
        "type": "pakketpunt",
        "locatieNaam": "SELECT 2",
        "straatNaam": "KAPELLESTRAAT",
        "straatNr": "120",
        "vervoerder": "DPD",
        "puntType": "pickup_point",
        "bezettingsgraad": 50,
        "latitude": 51.129232,
        "longitude": 4.390189,
        "canPickup": true,
        "canDropoff": false,
        "openingstijden": {
          "ma": "06:00 - 14:00",
          "di": "06:00 - 18:00",
          "wo": "06:00 - 18:00",
          "do": "06:00 - 18:00",
          "vr": "06:00 - 18:00",
          "za": "06:00 - 14:00",
          "zo": "10:00 - 13:00"
        }
      }
    },
    {
      "type": "Feature",
      "geometry": {
        "type": "Point",
        "coordinates": [
          4.388843,
          51.13266
        ]
      },
      "properties": {
        "type": "pakketpunt",
        "locatieNaam": "VAPORIUM",
        "straatNaam": "KAPELLESTRAAT",
        "straatNr": "37",
        "vervoerder": "DPD",
        "puntType": "pickup_point",
        "bezettingsgraad": 50,
        "latitude": 51.13266,
        "longitude": 4.388843,
        "canPickup": true,
        "canDropoff": false,
        "openingstijden": {
          "ma": "10:00 - 18:00",
          "di": "10:00 - 18:00",
          "wo": "10:00 - 18:00",
          "do": "10:00 - 18:00",
          "vr": "10:00 - 18:00",
          "za": "10:00 - 17:00",
          "zo": "gesloten"
        }
      }
    },
    {
      "type": "Feature",
      "geometry": {
        "type": "Point",
        "coordinates": [
          4.3896818,
          51.1347045
        ]
      },
      "properties": {
        "type": "pakketpunt",
        "locatieNaam": "bpost - BBOX DELHAIZE AARTSELAAR",
        "straatNaam": "LINDELEI,29",
        "straatNr": "",
        "vervoerder": "Amazon",
        "puntType": "3p",
        "bezettingsgraad": 50,
        "latitude": 51.1347045,
        "longitude": 4.3896818,
        "canPickup": true,
        "canDropoff": false,
        "openingstijden": null
      }
    },
    {
      "type": "Feature",
      "geometry": {
        "type": "Point",
        "coordinates": [
          4.389176,
          51.131799
        ]
      },
      "properties": {
        "type": "pakketpunt",
        "locatieNaam": "bpost - BBOX NETEZON KAPELLESTRAAT",
        "straatNaam": "KAPELLESTRAAT,61",
        "straatNr": "",
        "vervoerder": "Amazon",
        "puntType": "3p",
        "bezettingsgraad": 50,
        "latitude": 51.131799,
        "longitude": 4.389176,
        "canPickup": true,
        "canDropoff": false,
        "openingstijden": null
      }
    },
    {
      "type": "Feature",
      "geometry": {
        "type": "Point",
        "coordinates": [
          4.38513,
          51.13689
        ]
      },
      "properties": {
        "type": "pakketpunt",
        "locatieNaam": "bpost - BBOX 24/7 AARTSELAAR BPOST",
        "straatNaam": "HOEVELEI,76",
        "straatNr": "",
        "vervoerder": "Amazon",
        "puntType": "3p",
        "bezettingsgraad": 50,
        "latitude": 51.13689,
        "longitude": 4.38513,
        "canPickup": true,
        "canDropoff": false,
        "openingstijden": null
      }
    },
    {
      "type": "Feature",
      "geometry": {
        "type": "Point",
        "coordinates": [
          4.384988,
          51.136797
        ]
      },
      "properties": {
        "type": "pakketpunt",
        "locatieNaam": "bpost - AARTSELAAR",
        "straatNaam": "HOEVELEI,76",
        "straatNr": "",
        "vervoerder": "Amazon",
        "puntType": "3p",
        "bezettingsgraad": 50,
        "latitude": 51.136797,
        "longitude": 4.384988,
        "canPickup": true,
        "canDropoff": false,
        "openingstijden": null
      }
    },
    {
      "type": "Feature",
      "geometry": {
        "type": "Point",
        "coordinates": [
          4.389821,
          51.129769
        ]
      },
      "properties": {
        "type": "pakketpunt",
        "locatieNaam": "bpost - BBOX CARREFOUR AARTSELAAR",
        "straatNaam": "KAPELLESTRAAT,94",
        "straatNr": "",
        "vervoerder": "Amazon",
        "puntType": "3p",
        "bezettingsgraad": 50,
        "latitude": 51.129769,
        "longitude": 4.389821,
        "canPickup": true,
        "canDropoff": false,
        "openingstijden": null
      }
    },
    {
      "type": "Feature",
      "geometry": {
        "type": "Point",
        "coordinates": [
          4.376097,
          51.132186
        ]
      },
      "properties": {
        "type": "pakketpunt",
        "locatieNaam": "bpost - BERCA AARTSELAAR",
        "straatNaam": "BOOMSESTEENWEG,26",
        "straatNr": "",
        "vervoerder": "Amazon",
        "puntType": "3p",
        "bezettingsgraad": 50,
        "latitude": 51.132186,
        "longitude": 4.376097,
        "canPickup": true,
        "canDropoff": false,
        "openingstijden": null
      }
    },
    {
      "type": "Feature",
      "geometry": {
        "type": "Point",
        "coordinates": [
          4.382146,
          51.142899
        ]
      },
      "properties": {
        "type": "pakketpunt",
        "locatieNaam": "bpost - BBOX 24/7 LECOT AARTSELAAR",
        "straatNaam": "KONTICHSESTEENWEG,21",
        "straatNr": "",
        "vervoerder": "Amazon",
        "puntType": "3p",
        "bezettingsgraad": 50,
        "latitude": 51.142899,
        "longitude": 4.382146,
        "canPickup": true,
        "canDropoff": false,
        "openingstijden": null
      }
    },
    {
      "type": "Feature",
      "geometry": {
        "type": "Point",
        "coordinates": [
          4.3637342,
          51.1099815
        ]
      },
      "properties": {
        "type": "pakketpunt",
        "locatieNaam": "bpost - SADAT MM",
        "straatNaam": "PIERSTRAAT,359B",
        "straatNr": "",
        "vervoerder": "Amazon",
        "puntType": "3p",
        "bezettingsgraad": 50,
        "latitude": 51.1099815,
        "longitude": 4.3637342,
        "canPickup": true,
        "canDropoff": false,
        "openingstijden": null
      }
    },
    {
      "type": "Feature",
      "geometry": {
        "type": "MultiPolygon",
        "coordinates": [
          [
            [
              [
                4.364149605310136,
                51.107296317279086
              ],
              [
                4.363729739577859,
                51.10728334897683
              ],
              [
                4.363309876353156,
                51.107296349415925
              ],
              [
                4.362894058454233,
                51.10733519341618
              ],
              [
                4.362486289767275,
                51.10739950695137
              ],
              [
                4.362090496712501,
                51.10748867074876
              ],
              [
                4.3617104904542074,
                51.107601826249216
              ],
              [
                4.361349930217906,
                51.107737883870335
              ],
              [
                4.361012288066976,
                51.10789553349322
              ],
              [
                4.3607008154774345,
                51.108073257072434
              ],
              [
                4.360418512032228,
                51.10826934324763
              ],
              [
                4.360168096536233,
                51.10848190381658
              ],
              [
                4.359951980830065,
                51.108708891911405
              ],
              [
                4.359772246554952,
                51.10894812170307
              ],
              [
                4.359630625092762,
                51.109197289444815
              ],
              [
                4.359528480874841,
                51.109453995652025
              ],
              [
                4.359466798221086,
                51.109715768205355
              ],
              [
                4.359446171836753,
                51.10998008615468
              ],
              [
                4.359466801059481,
                51.11024440399482
              ],
              [
                4.35952848791287,
                51.110506176179314
              ],
              [
                4.359630638986428,
                51.11076288163626
              ],
              [
                4.359772271124778,
                51.11101204804994
              ],
              [
                4.359952020872326,
                51.11125127567467
              ],
              [
                4.360168157583364,
                51.11147826045069
              ],
              [
                4.360418600072111,
                51.111690816200124
              ],
              [
                4.36070093664303,
                51.11188689568826
              ],
              [
                4.361012448308986,
                51.11206461034758
              ],
              [
                4.361015167550023,
                51.11206587974567
              ],
              [
                4.361016448371102,
                51.11206661043822
              ],
              [
                4.361354135064,
                51.11222424855296
              ],
              [
                4.36171474444529,
                51.11236029178595
              ],
              [
                4.362094803320562,
                51.11247342977606
              ],
              [
                4.362490651072411,
                51.11256257277574
              ],
              [
                4.3628984749312005,
                51.11262686215217
              ],
              [
                4.36331434671484,
                51.112665678661756
              ],
              [
                4.363734260682991,
                51.112678648417635
              ],
              [
                4.364154172140188,
                51.11266564649282
              ],
              [
                4.364570036415168,
                51.11262679812416
              ],
              [
                4.364977847839952,
                51.11256247750538
              ],
              [
                4.3653736783522765,
                51.11247330418102
              ],
              [
                4.365753715348638,
                51.11236013707593
              ],
              [
                4.3661142984224695,
                51.112224066218154
              ],
              [
                4.3664519546328675,
                51.11206640223486
              ],
              [
                4.366763431963545,
                51.11188866372306
              ],
              [
                4.3670457306493,
                51.11169256261665
              ],
              [
                4.367296132068027,
                51.11147998769136
              ],
              [
                4.367512224919874,
                51.111252986366544
              ],
              [
                4.3676919284416,
                51.11101374497944
              ],
              [
                4.367833512432804,
                51.110764567722285
              ],
              [
                4.367833708749912,
                51.11076407412586
              ],
              [
                4.367833712392297,
                51.11076406771549
              ],
              [
                4.36793581385899,
                51.1105073544382
              ],
              [
                4.367997450126196,
                51.110245577531984
              ],
              [
                4.368018028270643,
                51.10998125811419
              ],
              [
                4.36799735080786,
                51.10971694174643
              ],
              [
                4.367935617567384,
                51.10945517391859
              ],
              [
                4.367833423741599,
                51.109198475535244
              ],
              [
                4.367691754128072,
                51.10894931864034
              ],
              [
                4.367511973621767,
                51.108710102613955
              ],
              [
                4.367295814049649,
                51.1084831310703
              ],
              [
                4.367045357475254,
                51.10827058967895
              ],
              [
                4.366763016134638,
                51.10807452512312
              ],
              [
                4.366451509197466,
                51.1078968253968
              ],
              [
                4.3661138365773,
                51.107739201630615
              ],
              [
                4.365753250043431,
                51.107603171621044
              ],
              [
                4.365752188609003,
                51.10760285565675
              ],
              [
                4.365749050192339,
                51.10760167169165
              ],
              [
                4.365369022083614,
                51.10748854527805
              ],
              [
                4.364973211812053,
                51.10739941177569
              ],
              [
                4.364565430707652,
                51.10733512945196
              ],
              [
                4.364149605310136,
                51.107296317279086
              ]
            ]
          ],
          [
            [
              [
                4.379659910210411,
                51.130687269793164
              ],
              [
                4.3794092783619805,
                51.13047475636182
              ],
              [
                4.37912675095613,
                51.13027872297537
              ],
              [
                4.378815048954261,
                51.13010105732761
              ],
              [
                4.378477174148224,
                51.12994347022097
              ],
              [
                4.378116380254053,
                51.12980747909883
              ],
              [
                4.377736141584712,
                51.129694393439685
              ],
              [
                4.377340119603225,
                51.12960530215337
              ],
              [
                4.376932127677813,
                51.12954106310078
              ],
              [
                4.376516094377828,
                51.12950229483745
              ],
              [
                4.376096025663134,
                51.12948937066034
              ],
              [
                4.375675966330219,
                51.12950241501529
              ],
              [
                4.375259961085275,
                51.12954130229926
              ],
              [
                4.37485201561817,
                51.129605658069245
              ],
              [
                4.374820899253392,
                51.12961266828031
              ],
              [
                4.374701182238178,
                51.12962385841534
              ],
              [
                4.374293235280565,
                51.12968821225167
              ],
              [
                4.373897275947026,
                51.129777414950645
              ],
              [
                4.373517117002838,
                51.129890607578574
              ],
              [
                4.373156419143712,
                51.13002670019551
              ],
              [
                4.372818655758291,
                51.13018438234566
              ],
              [
                4.372507079490165,
                51.130362135670325
              ],
              [
                4.37222469092092,
                51.13055824852276
              ],
              [
                4.371974209675508,
                51.130770832443844
              ],
              [
                4.371758048228154,
                51.13099784034081
              ],
              [
                4.371578288661108,
                51.13123708619395
              ],
              [
                4.371436662600406,
                51.131486266101724
              ],
              [
                4.3713345345223384,
                51.131742980462384
              ],
              [
                4.371272888592055,
                51.13200475707799
              ],
              [
                4.37125231916185,
                51.13226907495927
              ],
              [
                4.371273025021544,
                51.132533388601615
              ],
              [
                4.371334807457323,
                51.132795152498915
              ],
              [
                4.371437072138759,
                51.133051845659
              ],
              [
                4.371578834816849,
                51.13330099588455
              ],
              [
                4.371758730779205,
                51.13354020358562
              ],
              [
                4.371975027972241,
                51.133767164894316
              ],
              [
                4.372225643664765,
                51.13397969385868
              ],
              [
                4.372508164493173,
                51.134175743501935
              ],
              [
                4.372819869695674,
                51.1343534255439
              ],
              [
                4.373157757312084,
                51.13451102859448
              ],
              [
                4.37351857309698,
                51.13464703464355
              ],
              [
                4.373898841867666,
                51.13476013368804
              ],
              [
                4.374294900984734,
                51.134849236355464
              ],
              [
                4.374702935642329,
                51.134913484401494
              ],
              [
                4.375119015627562,
                51.13495225898061
              ],
              [
                4.375539133194296,
                51.1349651866098
              ],
              [
                4.375959241685618,
                51.13495214276786
              ],
              [
                4.3763752945320755,
                51.13491325309538
              ],
              [
                4.376780503503059,
                51.13484933085564
              ],
              [
                4.376937133929597,
                51.134834689186064
              ],
              [
                4.377345122186389,
                51.13477032633052
              ],
              [
                4.377741117255202,
                51.13468111222504
              ],
              [
                4.378121304947398,
                51.13456790618735
              ],
              [
                4.378482023404886,
                51.134431798620454
              ],
              [
                4.378819798382835,
                51.13427410050514
              ],
              [
                4.379131376721192,
                51.13409633076717
              ],
              [
                4.3794137576821655,
                51.13390020164119
              ],
              [
                4.379664221851586,
                51.13368760217286
              ],
              [
                4.379880357325699,
                51.13346058001785
              ],
              [
                4.3800600829313,
                51.13322132171401
              ],
              [
                4.380201668255915,
                51.1329721316165
              ],
              [
                4.380303750295561,
                51.132715409699024
              ],
              [
                4.38036534656047,
                51.132453628435734
              ],
              [
                4.380385864513317,
                51.13218930898584
              ],
              [
                4.380365107249991,
                51.131924996911195
              ],
              [
                4.380303275369189,
                51.1316632376603
              ],
              [
                4.380200965013824,
                51.131406552055
              ],
              [
                4.380059162104179,
                51.13115741201612
              ],
              [
                4.380056188508498,
                51.13115345898556
              ],
              [
                4.380056161831518,
                51.131153412115275
              ],
              [
                4.379876232577404,
                51.130914216855594
              ],
              [
                4.379659910210411,
                51.130687269793164
              ]
            ]
          ],
          [
            [
              [
                4.384986512351027,
                51.13410037529326
              ],
              [
                4.384566414042886,
                51.1341134512734
              ],
              [
                4.384150375140572,
                51.13415236983336
              ],
              [
                4.383742401658006,
                51.13421675622895
              ],
              [
                4.3833464219871825,
                51.134305990485885
              ],
              [
                4.382966249089247,
                51.13441921336661
              ],
              [
                4.382605543794344,
                51.13455533463988
              ],
              [
                4.382267779562818,
                51.13471304357392
              ],
              [
                4.3819562090465425,
                51.13489082155216
              ],
              [
                4.38167383277187,
                51.135086956690394
              ],
              [
                4.381423370245541,
                51.135299560314905
              ],
              [
                4.381207233761715,
                51.13552658514317
              ],
              [
                4.381027505162449,
                51.135765844992356
              ],
              [
                4.3808859157757665,
                51.136015035826176
              ],
              [
                4.380783829724984,
                51.13627175793753
              ],
              [
                4.38072223077071,
                51.136533539053886
              ],
              [
                4.3807017128130115,
                51.136797858142494
              ],
              [
                4.3807224741461575,
                51.13706216968711
              ],
              [
                4.3807843155222095,
                51.137323928201766
              ],
              [
                4.3808866420431904,
                51.13758061274606
              ],
              [
                4.381028468864582,
                51.1378297512056
              ],
              [
                4.38102966847769,
                51.13783134565834
              ],
              [
                4.381030468654506,
                51.13783275127156
              ],
              [
                4.381210430467979,
                51.13807194416638
              ],
              [
                4.381426794565938,
                51.13829888777378
              ],
              [
                4.381677477572765,
                51.13851139631225
              ],
              [
                4.381960065476452,
                51.13870742300172
              ],
              [
                4.382017485901321,
                51.13874014306303
              ],
              [
                4.382100065355284,
                51.13879742653285
              ],
              [
                4.38241183788108,
                51.138975082938515
              ],
              [
                4.382749791288254,
                51.13913265825882
              ],
              [
                4.383110670697569,
                51.13926863475068
              ],
              [
                4.383491000313366,
                51.13938170269574
              ],
              [
                4.383887116910039,
                51.139470773021024
              ],
              [
                4.384295205127953,
                51.13953498779373
              ],
              [
                4.384711334238193,
                51.139573728488806
              ],
              [
                4.385131496021341,
                51.13958662194964
              ],
              [
                4.385551643394498,
                51.13957354398411
              ],
              [
                4.385967729413638,
                51.13953462056153
              ],
              [
                4.3863757462746165,
                51.13947022659854
              ],
              [
                4.386771763936183,
                51.13938098234617
              ],
              [
                4.387151967992124,
                51.13926774741248
              ],
              [
                4.3875126964267945,
                51.139131612478835
              ],
              [
                4.3878504748993645,
                51.13897388878958
              ],
              [
                4.388162050216247,
                51.13879609551679
              ],
              [
                4.388444421668903,
                51.13859994512182
              ],
              [
                4.38869486993492,
                51.13838732685508
              ],
              [
                4.388910983263899,
                51.13816028855333
              ],
              [
                4.389090680696128,
                51.13792101690993
              ],
              [
                4.3892322320906745,
                51.13767181640839
              ],
              [
                4.3893342747705395,
                51.137415087122655
              ],
              [
                4.389339918127213,
                51.137391085548224
              ],
              [
                4.389683758725402,
                51.13740162404552
              ],
              [
                4.390103885170961,
                51.1373885298651
              ],
              [
                4.3905199479337025,
                51.13734959036365
              ],
              [
                4.390927939433536,
                51.13728518061273
              ],
              [
                4.391323929873556,
                51.13719592101538
              ],
              [
                4.391704105109808,
                51.137082671327526
              ],
              [
                4.392064803404307,
                51.13694652237258
              ],
              [
                4.392402550706596,
                51.136788785529994
              ],
              [
                4.392714094123373,
                51.13661098009845
              ],
              [
                4.392996433253408,
                51.13641481865644
              ],
              [
                4.393246849085651,
                51.13620219056077
              ],
              [
                4.393462930182122,
                51.13597514374281
              ],
              [
                4.39364259589357,
                51.135735864977924
              ],
              [
                4.393784116384574,
                51.135486658818216
              ],
              [
                4.393886129275757,
                51.135229925392096
              ],
              [
                4.393947652743473,
                51.13496813728441
              ],
              [
                4.393968094951623,
                51.13470381572025
              ],
              [
                4.393947259725657,
                51.134439506281744
              ],
              [
                4.393885348415143,
                51.13417775439192
              ],
              [
                4.393782957927944,
                51.13392108080167
              ],
              [
                4.393782955965924,
                51.133921077356696
              ],
              [
                4.39378275788741,
                51.13392058080847
              ],
              [
                4.393782740228538,
                51.133920549802525
              ],
              [
                4.393780957522592,
                51.13391608086973
              ],
              [
                4.3936390745765035,
                51.13366695738123
              ],
              [
                4.393459066099313,
                51.133427783054906
              ],
              [
                4.393242666113558,
                51.13320086110325
              ],
              [
                4.393093972496117,
                51.13307483756891
              ],
              [
                4.3931447956047815,
                51.13285858650214
              ],
              [
                4.393147979347797,
                51.13281742758689
              ],
              [
                4.393281852910641,
                51.13258167710084
              ],
              [
                4.393383862218699,
                51.13232494383638
              ],
              [
                4.39344538467532,
                51.13206315571273
              ],
              [
                4.3934658284540555,
                51.13179883395516
              ],
              [
                4.393444997365145,
                51.131534524147625
              ],
              [
                4.393383092718227,
                51.13127277171675
              ],
              [
                4.393381779597311,
                51.13126947968698
              ],
              [
                4.393384476951117,
                51.13126718909554
              ],
              [
                4.393385225080449,
                51.13126640291675
              ],
              [
                4.393385476906868,
                51.131266189065876
              ],
              [
                4.393601534500352,
                51.13103914158475
              ],
              [
                4.393781180520077,
                51.13079986217755
              ],
              [
                4.39392173770377,
                51.13055232427714
              ],
              [
                4.393969501051079,
                51.13050213004424
              ],
              [
                4.394149143121381,
                51.130262850030036
              ],
              [
                4.394290644332308,
                51.130013642765036
              ],
              [
                4.39439264249004,
                51.12975690838825
              ],
              [
                4.394454155912679,
                51.12949511949373
              ],
              [
                4.394474592860714,
                51.12923079731409
              ],
              [
                4.3944537572100915,
                51.12896648743739
              ],
              [
                4.394391850314305,
                51.128704735290874
              ],
              [
                4.394289469038541,
                51.128448061627914
              ],
              [
                4.394147599985884,
                51.12819893825426
              ],
              [
                4.393967609972135,
                51.127959764227015
              ],
              [
                4.39375123284191,
                51.12773284275579
              ],
              [
                4.393500552753778,
                51.12752035902787
              ],
              [
                4.393217984096051,
                51.127324359171034
              ],
              [
                4.392906248227135,
                51.12714673055613
              ],
              [
                4.392568347264784,
                51.12698918362896
              ],
              [
                4.392207535176704,
                51.126853235446
              ],
              [
                4.391827286450886,
                51.12674019507223
              ],
              [
                4.391431262647054,
                51.12665115098146
              ],
              [
                4.391023277150878,
                51.12658696058011
              ],
              [
                4.390607258469746,
                51.126548241955255
              ],
              [
                4.390187212422746,
                51.12653536792585
              ],
              [
                4.3901842381264355,
                51.126535460655745
              ],
              [
                4.390181212769068,
                51.12653536792577
              ],
              [
                4.3897611839327615,
                51.126548462433476
              ],
              [
                4.389345216718104,
                51.1265873994137
              ],
              [
                4.3889373164488745,
                51.12665180394489
              ],
              [
                4.388541410812223,
                51.12674105587814
              ],
              [
                4.388161312056547,
                51.12685429580564
              ],
              [
                4.387800680298176,
                51.126990433332026
              ],
              [
                4.387462988289453,
                51.12714815756899
              ],
              [
                4.387151487986863,
                51.127325949752574
              ],
              [
                4.38707809507416,
                51.12737694337106
              ],
              [
                4.38704769613088,
                51.12738841845441
              ],
              [
                4.386709998703893,
                51.12754614051364
              ],
              [
                4.3863984928826945,
                51.1277239306837
              ],
              [
                4.386116178570695,
                51.127920076963015
              ],
              [
                4.385865774677963,
                51.1281326905705
              ],
              [
                4.385649692934001,
                51.12835972412751
              ],
              [
                4.385470014653665,
                51.12859899136713
              ],
              [
                4.385328470680307,
                51.128848188181834
              ],
              [
                4.385226424699776,
                51.12910491480698
              ],
              [
                4.385164860086632,
                51.12936669892643
              ],
              [
                4.385144370410039,
                51.12963101947859
              ],
              [
                4.385165153691697,
                51.12989533093302
              ],
              [
                4.38522701047207,
                51.13015708780461
              ],
              [
                4.385329345704599,
                51.13041376916879
              ],
              [
                4.385395103149499,
                51.130529277836175
              ],
              [
                4.385215836414871,
                51.130767983654884
              ],
              [
                4.3850742845145,
                51.13101717996791
              ],
              [
                4.385029949344607,
                51.131128711577034
              ],
              [
                4.385019485121141,
                51.13113970522823
              ],
              [
                4.384839792921748,
                51.13137897126603
              ],
              [
                4.384698237164392,
                51.13162816707247
              ],
              [
                4.3845961816484635,
                51.1318848928926
              ],
              [
                4.38453460984042,
                51.132146676418074
              ],
              [
                4.384514115378794,
                51.13241099659299
              ],
              [
                4.384534896331449,
                51.13267530789056
              ],
              [
                4.384565349708271,
                51.13280417632546
              ],
              [
                4.3845748737347785,
                51.13292530931159
              ],
              [
                4.384636731219702,
                51.133187066203384
              ],
              [
                4.384739069846258,
                51.13344374779579
              ],
              [
                4.384880904653207,
                51.13369288200278
              ],
              [
                4.38506087023337,
                51.13393206938866
              ],
              [
                4.385228412123674,
                51.13410779894922
              ],
              [
                4.384986512351027,
                51.13410037529326
              ]
            ]
          ],
          [
            [
              [
                4.382144676227122,
                51.140202381294706
              ],
              [
                4.381724522244356,
                51.14021544712956
              ],
              [
                4.381308426625464,
                51.140254355584
              ],
              [
                4.380900395930388,
                51.14031873201113
              ],
              [
                4.380504359101923,
                51.14040795653267
              ],
              [
                4.380124129651499,
                51.14052117000483
              ],
              [
                4.379763368953735,
                51.140657282286945
              ],
              [
                4.379425551002405,
                51.140814982733836
              ],
              [
                4.379113928966626,
                51.14099275281069
              ],
              [
                4.378831503868841,
                51.141188880709386
              ],
              [
                4.37858099568595,
                51.14140147782594
              ],
              [
                4.37836481715181,
                51.14162849694053
              ],
              [
                4.378185050513487,
                51.141867751925325
              ],
              [
                4.378043427465414,
                51.14211693879096
              ],
              [
                4.377941312455193,
                51.14237365786854
              ],
              [
                4.377879689522463,
                51.14263543691476
              ],
              [
                4.377859152798378,
                51.14289975491686
              ],
              [
                4.377879900758112,
                51.143164066369025
              ],
              [
                4.377941734282706,
                51.143425825786224
              ],
              [
                4.378044058549986,
                51.14368251221939
              ],
              [
                4.378185888737329,
                51.14393165353592
              ],
              [
                4.378365859482363,
                51.14417085023167
              ],
              [
                4.3785822380114094,
                51.14439779854465
              ],
              [
                4.378832940810003,
                51.144610312648055
              ],
              [
                4.3791155536756365,
                51.14480634570819
              ],
              [
                4.3794273549600575,
                51.144984009604585
              ],
              [
                4.379765341777605,
                51.145141593121856
              ],
              [
                4.380126258927284,
                51.14527757843798
              ],
              [
                4.380506630249939,
                51.145390655749594
              ],
              [
                4.3805092416431926,
                51.14539124294759
              ],
              [
                4.3805106304282315,
                51.14539165580422
              ],
              [
                4.380906792312638,
                51.14548073593467
              ],
              [
                4.381314928945083,
                51.14554496086964
              ],
              [
                4.381731109130262,
                51.14558371198618
              ],
              [
                4.38215132415672,
                51.14559661602728
              ],
              [
                4.382571526428622,
                51.14558354869896
              ],
              [
                4.382987668473054,
                51.14554463586801
              ],
              [
                4.383395741946127,
                51.14548025234912
              ],
              [
                4.383791816261203,
                51.14539101829267
              ],
              [
                4.384172076466287,
                51.145277793208535
              ],
              [
                4.384532860004831,
                51.145141667683234
              ],
              [
                4.38487069200519,
                51.144983952870504
              ],
              [
                4.385182318758171,
                51.14480616785692
              ],
              [
                4.3854647390598025,
                51.144610025024306
              ],
              [
                4.38571523311719,
                51.14439741355027
              ],
              [
                4.385931388738942,
                51.14417038120617
              ],
              [
                4.386111124558075,
                51.14393111462796
              ],
              [
                4.386252710064041,
                51.14368191825045
              ],
              [
                4.386354782251435,
                51.14342519210787
              ],
              [
                4.386416358725702,
                51.14316340871497
              ],
              [
                4.386436847140457,
                51.1428990892515
              ],
              [
                4.386416050876384,
                51.142634779279334
              ],
              [
                4.386354170908085,
                51.14237302422676
              ],
              [
                4.386251803841858,
                51.14211634487512
              ],
              [
                4.3861099361443685,
                51.141867213085
              ],
              [
                4.3859299346187814,
                51.14162802799458
              ],
              [
                4.3857135332209545,
                51.14140109292003
              ],
              [
                4.385462816343491,
                51.14118859317964
              ],
              [
                4.385180198729265,
                51.14099257505539
              ],
              [
                4.384868402208356,
                51.140814926094066
              ],
              [
                4.384530429482738,
                51.14065735693735
              ],
              [
                4.384169535211262,
                51.140521384855816
              ],
              [
                4.383789194673327,
                51.1404083191445
              ],
              [
                4.38378658351742,
                51.14040773201798
              ],
              [
                4.38378519485161,
                51.14040731919915
              ],
              [
                4.38338907050711,
                51.140318248562416
              ],
              [
                4.38298097669193,
                51.14025403067522
              ],
              [
                4.3825648429563415,
                51.14021528388927
              ],
              [
                4.382144676227122,
                51.140202381294706
              ]
            ]
          ]
        ]
      },
      "properties": {
        "type": "buffer_union_300m",
        "buffer_m": 300
      }
    },
    {
      "type": "Feature",
      "geometry": {
        "type": "MultiPolygon",
        "coordinates": [
          [
            [
              [
                4.3642894630401114,
                51.10640175546842
              ],
              [
                4.363729652777155,
                51.106384464724904
              ],
              [
                4.363169845857376,
                51.1064017983167
              ],
              [
                4.362615432293411,
                51.10645358934952
              ],
              [
                4.362071750204369,
                51.106539339158815
              ],
              [
                4.3615440344524234,
                51.106658222108045
              ],
              [
                4.361037366270236,
                51.106809093532874
              ],
              [
                4.360556624362739,
                51.106990500755714
              ],
              [
                4.360106437952768,
                51.10720069706436
              ],
              [
                4.359691142221579,
                51.1074376585207
              ],
              [
                4.359314736572521,
                51.10769910343834
              ],
              [
                4.358980846119269,
                51.10798251434177
              ],
              [
                4.358692686769348,
                51.10828516219632
              ],
              [
                4.358453034239357,
                51.10860413267621
              ],
              [
                4.358264197300851,
                51.108936354218045
              ],
              [
                4.358127995515387,
                51.10927862759025
              ],
              [
                4.358045741674329,
                51.10962765669407
              ],
              [
                4.358018229113921,
                51.10998008029988
              ],
              [
                4.358045724029425,
                51.11033250441328
              ],
              [
                4.358127962864085,
                51.11068153495981
              ],
              [
                4.358264154799887,
                51.11102381047308
              ],
              [
                4.358452989327945,
                51.11135603447186
              ],
              [
                4.358692648827384,
                51.11167500721387
              ],
              [
                4.358980826033157,
                51.11197765652054
              ],
              [
                4.359314746226011,
                51.11226106737506
              ],
              [
                4.359691193932071,
                51.112522510008624
              ],
              [
                4.3601065438757605,
                51.11275946620375
              ],
              [
                4.360109263132619,
                51.11276073562241
              ],
              [
                4.3601105439585774,
                51.11276146632461
              ],
              [
                4.360560796008577,
                51.11297165366617
              ],
              [
                4.361041613593368,
                51.11315304758203
              ],
              [
                4.361548365591995,
                51.11330390081116
              ],
              [
                4.3620761709187,
                51.11342276025772
              ],
              [
                4.3626199455607,
                51.11350848099678
              ],
              [
                4.363174451576865,
                51.11356023730984
              ],
              [
                4.363734347584005,
                51.113577530643894
              ],
              [
                4.364294240242953,
                51.11356019441712
              ],
              [
                4.364848736246809,
                51.113508395624514
              ],
              [
                4.3653924943088995,
                51.113422633228275
              ],
              [
                4.365920276647908,
                51.11330373334817
              ],
              [
                4.366426999472629,
                51.113152841298586
              ],
              [
                4.366907781978498,
                51.11297141054927
              ],
              [
                4.3673579933826545,
                51.11276118871608
              ],
              [
                4.367773297543365,
                51.11252420071756
              ],
              [
                4.368149694733267,
                51.11226272925971
              ],
              [
                4.368483560163586,
                51.1119792928376
              ],
              [
                4.368771678888128,
                51.11167662146626
              ],
              [
                4.369011276751111,
                51.111357630374926
              ],
              [
                4.369200047081314,
                51.11102539191885
              ],
              [
                4.3692002433850865,
                51.11102489832019
              ],
              [
                4.3692002470273055,
                51.111024891909786
              ],
              [
                4.369336372819384,
                51.11068260597008
              ],
              [
                4.369418544205038,
                51.11033356912869
              ],
              [
                4.369445971015911,
                51.10998114291256
              ],
              [
                4.369418390351161,
                51.10962872141632
              ],
              [
                4.369336069061901,
                51.109279698613925
              ],
              [
                4.369199801133852,
                51.10893743567425
              ],
              [
                4.369010899995226,
                51.10860522859547
              ],
              [
                4.368771185825669,
                51.10828627646982
              ],
              [
                4.3684829679901265,
                51.10798365068387
              ],
              [
                4.36814902276818,
                51.10770026535083
              ],
              [
                4.367772566594517,
                51.107438849259076
              ],
              [
                4.367357225069093,
                51.1072019196065
              ],
              [
                4.36690699803598,
                51.106991757773244
              ],
              [
                4.3664262210673686,
                51.106810387365385
              ],
              [
                4.366425159646393,
                51.10681007140707
              ],
              [
                4.366422021265912,
                51.10680888745954
              ],
              [
                4.365915323951839,
                51.106658054816684
              ],
              [
                4.365387585245839,
                51.10653921226021
              ],
              [
                4.36484388660144,
                51.1064535040655
              ],
              [
                4.3642894630401114,
                51.10640175546842
              ]
            ]
          ],
          [
            [
              [
                4.380847496149231,
                51.13018766897172
              ],
              [
                4.380513317229038,
                51.12990432091947
              ],
              [
                4.380136612970964,
                51.1296429463875
              ],
              [
                4.3797210113638565,
                51.12940606217342
              ],
              [
                4.379270514755988,
                51.129195949219714
              ],
              [
                4.378789461314964,
                51.129014630661686
              ],
              [
                4.37828248326267,
                51.128863852357775
              ],
              [
                4.377754462286959,
                51.12874506608883
              ],
              [
                4.377210482558599,
                51.128659415588224
              ],
              [
                4.376655781804813,
                51.12860772553629
              ],
              [
                4.376095700909173,
                51.128590493625246
              ],
              [
                4.375535632521609,
                51.12860788577037
              ],
              [
                4.374980969171701,
                51.12865973451358
              ],
              [
                4.374509223817606,
                51.12873415518575
              ],
              [
                4.374422200374883,
                51.1287422893351
              ],
              [
                4.373878280599079,
                51.12882809287808
              ],
              [
                4.373350343147879,
                51.12894702769494
              ],
              [
                4.372843471388366,
                51.12909794862199
              ],
              [
                4.372362545985589,
                51.129279402505
              ],
              [
                4.3719121979293325,
                51.12948964218252
              ],
              [
                4.371496763957628,
                51.129726643298866
              ],
              [
                4.371120244805434,
                51.12998812378576
              ],
              [
                4.370786266680031,
                51.130271565825176
              ],
              [
                4.3704980463339975,
                51.13057424008265
              ],
              [
                4.370258360072262,
                51.13089323197809
              ],
              [
                4.3700695169922925,
                51.13122546974181
              ],
              [
                4.369933336715954,
                51.131567753985976
              ],
              [
                4.369851131828699,
                51.131916788507056
              ],
              [
                4.369823695196565,
                51.132269212023125
              ],
              [
                4.369851292284801,
                51.13262163054057
              ],
              [
                4.369933658553811,
                51.132970650038686
              ],
              [
                4.370070001959335,
                51.133312909157326
              ],
              [
                4.370259010534611,
                51.13364511157302
              ],
              [
                4.370498864983259,
                51.13396405775123
              ],
              [
                4.370787256163207,
                51.134266675769084
              ],
              [
                4.371121407294727,
                51.134550050910974
              ],
              [
                4.371498100679842,
                51.13481145375196
              ],
              [
                4.371913708676678,
                51.135048366457696
              ],
              [
                4.372364228630953,
                51.13525850704723
              ],
              [
                4.3728453214284215,
                51.1354398513845
              ],
              [
                4.373352353296768,
                51.13559065268582
              ],
              [
                4.373880440453883,
                51.13570945835557
              ],
              [
                4.374424496171636,
                51.13579512398673
              ],
              [
                4.374979279800753,
                51.13584682439161
              ],
              [
                4.375539447283234,
                51.13586406155573
              ],
              [
                4.376099602664238,
                51.13584666943835
              ],
              [
                4.376654350105568,
                51.13579481557284
              ],
              [
                4.377059566341426,
                51.135730892395586
              ],
              [
                4.377216199636295,
                51.13571625036037
              ],
              [
                4.377760193481733,
                51.135630431647215
              ],
              [
                4.37828819523503,
                51.13551147739111
              ],
              [
                4.378795118991248,
                51.13536053343027
              ],
              [
                4.379276082010317,
                51.135179053734504
              ],
              [
                4.3797264517707415,
                51.134968786391156
              ],
              [
                4.380141890605787,
                51.13473175675711
              ],
              [
                4.3805183974914,
                51.134470247939475
              ],
              [
                4.380852346582903,
                51.13418677879312
              ],
              [
                4.381140522129134,
                51.133884079648276
              ],
              [
                4.381380149428016,
                51.13356506600161
              ],
              [
                4.381568921525907,
                51.13323281042558
              ],
              [
                4.381705021404534,
                51.1328905129664
              ],
              [
                4.381787139442954,
                51.132541470316475
              ],
              [
                4.381814485987819,
                51.13218904405859
              ],
              [
                4.381786798912509,
                51.131836628287665
              ],
              [
                4.381704346094063,
                51.13148761692239
              ],
              [
                4.381567922785907,
                51.13114537102134
              ],
              [
                4.38137884391349,
                51.13081318641847
              ],
              [
                4.381375870228058,
                51.13080923342065
              ],
              [
                4.381375843549951,
                51.13080918655065
              ],
              [
                4.381135931046266,
                51.13049026211504
              ],
              [
                4.380847496149231,
                51.13018766897172
              ]
            ]
          ],
          [
            [
              [
                4.38279926821885,
                51.133475648403135
              ],
              [
                4.3822923778535445,
                51.133626609666635
              ],
              [
                4.3818114425349615,
                51.13380810175759
              ],
              [
                4.381361093348547,
                51.13401837714663
              ],
              [
                4.3809456670434495,
                51.1342554111342
              ],
              [
                4.380569164281084,
                51.134516921335496
              ],
              [
                4.380235211111227,
                51.1348003896463
              ],
              [
                4.3799470240464915,
                51.13510308647912
              ],
              [
                4.379707379071683,
                51.135422097036425
              ],
              [
                4.379518584887051,
                51.135754349368774
              ],
              [
                4.379382460643958,
                51.13609664394794
              ],
              [
                4.3793003183885855,
                51.13644568447077
              ],
              [
                4.379272950384116,
                51.13679810959746
              ],
              [
                4.379300621435144,
                51.1371505253188
              ],
              [
                4.379383066289982,
                51.13749953764088
              ],
              [
                4.379519492147684,
                51.1378417852726
              ],
              [
                4.37970858624749,
                51.13817397200102
              ],
              [
                4.379709785824385,
                51.13817556646696
              ],
              [
                4.3797105859673815,
                51.13817697208896
              ],
              [
                4.379950528218314,
                51.13849589852611
              ],
              [
                4.380239008606262,
                51.13879849294272
              ],
              [
                4.3805732494922065,
                51.13908184085045
              ],
              [
                4.380950032313555,
                51.13934321308658
              ],
              [
                4.3810074528124625,
                51.13937593363163
              ],
              [
                4.381007819274783,
                51.13937618784199
              ],
              [
                4.380485225154221,
                51.139458639216876
              ],
              [
                4.379957184379027,
                51.13957760312988
              ],
              [
                4.379450218612826,
                51.13972855184866
              ],
              [
                4.378969209425818,
                51.139910031951416
              ],
              [
                4.378518788614602,
                51.14012029602419
              ],
              [
                4.3781032936179285,
                51.14035731947647
              ],
              [
                4.377726725758623,
                51.14061882002488
              ],
              [
                4.377392711713321,
                51.140902279658214
              ],
              [
                4.3771044685809,
                51.141204968872536
              ],
              [
                4.3768647728862,
                51.141523972943745
              ],
              [
                4.376675933818058,
                51.141856219984895
              ],
              [
                4.376539770960285,
                51.142198510518725
              ],
              [
                4.376457596731182,
                51.14254754828111
              ],
              [
                4.3764302037021405,
                51.142899971958826
              ],
              [
                4.376457856919067,
                51.143252387556664
              ],
              [
                4.376540291302359,
                51.14360140108195
              ],
              [
                4.376676714152256,
                51.14394365123199
              ],
              [
                4.376865812737297,
                51.14427584176961
              ],
              [
                4.377105766894553,
                51.14459477327462
              ],
              [
                4.377394266521895,
                51.14489737396536
              ],
              [
                4.377728533795256,
                51.14518072929304
              ],
              [
                4.378105349898103,
                51.14544211002352
              ],
              [
                4.3785210860065575,
                51.145678998535324
              ],
              [
                4.378971738232279,
                51.14588911308049
              ],
              [
                4.379452966186795,
                51.14607042977377
              ],
              [
                4.379960134795699,
                51.146221202097735
              ],
              [
                4.3799627462285216,
                51.146221789307646
              ],
              [
                4.379964135033426,
                51.146222202170584
              ],
              [
                4.380492359218672,
                51.146340977790715
              ],
              [
                4.3810365509081235,
                51.14642661260671
              ],
              [
                4.381591468142422,
                51.14647828172767
              ],
              [
                4.382151765576272,
                51.14649548744046
              ],
              [
                4.3827120460027436,
                51.14647806400728
              ],
              [
                4.383266912378845,
                51.14642617926317
              ],
              [
                4.383811019849519,
                51.14634033299829
              ],
              [
                4.384339127267205,
                51.146221352140316
              ],
              [
                4.384846147709048,
                51.146070382783726
              ],
              [
                4.385327197503638,
                51.14588887914293
              ],
              [
                4.385777643293693,
                51.14567858953595
              ],
              [
                4.386193146680302,
                51.14544153953415
              ],
              [
                4.38656970601789,
                51.145180012440775
              ],
              [
                4.386903694956895,
                51.144896527286775
              ],
              [
                4.387191897362765,
                51.1445938145565
              ],
              [
                4.387431538275191,
                51.144274789877485
              ],
              [
                4.3876203106099485,
                51.14394252592841
              ],
              [
                4.38775639734705,
                51.1436002228361
              ],
              [
                4.38783848899271,
                51.14325117734717
              ],
              [
                4.38786579614836,
                51.14289875107167
              ],
              [
                4.3878380570673094,
                51.14254633810465
              ],
              [
                4.3877555401279835,
                51.142197332337716
              ],
              [
                4.387619041201815,
                51.141855094775465
              ],
              [
                4.387429875942903,
                51.1415229211715
              ],
              [
                4.38718986707548,
                51.141204010295425
              ],
              [
                4.386901326803223,
                51.1409014331364
              ],
              [
                4.386567034511234,
                51.14061810333916
              ],
              [
                4.386270515081067,
                51.140412446714365
              ],
              [
                4.3867910256166365,
                51.140330298666534
              ],
              [
                4.387319057493618,
                51.140211304213864
              ],
              [
                4.3878260030675085,
                51.140060321724455
              ],
              [
                4.3883069793881955,
                51.13987880553919
              ],
              [
                4.388757353806233,
                51.13966850409691
              ],
              [
                4.389172788610248,
                51.139431443082934
              ],
              [
                4.389549282815282,
                51.139169905906584
              ],
              [
                4.389883210699104,
                51.138886411695864
              ],
              [
                4.390171356715158,
                51.13858369102232
              ],
              [
                4.390408681433804,
                51.13826767564414
              ],
              [
                4.39079928499595,
                51.13823111859349
              ],
              [
                4.3913432831646055,
                51.13814523735207
              ],
              [
                4.391871278744571,
                51.13802622243917
              ],
              [
                4.392378185890549,
                51.137875220277316
              ],
              [
                4.392859122022701,
                51.13769368539685
              ],
              [
                4.393309454878806,
                51.137483366416696
              ],
              [
                4.393724847147934,
                51.13724628919108
              ],
              [
                4.394101298254924,
                51.136984737285445
              ],
              [
                4.394435182892743,
                51.13670122996962
              ],
              [
                4.394723285931432,
                51.136398497941364
              ],
              [
                4.394962833367657,
                51.13607945701401
              ],
              [
                4.395151519017337,
                51.135747180022655
              ],
              [
                4.395287526695134,
                51.13540486721963
              ],
              [
                4.39536954766838,
                51.13505581544503
              ],
              [
                4.395396793218777,
                51.13470338636933
              ],
              [
                4.395369002192515,
                51.134350974114476
              ],
              [
                4.395286443467824,
                51.13400197256512
              ],
              [
                4.39514991331806,
                51.13365974268523
              ],
              [
                4.395149911355951,
                51.13365973924029
              ],
              [
                4.395149713264015,
                51.13365924269431
              ],
              [
                4.395149695604334,
                51.13365921168858
              ],
              [
                4.3951479127776,
                51.133654742776
              ],
              [
                4.394958727191534,
                51.133322580241256
              ],
              [
                4.3947187090593935,
                51.13300368371762
              ],
              [
                4.394617648479487,
                51.13289771271532
              ],
              [
                4.394649167715585,
                51.13284220440169
              ],
              [
                4.3947851706171335,
                51.132499891814184
              ],
              [
                4.394867190243576,
                51.13215084001827
              ],
              [
                4.3948944378894375,
                51.131798410684645
              ],
              [
                4.394867364334914,
                51.13145502795582
              ],
              [
                4.39510127952798,
                51.13114345328355
              ],
              [
                4.395218133612642,
                51.130937649544904
              ],
              [
                4.395229713745586,
                51.130925479680116
              ],
              [
                4.395469229661775,
                51.13060643708713
              ],
              [
                4.395657889606545,
                51.130274158622164
              ],
              [
                4.395793877641898,
                51.12993184455171
              ],
              [
                4.395875885224083,
                51.12958279172803
              ],
              [
                4.3959031237634925,
                51.12923036183175
              ],
              [
                4.39587533217355,
                51.12887794899269
              ],
              [
                4.3957927793376195,
                51.128528947101096
              ],
              [
                4.395656261472065,
                51.128186717124244
              ],
              [
                4.395467094412616,
                51.127854554742584
              ],
              [
                4.395227100900112,
                51.12753565861764
              ],
              [
                4.394938592989685,
                51.127233099596445
              ],
              [
                4.394604349754198,
                51.126949791149066
              ],
              [
                4.394227590497824,
                51.126688461323305
              ],
              [
                4.393811943738588,
                51.12645162648618
              ],
              [
                4.393361412259152,
                51.126241567104664
              ],
              [
                4.3928803345625465,
                51.126060305798234
              ],
              [
                4.392373343103911,
                51.12590958787398
              ],
              [
                4.391845319699943,
                51.125790864531396
              ],
              [
                4.391301348544621,
                51.125705278897954
              ],
              [
                4.39074666728252,
                51.1256536550294
              ],
              [
                4.390186616609512,
                51.125636489980735
              ],
              [
                4.3901836423704195,
                51.125636582710634
              ],
              [
                4.390180617071253,
                51.12563648998062
              ],
              [
                4.389620589344076,
                51.12565394899484
              ],
              [
                4.389065976698725,
                51.12570586399854
              ],
              [
                4.388522119170857,
                51.12579173513353
              ],
              [
                4.38799425331173,
                51.125910735595106
              ],
              [
                4.387487461799391,
                51.12606171958748
              ],
              [
                4.3870066245265456,
                51.12624323334921
              ],
              [
                4.386556371634745,
                51.126453529142175
              ],
              [
                4.386141038946055,
                51.12669058207034
              ],
              [
                4.386126880733961,
                51.12670041911834
              ],
              [
                4.385803385521379,
                51.126851506401806
              ],
              [
                4.38538804547478,
                51.12708855664528
              ],
              [
                4.385011625328356,
                51.12735008170151
              ],
              [
                4.384677750336356,
                51.12763356332325
              ],
              [
                4.38438963625853,
                51.127936271794724
              ],
              [
                4.384150058376731,
                51.12825529220632
              ],
              [
                4.383961324744938,
                51.12858755251362
              ],
              [
                4.383825253931157,
                51.128929853111565
              ],
              [
                4.38374315746675,
                51.12927889763899
              ],
              [
                4.383715827173585,
                51.129631324717465
              ],
              [
                4.3837435274927135,
                51.12998374031893
              ],
              [
                4.383825992890185,
                51.13033275045061
              ],
              [
                4.383876230452469,
                51.13045876829331
              ],
              [
                4.383707076527008,
                51.13075654156023
              ],
              [
                4.383682313429788,
                51.13081883230492
              ],
              [
                4.38351976273946,
                51.131035265403135
              ],
              [
                4.383331013394792,
                51.13136752436599
              ],
              [
                4.383194929866101,
                51.131709823890496
              ],
              [
                4.383112823807321,
                51.13205886762588
              ],
              [
                4.383085487132854,
                51.1324112942013
              ],
              [
                4.38311318434535,
                51.132763709593576
              ],
              [
                4.383143633858083,
                51.13289257839118
              ],
              [
                4.383153154216284,
                51.133013711488125
              ],
              [
                4.383235620551769,
                51.13336272164669
              ],
              [
                4.383240959404396,
                51.13337611343238
              ],
              [
                4.38279926821885,
                51.133475648403135
              ]
            ]
          ]
        ]
      },
      "properties": {
        "type": "buffer_union_400m",
        "buffer_m": 400
      }
    },
    {
      "type": "Feature",
      "geometry": {
        "type": "Polygon",
        "coordinates": [
          [
            [
              4.3537519,
              51.1139473
            ],
            [
              4.3537583,
              51.113368
            ],
            [
              4.3543762,
              51.1122204
            ],
            [
              4.3550826,
              51.1104915
            ],
            [
              4.3573554,
              51.1101025
            ],
            [
              4.3595782,
              51.1095401
            ],
            [
              4.3603995,
              51.1095097
            ],
            [
              4.365329,
              51.110195
            ],
            [
              4.3710056,
              51.1101227
            ],
            [
              4.3768463,
              51.1102923
            ],
            [
              4.3808326,
              51.1108743
            ],
            [
              4.3822168,
              51.1112814
            ],
            [
              4.3828137,
              51.111649
            ],
            [
              4.3842216,
              51.1129585
            ],
            [
              4.3849302,
              51.1134165
            ],
            [
              4.3855988,
              51.1136859
            ],
            [
              4.3907371,
              51.1151522
            ],
            [
              4.3911857,
              51.1153711
            ],
            [
              4.3932928,
              51.1173658
            ],
            [
              4.3939474,
              51.1173185
            ],
            [
              4.3946005,
              51.1168602
            ],
            [
              4.3953945,
              51.1165708
            ],
            [
              4.3961572,
              51.1164491
            ],
            [
              4.3980898,
              51.1163576
            ],
            [
              4.4004703,
              51.1180071
            ],
            [
              4.3993974,
              51.1187344
            ],
            [
              4.3984104,
              51.1181148
            ],
            [
              4.3972516,
              51.1178616
            ],
            [
              4.3964534,
              51.1190684
            ],
            [
              4.39817,
              51.1197311
            ],
            [
              4.3993116,
              51.1204315
            ],
            [
              4.3998266,
              51.1209972
            ],
            [
              4.400024,
              51.1213635
            ],
            [
              4.4003031,
              51.1227527
            ],
            [
              4.4013286,
              51.1226672
            ],
            [
              4.4015689,
              51.1236639
            ],
            [
              4.4025989,
              51.1251345
            ],
            [
              4.4029422,
              51.1262658
            ],
            [
              4.403028,
              51.1269122
            ],
            [
              4.4048305,
              51.1270738
            ],
            [
              4.4046073,
              51.1285497
            ],
            [
              4.4046331,
              51.1290506
            ],
            [
              4.4048477,
              51.1299394
            ],
            [
              4.4062038,
              51.1296162
            ],
            [
              4.4070555,
              51.1303877
            ],
            [
              4.4058387,
              51.1307261
            ],
            [
              4.4059806,
              51.1315122
            ],
            [
              4.4057231,
              51.1315283
            ],
            [
              4.4058605,
              51.1326864
            ],
            [
              4.4067788,
              51.1327402
            ],
            [
              4.40871,
              51.1331065
            ],
            [
              4.4077769,
              51.1345782
            ],
            [
              4.4080892,
              51.134871
            ],
            [
              4.4084944,
              51.1357626
            ],
            [
              4.4084787,
              51.1360358
            ],
            [
              4.4077809,
              51.1367146
            ],
            [
              4.4077348,
              51.1379199
            ],
            [
              4.4080459,
              51.1380788
            ],
            [
              4.408468,
              51.1387033
            ],
            [
              4.4086128,
              51.1391856
            ],
            [
              4.4072496,
              51.1393591
            ],
            [
              4.4051387,
              51.1401599
            ],
            [
              4.4083335,
              51.1426736
            ],
            [
              4.405581,
              51.14374
            ],
            [
              4.4045972,
              51.1438319
            ],
            [
              4.4045828,
              51.1442035
            ],
            [
              4.4047257,
              51.1442898
            ],
            [
              4.404735,
              51.1444978
            ],
            [
              4.4045548,
              51.1445801
            ],
            [
              4.4043776,
              51.1444938
            ],
            [
              4.4041068,
              51.1445378
            ],
            [
              4.4039502,
              51.1448746
            ],
            [
              4.4035756,
              51.1447808
            ],
            [
              4.403466,
              51.1448453
            ],
            [
              4.40352,
              51.1454169
            ],
            [
              4.4036723,
              51.1456709
            ],
            [
              4.4039297,
              51.1457321
            ],
            [
              4.4037961,
              51.145869
            ],
            [
              4.4035116,
              51.1458732
            ],
            [
              4.403379,
              51.146066
            ],
            [
              4.4036226,
              51.1461946
            ],
            [
              4.4035424,
              51.1463149
            ],
            [
              4.403729,
              51.1464537
            ],
            [
              4.403294,
              51.1464209
            ],
            [
              4.4029824,
              51.1467478
            ],
            [
              4.40283,
              51.1466552
            ],
            [
              4.4028758,
              51.14644
            ],
            [
              4.402757,
              51.1464187
            ],
            [
              4.4025313,
              51.1465201
            ],
            [
              4.4023701,
              51.1467063
            ],
            [
              4.4019369,
              51.1467887
            ],
            [
              4.4018374,
              51.1467481
            ],
            [
              4.401791,
              51.1465759
            ],
            [
              4.4012303,
              51.1464264
            ],
            [
              4.4005593,
              51.1463762
            ],
            [
              4.4003379,
              51.1464315
            ],
            [
              4.4005383,
              51.1466932
            ],
            [
              4.4004545,
              51.146825
            ],
            [
              4.401283,
              51.1481305
            ],
            [
              4.4013953,
              51.1498333
            ],
            [
              4.3999427,
              51.1501031
            ],
            [
              4.3999788,
              51.1506282
            ],
            [
              4.3997219,
              51.1510752
            ],
            [
              4.3951294,
              51.1498782
            ],
            [
              4.395185,
              51.1497999
            ],
            [
              4.3936702,
              51.1494704
            ],
            [
              4.3937852,
              51.1484798
            ],
            [
              4.3940454,
              51.1479708
            ],
            [
              4.3933564,
              51.1478759
            ],
            [
              4.3935335,
              51.1475697
            ],
            [
              4.3931633,
              51.1473914
            ],
            [
              4.3928254,
              51.1476437
            ],
            [
              4.3924713,
              51.147388
            ],
            [
              4.3923077,
              51.147457
            ],
            [
              4.392242,
              51.1476202
            ],
            [
              4.3918598,
              51.1476236
            ],
            [
              4.3917914,
              51.1477119
            ],
            [
              4.391892,
              51.147812
            ],
            [
              4.3918383,
              51.1479264
            ],
            [
              4.3916827,
              51.1479399
            ],
            [
              4.3915594,
              51.1478053
            ],
            [
              4.3913555,
              51.147812
            ],
            [
              4.3913501,
              51.147701
            ],
            [
              4.3909907,
              51.1476976
            ],
            [
              4.3908566,
              51.1478322
            ],
            [
              4.391436,
              51.148199
            ],
            [
              4.3916291,
              51.1482427
            ],
            [
              4.3914521,
              51.1484043
            ],
            [
              4.3910122,
              51.1483673
            ],
            [
              4.3907011,
              51.1485961
            ],
            [
              4.3903845,
              51.1484548
            ],
            [
              4.3902075,
              51.1487307
            ],
            [
              4.3899447,
              51.1487812
            ],
            [
              4.3898964,
              51.1490033
            ],
            [
              4.3895692,
              51.1488855
            ],
            [
              4.3894726,
              51.1487442
            ],
            [
              4.3891615,
              51.1486836
            ],
            [
              4.3879545,
              51.1488215
            ],
            [
              4.3874556,
              51.1494239
            ],
            [
              4.3873215,
              51.1495215
            ],
            [
              4.3870854,
              51.1494744
            ],
            [
              4.3871123,
              51.1495972
            ],
            [
              4.3869728,
              51.1496325
            ],
            [
              4.3866831,
              51.1494003
            ],
            [
              4.386718,
              51.1492624
            ],
            [
              4.3860823,
              51.1492068
            ],
            [
              4.3856344,
              51.1487559
            ],
            [
              4.3854825,
              51.1487576
            ],
            [
              4.3855539,
              51.148374
            ],
            [
              4.3854161,
              51.1481915
            ],
            [
              4.3854882,
              51.1480837
            ],
            [
              4.3849739,
              51.1479954
            ],
            [
              4.3848445,
              51.14778
            ],
            [
              4.3842453,
              51.1477354
            ],
            [
              4.3837957,
              51.1479029
            ],
            [
              4.3834618,
              51.1475495
            ],
            [
              4.3828913,
              51.147594
            ],
            [
              4.3827295,
              51.1474831
            ],
            [
              4.3827346,
              51.1473079
            ],
            [
              4.3826706,
              51.1472871
            ],
            [
              4.3822803,
              51.1474284
            ],
            [
              4.3821982,
              51.1476106
            ],
            [
              4.3820979,
              51.1476387
            ],
            [
              4.3818575,
              51.1476449
            ],
            [
              4.3814008,
              51.1474887
            ],
            [
              4.3800956,
              51.1475579
            ],
            [
              4.379813,
              51.1471937
            ],
            [
              4.3796396,
              51.1471659
            ],
            [
              4.3793339,
              51.1472719
            ],
            [
              4.3791327,
              51.1469842
            ],
            [
              4.3786229,
              51.1468532
            ],
            [
              4.3783641,
              51.1464952
            ],
            [
              4.3779263,
              51.1462656
            ],
            [
              4.3775582,
              51.1462909
            ],
            [
              4.3776634,
              51.1460216
            ],
            [
              4.3778087,
              51.145915
            ],
            [
              4.3775757,
              51.1456995
            ],
            [
              4.3770134,
              51.1457037
            ],
            [
              4.377022,
              51.1455931
            ],
            [
              4.3772618,
              51.1454807
            ],
            [
              4.3772264,
              51.1454131
            ],
            [
              4.3770124,
              51.1453683
            ],
            [
              4.3767975,
              51.1454245
            ],
            [
              4.3766476,
              51.1452393
            ],
            [
              4.3763325,
              51.1452485
            ],
            [
              4.376193,
              51.1451674
            ],
            [
              4.3757136,
              51.1452461
            ],
            [
              4.3757021,
              51.1449846
            ],
            [
              4.3755787,
              51.1449094
            ],
            [
              4.3753682,
              51.1449773
            ],
            [
              4.3752904,
              51.1451708
            ],
            [
              4.3747734,
              51.1455299
            ],
            [
              4.3743275,
              51.1455013
            ],
            [
              4.3742674,
              51.1453048
            ],
            [
              4.3741512,
              51.1452565
            ],
            [
              4.3737294,
              51.1453751
            ],
            [
              4.373897,
              51.1451135
            ],
            [
              4.373253,
              51.1450688
            ],
            [
              4.3732659,
              51.1448808
            ],
            [
              4.3730261,
              51.1448179
            ],
            [
              4.3726055,
              51.1449524
            ],
            [
              4.3723636,
              51.1445036
            ],
            [
              4.3720275,
              51.1444854
            ],
            [
              4.3719631,
              51.1444173
            ],
            [
              4.3719856,
              51.144164
            ],
            [
              4.3718915,
              51.1440257
            ],
            [
              4.3717896,
              51.1440033
            ],
            [
              4.3710402,
              51.1442991
            ],
            [
              4.3707054,
              51.1439922
            ],
            [
              4.3702451,
              51.1437643
            ],
            [
              4.3699536,
              51.1434108
            ],
            [
              4.3691948,
              51.1432868
            ],
            [
              4.3689373,
              51.1433729
            ],
            [
              4.3684437,
              51.143354
            ],
            [
              4.3668757,
              51.144567
            ],
            [
              4.3666926,
              51.1445855
            ],
            [
              4.3655527,
              51.1455304
            ],
            [
              4.3645861,
              51.1464386
            ],
            [
              4.36496,
              51.1465711
            ],
            [
              4.3629362,
              51.1488199
            ],
            [
              4.362739,
              51.1491934
            ],
            [
              4.3623222,
              51.1495505
            ],
            [
              4.3615673,
              51.1490235
            ],
            [
              4.3613791,
              51.1491673
            ],
            [
              4.3600087,
              51.1486471
            ],
            [
              4.3604407,
              51.1480446
            ],
            [
              4.3598587,
              51.1479775
            ],
            [
              4.3588662,
              51.1488425
            ],
            [
              4.3580267,
              51.1481867
            ],
            [
              4.3580042,
              51.1480665
            ],
            [
              4.3575469,
              51.1486574
            ],
            [
              4.3573437,
              51.1486246
            ],
            [
              4.356934,
              51.1481081
            ],
            [
              4.3539526,
              51.1477961
            ],
            [
              4.3549154,
              51.1472344
            ],
            [
              4.354462,
              51.1468712
            ],
            [
              4.3553998,
              51.1446448
            ],
            [
              4.3547062,
              51.1444112
            ],
            [
              4.3552047,
              51.1438998
            ],
            [
              4.3557237,
              51.1435805
            ],
            [
              4.3556587,
              51.1432835
            ],
            [
              4.355941,
              51.1430164
            ],
            [
              4.355892,
              51.1426403
            ],
            [
              4.3560295,
              51.1423795
            ],
            [
              4.3558079,
              51.1421449
            ],
            [
              4.3559966,
              51.1421153
            ],
            [
              4.3558994,
              51.1418452
            ],
            [
              4.356181,
              51.1411662
            ],
            [
              4.3561529,
              51.140936
            ],
            [
              4.3559524,
              51.1407758
            ],
            [
              4.3568113,
              51.1396507
            ],
            [
              4.3569589,
              51.1392906
            ],
            [
              4.3572915,
              51.1388766
            ],
            [
              4.3574604,
              51.1384239
            ],
            [
              4.3575811,
              51.1378837
            ],
            [
              4.3579587,
              51.1370245
            ],
            [
              4.3580361,
              51.1366663
            ],
            [
              4.3574687,
              51.136583
            ],
            [
              4.3575319,
              51.1363917
            ],
            [
              4.3576404,
              51.1362323
            ],
            [
              4.358432,
              51.1356867
            ],
            [
              4.3583724,
              51.1355801
            ],
            [
              4.3579677,
              51.1355188
            ],
            [
              4.3578807,
              51.1353428
            ],
            [
              4.3576951,
              51.1352187
            ],
            [
              4.357333,
              51.1352171
            ],
            [
              4.3568183,
              51.1350233
            ],
            [
              4.356475,
              51.1347002
            ],
            [
              4.3562826,
              51.1348175
            ],
            [
              4.3563393,
              51.13501
            ],
            [
              4.35629,
              51.1350452
            ],
            [
              4.3559972,
              51.1349898
            ],
            [
              4.3557042,
              51.1347191
            ],
            [
              4.3556615,
              51.1346059
            ],
            [
              4.3557666,
              51.134372
            ],
            [
              4.3556261,
              51.1343183
            ],
            [
              4.3556175,
              51.1341692
            ],
            [
              4.3560747,
              51.133934
            ],
            [
              4.3589763,
              51.133594
            ],
            [
              4.3601943,
              51.1330586
            ],
            [
              4.3604417,
              51.1328245
            ],
            [
              4.3611489,
              51.1324084
            ],
            [
              4.3615023,
              51.1325213
            ],
            [
              4.3620165,
              51.1322676
            ],
            [
              4.3623039,
              51.1325274
            ],
            [
              4.3640549,
              51.1320319
            ],
            [
              4.3650362,
              51.1313621
            ],
            [
              4.3650362,
              51.1310481
            ],
            [
              4.3653681,
              51.1307607
            ],
            [
              4.3671752,
              51.1283984
            ],
            [
              4.369021,
              51.1256266
            ],
            [
              4.3696176,
              51.1238191
            ],
            [
              4.3692772,
              51.1237155
            ],
            [
              4.3692206,
              51.1226331
            ],
            [
              4.3699285,
              51.1225846
            ],
            [
              4.3719799,
              51.1211318
            ],
            [
              4.3744673,
              51.1203351
            ],
            [
              4.3764776,
              51.1171234
            ],
            [
              4.3766262,
              51.1167494
            ],
            [
              4.375803,
              51.1168224
            ],
            [
              4.3753435,
              51.1166629
            ],
            [
              4.375212,
              51.1164204
            ],
            [
              4.3747669,
              51.1163597
            ],
            [
              4.3742572,
              51.1161712
            ],
            [
              4.3731441,
              51.1161392
            ],
            [
              4.3728362,
              51.1155884
            ],
            [
              4.3725534,
              51.1155517
            ],
            [
              4.3724274,
              51.1154052
            ],
            [
              4.3713949,
              51.1154854
            ],
            [
              4.3708736,
              51.1153752
            ],
            [
              4.3708092,
              51.1154257
            ],
            [
              4.3704525,
              51.1152152
            ],
            [
              4.3704605,
              51.1151159
            ],
            [
              4.3701789,
              51.115089
            ],
            [
              4.3700555,
              51.1149576
            ],
            [
              4.3688338,
              51.1143611
            ],
            [
              4.3683939,
              51.1141709
            ],
            [
              4.3683147,
              51.114213
            ],
            [
              4.3680599,
              51.1141288
            ],
            [
              4.3679124,
              51.1139941
            ],
            [
              4.3669153,
              51.1136484
            ],
            [
              4.3661176,
              51.1131147
            ],
            [
              4.3651907,
              51.1130123
            ],
            [
              4.3647527,
              51.1127647
            ],
            [
              4.3645136,
              51.1129237
            ],
            [
              4.3637639,
              51.1127168
            ],
            [
              4.3632788,
              51.1127184
            ],
            [
              4.3625471,
              51.11298
            ],
            [
              4.3620267,
              51.1133777
            ],
            [
              4.3615324,
              51.1134404
            ],
            [
              4.3610008,
              51.1137306
            ],
            [
              4.3592261,
              51.1140377
            ],
            [
              4.3577259,
              51.1140672
            ],
            [
              4.3573876,
              51.1142228
            ],
            [
              4.3572149,
              51.1141542
            ],
            [
              4.3570029,
              51.1141929
            ],
            [
              4.356913,
              51.1143047
            ],
            [
              4.3566275,
              51.1142943
            ],
            [
              4.3564912,
              51.114374
            ],
            [
              4.3563415,
              51.1143163
            ],
            [
              4.3561823,
              51.1144005
            ],
            [
              4.3560812,
              51.1143297
            ],
            [
              4.3559262,
              51.1143924
            ],
            [
              4.3558686,
              51.114284
            ],
            [
              4.3556915,
              51.1142923
            ],
            [
              4.3555679,
              51.1143644
            ],
            [
              4.3556008,
              51.1144507
            ],
            [
              4.3555279,
              51.1144507
            ],
            [
              4.3552342,
              51.1143025
            ],
            [
              4.3550551,
              51.1143718
            ],
            [
              4.354367,
              51.1142478
            ],
            [
              4.3541194,
              51.1140409
            ],
            [
              4.3537519,
              51.1139473
            ]
          ]
        ]
      },
      "properties": {
        "type": "boundary",
        "gemeente": "Aartselaar"
      }
    }
  ]
}