{
  "type": "FeatureCollection",
  "metadata": {
    "gemeente": "Aiseau-Presles",
    "slug": "aiseau-presles",
    "generated_at": "2026-09-25T22:11:34.025453Z",
    "total_points": 15,
    "providers": [
      "bpost",
      "DHL",
      "GLS",
      "InPost",
      "VintedGo",
      "PostNL",
      "DPD",
      "Amazon"
    ],
    "bounds": [
      4.538506,
      50.405998,
      4.58831,
      50.4285863
    ]
  },
  "features": [
    {
      "type": "Feature",
      "geometry": {
        "type": "Point",
        "coordinates": [
          4.54005,
          50.40783
        ]
      },
      "properties": {
        "type": "pakketpunt",
        "locatieNaam": "Bbox 24/7 Inter Pt-De Loup",
        "straatNaam": "Rue Campinaire",
        "straatNr": "66",
        "vervoerder": "bpost",
        "puntType": "automaat",
        "bezettingsgraad": 50,
        "latitude": 50.40783,
        "longitude": 4.54005,
        "canPickup": true,
        "canDropoff": true,
        "openingstijden": null
      }
    },
    {
      "type": "Feature",
      "geometry": {
        "type": "Point",
        "coordinates": [
          4.57005,
          50.41817
        ]
      },
      "properties": {
        "type": "pakketpunt",
        "locatieNaam": "Bbox Laverie De Roselies",
        "straatNaam": "Rue Jules Destrée",
        "straatNr": "154",
        "vervoerder": "bpost",
        "puntType": "automaat",
        "bezettingsgraad": 50,
        "latitude": 50.41817,
        "longitude": 4.57005,
        "canPickup": true,
        "canDropoff": true,
        "openingstijden": null
      }
    },
    {
      "type": "Feature",
      "geometry": {
        "type": "Point",
        "coordinates": [
          4.58831,
          50.42592
        ]
      },
      "properties": {
        "type": "pakketpunt",
        "locatieNaam": "Aiseau-Presles",
        "straatNaam": "Rue Lambot",
        "straatNr": "100",
        "vervoerder": "bpost",
        "puntType": "postkantoor",
        "bezettingsgraad": 50,
        "latitude": 50.42592,
        "longitude": 4.58831,
        "canPickup": true,
        "canDropoff": true,
        "openingstijden": null
      }
    },
    {
      "type": "Feature",
      "geometry": {
        "type": "Point",
        "coordinates": [
          4.540047,
          50.407825
        ]
      },
      "properties": {
        "type": "pakketpunt",
        "locatieNaam": "BBOX 24/7 INTER PONT-DE LOUP",
        "straatNaam": "RUE CAMPINAIRE",
        "straatNr": "66",
        "vervoerder": "DHL",
        "puntType": "packStation",
        "bezettingsgraad": 50,
        "latitude": 50.407825,
        "longitude": 4.540047,
        "canPickup": true,
        "canDropoff": true,
        "openingstijden": {
          "ma": "00:00 - 23:59",
          "di": "00:00 - 23:59",
          "wo": "00:00 - 23:59",
          "do": "00:00 - 23:59",
          "vr": "00:00 - 23:59",
          "za": "00:00 - 23:59",
          "zo": "00:00 - 23:59"
        }
      }
    },
    {
      "type": "Feature",
      "geometry": {
        "type": "Point",
        "coordinates": [
          4.57005,
          50.41817
        ]
      },
      "properties": {
        "type": "pakketpunt",
        "locatieNaam": "BBOX LAVERIE DE ROSELIES",
        "straatNaam": "RUE JULES DESTRÉE",
        "straatNr": "154",
        "vervoerder": "DHL",
        "puntType": "packStation",
        "bezettingsgraad": 50,
        "latitude": 50.41817,
        "longitude": 4.57005,
        "canPickup": true,
        "canDropoff": true,
        "openingstijden": {
          "ma": "00:00 - 23:59",
          "di": "00:00 - 23:59",
          "wo": "00:00 - 23:59",
          "do": "00:00 - 23:59",
          "vr": "00:00 - 23:59",
          "za": "00:00 - 23:59",
          "zo": "00:00 - 23:59"
        }
      }
    },
    {
      "type": "Feature",
      "geometry": {
        "type": "Point",
        "coordinates": [
          4.588305,
          50.425921
        ]
      },
      "properties": {
        "type": "pakketpunt",
        "locatieNaam": "AISEAU-PRESLES",
        "straatNaam": "RUE LAMBOT",
        "straatNr": "100",
        "vervoerder": "DHL",
        "puntType": "postOffice",
        "bezettingsgraad": 50,
        "latitude": 50.425921,
        "longitude": 4.588305,
        "canPickup": true,
        "canDropoff": true,
        "openingstijden": {
          "ma": "09:30 - 12:30, 13:45 - 17:00",
          "di": "09:30 - 12:30, 13:45 - 18:00",
          "wo": "09:30 - 12:30, 13:45 - 17:00",
          "do": "09:30 - 12:30, 13:45 - 18:00",
          "vr": "09:30 - 12:30, 13:45 - 17:00",
          "za": "09:30 - 13:00",
          "zo": "gesloten"
        }
      }
    },
    {
      "type": "Feature",
      "geometry": {
        "type": "Point",
        "coordinates": [
          4.538506,
          50.4069227
        ]
      },
      "properties": {
        "type": "pakketpunt",
        "locatieNaam": "L'artisan Gourmand",
        "straatNaam": "Rue Campinaire",
        "straatNr": "16",
        "vervoerder": "GLS",
        "puntType": "parcel_shop",
        "bezettingsgraad": 50,
        "latitude": 50.4069227,
        "longitude": 4.538506,
        "canPickup": true,
        "canDropoff": true,
        "openingstijden": "vr: 07:00 - 17:30; za: 07:00 - 17:30"
      }
    },
    {
      "type": "Feature",
      "geometry": {
        "type": "Point",
        "coordinates": [
          4.5395636,
          50.4082662
        ]
      },
      "properties": {
        "type": "pakketpunt",
        "locatieNaam": "GLS Parcel Locker powered by bbox",
        "straatNaam": "Rue Campinaire",
        "straatNr": "66",
        "vervoerder": "GLS",
        "puntType": "locker",
        "bezettingsgraad": 50,
        "latitude": 50.4082662,
        "longitude": 4.5395636,
        "canPickup": true,
        "canDropoff": true,
        "openingstijden": "vr: 06:30 - 20:00; za: 06:30 - 19:00"
      }
    },
    {
      "type": "Feature",
      "geometry": {
        "type": "Point",
        "coordinates": [
          4.57409,
          50.42857
        ]
      },
      "properties": {
        "type": "pakketpunt",
        "locatieNaam": "CHEZ MEVA",
        "straatNaam": "Rue François Dimanche 20",
        "straatNr": "",
        "vervoerder": "InPost",
        "puntType": "servicepunt",
        "bezettingsgraad": 50,
        "latitude": 50.42857,
        "longitude": 4.57409,
        "canPickup": true,
        "canDropoff": true,
        "openingstijden": null
      }
    },
    {
      "type": "Feature",
      "geometry": {
        "type": "Point",
        "coordinates": [
          4.5740827,
          50.4285863
        ]
      },
      "properties": {
        "type": "pakketpunt",
        "locatieNaam": "Chez Meva",
        "straatNaam": "Rue François Dimanche",
        "straatNr": "20",
        "vervoerder": "VintedGo",
        "puntType": "parcel_shop",
        "bezettingsgraad": 50,
        "latitude": 50.4285863,
        "longitude": 4.5740827,
        "canPickup": true,
        "canDropoff": true,
        "openingstijden": null
      }
    },
    {
      "type": "Feature",
      "geometry": {
        "type": "Point",
        "coordinates": [
          4.54211,
          50.405998
        ]
      },
      "properties": {
        "type": "pakketpunt",
        "locatieNaam": "Pont-de-loup Express",
        "straatNaam": "Rue d'Aiseau",
        "straatNr": "69",
        "vervoerder": "PostNL",
        "puntType": "servicepunt",
        "bezettingsgraad": 50,
        "latitude": 50.405998,
        "longitude": 4.54211,
        "canPickup": true,
        "canDropoff": true,
        "openingstijden": "10:00 - 23:00"
      }
    },
    {
      "type": "Feature",
      "geometry": {
        "type": "Point",
        "coordinates": [
          4.57409,
          50.42857
        ]
      },
      "properties": {
        "type": "pakketpunt",
        "locatieNaam": "CHEZ MEVA",
        "straatNaam": "RUE FRANCOIS DIMANCHE",
        "straatNr": "20",
        "vervoerder": "DPD",
        "puntType": "pickup_point",
        "bezettingsgraad": 50,
        "latitude": 50.42857,
        "longitude": 4.57409,
        "canPickup": true,
        "canDropoff": false,
        "openingstijden": {
          "ma": "08:00 - 19:00",
          "di": "08:00 - 19:00",
          "wo": "08:00 - 19:00",
          "do": "08:00 - 19:00",
          "vr": "08:00 - 19:00",
          "za": "08:00 - 19:00",
          "zo": "gesloten"
        }
      }
    },
    {
      "type": "Feature",
      "geometry": {
        "type": "Point",
        "coordinates": [
          4.57005,
          50.41817
        ]
      },
      "properties": {
        "type": "pakketpunt",
        "locatieNaam": "bpost - BBOX LAVERIE DE ROSELIES",
        "straatNaam": "RUE JULES DESTRÉE,154",
        "straatNr": "",
        "vervoerder": "Amazon",
        "puntType": "3p",
        "bezettingsgraad": 50,
        "latitude": 50.41817,
        "longitude": 4.57005,
        "canPickup": true,
        "canDropoff": false,
        "openingstijden": null
      }
    },
    {
      "type": "Feature",
      "geometry": {
        "type": "Point",
        "coordinates": [
          4.588305,
          50.425921
        ]
      },
      "properties": {
        "type": "pakketpunt",
        "locatieNaam": "bpost - AISEAU-PRESLES",
        "straatNaam": "RUE LAMBOT,100",
        "straatNr": "",
        "vervoerder": "Amazon",
        "puntType": "3p",
        "bezettingsgraad": 50,
        "latitude": 50.425921,
        "longitude": 4.588305,
        "canPickup": true,
        "canDropoff": false,
        "openingstijden": null
      }
    },
    {
      "type": "Feature",
      "geometry": {
        "type": "Point",
        "coordinates": [
          4.5400466,
          50.4078254
        ]
      },
      "properties": {
        "type": "pakketpunt",
        "locatieNaam": "bpost - BBOX 24/7 INTER PONT-DE LOUP",
        "straatNaam": "RUE CAMPINAIRE,66",
        "straatNr": "",
        "vervoerder": "Amazon",
        "puntType": "3p",
        "bezettingsgraad": 50,
        "latitude": 50.4078254,
        "longitude": 4.5400466,
        "canPickup": true,
        "canDropoff": false,
        "openingstijden": null
      }
    },
    {
      "type": "Feature",
      "geometry": {
        "type": "MultiPolygon",
        "coordinates": [
          [
            [
              [
                4.546145451365436,
                50.40520864061558
              ],
              [
                4.54600494760938,
                50.40495965472136
              ],
              [
                4.545826935833117,
                50.40472066905942
              ],
              [
                4.5456131308142265,
                50.404493985025525
              ],
              [
                4.545365591928055,
                50.404281785520844
              ],
              [
                4.5450867033026565,
                50.40408611393667
              ],
              [
                4.544779150850911,
                50.403908854483376
              ],
              [
                4.544445896401312,
                50.40375171405267
              ],
              [
                4.544090149176607,
                50.4036162057875
              ],
              [
                4.543715334894919,
                50.40350363451754
              ],
              [
                4.543325062790581,
                50.40341508420025
              ],
              [
                4.542923090871837,
                50.40335140748806
              ],
              [
                4.542513289749373,
                50.403313217522246
              ],
              [
                4.542099605383204,
                50.403300882031644
              ],
              [
                4.541686021105865,
                50.40331451979378
              ],
              [
                4.541276519286632,
                50.40335399949166
              ],
              [
                4.540875043005004,
                50.40341894097759
              ],
              [
                4.540485458101553,
                50.40350871893178
              ],
              [
                4.540111515970633,
                50.4036224688806
              ],
              [
                4.539756817452447,
                50.403759095516584
              ],
              [
                4.539424778171378,
                50.40391728324054
              ],
              [
                4.539118595653824,
                50.40409550882415
              ],
              [
                4.5389166616758825,
                50.404238597885325
              ],
              [
                4.538909501504093,
                50.40423793039177
              ],
              [
                4.538495810014174,
                50.40422558207042
              ],
              [
                4.53808221664271,
                50.40423920700142
              ],
              [
                4.537672703846528,
                50.40427867399132
              ],
              [
                4.537271214810795,
                50.4043436030148
              ],
              [
                4.536881615498858,
                50.40443336887206
              ],
              [
                4.536507657443771,
                50.40454710720595
              ],
              [
                4.536152941639026,
                50.40468372282086
              ],
              [
                4.535820883875416,
                50.40484190022375
              ],
              [
                4.535514681857264,
                50.405020116285655
              ],
              [
                4.535237284414219,
                50.405216654902425
              ],
              [
                4.534991363104834,
                50.40542962351347
              ],
              [
                4.534779286485344,
                50.405656971319964
              ],
              [
                4.534603097291501,
                50.405896509027286
              ],
              [
                4.534464492753545,
                50.40614592992183
              ],
              [
                4.534364808234351,
                50.406402832079536
              ],
              [
                4.534305004348968,
                50.40666474149262
              ],
              [
                4.534285657690372,
                50.40692913589164
              ],
              [
                4.534306955251625,
                50.407193469034034
              ],
              [
                4.534368692599122,
                50.40745519522508
              ],
              [
                4.5344702758155115,
                50.40771179383516
              ],
              [
                4.534610727194582,
                50.40796079357714
              ],
              [
                4.534788694634206,
                50.4081997963103
              ],
              [
                4.535002464637783,
                50.4084265001409
              ],
              [
                4.535249978799728,
                50.40863872159712
              ],
              [
                4.535415907639781,
                50.408755159261744
              ],
              [
                4.5354261873240835,
                50.40879873278003
              ],
              [
                4.535527779135396,
                50.40905533041569
              ],
              [
                4.535668240040662,
                50.409304328830935
              ],
              [
                4.53584621784603,
                50.4095433298978
              ],
              [
                4.536059998955081,
                50.409770031738624
              ],
              [
                4.536307524855279,
                50.40998225090071
              ],
              [
                4.536586411930409,
                50.41017794339158
              ],
              [
                4.536893974408664,
                50.410355224371635
              ],
              [
                4.537227250225662,
                50.41051238631432
              ],
              [
                4.537583029553416,
                50.410647915458874
              ],
              [
                4.537957885720404,
                50.41076050639653
              ],
              [
                4.5383482082246696,
                50.41084907464953
              ],
              [
                4.53875023752154,
                50.41091276712163
              ],
              [
                4.5391601012502845,
                50.41095097031914
              ],
              [
                4.539573851550101,
                50.41096331626299
              ],
              [
                4.539987503105103,
                50.410949686034975
              ],
              [
                4.540397071551018,
                50.410910210923745
              ],
              [
                4.5407986118726855,
                50.410845271159566
              ],
              [
                4.541188256421578,
                50.410755492250104
              ],
              [
                4.54156225218628,
                50.41064173895251
              ],
              [
                4.541916996956062,
                50.410505106939965
              ],
              [
                4.54224907402857,
                50.410346912243504
              ],
              [
                4.542555285126675,
                50.41016867857047
              ],
              [
                4.542832681207073,
                50.40997212262254
              ],
              [
                4.543078590863601,
                50.4097591375547
              ],
              [
                4.543223884375507,
                50.409603356014955
              ],
              [
                4.543319068641429,
                50.40953590904537
              ],
              [
                4.5435649738540675,
                50.40932292293469
              ],
              [
                4.543777024762115,
                50.40909555921288
              ],
              [
                4.54395317952162,
                50.40885600770591
              ],
              [
                4.544091742098176,
                50.40860657559117
              ],
              [
                4.544191378584043,
                50.408349665171784
              ],
              [
                4.54419338533341,
                50.408340868835104
              ],
              [
                4.544463404607153,
                50.40823685609675
              ],
              [
                4.544795457316309,
                50.408078654071
              ],
              [
                4.5451016442122905,
                50.407900413628994
              ],
              [
                4.545379016484925,
                50.407703851537626
              ],
              [
                4.5456249029573685,
                50.407490861011034
              ],
              [
                4.545836935808315,
                50.40726349346976
              ],
              [
                4.546013073367721,
                50.40702393877652
              ],
              [
                4.546151619766821,
                50.40677450413939
              ],
              [
                4.546251241253658,
                50.406517591885795
              ],
              [
                4.546310979017633,
                50.40625567632149
              ],
              [
                4.546330258400374,
                50.405991279897925
              ],
              [
                4.546308894405052,
                50.40572694891717
              ],
              [
                4.546247093452112,
                50.405465229008925
              ],
              [
                4.546145451365436,
                50.40520864061558
              ]
            ]
          ],
          [
            [
              [
                4.5739453350922705,
                50.417130719958394
              ],
              [
                4.573767136914616,
                50.4168917775459
              ],
              [
                4.573553143560721,
                50.416665145346414
              ],
              [
                4.573305416219411,
                50.416453005761824
              ],
              [
                4.573026340833279,
                50.41625740160628
              ],
              [
                4.572718605113337,
                50.41608021644077
              ],
              [
                4.572385172652507,
                50.41592315644157
              ],
              [
                4.572029254387295,
                50.415787733977055
              ],
              [
                4.571654277682421,
                50.415675253050644
              ],
              [
                4.571263853335831,
                50.415586796749835
              ],
              [
                4.570861740821353,
                50.415523216821775
              ],
              [
                4.570451812103141,
                50.41548512547572
              ],
              [
                4.57003801436955,
                50.415472889490935
              ],
              [
                4.569624332044509,
                50.41548662668681
              ],
              [
                4.569214748441258,
                50.415526204788925
              ],
              [
                4.568813207426738,
                50.415591242702035
              ],
              [
                4.56842357546487,
                50.41568111417788
              ],
              [
                4.568049604403266,
                50.415794953842244
              ],
              [
                4.567694895360922,
                50.415931665523836
              ],
              [
                4.567362864063864,
                50.4160899328045
              ],
              [
                4.567056707961989,
                50.41626823168978
              ],
              [
                4.566779375443287,
                50.4164648452779
              ],
              [
                4.566533537441662,
                50.416677880286315
              ],
              [
                4.5663215617116935,
                50.41690528527666
              ],
              [
                4.566145490018172,
                50.41714487040355
              ],
              [
                4.566007018460392,
                50.417394328496584
              ],
              [
                4.565907481121168,
                50.41765125727336
              ],
              [
                4.565847837198681,
                50.41791318246954
              ],
              [
                4.565828661745845,
                50.41817758166353
              ],
              [
                4.565850140107293,
                50.41844190856644
              ],
              [
                4.565912066108473,
                50.41870361754343
              ],
              [
                4.566013844015335,
                50.41896018813046
              ],
              [
                4.566154494246699,
                50.41920914931014
              ],
              [
                4.5663326627852605,
                50.419448103312966
              ],
              [
                4.5665466341974845,
                50.41967474871437
              ],
              [
                4.5667943481377495,
                50.41988690260512
              ],
              [
                4.5670734191784605,
                50.420082521621296
              ],
              [
                4.567381159775595,
                50.42025972163081
              ],
              [
                4.567714606148804,
                50.42041679588698
              ],
              [
                4.568070546826936,
                50.42055223147352
              ],
              [
                4.568445553583956,
                50.420664723882716
              ],
              [
                4.568836014467031,
                50.42075318958581
              ],
              [
                4.569238168598256,
                50.420816776474354
              ],
              [
                4.5696481424141675,
                50.420854872071565
              ],
              [
                4.570061986993334,
                50.42086710943482
              ],
              [
                4.570475716111574,
                50.42085337069177
              ],
              [
                4.5708853446574125,
                50.42081378817631
              ],
              [
                4.571286927036792,
                50.42074874315322
              ],
              [
                4.57167659519616,
                50.420658862144066
              ],
              [
                4.572050595896856,
                50.420545010889356
              ],
              [
                4.572405326880872,
                50.42040828600585
              ],
              [
                4.572737371578973,
                50.42025000441904
              ],
              [
                4.5730435320262695,
                50.42007169067312
              ],
              [
                4.573320859667779,
                50.419875062240955
              ],
              [
                4.573566683757025,
                50.419662012975614
              ],
              [
                4.5737786370740725,
                50.41943459486323
              ],
              [
                4.573954678715447,
                50.419194998253566
              ],
              [
                4.574093113736743,
                50.418945530758236
              ],
              [
                4.574192609459221,
                50.41868859502099
              ],
              [
                4.574252208284008,
                50.418426665573655
              ],
              [
                4.57427133689127,
                50.418162265001165
              ],
              [
                4.574249811736623,
                50.41789793964544
              ],
              [
                4.574187840792855,
                50.417636235081815
              ],
              [
                4.574086021521135,
                50.417379671604756
              ],
              [
                4.5739453350922705,
                50.417130719958394
              ]
            ]
          ],
          [
            [
              [
                4.59220557130949,
                50.42488010912516
              ],
              [
                4.592027252042829,
                50.42464119499468
              ],
              [
                4.591813136493059,
                50.424414596686965
              ],
              [
                4.5915652870256265,
                50.424202496277466
              ],
              [
                4.591286090759008,
                50.42400693620302
              ],
              [
                4.59097823656805,
                50.42382979960005
              ],
              [
                4.590644689186262,
                50.42367279217714
              ],
              [
                4.590288660656517,
                50.42353742579637
              ],
              [
                4.589913579405045,
                50.42342500392107
              ],
              [
                4.589523057236233,
                50.42333660907012
              ],
              [
                4.5891208545656115,
                50.423273092398915
              ],
              [
                4.5887108442252345,
                50.42323506550762
              ],
              [
                4.588296974189216,
                50.42322289455488
              ],
              [
                4.587883229577548,
                50.423236696733845
              ],
              [
                4.587473594303137,
                50.42327633914444
              ],
              [
                4.587072012730432,
                50.423341440072164
              ],
              [
                4.587069254819355,
                50.42334207659554
              ],
              [
                4.587067012976127,
                50.42334244001929
              ],
              [
                4.58667735194192,
                50.42343237259232
              ],
              [
                4.586303363589175,
                50.42354627086549
              ],
              [
                4.5859486492035275,
                50.423683038103064
              ],
              [
                4.585616624562658,
                50.42384135735194
              ],
              [
                4.585310487052613,
                50.42401970411724
              ],
              [
                4.585033184882649,
                50.424216361036095
              ],
              [
                4.584787388694744,
                50.424429434408616
              ],
              [
                4.584575465841176,
                50.424656872427015
              ],
              [
                4.584399457577904,
                50.424896484927736
              ],
              [
                4.584261059393752,
                50.425145964476734
              ],
              [
                4.5841616046652875,
                50.42540290858488
              ],
              [
                4.584102051795457,
                50.42566484284008
              ],
              [
                4.584082974960597,
                50.42592924473344
              ],
              [
                4.584104558555843,
                50.42619356794994
              ],
              [
                4.584166595393371,
                50.426455266890144
              ],
              [
                4.584268488671828,
                50.426711821186544
              ],
              [
                4.584409257698981,
                50.42696075997858
              ],
              [
                4.584587547313415,
                50.42719968571225
              ],
              [
                4.584801640915446,
                50.42742629723514
              ],
              [
                4.585049476982507,
                50.42763841196427
              ],
              [
                4.5853286689106,
                50.42783398691278
              ],
              [
                4.58563652799118,
                50.42801113837297
              ],
              [
                4.585970089302482,
                50.42816816006573
              ],
              [
                4.586326140266055,
                50.428303539580995
              ],
              [
                4.586701251593356,
                50.4284159729511
              ],
              [
                4.587091810324083,
                50.42850437721593
              ],
              [
                4.5874940546376255,
                50.42856790085876
              ],
              [
                4.587904110101665,
                50.42860593201203
              ],
              [
                4.5883180270081425,
                50.42861810435382
              ],
              [
                4.588731818436076,
                50.428604300638085
              ],
              [
                4.5891414986737304,
                50.42856465382452
              ],
              [
                4.589543121629111,
                50.4284995457973
              ],
              [
                4.589545879806885,
                50.42849890921572
              ],
              [
                4.58954812187483,
                50.42849854574443
              ],
              [
                4.5899378190858835,
                50.42840860361515
              ],
              [
                4.590311837049541,
                50.428294693730344
              ],
              [
                4.590666573341657,
                50.42815791327147
              ],
              [
                4.590998611342075,
                50.42799957969931
              ],
              [
                4.591304753150661,
                50.427821218058725
              ],
              [
                4.591582050392244,
                50.427624546283894
              ],
              [
                4.591827832613472,
                50.42741145864524
              ],
              [
                4.592039732998005,
                50.42718400749852
              ],
              [
                4.592215711152537,
                50.426944383511476
              ],
              [
                4.592354072744473,
                50.42669489455942
              ],
              [
                4.592453485802619,
                50.42643794349265
              ],
              [
                4.592512993524557,
                50.42617600499049
              ],
              [
                4.59253202346813,
                50.42591160172502
              ],
              [
                4.5925103930393885,
                50.42564728006397
              ],
              [
                4.592448311225157,
                50.42538558554701
              ],
              [
                4.592346376554458,
                50.42512903837172
              ],
              [
                4.59220557130949,
                50.42488010912516
              ]
            ]
          ],
          [
            [
              [
                4.577986100660798,
                50.427530586139966
              ],
              [
                4.577807843056288,
                50.42729165029346
              ],
              [
                4.5775937834764795,
                50.42706502588527
              ],
              [
                4.577345983748065,
                50.42685289524225
              ],
              [
                4.577066830510774,
                50.42665730109238
              ],
              [
                4.576759012225325,
                50.42648012690032
              ],
              [
                4.576425493279686,
                50.42632307873662
              ],
              [
                4.5760694854431,
                50.42618766885567
              ],
              [
                4.575694416942705,
                50.42607520113969
              ],
              [
                4.575303899460237,
                50.42598675854897
              ],
              [
                4.5749016933662,
                50.42592319269863
              ],
              [
                4.574491671525671,
                50.425885115662375
              ],
              [
                4.574077782023517,
                50.42587289408167
              ],
              [
                4.573664010167151,
                50.4258866456372
              ],
              [
                4.573254340131755,
                50.425926237916265
              ],
              [
                4.572852716616399,
                50.42599128968716
              ],
              [
                4.572463006879307,
                50.426081174568125
              ],
              [
                4.5720889635169275,
                50.42619502705596
              ],
              [
                4.57173418834442,
                50.42633175085583
              ],
              [
                4.571402097724611,
                50.42649002943293
              ],
              [
                4.57109588967869,
                50.42666833868402
              ],
              [
                4.570818513094944,
                50.426864961607535
              ],
              [
                4.570572639331753,
                50.427078004830996
              ],
              [
                4.570360636488257,
                50.427305416837
              ],
              [
                4.5701845465905695,
                50.42754500771254
              ],
              [
                4.570046065913548,
                50.42779447023186
              ],
              [
                4.570042030407593,
                50.42780488698706
              ],
              [
                4.570038764643205,
                50.42781076997977
              ],
              [
                4.56993922728401,
                50.42806770181096
              ],
              [
                4.5698795925272995,
                50.42832962866955
              ],
              [
                4.569860435338023,
                50.428594028117935
              ],
              [
                4.569881940885228,
                50.42885835386475
              ],
              [
                4.569943902732837,
                50.429120060286245
              ],
              [
                4.570045724801843,
                50.42937662694298
              ],
              [
                4.570186427085986,
                50.42962558285539
              ],
              [
                4.5703646550668475,
                50.42986453030464
              ],
              [
                4.57057869273856,
                50.4300911679293
              ],
              [
                4.5708264791174615,
                50.430303312894985
              ],
              [
                4.571105628078346,
                50.4304989219237
              ],
              [
                4.571413451326734,
                50.430676110979554
              ],
              [
                4.571746984286194,
                50.430833173421284
              ],
              [
                4.572103014651544,
                50.43096859644643
              ],
              [
                4.572478113332804,
                50.43108107566822
              ],
              [
                4.5728686674916155,
                50.43116952768493
              ],
              [
                4.573270915351498,
                50.43123310051989
              ],
              [
                4.573680982446033,
                50.4312711818317
              ],
              [
                4.57409491895516,
                50.43128340481533
              ],
              [
                4.5745087377690545,
                50.43126965173693
              ],
              [
                4.57491845291214,
                50.43123005506847
              ],
              [
                4.575320117956114,
                50.43116499621109
              ],
              [
                4.5757098640510945,
                50.431075101819566
              ],
              [
                4.576083937207675,
                50.43096123776336
              ],
              [
                4.576438734469926,
                50.43082450078252
              ],
              [
                4.576770838630246,
                50.43066620791905
              ],
              [
                4.577077051151077,
                50.430487883825805
              ],
              [
                4.577354422975985,
                50.430291246075306
              ],
              [
                4.577600282933086,
                50.430078188610345
              ],
              [
                4.57781226345718,
                50.42985076349608
              ],
              [
                4.5779883233829795,
                50.429611161149644
              ],
              [
                4.578126767590235,
                50.42936168923794
              ],
              [
                4.57813080145302,
                50.42935127220457
              ],
              [
                4.57813406631976,
                50.4293453889859
              ],
              [
                4.578233561967812,
                50.42908845018833
              ],
              [
                4.578293151544771,
                50.42882651907543
              ],
              [
                4.5783122618201695,
                50.42856211824823
              ],
              [
                4.578290709426473,
                50.42829779405104
              ],
              [
                4.578228702599087,
                50.428036092048
              ],
              [
                4.578126839145017,
                50.427779532508914
              ],
              [
                4.577986100660798,
                50.427530586139966
              ]
            ]
          ]
        ]
      },
      "properties": {
        "type": "buffer_union_300m",
        "buffer_m": 300
      }
    },
    {
      "type": "Feature",
      "geometry": {
        "type": "MultiPolygon",
        "coordinates": [
          [
            [
              [
                4.547490571985397,
                50.40494548965334
              ],
              [
                4.547303225600397,
                50.40461351057779
              ],
              [
                4.5470658699775335,
                50.404294865602616
              ],
              [
                4.546780791740013,
                50.40399262315659
              ],
              [
                4.546450736909063,
                50.40370969366192
              ],
              [
                4.546078884436651,
                50.40344880151819
              ],
              [
                4.545668815577249,
                50.403212458879054
              ],
              [
                4.545224479394112,
                50.403002941473346
              ],
              [
                4.5447501547324105,
                50.40282226670325
              ],
              [
                4.544250409025256,
                50.40267217422959
              ],
              [
                4.543730054328848,
                50.40255410923088
              ],
              [
                4.543194101009246,
                50.4024692084967
              ],
              [
                4.542647709525699,
                50.402418289489205
              ],
              [
                4.542096140773498,
                50.402401842477175
              ],
              [
                4.54154470546298,
                50.40242002581873
              ],
              [
                4.540998713020531,
                50.40247266443771
              ],
              [
                4.540463420501896,
                50.40255925150809
              ],
              [
                4.539943982008041,
                50.40267895333075
              ],
              [
                4.539445399089015,
                50.40283061735547
              ],
              [
                4.538972472611892,
                50.403012783271244
              ],
              [
                4.538529756554962,
                50.403223697058486
              ],
              [
                4.538344712480276,
                50.40333140847819
              ],
              [
                4.537940966174119,
                50.40334470876214
              ],
              [
                4.537394959096426,
                50.40339733043745
              ],
              [
                4.5368596495731595,
                50.40348390089147
              ],
              [
                4.53634019186895,
                50.40360358658513
              ],
              [
                4.5358415877187435,
                50.40375523512348
              ],
              [
                4.535368638193963,
                50.40393738634464
              ],
              [
                4.534925897494733,
                50.4041482863705
              ],
              [
                4.534517629112062,
                50.4043859044846
              ],
              [
                4.534147764781308,
                50.404647952674914
              ],
              [
                4.533819866621742,
                50.4049319076541
              ],
              [
                4.533537092826657,
                50.405235035145495
              ],
              [
                4.533302167234618,
                50.4055544162017
              ],
              [
                4.5331173530754185,
                50.40588697530267
              ],
              [
                4.532984431144441,
                50.40622950996345
              ],
              [
                4.53290468261675,
                50.40657872156647
              ],
              [
                4.53287887666778,
                50.40693124712227
              ],
              [
                4.532907263021428,
                50.407283691652694
              ],
              [
                4.532989569499027,
                50.407632660885
              ],
              [
                4.5331250045945515,
                50.40797479394211
              ],
              [
                4.533312265053041,
                50.40830679571399
              ],
              [
                4.533549548380959,
                50.4086254685983
              ],
              [
                4.533834570169546,
                50.4089277433045
              ],
              [
                4.534127159997159,
                50.40917861845409
              ],
              [
                4.5341824756847835,
                50.40931834271549
              ],
              [
                4.534369748844601,
                50.40965034271845
              ],
              [
                4.53460704599337,
                50.40996901338114
              ],
              [
                4.534892082589241,
                50.41027128543439
              ],
              [
                4.535222114136548,
                50.41055424749527
              ],
              [
                4.535593962595159,
                50.41081517411835
              ],
              [
                4.536004046973517,
                50.41105155205722
              ],
              [
                4.536448417811209,
                50.41126110448308
              ],
              [
                4.536922795219178,
                50.41144181292642
              ],
              [
                4.5374226101110375,
                50.41159193673009
              ],
              [
                4.537943048227867,
                50.411710029825606
              ],
              [
                4.538479096531691,
                50.41179495467096
              ],
              [
                4.539025591519687,
                50.411845893214974
              ],
              [
                4.539577268992464,
                50.4118623547825
              ],
              [
                4.540128814795534,
                50.411844180804025
              ],
              [
                4.540674916043608,
                50.4117915463442
              ],
              [
                4.5412103123326215,
                50.41170495841436
              ],
              [
                4.541729846444526,
                50.4115852510853
              ],
              [
                4.542228514054832,
                50.411433577447916
              ],
              [
                4.542701511962613,
                50.41125139849877
              ],
              [
                4.543144284377139,
                50.41104046905851
              ],
              [
                4.543552566814237,
                50.410802820859175
              ],
              [
                4.54392242717882,
                50.41054074296319
              ],
              [
                4.5442503036374005,
                50.410256759704
              ],
              [
                4.5443600818897965,
                50.41013905422762
              ],
              [
                4.544408810423526,
                50.41010452486032
              ],
              [
                4.5447366809568495,
                50.40982054021071
              ],
              [
                4.545019410528477,
                50.40951738566472
              ],
              [
                4.545254276870965,
                50.40919798110238
              ],
              [
                4.545418863230528,
                50.40890168789013
              ],
              [
                4.545690662089816,
                50.40877219149534
              ],
              [
                4.5460989122566104,
                50.40853453427073
              ],
              [
                4.546468740876897,
                50.40827244818357
              ],
              [
                4.546796586422976,
                50.40798845764615
              ],
              [
                4.547079291918343,
                50.40768529800766
              ],
              [
                4.547314135327435,
                50.40736588919711
              ],
              [
                4.547498855748289,
                50.40703330759009
              ],
              [
                4.547631675156732,
                50.406690756370125
              ],
              [
                4.547711315493792,
                50.40634153467113
              ],
              [
                4.547737010933193,
                50.40598900579802
              ],
              [
                4.547708515212344,
                50.405636564832086
              ],
              [
                4.547626103957915,
                50.40528760593311
              ],
              [
                4.547490571985397,
                50.40494548965334
              ]
            ]
          ],
          [
            [
              [
                4.575243742196587,
                50.41678426422796
              ],
              [
                4.575006138041261,
                50.41646567692049
              ],
              [
                4.574720808694857,
                50.41616350358841
              ],
              [
                4.5743905025964,
                50.415880653988154
              ],
              [
                4.574018401117011,
                50.415619851749796
              ],
              [
                4.573608087908391,
                50.415383608161044
              ],
              [
                4.573163514386045,
                50.415174197996855
              ],
              [
                4.572688961679801,
                50.41499363762668
              ],
              [
                4.572188999417877,
                50.414843665609695
              ],
              [
                4.571668441740919,
                50.41472572596452
              ],
              [
                4.571132300968749,
                50.41464095427375
              ],
              [
                4.570585739364921,
                50.414590166756945
              ],
              [
                4.5700340194622235,
                50.41457385241688
              ],
              [
                4.569482453425959,
                50.41459216833427
              ],
              [
                4.568936351940952,
                50.414644938156414
              ],
              [
                4.568400973112765,
                50.41473165379404
              ],
              [
                4.567881471873461,
                50.41485148031013
              ],
              [
                4.567382850377462,
                50.415003263953835
              ],
              [
                4.566909909863677,
                50.41518554326237
              ],
              [
                4.566467204446087,
                50.41539656312422
              ],
              [
                4.566058997276738,
                50.41563429166897
              ],
              [
                4.565689219502432,
                50.415896439821154
              ],
              [
                4.565361432409932,
                50.416180483330734
              ],
              [
                4.565078793124042,
                50.416483687068386
              ],
              [
                4.564844024189099,
                50.416803131352275
              ],
              [
                4.564659387327355,
                50.417135740053276
              ],
              [
                4.56452666162781,
                50.41747831020851
              ],
              [
                4.564447126376695,
                50.41782754285829
              ],
              [
                4.564421548696313,
                50.418180074810195
              ],
              [
                4.564450176112873,
                50.41853251102412
              ],
              [
                4.564532734126603,
                50.4188814573071
              ],
              [
                4.564668428809291,
                50.41922355300276
              ],
              [
                4.564855954406026,
                50.419555503360556
              ],
              [
                4.565093505869631,
                50.41987411127306
              ],
              [
                4.56537879620862,
                50.4201763080752
              ],
              [
                4.565709078482999,
                50.42045918310864
              ],
              [
                4.566081172237193,
                50.42072001176591
              ],
              [
                4.566491494116377,
                50.42095628174403
              ],
              [
                4.566936092371842,
                50.42116571725393
              ],
              [
                4.567410684923277,
                50.42134630095213
              ],
              [
                4.567910700611239,
                50.42149629338295
              ],
              [
                4.568431323241948,
                50.42161424974332
              ],
              [
                4.568967537999445,
                50.42169903380825
              ],
              [
                4.569514179776963,
                50.42174982888267
              ],
              [
                4.570065982960681,
                50.42176614567336
              ],
              [
                4.570617632184856,
                50.42174782700545
              ],
              [
                4.571163813567798,
                50.4216950493373
              ],
              [
                4.5716992659335105,
                50.42160832105976
              ],
              [
                4.572218831523927,
                50.42148847759553
              ],
              [
                4.572717505711646,
                50.421336673346815
              ],
              [
                4.573190485232846,
                50.42115437056821
              ],
              [
                4.573633214474513,
                50.420943325273164
              ],
              [
                4.574041429369056,
                50.420705570309515
              ],
              [
                4.574411198472797,
                50.420443395767954
              ],
              [
                4.574738960832177,
                50.42015932691266
              ],
              [
                4.575021560272876,
                50.41985609984701
              ],
              [
                4.575256275781781,
                50.41953663514926
              ],
              [
                4.575440847689775,
                50.419204009733065
              ],
              [
                4.575573499403992,
                50.41886142720369
              ],
              [
                4.57565295448142,
                50.418512186996274
              ],
              [
                4.5756784488807805,
                50.41815965259373
              ],
              [
                4.5756497382763115,
                50.417807219130346
              ],
              [
                4.575567100364648,
                50.417458280693346
              ],
              [
                4.575431332144434,
                50.41711619763762
              ],
              [
                4.575243742196587,
                50.41678426422796
              ]
            ]
          ],
          [
            [
              [
                4.593504057122044,
                50.4245334497843
              ],
              [
                4.593266291516554,
                50.42421490018734
              ],
              [
                4.592980799245273,
                50.423912772045206
              ],
              [
                4.592650330315943,
                50.42362997467904
              ],
              [
                4.59227806766738,
                50.423369231215766
              ],
              [
                4.591867596502876,
                50.42313305237707
              ],
              [
                4.591422869758509,
                50.422923712314294
              ],
              [
                4.590948170039036,
                50.42274322672181
              ],
              [
                4.590448068387785,
                50.42259333343874
              ],
              [
                4.58992738028709,
                50.42247547572553
              ],
              [
                4.589391119312147,
                50.42239078837588
              ],
              [
                4.588844448883503,
                50.422340086797256
              ],
              [
                4.588292632581445,
                50.42232385916497
              ],
              [
                4.587740983499207,
                50.42234226172486
              ],
              [
                4.587194813121061,
                50.422395117290016
              ],
              [
                4.586659380215848,
                50.42248191694561
              ],
              [
                4.586656622349206,
                50.42248255345927
              ],
              [
                4.586654380543438,
                50.422482916875104
              ],
              [
                4.586134840540358,
                50.42260282485279
              ],
              [
                4.5856361959876635,
                50.42275468664037
              ],
              [
                4.58516324834652,
                50.42293704002261
              ],
              [
                4.584720551799892,
                50.423148129174805
              ],
              [
                4.584312369414847,
                50.423385921559266
              ],
              [
                4.583942632100055,
                50.42364812748574
              ],
              [
                4.583614900753262,
                50.42393222214781
              ],
              [
                4.58333233196309,
                50.424235469923474
              ],
              [
                4.583097647595675,
                50.42455495070674
              ],
              [
                4.582913108559542,
                50.42488758801686
              ],
              [
                4.582780493002258,
                50.42523017861526
              ],
              [
                4.582701079149947,
                50.42557942334526
              ],
              [
                4.58267563295632,
                50.42593195889792
              ],
              [
                4.582704400681745,
                50.426284390198255
              ],
              [
                4.5827871064755294,
                50.426633323100475
              ],
              [
                4.582922954986457,
                50.42697539707683
              ],
              [
                4.5831106389782335,
                50.42730731758579
              ],
              [
                4.583348351878174,
                50.42762588780724
              ],
              [
                4.58363380513986,
                50.427928039438946
              ],
              [
                4.583964250253924,
                50.428210862257494
              ],
              [
                4.5843365051961005,
                50.42847163215821
              ],
              [
                4.584746985058681,
                50.42870783740392
              ],
              [
                4.5851917365708585,
                50.42891720282894
              ],
              [
                4.585666476175698,
                50.429097711764825
              ],
              [
                4.586166631296839,
                50.42924762547595
              ],
              [
                4.5866873843969795,
                50.429365499917445
              ],
              [
                4.587223719402989,
                50.42945019965342
              ],
              [
                4.587770470049415,
                50.42950090880106
              ],
              [
                4.588322369673427,
                50.429517138894845
              ],
              [
                4.588874101980059,
                50.42949873359505
              ],
              [
                4.589420352287163,
                50.429445870194535
              ],
              [
                4.589955858754765,
                50.429359057909934
              ],
              [
                4.589958616976982,
                50.42935842131864
              ],
              [
                4.589960859082393,
                50.429358057839444
              ],
              [
                4.590480463407732,
                50.42923813288036
              ],
              [
                4.590979160610887,
                50.429086250457004
              ],
              [
                4.591452147206598,
                50.428903873577
              ],
              [
                4.5918948675140605,
                50.42869275896753
              ],
              [
                4.592303057552182,
                50.42845494014401
              ],
              [
                4.592672786117218,
                50.4281927078122
              ],
              [
                4.593000492646651,
                50.42790858779284
              ],
              [
                4.593283021504512,
                50.427605316681976
              ],
              [
                4.5935176523581545,
                50.42728581548202
              ],
              [
                4.59370212635444,
                50.42695316145802
              ],
              [
                4.5938346678441295,
                50.426610558490594
              ],
              [
                4.593914001446352,
                50.426261306211615
              ],
              [
                4.593939364290253,
                50.425908768220054
              ],
              [
                4.593910513317464,
                50.42555633968454
              ],
              [
                4.593827727576774,
                50.425207414644696
              ],
              [
                4.593691805490702,
                50.42486535332618
              ],
              [
                4.593504057122044,
                50.4245334497843
              ]
            ]
          ],
          [
            [
              [
                4.5792847629339075,
                50.42718408579762
              ],
              [
                4.579047079540772,
                50.42686550724521
              ],
              [
                4.5787616618920195,
                50.42656334430192
              ],
              [
                4.578431259277206,
                50.42628050662407
              ],
              [
                4.578059053996983,
                50.42601971772689
              ],
              [
                4.577648630702628,
                50.42578348876957
              ],
              [
                4.577203941869647,
                50.42557409438616
              ],
              [
                4.576729269738091,
                50.42539355079408
              ],
              [
                4.57622918508594,
                50.42524359639096
              ],
              [
                4.57570850323209,
                50.425125675025775
              ],
              [
                4.57517223769176,
                50.42504092210509
              ],
              [
                4.57462555192956,
                50.42499015366775
              ],
              [
                4.574073709673451,
                50.42497385853277
              ],
              [
                4.573522024266525,
                50.424992193595976
              ],
              [
                4.5729758075427025,
                50.42504498232033
              ],
              [
                4.572440318716891,
                50.42513171643454
              ],
              [
                4.571920713780089,
                50.42525156082373
              ],
              [
                4.57142199588506,
                50.42540336156495
              ],
              [
                4.570948967198857,
                50.42558565703082
              ],
              [
                4.57050618268448,
                50.425796691954275
              ],
              [
                4.570097906255692,
                50.42603443431986
              ],
              [
                4.56972806972639,
                50.426296594919044
              ],
              [
                4.5694002349493585,
                50.42658064938194
              ],
              [
                4.569117559508913,
                50.426883862473744
              ],
              [
                4.568882766297946,
                50.42720331442254
              ],
              [
                4.5686981172729375,
                50.42753592902541
              ],
              [
                4.568694081492949,
                50.42754634573421
              ],
              [
                4.568690815579175,
                50.42755222868929
              ],
              [
                4.56855808984841,
                50.42789480291727
              ],
              [
                4.568478566813605,
                50.428244037783905
              ],
              [
                4.5684530134799575,
                50.428596570075314
              ],
              [
                4.568481677139744,
                50.428949004748155
              ],
              [
                4.568564282944662,
                50.429297947624235
              ],
              [
                4.568700036506711,
                50.429640038079924
              ],
              [
                4.568887631504342,
                50.429971981415115
              ],
              [
                4.569125262222335,
                50.430290580589926
              ],
              [
                4.569410640906171,
                50.43059276702345
              ],
              [
                4.569741019765178,
                50.43087563015712
              ],
              [
                4.570113217413645,
                50.43113644549803
              ],
              [
                4.570523649496106,
                50.43137270087144
              ],
              [
                4.570968363202347,
                50.43158212062889
              ],
              [
                4.571443075339927,
                50.43176268757859
              ],
              [
                4.57194321359735,
                50.431912662426164
              ],
              [
                4.57246396059999,
                50.43203060053787
              ],
              [
                4.573000300333625,
                50.432115365864476
              ],
              [
                4.573547066487367,
                50.43216614189141
              ],
              [
                4.574098992249044,
                50.432182439508935
              ],
              [
                4.5746507610718785,
                50.43216410172683
              ],
              [
                4.575197057921867,
                50.432111305187654
              ],
              [
                4.575732620510536,
                50.43202455846394
              ],
              [
                4.5762522900179095,
                50.43190469715614
              ],
              [
                4.576751060815484,
                50.431752875838335
              ],
              [
                4.577224128708802,
                50.431570556929586
              ],
              [
                4.577666937233646,
                50.43135949659869
              ],
              [
                4.578075221558861,
                50.431121727838345
              ],
              [
                4.578445049572192,
                50.430859540872135
              ],
              [
                4.578772859752938,
                50.43057546108391
              ],
              [
                4.57905549546651,
                50.43027222468235
              ],
              [
                4.579290235350839,
                50.429952752335645
              ],
              [
                4.579474819502495,
                50.42962012103111
              ],
              [
                4.579478853091184,
                50.42960970395135
              ],
              [
                4.5794821178084995,
                50.42960382069505
              ],
              [
                4.579614769418896,
                50.429261234085416
              ],
              [
                4.579694212161165,
                50.428911991657564
              ],
              [
                4.579719682113372,
                50.42855945691574
              ],
              [
                4.579690935185729,
                50.428207024997434
              ],
              [
                4.5796082494251955,
                50.42785808997499
              ],
              [
                4.579472422291693,
                50.42751601217032
              ],
              [
                4.5792847629339075,
                50.42718408579762
              ]
            ]
          ]
        ]
      },
      "properties": {
        "type": "buffer_union_400m",
        "buffer_m": 400
      }
    },
    {
      "type": "Feature",
      "geometry": {
        "type": "Polygon",
        "coordinates": [
          [
            [
              4.5307437,
              50.4145951
            ],
            [
              4.5314338,
              50.415169
            ],
            [
              4.5315288,
              50.4156881
            ],
            [
              4.5313126,
              50.4162038
            ],
            [
              4.5312961,
              50.4166049
            ],
            [
              4.5314378,
              50.4170135
            ],
            [
              4.5314232,
              50.4178843
            ],
            [
              4.5315578,
              50.4192237
            ],
            [
              4.5321843,
              50.4199715
            ],
            [
              4.5326215,
              50.4203298
            ],
            [
              4.5334434,
              50.420823
            ],
            [
              4.5340815,
              50.4217237
            ],
            [
              4.5343458,
              50.4222494
            ],
            [
              4.5347289,
              50.4226604
            ],
            [
              4.5355639,
              50.4231902
            ],
            [
              4.5361286,
              50.4233741
            ],
            [
              4.5374049,
              50.4235097
            ],
            [
              4.5383636,
              50.4233134
            ],
            [
              4.5388777,
              50.4231152
            ],
            [
              4.5399289,
              50.4224561
            ],
            [
              4.5416249,
              50.4218861
            ],
            [
              4.5437579,
              50.4207733
            ],
            [
              4.5439935,
              50.420598
            ],
            [
              4.5442452,
              50.4202319
            ],
            [
              4.5440362,
              50.4193925
            ],
            [
              4.5441468,
              50.4190898
            ],
            [
              4.5443998,
              50.4188792
            ],
            [
              4.5449296,
              50.418842
            ],
            [
              4.547545,
              50.4193591
            ],
            [
              4.5478737,
              50.4193596
            ],
            [
              4.5493066,
              50.4191006
            ],
            [
              4.5524524,
              50.4181043
            ],
            [
              4.5534032,
              50.4180813
            ],
            [
              4.5556556,
              50.4184311
            ],
            [
              4.5564871,
              50.4184251
            ],
            [
              4.5582308,
              50.4172071
            ],
            [
              4.5599241,
              50.4157923
            ],
            [
              4.5603147,
              50.4151166
            ],
            [
              4.5613819,
              50.4143227
            ],
            [
              4.5620611,
              50.4140755
            ],
            [
              4.5635815,
              50.4139705
            ],
            [
              4.5646989,
              50.413695
            ],
            [
              4.5657354,
              50.4139829
            ],
            [
              4.5663019,
              50.4143112
            ],
            [
              4.566515,
              50.4145908
            ],
            [
              4.5668522,
              50.4154237
            ],
            [
              4.5670505,
              50.4161947
            ],
            [
              4.5674771,
              50.4169604
            ],
            [
              4.5676509,
              50.4174406
            ],
            [
              4.5667014,
              50.4209222
            ],
            [
              4.5664075,
              50.4228336
            ],
            [
              4.5659936,
              50.4243472
            ],
            [
              4.5657231,
              50.4248267
            ],
            [
              4.5651823,
              50.4252485
            ],
            [
              4.5644948,
              50.4255254
            ],
            [
              4.5637607,
              50.4256882
            ],
            [
              4.5629246,
              50.4254481
            ],
            [
              4.5612346,
              50.4244954
            ],
            [
              4.5603512,
              50.4242332
            ],
            [
              4.5591166,
              50.4245053
            ],
            [
              4.5584607,
              50.4248964
            ],
            [
              4.5577911,
              50.4257032
            ],
            [
              4.5577617,
              50.4260662
            ],
            [
              4.5585252,
              50.427682
            ],
            [
              4.5584745,
              50.4281321
            ],
            [
              4.5647588,
              50.4315984
            ],
            [
              4.5674806,
              50.43167
            ],
            [
              4.5676737,
              50.4317418
            ],
            [
              4.5677049,
              50.4316759
            ],
            [
              4.5680058,
              50.4316838
            ],
            [
              4.5679764,
              50.4317436
            ],
            [
              4.5683375,
              50.4318154
            ],
            [
              4.5685959,
              50.4317434
            ],
            [
              4.5685247,
              50.4316766
            ],
            [
              4.5689598,
              50.4317045
            ],
            [
              4.5689153,
              50.4317387
            ],
            [
              4.5690336,
              50.4317983
            ],
            [
              4.5691478,
              50.4317098
            ],
            [
              4.571428,
              50.4317737
            ],
            [
              4.576128,
              50.4336254
            ],
            [
              4.5776609,
              50.4334726
            ],
            [
              4.5779378,
              50.4340059
            ],
            [
              4.58044,
              50.4351215
            ],
            [
              4.5774129,
              50.4369159
            ],
            [
              4.5782602,
              50.4383708
            ],
            [
              4.5792064,
              50.4382672
            ],
            [
              4.5801617,
              50.4382834
            ],
            [
              4.5814477,
              50.4385892
            ],
            [
              4.5827249,
              50.4386946
            ],
            [
              4.5836807,
              50.438637
            ],
            [
              4.5840177,
              50.4384388
            ],
            [
              4.5844609,
              50.4376555
            ],
            [
              4.5847026,
              50.4365012
            ],
            [
              4.5846271,
              50.4355808
            ],
            [
              4.5843105,
              50.4342623
            ],
            [
              4.5839587,
              50.4338843
            ],
            [
              4.5835307,
              50.4336107
            ],
            [
              4.5822242,
              50.4334116
            ],
            [
              4.5814418,
              50.4329626
            ],
            [
              4.5815597,
              50.4324987
            ],
            [
              4.5821938,
              50.4320105
            ],
            [
              4.5824979,
              50.4318867
            ],
            [
              4.5833754,
              50.4317855
            ],
            [
              4.5841183,
              50.4318258
            ],
            [
              4.5848088,
              50.4316662
            ],
            [
              4.5859388,
              50.4308995
            ],
            [
              4.5865356,
              50.4307675
            ],
            [
              4.5870511,
              50.4307805
            ],
            [
              4.5874996,
              50.4308441
            ],
            [
              4.5878863,
              50.4310434
            ],
            [
              4.5879819,
              50.4320768
            ],
            [
              4.588402,
              50.4324141
            ],
            [
              4.5890997,
              50.4327039
            ],
            [
              4.5901273,
              50.4329959
            ],
            [
              4.5906976,
              50.4329289
            ],
            [
              4.5926593,
              50.4318378
            ],
            [
              4.5930783,
              50.4313609
            ],
            [
              4.5943116,
              50.429272
            ],
            [
              4.5946388,
              50.4288891
            ],
            [
              4.5950933,
              50.4286373
            ],
            [
              4.595713,
              50.428432
            ],
            [
              4.5966224,
              50.4283208
            ],
            [
              4.5978003,
              50.4279853
            ],
            [
              4.5998728,
              50.4277033
            ],
            [
              4.6016047,
              50.4273624
            ],
            [
              4.6046753,
              50.4264722
            ],
            [
              4.6055401,
              50.4263429
            ],
            [
              4.6065671,
              50.4266901
            ],
            [
              4.6070198,
              50.4269428
            ],
            [
              4.6075227,
              50.427355
            ],
            [
              4.6091995,
              50.4282568
            ],
            [
              4.6098175,
              50.4287468
            ],
            [
              4.6103948,
              50.4295579
            ],
            [
              4.6106283,
              50.4297021
            ],
            [
              4.611665,
              50.4300581
            ],
            [
              4.612566,
              50.4301415
            ],
            [
              4.6134345,
              50.4303266
            ],
            [
              4.6146001,
              50.4289502
            ],
            [
              4.6160418,
              50.4265481
            ],
            [
              4.6172678,
              50.425173
            ],
            [
              4.6168239,
              50.4243834
            ],
            [
              4.6160561,
              50.4241634
            ],
            [
              4.6141193,
              50.4238346
            ],
            [
              4.6123141,
              50.4226818
            ],
            [
              4.6108083,
              50.4220654
            ],
            [
              4.6106271,
              50.4218898
            ],
            [
              4.6096219,
              50.4144666
            ],
            [
              4.6091167,
              50.4123191
            ],
            [
              4.6086449,
              50.4114932
            ],
            [
              4.6088375,
              50.4109706
            ],
            [
              4.6086813,
              50.410345
            ],
            [
              4.6085544,
              50.4104343
            ],
            [
              4.6084298,
              50.4104131
            ],
            [
              4.6075904,
              50.4098363
            ],
            [
              4.607695,
              50.4097712
            ],
            [
              4.6075514,
              50.4096046
            ],
            [
              4.6074832,
              50.4091723
            ],
            [
              4.6079022,
              50.4086441
            ],
            [
              4.606713,
              50.4085403
            ],
            [
              4.6060168,
              50.4086494
            ],
            [
              4.6051037,
              50.4085808
            ],
            [
              4.6045861,
              50.4086203
            ],
            [
              4.6036799,
              50.4078439
            ],
            [
              4.6032679,
              50.4068239
            ],
            [
              4.6034105,
              50.4055058
            ],
            [
              4.6032707,
              50.4044173
            ],
            [
              4.6036576,
              50.4028399
            ],
            [
              4.6009653,
              50.4032964
            ],
            [
              4.6007293,
              50.4033884
            ],
            [
              4.600711,
              50.4036009
            ],
            [
              4.6006349,
              50.403643
            ],
            [
              4.5996909,
              50.4036868
            ],
            [
              4.5991731,
              50.40356
            ],
            [
              4.5982125,
              50.4031468
            ],
            [
              4.5984143,
              50.4029924
            ],
            [
              4.5965183,
              50.4021102
            ],
            [
              4.5959606,
              50.4021706
            ],
            [
              4.5948458,
              50.401742
            ],
            [
              4.5941437,
              50.4017674
            ],
            [
              4.5937477,
              50.4019052
            ],
            [
              4.5937051,
              50.4018494
            ],
            [
              4.5943721,
              50.4006872
            ],
            [
              4.5943675,
              50.4001342
            ],
            [
              4.593371,
              50.3987122
            ],
            [
              4.5934324,
              50.3984811
            ],
            [
              4.5859692,
              50.3997267
            ],
            [
              4.5859228,
              50.3995637
            ],
            [
              4.5857307,
              50.3993613
            ],
            [
              4.5851735,
              50.3992255
            ],
            [
              4.5850982,
              50.3988924
            ],
            [
              4.5847154,
              50.3984495
            ],
            [
              4.5837994,
              50.398051
            ],
            [
              4.584364,
              50.3975946
            ],
            [
              4.5844961,
              50.3973437
            ],
            [
              4.5844587,
              50.3971127
            ],
            [
              4.5847343,
              50.3969419
            ],
            [
              4.5845996,
              50.3967383
            ],
            [
              4.5851006,
              50.3963759
            ],
            [
              4.5859273,
              50.3960596
            ],
            [
              4.5865166,
              50.3959336
            ],
            [
              4.5871055,
              50.3956273
            ],
            [
              4.5875908,
              50.3951259
            ],
            [
              4.587769,
              50.3951173
            ],
            [
              4.5879795,
              50.3949553
            ],
            [
              4.5882348,
              50.3949423
            ],
            [
              4.5884134,
              50.3947176
            ],
            [
              4.58871,
              50.3945597
            ],
            [
              4.5894736,
              50.3944005
            ],
            [
              4.58972,
              50.3938989
            ],
            [
              4.5899416,
              50.3936461
            ],
            [
              4.5899409,
              50.393538
            ],
            [
              4.5906778,
              50.3931963
            ],
            [
              4.5909263,
              50.3929902
            ],
            [
              4.5909839,
              50.3928456
            ],
            [
              4.5909008,
              50.3927598
            ],
            [
              4.5912163,
              50.3924713
            ],
            [
              4.5914889,
              50.3923823
            ],
            [
              4.5915338,
              50.3922249
            ],
            [
              4.5922567,
              50.3916804
            ],
            [
              4.5923355,
              50.3914996
            ],
            [
              4.5936147,
              50.3912382
            ],
            [
              4.5936981,
              50.3908637
            ],
            [
              4.5977532,
              50.389058
            ],
            [
              4.5989272,
              50.3888388
            ],
            [
              4.6019441,
              50.3885686
            ],
            [
              4.6024103,
              50.3882981
            ],
            [
              4.6041297,
              50.3876758
            ],
            [
              4.6050204,
              50.3868617
            ],
            [
              4.6054744,
              50.3868252
            ],
            [
              4.6058246,
              50.3858381
            ],
            [
              4.6058851,
              50.3848433
            ],
            [
              4.6061556,
              50.3842965
            ],
            [
              4.6062182,
              50.3838468
            ],
            [
              4.6062261,
              50.3834609
            ],
            [
              4.6057013,
              50.3829422
            ],
            [
              4.6057712,
              50.3827559
            ],
            [
              4.6052377,
              50.3827087
            ],
            [
              4.6049931,
              50.3828797
            ],
            [
              4.6041094,
              50.382882
            ],
            [
              4.6040004,
              50.3828148
            ],
            [
              4.6038797,
              50.3824197
            ],
            [
              4.6036918,
              50.3823361
            ],
            [
              4.603266,
              50.3824531
            ],
            [
              4.6024668,
              50.3822489
            ],
            [
              4.6016812,
              50.3823395
            ],
            [
              4.6014863,
              50.3822049
            ],
            [
              4.601491,
              50.3820738
            ],
            [
              4.6013062,
              50.3821291
            ],
            [
              4.6005252,
              50.381999
            ],
            [
              4.5999919,
              50.3820794
            ],
            [
              4.5995921,
              50.3817714
            ],
            [
              4.5992692,
              50.3816652
            ],
            [
              4.5989776,
              50.381677
            ],
            [
              4.5972451,
              50.3810643
            ],
            [
              4.5960377,
              50.3808171
            ],
            [
              4.5958617,
              50.3808765
            ],
            [
              4.5949259,
              50.3805554
            ],
            [
              4.5942002,
              50.3805005
            ],
            [
              4.5916844,
              50.3795692
            ],
            [
              4.5932703,
              50.3794091
            ],
            [
              4.5934024,
              50.3791107
            ],
            [
              4.5946861,
              50.3776265
            ],
            [
              4.5947056,
              50.3774506
            ],
            [
              4.5950997,
              50.3772768
            ],
            [
              4.5952189,
              50.3771428
            ],
            [
              4.5943193,
              50.3766833
            ],
            [
              4.5947492,
              50.3762636
            ],
            [
              4.5941964,
              50.3762635
            ],
            [
              4.5941641,
              50.3760545
            ],
            [
              4.5938283,
              50.3760124
            ],
            [
              4.5941098,
              50.3745719
            ],
            [
              4.5942409,
              50.3744648
            ],
            [
              4.5938499,
              50.3743357
            ],
            [
              4.5929339,
              50.3742409
            ],
            [
              4.5924574,
              50.3739717
            ],
            [
              4.5920815,
              50.3739844
            ],
            [
              4.59164,
              50.3737991
            ],
            [
              4.5911416,
              50.3738764
            ],
            [
              4.5896496,
              50.3736742
            ],
            [
              4.5886877,
              50.3737801
            ],
            [
              4.5858913,
              50.3734757
            ],
            [
              4.5849204,
              50.3736524
            ],
            [
              4.5831071,
              50.3732467
            ],
            [
              4.5820402,
              50.3731532
            ],
            [
              4.582055,
              50.3730821
            ],
            [
              4.5802642,
              50.3726497
            ],
            [
              4.5795497,
              50.3723553
            ],
            [
              4.5788449,
              50.3718819
            ],
            [
              4.5778023,
              50.3715838
            ],
            [
              4.5772276,
              50.3716178
            ],
            [
              4.5771143,
              50.3715775
            ],
            [
              4.5769739,
              50.3713377
            ],
            [
              4.5756799,
              50.370872
            ],
            [
              4.5747242,
              50.3707691
            ],
            [
              4.5746081,
              50.370654
            ],
            [
              4.5740482,
              50.3704292
            ],
            [
              4.5736739,
              50.3704442
            ],
            [
              4.5735645,
              50.3702544
            ],
            [
              4.5734155,
              50.3701692
            ],
            [
              4.5731307,
              50.3701301
            ],
            [
              4.5726244,
              50.3702784
            ],
            [
              4.5723247,
              50.3700057
            ],
            [
              4.5709712,
              50.369872
            ],
            [
              4.5706156,
              50.3693907
            ],
            [
              4.5702689,
              50.3693988
            ],
            [
              4.569045,
              50.368971
            ],
            [
              4.5682948,
              50.3683801
            ],
            [
              4.5680635,
              50.367915
            ],
            [
              4.5664813,
              50.3666111
            ],
            [
              4.564543,
              50.3673794
            ],
            [
              4.5604671,
              50.3686225
            ],
            [
              4.5572767,
              50.3690117
            ],
            [
              4.5570344,
              50.3691394
            ],
            [
              4.5571347,
              50.3692113
            ],
            [
              4.5569737,
              50.3694722
            ],
            [
              4.5569487,
              50.3697473
            ],
            [
              4.5570384,
              50.3698855
            ],
            [
              4.5569407,
              50.3699244
            ],
            [
              4.5569301,
              50.3700424
            ],
            [
              4.5570234,
              50.3700813
            ],
            [
              4.5570059,
              50.3704399
            ],
            [
              4.5571235,
              50.3707115
            ],
            [
              4.5570829,
              50.3709235
            ],
            [
              4.5573194,
              50.3711271
            ],
            [
              4.5578018,
              50.3712957
            ],
            [
              4.5577619,
              50.371335
            ],
            [
              4.5579564,
              50.3714307
            ],
            [
              4.5585962,
              50.3715193
            ],
            [
              4.5585443,
              50.3716041
            ],
            [
              4.5588462,
              50.3716415
            ],
            [
              4.55898,
              50.3718437
            ],
            [
              4.559171,
              50.3719029
            ],
            [
              4.5591244,
              50.3720294
            ],
            [
              4.5592143,
              50.3721511
            ],
            [
              4.5594757,
              50.372201
            ],
            [
              4.5595723,
              50.3723338
            ],
            [
              4.5598236,
              50.3724033
            ],
            [
              4.5598632,
              50.3724892
            ],
            [
              4.559487,
              50.3727889
            ],
            [
              4.5595784,
              50.3728808
            ],
            [
              4.5597685,
              50.3728509
            ],
            [
              4.5597445,
              50.3730619
            ],
            [
              4.5599943,
              50.3731453
            ],
            [
              4.5598541,
              50.3732009
            ],
            [
              4.559919,
              50.3732786
            ],
            [
              4.5598256,
              50.3733289
            ],
            [
              4.5597062,
              50.3733141
            ],
            [
              4.5597595,
              50.3732436
            ],
            [
              4.5596987,
              50.373196
            ],
            [
              4.5595331,
              50.3731905
            ],
            [
              4.5595331,
              50.3733492
            ],
            [
              4.5594413,
              50.3733854
            ],
            [
              4.5596005,
              50.373589
            ],
            [
              4.5595316,
              50.3736719
            ],
            [
              4.5597769,
              50.3738284
            ],
            [
              4.5599085,
              50.3737696
            ],
            [
              4.5599759,
              50.3738278
            ],
            [
              4.5598602,
              50.3741625
            ],
            [
              4.560008,
              50.3743539
            ],
            [
              4.559983,
              50.3744504
            ],
            [
              4.5602555,
              50.3742516
            ],
            [
              4.5605128,
              50.374295
            ],
            [
              4.5604315,
              50.3744558
            ],
            [
              4.5608279,
              50.3746941
            ],
            [
              4.5608745,
              50.3746058
            ],
            [
              4.5609507,
              50.3746563
            ],
            [
              4.5610266,
              50.3747827
            ],
            [
              4.5609233,
              50.3748329
            ],
            [
              4.5609546,
              50.3749447
            ],
            [
              4.5607687,
              50.3750731
            ],
            [
              4.5613404,
              50.375346
            ],
            [
              4.561325,
              50.3754308
            ],
            [
              4.561454,
              50.3753964
            ],
            [
              4.5615048,
              50.3754877
            ],
            [
              4.5616268,
              50.3754155
            ],
            [
              4.5618769,
              50.3755709
            ],
            [
              4.5619553,
              50.3757818
            ],
            [
              4.5617885,
              50.3758575
            ],
            [
              4.5621758,
              50.3759999
            ],
            [
              4.5622443,
              50.3762535
            ],
            [
              4.5629213,
              50.3766671
            ],
            [
              4.5630242,
              50.3767924
            ],
            [
              4.563077,
              50.3772824
            ],
            [
              4.5632009,
              50.3773417
            ],
            [
              4.5629712,
              50.3774387
            ],
            [
              4.5630813,
              50.3775597
            ],
            [
              4.5625836,
              50.3780388
            ],
            [
              4.5616823,
              50.3785503
            ],
            [
              4.5609629,
              50.3792995
            ],
            [
              4.5608276,
              50.379616
            ],
            [
              4.5607246,
              50.3802206
            ],
            [
              4.5608041,
              50.3807524
            ],
            [
              4.5607052,
              50.3807841
            ],
            [
              4.560641,
              50.3810377
            ],
            [
              4.5605053,
              50.3822194
            ],
            [
              4.5605266,
              50.3825746
            ],
            [
              4.5616701,
              50.3852985
            ],
            [
              4.5622292,
              50.3872334
            ],
            [
              4.5627868,
              50.3910336
            ],
            [
              4.5622223,
              50.3941393
            ],
            [
              4.5620796,
              50.3940779
            ],
            [
              4.5611363,
              50.3953063
            ],
            [
              4.5614824,
              50.3954584
            ],
            [
              4.5592043,
              50.3971002
            ],
            [
              4.5592377,
              50.3975363
            ],
            [
              4.5594866,
              50.3984606
            ],
            [
              4.5587399,
              50.3992854
            ],
            [
              4.5569557,
              50.4007101
            ],
            [
              4.5533421,
              50.4044036
            ],
            [
              4.5526278,
              50.4044219
            ],
            [
              4.5510452,
              50.4042998
            ],
            [
              4.549213,
              50.4038754
            ],
            [
              4.5488211,
              50.4038758
            ],
            [
              4.548319,
              50.404023
            ],
            [
              4.5463298,
              50.4051601
            ],
            [
              4.5441755,
              50.405441
            ],
            [
              4.5421386,
              50.4058951
            ],
            [
              4.5401022,
              50.4062095
            ],
            [
              4.538351,
              50.4061442
            ],
            [
              4.5377394,
              50.4065441
            ],
            [
              4.5379464,
              50.4066258
            ],
            [
              4.5373516,
              50.4071974
            ],
            [
              4.5369365,
              50.4069297
            ],
            [
              4.536478,
              50.4073959
            ],
            [
              4.5364276,
              50.4073574
            ],
            [
              4.5353658,
              50.4081215
            ],
            [
              4.5357719,
              50.4083463
            ],
            [
              4.5355111,
              50.408493
            ],
            [
              4.5357879,
              50.4086413
            ],
            [
              4.5362503,
              50.409267
            ],
            [
              4.5359121,
              50.4094518
            ],
            [
              4.5369626,
              50.4101337
            ],
            [
              4.5376349,
              50.4107724
            ],
            [
              4.537643,
              50.4111445
            ],
            [
              4.5377123,
              50.4113625
            ],
            [
              4.5378959,
              50.4115709
            ],
            [
              4.5379517,
              50.4119676
            ],
            [
              4.5381112,
              50.4123038
            ],
            [
              4.5367602,
              50.4128076
            ],
            [
              4.5362516,
              50.4124913
            ],
            [
              4.5307437,
              50.4145951
            ]
          ]
        ]
      },
      "properties": {
        "type": "boundary",
        "gemeente": "Aiseau-Presles"
      }
    }
  ]
}