{
  "type": "FeatureCollection",
  "metadata": {
    "gemeente": "Aubange",
    "slug": "aubange",
    "generated_at": "2026-09-25T22:11:34.694193Z",
    "total_points": 33,
    "providers": [
      "bpost",
      "DHL",
      "GLS",
      "InPost",
      "VintedGo",
      "PostNL",
      "DPD",
      "Amazon"
    ],
    "bounds": [
      5.74259,
      49.5497283,
      5.8425795,
      49.56905
    ]
  },
  "features": [
    {
      "type": "Feature",
      "geometry": {
        "type": "Point",
        "coordinates": [
          5.80627,
          49.56905
        ]
      },
      "properties": {
        "type": "pakketpunt",
        "locatieNaam": "Bbox 24/7 \tCommune Daubange",
        "straatNaam": "Place De L'Abbé Michel Gigi",
        "straatNr": "DISTRIB",
        "vervoerder": "bpost",
        "puntType": "automaat",
        "bezettingsgraad": 50,
        "latitude": 49.56905,
        "longitude": 5.80627,
        "canPickup": true,
        "canDropoff": true,
        "openingstijden": null
      }
    },
    {
      "type": "Feature",
      "geometry": {
        "type": "Point",
        "coordinates": [
          5.79881,
          49.56382
        ]
      },
      "properties": {
        "type": "pakketpunt",
        "locatieNaam": "Pakjesautomaat 24/7 Station Aubange",
        "straatNaam": "Avenue De La Gare",
        "straatNr": "105",
        "vervoerder": "bpost",
        "puntType": "automaat",
        "bezettingsgraad": 50,
        "latitude": 49.56382,
        "longitude": 5.79881,
        "canPickup": true,
        "canDropoff": true,
        "openingstijden": null
      }
    },
    {
      "type": "Feature",
      "geometry": {
        "type": "Point",
        "coordinates": [
          5.82889,
          49.56349
        ]
      },
      "properties": {
        "type": "pakketpunt",
        "locatieNaam": "Pakjesautomaat 24/7 Station Athus",
        "straatNaam": "Place Des Martyrs",
        "straatNr": "5",
        "vervoerder": "bpost",
        "puntType": "automaat",
        "bezettingsgraad": 50,
        "latitude": 49.56349,
        "longitude": 5.82889,
        "canPickup": true,
        "canDropoff": true,
        "openingstijden": null
      }
    },
    {
      "type": "Feature",
      "geometry": {
        "type": "Point",
        "coordinates": [
          5.82942,
          49.56197
        ]
      },
      "properties": {
        "type": "pakketpunt",
        "locatieNaam": "Bbox 24/7 Athus Bpost",
        "straatNaam": "Rue Haute",
        "straatNr": "29",
        "vervoerder": "bpost",
        "puntType": "automaat",
        "bezettingsgraad": 50,
        "latitude": 49.56197,
        "longitude": 5.82942,
        "canPickup": true,
        "canDropoff": true,
        "openingstijden": null
      }
    },
    {
      "type": "Feature",
      "geometry": {
        "type": "Point",
        "coordinates": [
          5.82914,
          49.56195
        ]
      },
      "properties": {
        "type": "pakketpunt",
        "locatieNaam": "Athus",
        "straatNaam": "Rue Haute",
        "straatNr": "29",
        "vervoerder": "bpost",
        "puntType": "postkantoor",
        "bezettingsgraad": 50,
        "latitude": 49.56195,
        "longitude": 5.82914,
        "canPickup": true,
        "canDropoff": true,
        "openingstijden": null
      }
    },
    {
      "type": "Feature",
      "geometry": {
        "type": "Point",
        "coordinates": [
          5.842,
          49.55917
        ]
      },
      "properties": {
        "type": "pakketpunt",
        "locatieNaam": "Bbox 24/7 Lidl Aubange",
        "straatNaam": "Rue Du Commerce",
        "straatNr": "8",
        "vervoerder": "bpost",
        "puntType": "automaat",
        "bezettingsgraad": 50,
        "latitude": 49.55917,
        "longitude": 5.842,
        "canPickup": true,
        "canDropoff": true,
        "openingstijden": null
      }
    },
    {
      "type": "Feature",
      "geometry": {
        "type": "Point",
        "coordinates": [
          5.84013,
          49.55895
        ]
      },
      "properties": {
        "type": "pakketpunt",
        "locatieNaam": "Bbox 24/7 Delhaize Athus",
        "straatNaam": "Rue Du Commerce",
        "straatNr": "17B",
        "vervoerder": "bpost",
        "puntType": "automaat",
        "bezettingsgraad": 50,
        "latitude": 49.55895,
        "longitude": 5.84013,
        "canPickup": true,
        "canDropoff": true,
        "openingstijden": null
      }
    },
    {
      "type": "Feature",
      "geometry": {
        "type": "Point",
        "coordinates": [
          5.74259,
          49.5598
        ]
      },
      "properties": {
        "type": "pakketpunt",
        "locatieNaam": "Bbox 24/7 Commune D Aubange Halanzy",
        "straatNaam": "Grand Place",
        "straatNr": "DISTRIB",
        "vervoerder": "bpost",
        "puntType": "automaat",
        "bezettingsgraad": 50,
        "latitude": 49.5598,
        "longitude": 5.74259,
        "canPickup": true,
        "canDropoff": true,
        "openingstijden": null
      }
    },
    {
      "type": "Feature",
      "geometry": {
        "type": "Point",
        "coordinates": [
          5.74333,
          49.55603
        ]
      },
      "properties": {
        "type": "pakketpunt",
        "locatieNaam": "Bbox 24/7 Nmbs Halanzy",
        "straatNaam": "Place De La Gare",
        "straatNr": "DISTRIB",
        "vervoerder": "bpost",
        "puntType": "automaat",
        "bezettingsgraad": 50,
        "latitude": 49.55603,
        "longitude": 5.74333,
        "canPickup": true,
        "canDropoff": true,
        "openingstijden": null
      }
    },
    {
      "type": "Feature",
      "geometry": {
        "type": "Point",
        "coordinates": [
          5.74333,
          49.55603
        ]
      },
      "properties": {
        "type": "pakketpunt",
        "locatieNaam": "BBOX 24/7 NMBS HALANZY",
        "straatNaam": "PLACE DE LA GARE",
        "straatNr": "DISTRIB",
        "vervoerder": "DHL",
        "puntType": "packStation",
        "bezettingsgraad": 50,
        "latitude": 49.55603,
        "longitude": 5.74333,
        "canPickup": true,
        "canDropoff": true,
        "openingstijden": {
          "ma": "00:00 - 23:59",
          "di": "00:00 - 23:59",
          "wo": "00:00 - 23:59",
          "do": "00:00 - 23:59",
          "vr": "00:00 - 23:59",
          "za": "00:00 - 23:59",
          "zo": "00:00 - 23:59"
        }
      }
    },
    {
      "type": "Feature",
      "geometry": {
        "type": "Point",
        "coordinates": [
          5.74259,
          49.5598
        ]
      },
      "properties": {
        "type": "pakketpunt",
        "locatieNaam": "BBOX 24/7 COMMUNE D AUBANGE HALANZY",
        "straatNaam": "GRAND PLACE",
        "straatNr": "DISTRIB",
        "vervoerder": "DHL",
        "puntType": "packStation",
        "bezettingsgraad": 50,
        "latitude": 49.5598,
        "longitude": 5.74259,
        "canPickup": true,
        "canDropoff": true,
        "openingstijden": {
          "ma": "00:00 - 23:59",
          "di": "00:00 - 23:59",
          "wo": "00:00 - 23:59",
          "do": "00:00 - 23:59",
          "vr": "00:00 - 23:59",
          "za": "00:00 - 23:59",
          "zo": "00:00 - 23:59"
        }
      }
    },
    {
      "type": "Feature",
      "geometry": {
        "type": "Point",
        "coordinates": [
          5.841997,
          49.55917
        ]
      },
      "properties": {
        "type": "pakketpunt",
        "locatieNaam": "BBOX 24/7 LIDL AUBANGE",
        "straatNaam": "RUE DU COMMERCE",
        "straatNr": "8",
        "vervoerder": "DHL",
        "puntType": "packStation",
        "bezettingsgraad": 50,
        "latitude": 49.55917,
        "longitude": 5.841997,
        "canPickup": true,
        "canDropoff": true,
        "openingstijden": {
          "ma": "00:00 - 23:59",
          "di": "00:00 - 23:59",
          "wo": "00:00 - 23:59",
          "do": "00:00 - 23:59",
          "vr": "00:00 - 23:59",
          "za": "00:00 - 23:59",
          "zo": "00:00 - 23:59"
        }
      }
    },
    {
      "type": "Feature",
      "geometry": {
        "type": "Point",
        "coordinates": [
          5.84013,
          49.558946
        ]
      },
      "properties": {
        "type": "pakketpunt",
        "locatieNaam": "BBOX 24/7 DELHAIZE ATHUS",
        "straatNaam": "RUE DU COMMERCE",
        "straatNr": "17B",
        "vervoerder": "DHL",
        "puntType": "packStation",
        "bezettingsgraad": 50,
        "latitude": 49.558946,
        "longitude": 5.84013,
        "canPickup": true,
        "canDropoff": true,
        "openingstijden": {
          "ma": "00:00 - 23:59",
          "di": "00:00 - 23:59",
          "wo": "00:00 - 23:59",
          "do": "00:00 - 23:59",
          "vr": "00:00 - 23:59",
          "za": "00:00 - 23:59",
          "zo": "00:00 - 23:59"
        }
      }
    },
    {
      "type": "Feature",
      "geometry": {
        "type": "Point",
        "coordinates": [
          5.82942,
          49.56197
        ]
      },
      "properties": {
        "type": "pakketpunt",
        "locatieNaam": "BBOX 24/7 ATHUS BPOST",
        "straatNaam": "RUE HAUTE",
        "straatNr": "29",
        "vervoerder": "DHL",
        "puntType": "packStation",
        "bezettingsgraad": 50,
        "latitude": 49.56197,
        "longitude": 5.82942,
        "canPickup": true,
        "canDropoff": true,
        "openingstijden": {
          "ma": "00:00 - 23:59",
          "di": "00:00 - 23:59",
          "wo": "00:00 - 23:59",
          "do": "00:00 - 23:59",
          "vr": "00:00 - 23:59",
          "za": "00:00 - 23:59",
          "zo": "00:00 - 23:59"
        }
      }
    },
    {
      "type": "Feature",
      "geometry": {
        "type": "Point",
        "coordinates": [
          5.829139,
          49.56195
        ]
      },
      "properties": {
        "type": "pakketpunt",
        "locatieNaam": "ATHUS",
        "straatNaam": "RUE HAUTE",
        "straatNr": "29",
        "vervoerder": "DHL",
        "puntType": "postOffice",
        "bezettingsgraad": 50,
        "latitude": 49.56195,
        "longitude": 5.829139,
        "canPickup": true,
        "canDropoff": true,
        "openingstijden": {
          "ma": "09:30 - 12:30, 13:30 - 17:00",
          "di": "09:30 - 12:30, 13:30 - 18:00",
          "wo": "09:30 - 12:30, 13:30 - 17:00",
          "do": "09:30 - 12:30, 13:30 - 18:00",
          "vr": "09:30 - 12:30, 13:30 - 17:00",
          "za": "09:30 - 13:00",
          "zo": "gesloten"
        }
      }
    },
    {
      "type": "Feature",
      "geometry": {
        "type": "Point",
        "coordinates": [
          5.828889,
          49.56349
        ]
      },
      "properties": {
        "type": "pakketpunt",
        "locatieNaam": "PARCEL LOCKER 24/7 STATION ATHUS",
        "straatNaam": "PLACE DES MARTYRS",
        "straatNr": "5",
        "vervoerder": "DHL",
        "puntType": "packStation",
        "bezettingsgraad": 50,
        "latitude": 49.56349,
        "longitude": 5.828889,
        "canPickup": true,
        "canDropoff": true,
        "openingstijden": {
          "ma": "00:00 - 23:59",
          "di": "00:00 - 23:59",
          "wo": "00:00 - 23:59",
          "do": "00:00 - 23:59",
          "vr": "00:00 - 23:59",
          "za": "00:00 - 23:59",
          "zo": "00:00 - 23:59"
        }
      }
    },
    {
      "type": "Feature",
      "geometry": {
        "type": "Point",
        "coordinates": [
          5.79881,
          49.56382
        ]
      },
      "properties": {
        "type": "pakketpunt",
        "locatieNaam": "PARCEL LOCKER 24/7 STATION AUBANGE",
        "straatNaam": "AVENUE DE LA GARE",
        "straatNr": "105",
        "vervoerder": "DHL",
        "puntType": "packStation",
        "bezettingsgraad": 50,
        "latitude": 49.56382,
        "longitude": 5.79881,
        "canPickup": true,
        "canDropoff": true,
        "openingstijden": {
          "ma": "00:00 - 23:59",
          "di": "00:00 - 23:59",
          "wo": "00:00 - 23:59",
          "do": "00:00 - 23:59",
          "vr": "00:00 - 23:59",
          "za": "00:00 - 23:59",
          "zo": "00:00 - 23:59"
        }
      }
    },
    {
      "type": "Feature",
      "geometry": {
        "type": "Point",
        "coordinates": [
          5.80627,
          49.56905
        ]
      },
      "properties": {
        "type": "pakketpunt",
        "locatieNaam": "BBOX 24/7 \tCOMMUNE DAUBANGE",
        "straatNaam": "PLACE DE L'ABBÉ MICHEL GIGI",
        "straatNr": "DISTRIB",
        "vervoerder": "DHL",
        "puntType": "packStation",
        "bezettingsgraad": 50,
        "latitude": 49.56905,
        "longitude": 5.80627,
        "canPickup": true,
        "canDropoff": true,
        "openingstijden": {
          "ma": "00:00 - 23:59",
          "di": "00:00 - 23:59",
          "wo": "00:00 - 23:59",
          "do": "00:00 - 23:59",
          "vr": "00:00 - 23:59",
          "za": "00:00 - 23:59",
          "zo": "00:00 - 23:59"
        }
      }
    },
    {
      "type": "Feature",
      "geometry": {
        "type": "Point",
        "coordinates": [
          5.8425795,
          49.5597807
        ]
      },
      "properties": {
        "type": "pakketpunt",
        "locatieNaam": "GLS Parcel Locker powered by bbox",
        "straatNaam": "Rue Du Commerce",
        "straatNr": "8",
        "vervoerder": "GLS",
        "puntType": "locker",
        "bezettingsgraad": 50,
        "latitude": 49.5597807,
        "longitude": 5.8425795,
        "canPickup": true,
        "canDropoff": true,
        "openingstijden": "vr: 00:00 - 24:00; za: 00:00 - 24:00"
      }
    },
    {
      "type": "Feature",
      "geometry": {
        "type": "Point",
        "coordinates": [
          5.8363702,
          49.5628167
        ]
      },
      "properties": {
        "type": "pakketpunt",
        "locatieNaam": "OS Market",
        "straatNaam": "Grand-Rue",
        "straatNr": "75",
        "vervoerder": "GLS",
        "puntType": "parcel_shop",
        "bezettingsgraad": 50,
        "latitude": 49.5628167,
        "longitude": 5.8363702,
        "canPickup": true,
        "canDropoff": true,
        "openingstijden": "vr: 08:00 - 12:30, 13:00 - 16:30; di: 08:00 - 12:30, 13:00 - 16:30"
      }
    },
    {
      "type": "Feature",
      "geometry": {
        "type": "Point",
        "coordinates": [
          5.80301,
          49.56697
        ]
      },
      "properties": {
        "type": "pakketpunt",
        "locatieNaam": "SPAR",
        "straatNaam": "Avenue de la Gare 35",
        "straatNr": "",
        "vervoerder": "InPost",
        "puntType": "servicepunt",
        "bezettingsgraad": 50,
        "latitude": 49.56697,
        "longitude": 5.80301,
        "canPickup": true,
        "canDropoff": true,
        "openingstijden": null
      }
    },
    {
      "type": "Feature",
      "geometry": {
        "type": "Point",
        "coordinates": [
          5.83927,
          49.55966
        ]
      },
      "properties": {
        "type": "pakketpunt",
        "locatieNaam": "",
        "straatNaam": "Rue du Commerce",
        "straatNr": "19a",
        "vervoerder": "InPost",
        "puntType": "automaat",
        "bezettingsgraad": 50,
        "latitude": 49.55966,
        "longitude": 5.83927,
        "canPickup": true,
        "canDropoff": true,
        "openingstijden": "24/7"
      }
    },
    {
      "type": "Feature",
      "geometry": {
        "type": "Point",
        "coordinates": [
          5.8134884,
          49.5497283
        ]
      },
      "properties": {
        "type": "pakketpunt",
        "locatieNaam": "Ma Jardinerie",
        "straatNaam": "1 Rue De Freihaut",
        "straatNr": "",
        "vervoerder": "VintedGo",
        "puntType": "locker",
        "bezettingsgraad": 50,
        "latitude": 49.5497283,
        "longitude": 5.8134884,
        "canPickup": true,
        "canDropoff": true,
        "openingstijden": null
      }
    },
    {
      "type": "Feature",
      "geometry": {
        "type": "Point",
        "coordinates": [
          5.79641183944168,
          49.5619514415943
        ]
      },
      "properties": {
        "type": "pakketpunt",
        "locatieNaam": "Lune d'Afrique Market II",
        "straatNaam": "Rue de Longwy",
        "straatNr": "27a",
        "vervoerder": "PostNL",
        "puntType": "servicepunt",
        "bezettingsgraad": 50,
        "latitude": 49.5619514415943,
        "longitude": 5.79641183944168,
        "canPickup": true,
        "canDropoff": true,
        "openingstijden": "10:00 - 19:00"
      }
    },
    {
      "type": "Feature",
      "geometry": {
        "type": "Point",
        "coordinates": [
          5.74407,
          49.55928
        ]
      },
      "properties": {
        "type": "pakketpunt",
        "locatieNaam": "LHOAS EXELLENT",
        "straatNaam": "RUE DE LA FRATERNITÉ",
        "straatNr": "12",
        "vervoerder": "DPD",
        "puntType": "pickup_point",
        "bezettingsgraad": 50,
        "latitude": 49.55928,
        "longitude": 5.74407,
        "canPickup": true,
        "canDropoff": false,
        "openingstijden": {
          "ma": "gesloten",
          "di": "09:00 - 12:00, 14:00 - 18:00",
          "wo": "09:00 - 12:00, 14:00 - 18:00",
          "do": "09:00 - 12:00, 14:00 - 18:00",
          "vr": "09:00 - 12:00, 14:00 - 18:00",
          "za": "09:00 - 17:00",
          "zo": "gesloten"
        }
      }
    },
    {
      "type": "Feature",
      "geometry": {
        "type": "Point",
        "coordinates": [
          5.82899,
          49.55886
        ]
      },
      "properties": {
        "type": "pakketpunt",
        "locatieNaam": "EASYCARS",
        "straatNaam": "FAULBAUM HALL",
        "straatNr": "4",
        "vervoerder": "DPD",
        "puntType": "pickup_point",
        "bezettingsgraad": 50,
        "latitude": 49.55886,
        "longitude": 5.82899,
        "canPickup": true,
        "canDropoff": false,
        "openingstijden": {
          "ma": "08:30 - 12:30, 14:00 - 18:00",
          "di": "08:30 - 12:30, 14:00 - 18:00",
          "wo": "08:30 - 12:30, 14:00 - 18:00",
          "do": "08:30 - 12:30, 14:00 - 18:00",
          "vr": "08:30 - 12:30, 14:00 - 18:00",
          "za": "08:30 - 12:30",
          "zo": "gesloten"
        }
      }
    },
    {
      "type": "Feature",
      "geometry": {
        "type": "Point",
        "coordinates": [
          5.80627,
          49.56905
        ]
      },
      "properties": {
        "type": "pakketpunt",
        "locatieNaam": "bpost - BBOX 24/7 \tCOMMUNE DAUBANGE",
        "straatNaam": "PLACE DE L'ABBÉ MICHEL GIGI,DISTRIB",
        "straatNr": "",
        "vervoerder": "Amazon",
        "puntType": "3p",
        "bezettingsgraad": 50,
        "latitude": 49.56905,
        "longitude": 5.80627,
        "canPickup": true,
        "canDropoff": false,
        "openingstijden": null
      }
    },
    {
      "type": "Feature",
      "geometry": {
        "type": "Point",
        "coordinates": [
          5.829139,
          49.56195
        ]
      },
      "properties": {
        "type": "pakketpunt",
        "locatieNaam": "bpost - ATHUS",
        "straatNaam": "RUE HAUTE,29",
        "straatNr": "",
        "vervoerder": "Amazon",
        "puntType": "3p",
        "bezettingsgraad": 50,
        "latitude": 49.56195,
        "longitude": 5.829139,
        "canPickup": true,
        "canDropoff": false,
        "openingstijden": null
      }
    },
    {
      "type": "Feature",
      "geometry": {
        "type": "Point",
        "coordinates": [
          5.82942,
          49.56197
        ]
      },
      "properties": {
        "type": "pakketpunt",
        "locatieNaam": "bpost - BBOX 24/7 ATHUS BPOST",
        "straatNaam": "RUE HAUTE,29",
        "straatNr": "",
        "vervoerder": "Amazon",
        "puntType": "3p",
        "bezettingsgraad": 50,
        "latitude": 49.56197,
        "longitude": 5.82942,
        "canPickup": true,
        "canDropoff": false,
        "openingstijden": null
      }
    },
    {
      "type": "Feature",
      "geometry": {
        "type": "Point",
        "coordinates": [
          5.84013,
          49.558946
        ]
      },
      "properties": {
        "type": "pakketpunt",
        "locatieNaam": "bpost - BBOX 24/7 DELHAIZE ATHUS",
        "straatNaam": "RUE DU COMMERCE,17B",
        "straatNr": "",
        "vervoerder": "Amazon",
        "puntType": "3p",
        "bezettingsgraad": 50,
        "latitude": 49.558946,
        "longitude": 5.84013,
        "canPickup": true,
        "canDropoff": false,
        "openingstijden": null
      }
    },
    {
      "type": "Feature",
      "geometry": {
        "type": "Point",
        "coordinates": [
          5.841997,
          49.55917
        ]
      },
      "properties": {
        "type": "pakketpunt",
        "locatieNaam": "bpost - BBOX 24/7 LIDL AUBANGE",
        "straatNaam": "RUE DU COMMERCE,8",
        "straatNr": "",
        "vervoerder": "Amazon",
        "puntType": "3p",
        "bezettingsgraad": 50,
        "latitude": 49.55917,
        "longitude": 5.841997,
        "canPickup": true,
        "canDropoff": false,
        "openingstijden": null
      }
    },
    {
      "type": "Feature",
      "geometry": {
        "type": "Point",
        "coordinates": [
          5.74259,
          49.5598
        ]
      },
      "properties": {
        "type": "pakketpunt",
        "locatieNaam": "bpost - BBOX 24/7 COMMUNE D AUBANGE HALANZY",
        "straatNaam": "GRAND PLACE,DISTRIB",
        "straatNr": "",
        "vervoerder": "Amazon",
        "puntType": "3p",
        "bezettingsgraad": 50,
        "latitude": 49.5598,
        "longitude": 5.74259,
        "canPickup": true,
        "canDropoff": false,
        "openingstijden": null
      }
    },
    {
      "type": "Feature",
      "geometry": {
        "type": "Point",
        "coordinates": [
          5.74333,
          49.55603
        ]
      },
      "properties": {
        "type": "pakketpunt",
        "locatieNaam": "bpost - BBOX 24/7 NMBS HALANZY",
        "straatNaam": "PLACE DE LA GARE,DISTRIB",
        "straatNr": "",
        "vervoerder": "Amazon",
        "puntType": "3p",
        "bezettingsgraad": 50,
        "latitude": 49.55603,
        "longitude": 5.74333,
        "canPickup": true,
        "canDropoff": false,
        "openingstijden": null
      }
    },
    {
      "type": "Feature",
      "geometry": {
        "type": "MultiPolygon",
        "coordinates": [
          [
            [
              [
                5.81710530798887,
                49.54841046859363
              ],
              [
                5.816889358566468,
                49.5481861543302
              ],
              [
                5.816640659180363,
                49.547976691789344
              ],
              [
                5.816361605106529,
                49.547784098003085
              ],
              [
                5.816054883826689,
                49.547610227541576
              ],
              [
                5.815723449144939,
                49.54745675466071
              ],
              [
                5.815370492744437,
                49.54732515718638
              ],
              [
                5.8149994134579694,
                49.54721670228982
              ],
              [
                5.814613784548035,
                49.54713243429129
              ],
              [
                5.814217319311035,
                49.54707316460869
              ],
              [
                5.813813835336223,
                49.54703946394818
              ],
              [
                5.8134072177628076,
                49.54703165681159
              ],
              [
                5.813001381888223,
                49.54704981837334
              ],
              [
                5.812600235486735,
                49.54709377375686
              ],
              [
                5.812207641200286,
                49.5471630997178
              ],
              [
                5.811827379362877,
                49.54725712871726
              ],
              [
                5.811463111615519,
                49.54737495534651
              ],
              [
                5.811118345661407,
                49.547515445041014
              ],
              [
                5.810796401499968,
                49.54767724500047
              ],
              [
                5.810500379464414,
                49.54785879720957
              ],
              [
                5.810233130370185,
                49.54805835343457
              ],
              [
                5.809997228061515,
                49.54827399205161
              ],
              [
                5.809794944620484,
                49.54850363654482
              ],
              [
                5.8096282284774095,
                49.548745075496576
              ],
              [
                5.809498685633708,
                49.54899598387751
              ],
              [
                5.809407564178556,
                49.54925394543178
              ],
              [
                5.809355742249104,
                49.54951647594188
              ],
              [
                5.8093437195509505,
                49.54978104714945
              ],
              [
                5.809371612521417,
                49.55004511110181
              ],
              [
                5.809439153183124,
                49.55030612468945
              ],
              [
                5.809545691699899,
                49.550561574138904
              ],
              [
                5.809690202611317,
                49.550808999224266
              ],
              [
                5.809871294686788,
                49.55104601696483
              ],
              [
                5.810087224305084,
                49.55127034457981
              ],
              [
                5.810335912231206,
                49.55147982147939
              ],
              [
                5.810614963629584,
                49.55167243007975
              ],
              [
                5.810921691121309,
                49.55184631524145
              ],
              [
                5.811253140663566,
                49.55199980214363
              ],
              [
                5.811606120002116,
                49.55213141242161
              ],
              [
                5.811977229422676,
                49.55223987841209
              ],
              [
                5.812362894504713,
                49.55232415536852
              ],
              [
                5.812759400561751,
                49.55238343152872
              ],
              [
                5.813162928435842,
                49.55241713593759
              ],
              [
                5.813569591300758,
                49.55242494394928
              ],
              [
                5.813975472118535,
                49.55240678035575
              ],
              [
                5.814376661387766,
                49.55236282011158
              ],
              [
                5.814769294819123,
                49.552293486648
              ],
              [
                5.815149590574292,
                49.55219944779217
              ],
              [
                5.81551388570882,
                49.55208160933163
              ],
              [
                5.815858671467038,
                49.551941106285554
              ],
              [
                5.816180627088459,
                49.55177929196738
              ],
              [
                5.816476651799468,
                49.551597724944195
              ],
              [
                5.816743894681812,
                49.55139815401901
              ],
              [
                5.816979782129976,
                49.551182501380644
              ],
              [
                5.8171820426329575,
                49.55095284408377
              ],
              [
                5.817348728641939,
                49.550711394038096
              ],
              [
                5.81747823531354,
                49.550460476699264
              ],
              [
                5.817569315948656,
                49.55020250866742
              ],
              [
                5.817621093978826,
                49.54993997440894
              ],
              [
                5.8176330713854805,
                49.54967540232625
              ],
              [
                5.817605133471822,
                49.54941134040571
              ],
              [
                5.817537549942373,
                49.549150331678696
              ],
              [
                5.817430972280689,
                49.548894889731905
              ],
              [
                5.817286427451511,
                49.54864747450289
              ],
              [
                5.81710530798887,
                49.54841046859363
              ]
            ]
          ],
          [
            [
              [
                5.746949292315448,
                49.55471439177884
              ],
              [
                5.746733640588542,
                49.55448994470071
              ],
              [
                5.746485213067226,
                49.55428032921561
              ],
              [
                5.746206402410501,
                49.554087563828574
              ],
              [
                5.7458998937570955,
                49.553913504762406
              ],
              [
                5.745568638864598,
                49.5537598280893
              ],
              [
                5.745215827685805,
                49.55362801359763
              ],
              [
                5.744844857655922,
                49.55351933054845
              ],
              [
                5.744459300986054,
                49.55343482545891
              ],
              [
                5.744062870277502,
                49.553375312029935
              ],
              [
                5.743659382787381,
                49.55334136331476
              ],
              [
                5.7432527236889,
                49.55333330620369
              ],
              [
                5.742846808679306,
                49.5533512182781
              ],
              [
                5.74244554629464,
                49.55339492706381
              ],
              [
                5.742052800293266,
                49.5534640116909
              ],
              [
                5.741672352469508,
                49.55355780694431
              ],
              [
                5.741307866254584,
                49.55367540966611
              ],
              [
                5.740962851454561,
                49.5538156874479
              ],
              [
                5.740640630464206,
                49.553977289530046
              ],
              [
                5.740344306281508,
                49.55415865980276
              ],
              [
                5.740076732630504,
                49.55435805178449
              ],
              [
                5.739840486479889,
                49.55457354543318
              ],
              [
                5.739637843222019,
                49.554803065629216
              ],
              [
                5.739470754751462,
                49.55504440215222
              ],
              [
                5.73934083065454,
                49.555295230959565
              ],
              [
                5.7392493226914985,
                49.555553136562075
              ],
              [
                5.739197112721383,
                49.55581563528142
              ],
              [
                5.739184704186685,
                49.556080199165855
              ],
              [
                5.739212217240642,
                49.55634428033358
              ],
              [
                5.739279387565012,
                49.55660533550972
              ],
              [
                5.7393855688907385,
                49.556860850520636
              ],
              [
                5.739529739198113,
                49.55710836450941
              ],
              [
                5.739710510537693,
                49.557345493639424
              ],
              [
                5.7399261423782,
                49.5575699540574
              ],
              [
                5.740048367028041,
                49.55767309559868
              ],
              [
                5.739900452007189,
                49.55774727123672
              ],
              [
                5.739604101917096,
                49.55792863966339
              ],
              [
                5.7393365043263165,
                49.55812802999295
              ],
              [
                5.739100236434098,
                49.55834352219927
              ],
              [
                5.738897573842201,
                49.558573041176636
              ],
              [
                5.738730468631431,
                49.5588143767164
              ],
              [
                5.738600530549387,
                49.55906520478544
              ],
              [
                5.738509011491069,
                49.55932310990167
              ],
              [
                5.738456793422465,
                49.559585608391465
              ],
              [
                5.738444379864154,
                49.55985017230529
              ],
              [
                5.738471891017852,
                49.56011425376105
              ],
              [
                5.738539062583725,
                49.560375309481124
              ],
              [
                5.738645248280857,
                49.560630825286644
              ],
              [
                5.7387894260475365,
                49.56087834031301
              ],
              [
                5.738970207862569,
                49.561115470713624
              ],
              [
                5.739185853093867,
                49.56133993262297
              ],
              [
                5.739434285246471,
                49.56154956415806
              ],
              [
                5.739713111949327,
                49.56174234624594
              ],
              [
                5.74001964798873,
                49.5619164220764
              ],
              [
                5.740350941166854,
                49.562070114992295
              ],
              [
                5.740703800736425,
                49.56220194464473
              ],
              [
                5.7410748281375374,
                49.56231064125751
              ],
              [
                5.7414604497403054,
                49.56239515786278
              ],
              [
                5.741856951277518,
                49.562454680390104
              ],
              [
                5.742260513635059,
                49.56248863551132
              ],
              [
                5.742667249654657,
                49.562496696165695
              ],
              [
                5.74307324159363,
                49.56247878471171
              ],
              [
                5.743474578879978,
                49.56243507367532
              ],
              [
                5.743867395798217,
                49.562365984087286
              ],
              [
                5.74424790874209,
                49.562272181425826
              ],
              [
                5.744612452674467,
                49.56215456920351
              ],
              [
                5.74495751644246,
                49.56201428026048
              ],
              [
                5.74526378445503,
                49.561860686005744
              ],
              [
                5.745347460674042,
                49.5618459673786
              ],
              [
                5.745727966646417,
                49.561752159788895
              ],
              [
                5.746092503049607,
                49.56163454284675
              ],
              [
                5.746437558803266,
                49.56149424943774
              ],
              [
                5.746759810545489,
                49.561332630856214
              ],
              [
                5.74705615464961,
                49.56115124378416
              ],
              [
                5.747323737120208,
                49.560951835291526
              ],
              [
                5.7475599810801725,
                49.56073632600287
              ],
              [
                5.7477626115840295,
                49.5605067915925
              ],
              [
                5.747929677518724,
                49.56026544278684
              ],
              [
                5.748059570381241,
                49.56001460406686
              ],
              [
                5.748151039752715,
                49.559756691275815
              ],
              [
                5.748203205320641,
                49.55949418834854
              ],
              [
                5.748215565334185,
                49.55922962338604
              ],
              [
                5.748188001412026,
                49.55896554430654
              ],
              [
                5.748120779657363,
                49.55870449430703
              ],
              [
                5.748014548070309,
                49.558448987372095
              ],
              [
                5.747870330283553,
                49.55820148406548
              ],
              [
                5.747689515682537,
                49.55796436783768
              ],
              [
                5.747473846006106,
                49.55773992207744
              ],
              [
                5.747225398557425,
                49.55753030812805
              ],
              [
                5.7469493697552245,
                49.55733948266591
              ],
              [
                5.747022344337059,
                49.557256815096736
              ],
              [
                5.747189402729826,
                49.55701546746073
              ],
              [
                5.747319290697042,
                49.55676462967279
              ],
              [
                5.747410757866902,
                49.55650671756722
              ],
              [
                5.7474629239480235,
                49.556244215072205
              ],
              [
                5.74747528718454,
                49.555979650284634
              ],
              [
                5.747447729164004,
                49.555715571121034
              ],
              [
                5.747380515932692,
                49.55545452077921
              ],
              [
                5.747274295408554,
                49.55519901324705
              ],
              [
                5.747130091117669,
                49.554951509094025
              ],
              [
                5.746949292315448,
                49.55471439177884
              ]
            ]
          ],
          [
            [
              [
                5.799565515576606,
                49.56020030272377
              ],
              [
                5.799286458974463,
                49.56000766692675
              ],
              [
                5.798979721546363,
                49.55983375033939
              ],
              [
                5.798648257252171,
                49.55968022766181
              ],
              [
                5.798295258060401,
                49.55954857719937
              ],
              [
                5.797924123216039,
                49.55944006663361
              ],
              [
                5.797538426516638,
                49.5593557408208
              ],
              [
                5.797141881911369,
                49.55929641173552
              ],
              [
                5.796738307753679,
                49.559262650655924
              ],
              [
                5.796331590051041,
                49.55925478266564
              ],
              [
                5.79592564506488,
                49.55927288352498
              ],
              [
                5.795524381619893,
                49.55931677894198
              ],
              [
                5.79513166348481,
                49.55938604624962
              ],
              [
                5.794751272185919,
                49.55948001847381
              ],
              [
                5.794386870610572,
                49.55959779075257
              ],
              [
                5.79404196775036,
                49.55973822904469
              ],
              [
                5.793719884922778,
                49.55989998104492
              ],
              [
                5.793423723796092,
                49.56008148919977
              ],
              [
                5.793156336524948,
                49.560281005699814
              ],
              [
                5.792920298284047,
                49.56049660930379
              ],
              [
                5.792717882464393,
                49.56072622383305
              ],
              [
                5.79255103877109,
                49.56096763815862
              ],
              [
                5.7924213744339275,
                49.56121852748838
              ],
              [
                5.792330138712213,
                49.56147647575002
              ],
              [
                5.7922782108437145,
                49.56173899885416
              ],
              [
                5.792266091554523,
                49.562003568613896
              ],
              [
                5.792293898212496,
                49.56226763709054
              ],
              [
                5.792361363671862,
                49.562528661131125
              ],
              [
                5.792467838821096,
                49.56278412686161
              ],
              [
                5.792612298810476,
                49.563031573899366
              ],
              [
                5.792793352900266,
                49.563268619052344
              ],
              [
                5.793009257835501,
                49.563492979275786
              ],
              [
                5.793257934619307,
                49.56370249366589
              ],
              [
                5.793536988523795,
                49.56389514427778
              ],
              [
                5.793843732146242,
                49.56406907556741
              ],
              [
                5.794175211288735,
                49.56422261226965
              ],
              [
                5.794528233412147,
                49.56435427554019
              ],
              [
                5.794771054512176,
                49.56442527205855
              ],
              [
                5.794865888131914,
                49.56465276829071
              ],
              [
                5.795010365997409,
                49.564900212343765
              ],
              [
                5.795191438862864,
                49.565137253741135
              ],
              [
                5.795407363292496,
                49.56536160947427
              ],
              [
                5.7956560601016704,
                49.565571118682556
              ],
              [
                5.795935134369617,
                49.56576376347104
              ],
              [
                5.796241898497461,
                49.56593768835176
              ],
              [
                5.796573398089762,
                49.56609121812131
              ],
              [
                5.796926440410397,
                49.566222874002094
              ],
              [
                5.797297625138557,
                49.56633138789161
              ],
              [
                5.797683377128396,
                49.566415714581936
              ],
              [
                5.798079980856323,
                49.56647504183186
              ],
              [
                5.798483616223535,
                49.56650879819413
              ],
              [
                5.79889039536828,
                49.566516658522524
              ],
              [
                5.798923877274737,
                49.566515164987344
              ],
              [
                5.798875912823387,
                49.56675779606802
              ],
              [
                5.798863828419757,
                49.56702236667086
              ],
              [
                5.798891674044306,
                49.56728643368261
              ],
              [
                5.7989591821761115,
                49.567547453964394
              ],
              [
                5.79906570329278,
                49.56780291367827
              ],
              [
                5.79921021210196,
                49.56805035249957
              ],
              [
                5.799391317393776,
                49.56828738731529
              ],
              [
                5.799607275420147,
                49.56851173518024
              ],
              [
                5.799856006672861,
                49.56872123530959
              ],
              [
                5.800135115899382,
                49.56891386989579
              ],
              [
                5.8004419151641,
                49.569087783549136
              ],
              [
                5.800773449733103,
                49.56924130117432
              ],
              [
                5.801126526533322,
                49.56937294411078
              ],
              [
                5.801497744911787,
                49.56948144438061
              ],
              [
                5.801883529398467,
                49.569565756907075
              ],
              [
                5.802215914173578,
                49.569615461759824
              ],
              [
                5.802219046678477,
                49.569627569762474
              ],
              [
                5.802325589628449,
                49.56988302649132
              ],
              [
                5.802470121365986,
                49.570130461241085
              ],
              [
                5.802651250460405,
                49.57036749093793
              ],
              [
                5.802867232934385,
                49.570591832685956
              ],
              [
                5.803115989044236,
                49.570801325759234
              ],
              [
                5.803395123298,
                49.57099395241818
              ],
              [
                5.803701947518984,
                49.5711678573494
              ],
              [
                5.8040335067328686,
                49.57132136554162
              ],
              [
                5.8043866076291675,
                49.57145299842508
              ],
              [
                5.804757849322776,
                49.57156148811873
              ],
              [
                5.805143656119046,
                49.5716457896477
              ],
              [
                5.805540311966377,
                49.57170509101313
              ],
              [
                5.805943996263844,
                49.57173882101711
              ],
              [
                5.8063508206783,
                49.57174665476724
              ],
              [
                5.806756866615457,
                49.571728516807596
              ],
              [
                5.807158222983184,
                49.571684581845844
              ],
              [
                5.807551023882367,
                49.57161527306965
              ],
              [
                5.807931485861369,
                49.571521258068465
              ],
              [
                5.808295944374435,
                49.57140344240005
              ],
              [
                5.808640889092055,
                49.57126296086409
              ],
              [
                5.808962997722532,
                49.57110116656684
              ],
              [
                5.809259168018439,
                49.57091961788263
              ],
              [
                5.809526547659299,
                49.570720063437875
              ],
              [
                5.809762561722484,
                49.570504425262676
              ],
              [
                5.809964937477673,
                49.57027478027251
              ],
              [
                5.81013172626626,
                49.570033340258554
              ],
              [
                5.810261322255293,
                49.56978243057991
              ],
              [
                5.810352477885832,
                49.56952446776301
              ],
              [
                5.810404315867587,
                49.569261936224066
              ],
              [
                5.810416337605092,
                49.56899736433933
              ],
              [
                5.810388427975135,
                49.56873330009331
              ],
              [
                5.810320856410386,
                49.568472286539816
              ],
              [
                5.810214274279711,
                49.56821683731206
              ],
              [
                5.810069708591405,
                49.56796941241773
              ],
              [
                5.809888552080857,
                49.56773239455192
              ],
              [
                5.809672549778979,
                49.56750806615583
              ],
              [
                5.8094237821914305,
                49.56729858744234
              ],
              [
                5.809144645251255,
                49.56710597559918
              ],
              [
                5.808837827238383,
                49.56693208537035
              ],
              [
                5.808506282888558,
                49.566778591202144
              ],
              [
                5.808153204941049,
                49.56664697112537
              ],
              [
                5.807781993399051,
                49.56653849252896
              ],
              [
                5.807396222798505,
                49.56645419996129
              ],
              [
                5.807063854450076,
                49.56640451020705
              ],
              [
                5.807060720939573,
                49.56639240234155
              ],
              [
                5.806954160643561,
                49.566136950127536
              ],
              [
                5.8068096178838875,
                49.56588952116057
              ],
              [
                5.806628485175128,
                49.56565249817491
              ],
              [
                5.806412507318979,
                49.56542816366119
              ],
              [
                5.806163764585701,
                49.565218677891096
              ],
              [
                5.805884652669019,
                49.56502605812039
              ],
              [
                5.805577859607928,
                49.564852159169426
              ],
              [
                5.805246339897938,
                49.56469865556848
              ],
              [
                5.804893286041091,
                49.564567025439224
              ],
              [
                5.80452209780866,
                49.56445853626734
              ],
              [
                5.804136349512178,
                49.564374232703095
              ],
              [
                5.803739755597542,
                49.56431492650684
              ],
              [
                5.803336134892907,
                49.56428118873636
              ],
              [
                5.802929373853856,
                49.564273344250786
              ],
              [
                5.8028958936254975,
                49.564274838960344
              ],
              [
                5.802943835415184,
                49.564032206256115
              ],
              [
                5.802955896720065,
                49.563767635307144
              ],
              [
                5.802928030902751,
                49.56350356938737
              ],
              [
                5.80286050697385,
                49.563242551566745
              ],
              [
                5.802753975843376,
                49.562987095519645
              ],
              [
                5.802609464028408,
                49.562739661319455
              ],
              [
                5.8024283637454905,
                49.56250263175091
              ],
              [
                5.802212419484047,
                49.56227828936798
              ],
              [
                5.8019637111908375,
                49.56206879451824
              ],
              [
                5.801684634227955,
                49.561876164544834
              ],
              [
                5.801377876297843,
                49.561702254366445
              ],
              [
                5.801046391557761,
                49.56154873862142
              ],
              [
                5.8006933721730745,
                49.56141709554841
              ],
              [
                5.800450557491858,
                49.56134611165066
              ],
              [
                5.800355704060186,
                49.56111862014017
              ],
              [
                5.800211210122011,
                49.560871182954436
              ],
              [
                5.800030128614544,
                49.56063414962957
              ],
              [
                5.799814203846395,
                49.56040980275575
              ],
              [
                5.799565515576606,
                49.56020030272377
              ]
            ]
          ],
          [
            [
              [
                5.825027415118349,
                49.5625072949217
              ],
              [
                5.824897915364523,
                49.562758221159996
              ],
              [
                5.824806850195874,
                49.56301619539744
              ],
              [
                5.824755097207938,
                49.56327873329431
              ],
              [
                5.824743155442796,
                49.56354330652107
              ],
              [
                5.8247711405587275,
                49.56380736710542
              ],
              [
                5.824838783691274,
                49.56406837197028
              ],
              [
                5.824945434017675,
                49.564323807426035
              ],
              [
                5.825090065000905,
                49.56457121338151
              ],
              [
                5.825271284254112,
                49.56480820704013
              ],
              [
                5.825487346931288,
                49.565032505852955
              ],
              [
                5.825736172515921,
                49.56524194950751
              ],
              [
                5.826015364846547,
                49.565434520740084
              ],
              [
                5.826322235186751,
                49.56560836477109
              ],
              [
                5.826653828117693,
                49.56576180717578
              ],
              [
                5.827006950003843,
                49.56589337001803
              ],
              [
                5.8273781997576855,
                49.56600178609137
              ],
              [
                5.827764001606749,
                49.56608601113003
              ],
              [
                5.828160639546956,
                49.56614523387193
              ],
              [
                5.828564293149801,
                49.56617888387645
              ],
              [
                5.8289710743777885,
                49.56618663702176
              ],
              [
                5.828971372511843,
                49.566186623643844
              ],
              [
                5.828972074433626,
                49.56618663702104
              ],
              [
                5.829378065108124,
                49.56616841862403
              ],
              [
                5.829779354669257,
                49.56612440417075
              ],
              [
                5.830172077861566,
                49.566055017614545
              ],
              [
                5.830552451982104,
                49.56596092729398
              ],
              [
                5.830916813331621,
                49.56584303949233
              ],
              [
                5.831261652516753,
                49.565702489703995
              ],
              [
                5.831583648262562,
                49.56554063169263
              ],
              [
                5.8318796994091855,
                49.565359024446145
              ],
              [
                5.832146954784026,
                49.56515941715498
              ],
              [
                5.8323828406615785,
                49.564943732358145
              ],
              [
                5.832585085546349,
                49.564714047420026
              ],
              [
                5.832751742040349,
                49.564472574516486
              ],
              [
                5.832865467039234,
                49.564252145007366
              ],
              [
                5.832968833304042,
                49.56435942866126
              ],
              [
                5.833217687864605,
                49.56456885599257
              ],
              [
                5.8334969061341955,
                49.564761408913135
              ],
              [
                5.833803799126459,
                49.564935232819714
              ],
              [
                5.834135411204272,
                49.56508865348139
              ],
              [
                5.834488548547595,
                49.565220193171406
              ],
              [
                5.834859809919946,
                49.565328584906325
              ],
              [
                5.835245619436875,
                49.56541278465479
              ],
              [
                5.835642261020392,
                49.5654719813983
              ],
              [
                5.836045914206866,
                49.56550560494666
              ],
              [
                5.836452690962793,
                49.56551333143286
              ],
              [
                5.836858673153,
                49.565495086434176
              ],
              [
                5.837259950299515,
                49.56545104568928
              ],
              [
                5.837652657266498,
                49.56538163340475
              ],
              [
                5.838033011507346,
                49.565287518167004
              ],
              [
                5.838397349514361,
                49.5651696064993
              ],
              [
                5.838742162119095,
                49.565029034125914
              ],
              [
                5.839064128302723,
                49.564867155028
              ],
              [
                5.8393601471902095,
                49.56468552839658
              ],
              [
                5.839627367919768,
                49.56448590360877
              ],
              [
                5.839863217099672,
                49.564270203372075
              ],
              [
                5.840065423587965,
                49.564040505199564
              ],
              [
                5.8402320403565415,
                49.56379902139453
              ],
              [
                5.840361463229384,
                49.56354807773769
              ],
              [
                5.8404524463149405,
                49.563290091082514
              ],
              [
                5.840504113984701,
                49.56302754607467
              ],
              [
                5.840515969283368,
                49.56276297121995
              ],
              [
                5.84048789869049,
                49.56249891453129
              ],
              [
                5.840422748606386,
                49.56224784399652
              ],
              [
                5.840552527443332,
                49.562224899944844
              ],
              [
                5.840706682834157,
                49.56218674881285
              ],
              [
                5.841069527802022,
                49.56229266622503
              ],
              [
                5.841455323891837,
                49.56237684495943
              ],
              [
                5.841851948152424,
                49.5624360201081
              ],
              [
                5.842255580287005,
                49.56246962168882
              ],
              [
                5.842662332464873,
                49.562477326046164
              ],
              [
                5.843068286787627,
                49.56245905897057
              ],
              [
                5.843469533045772,
                49.562414996413345
              ],
              [
                5.843862206401054,
                49.56234556279119
              ],
              [
                5.844242524630695,
                49.56225142689604
              ],
              [
                5.844606824573937,
                49.56213349545008
              ],
              [
                5.844951597429046,
                49.56199290436811
              ],
              [
                5.84527352256014,
                49.561831007811485
              ],
              [
                5.84556949948767,
                49.561649365139345
              ],
              [
                5.84583667775406,
                49.56144972588329
              ],
              [
                5.846072484376625,
                49.56123401289015
              ],
              [
                5.846274648623333,
                49.56100430379585
              ],
              [
                5.846441223872944,
                49.560762811008814
              ],
              [
                5.846570606349314,
                49.56051186039624
              ],
              [
                5.846661550549932,
                49.560253868878576
              ],
              [
                5.846713181220747,
                49.55999132114827
              ],
              [
                5.84672500176273,
                49.559726745737294
              ],
              [
                5.846696898990078,
                49.55946269066391
              ],
              [
                5.8466291441951945,
                49.559201698893375
              ],
              [
                5.846522390511104,
                49.558946283848925
              ],
              [
                5.846377666597715,
                49.5586989052089
              ],
              [
                5.846196366713602,
                49.558461945222724
              ],
              [
                5.845980237269775,
                49.55823768577414
              ],
              [
                5.845790061473445,
                49.558077676637815
              ],
              [
                5.845616836806605,
                49.55785126367409
              ],
              [
                5.8454007127859375,
                49.55762700314326
              ],
              [
                5.845151841170677,
                49.55741760253152
              ],
              [
                5.844872618895033,
                49.55722507827442
              ],
              [
                5.8445657350601214,
                49.55705128427248
              ],
              [
                5.844234145035,
                49.55689789404529
              ],
              [
                5.84388104199831,
                49.55676638462273
              ],
              [
                5.843509826194464,
                49.556658022328214
              ],
              [
                5.8431240722001485,
                49.556573850590176
              ],
              [
                5.842727494515895,
                49.55651467989965
              ],
              [
                5.842323911813434,
                49.556481080009604
              ],
              [
                5.841917210182402,
                49.55647337445155
              ],
              [
                5.841916321278928,
                49.55647341444781
              ],
              [
                5.841914210349884,
                49.55647337444936
              ],
              [
                5.841793269473652,
                49.556478816124546
              ],
              [
                5.841639916440125,
                49.55643404712594
              ],
              [
                5.841254167493044,
                49.55634986907035
              ],
              [
                5.840857593938425,
                49.55629069188431
              ],
              [
                5.840454014408255,
                49.55625708538334
              ],
              [
                5.840047314961629,
                49.55624937316265
              ],
              [
                5.839641411684192,
                49.556267629482626
              ],
              [
                5.839240212999152,
                49.55631167855436
              ],
              [
                5.83884758205189,
                49.55638109623136
              ],
              [
                5.838467299529491,
                49.55647521409158
              ],
              [
                5.8381030272722985,
                49.55659312587063
              ],
              [
                5.8377582730271635,
                49.55673369618404
              ],
              [
                5.8374363566810645,
                49.5568955714552
              ],
              [
                5.8371403782997255,
                49.557077192943545
              ],
              [
                5.836873188278625,
                49.55727681174814
              ],
              [
                5.836637359893591,
                49.55749250564248
              ],
              [
                5.83648495950094,
                49.55766563120603
              ],
              [
                5.836280367381559,
                49.55779117027162
              ],
              [
                5.836013169856829,
                49.55799078707874
              ],
              [
                5.835777334145463,
                49.55820647921313
              ],
              [
                5.835575131688691,
                49.55843616964348
              ],
              [
                5.83540851013743,
                49.55867764650971
              ],
              [
                5.835279074582647,
                49.558928584417224
              ],
              [
                5.835188072080754,
                49.5591865668257
              ],
              [
                5.835136379623759,
                49.559449109316695
              ],
              [
                5.835124495670743,
                49.55971368351632
              ],
              [
                5.835152535323131,
                49.5599777414429
              ],
              [
                5.8352176549495764,
                49.56022881492266
              ],
              [
                5.835087878942094,
                49.56025175290412
              ],
              [
                5.834707558618802,
                49.56034585827784
              ],
              [
                5.834343247991492,
                49.56046375810774
              ],
              [
                5.833998455176422,
                49.56060431712446
              ],
              [
                5.833676500431916,
                49.56076618186012
              ],
              [
                5.833380484193405,
                49.56094779367565
              ],
              [
                5.833291909627871,
                49.56101395632333
              ],
              [
                5.83321863346182,
                49.560888642838584
              ],
              [
                5.833037389920101,
                49.56065166189822
              ],
              [
                5.832821311779545,
                49.56042737748294
              ],
              [
                5.832572480275732,
                49.560217949381965
              ],
              [
                5.832568969378782,
                49.560215527943875
              ],
              [
                5.83268473387245,
                49.56008404357118
              ],
              [
                5.832851373892774,
                49.559842570643866
              ],
              [
                5.832980824509548,
                49.55959163546424
              ],
              [
                5.833071839563867,
                49.55933365480412
              ],
              [
                5.833123543119192,
                49.55907111325152
              ],
              [
                5.833135437874492,
                49.55880653927895
              ],
              [
                5.8331074099292115,
                49.55854248089093
              ],
              [
                5.833039729855134,
                49.5582814810847
              ],
              [
                5.832933050065736,
                49.558026053360976
              ],
              [
                5.83278839850938,
                49.55777865752023
              ],
              [
                5.832607168747941,
                49.557541675977646
              ],
              [
                5.832391106517289,
                49.55731739082461
              ],
              [
                5.832142292899753,
                49.55710796185743
              ],
              [
                5.8318631242712105,
                49.55691540578477
              ],
              [
                5.831556289216356,
                49.55674157681354
              ],
              [
                5.831224742634696,
                49.55658814880012
              ],
              [
                5.830871677286705,
                49.55645659913826
              ],
              [
                5.8305004930540365,
                49.55634819453881
              ],
              [
                5.830114764209508,
                49.55626397883767
              ],
              [
                5.829718205011583,
                49.55620476294913
              ],
              [
                5.829314633954074,
                49.55617111706141
              ],
              [
                5.828907937014529,
                49.556163365148905
              ],
              [
                5.828502030254464,
                49.55618158185426
              ],
              [
                5.8281008221306,
                49.55622559176998
              ],
              [
                5.82770817587916,
                49.5562949711266
              ],
              [
                5.827327872334515,
                49.55638905187108
              ],
              [
                5.8269635735393415,
                49.55650692809641
              ],
              [
                5.8266187874959074,
                49.55664746476054
              ],
              [
                5.82629683439725,
                49.55680930861082
              ],
              [
                5.826000814662852,
                49.55699090120929
              ],
              [
                5.825733579086251,
                49.557190493933255
              ],
              [
                5.825497701381801,
                49.55740616480739
              ],
              [
                5.825295453394971,
                49.557635837005094
              ],
              [
                5.8251287832149945,
                49.55787729884194
              ],
              [
                5.824999296401003,
                49.55812822506811
              ],
              [
                5.8249082405029435,
                49.55838619925581
              ],
              [
                5.824856493026955,
                49.55864873706582
              ],
              [
                5.824844552961914,
                49.558913310169416
              ],
              [
                5.8248725359496065,
                49.559177370595506
              ],
              [
                5.824940173145943,
                49.559438375268506
              ],
              [
                5.825046813785212,
                49.559693810500676
              ],
              [
                5.825191431423573,
                49.55994121620299
              ],
              [
                5.825372633802596,
                49.56017820958129
              ],
              [
                5.825588676238706,
                49.560402508089375
              ],
              [
                5.825672102367955,
                49.56047273702402
              ],
              [
                5.825646473474392,
                49.56049616887023
              ],
              [
                5.825444213255961,
                49.56072584140948
              ],
              [
                5.825277533156716,
                49.56096730354539
              ],
              [
                5.825148038831375,
                49.561218230025325
              ],
              [
                5.825056977902289,
                49.561476204419044
              ],
              [
                5.8250052279241284,
                49.561738742385316
              ],
              [
                5.824993287909947,
                49.562003315593934
              ],
              [
                5.8250212735011235,
                49.562267376072775
              ],
              [
                5.82506815616336,
                49.56244827780866
              ],
              [
                5.825027415118349,
                49.5625072949217
              ]
            ]
          ]
        ]
      },
      "properties": {
        "type": "buffer_union_300m",
        "buffer_m": 300
      }
    },
    {
      "type": "Feature",
      "geometry": {
        "type": "MultiPolygon",
        "coordinates": [
          [
            [
              [
                5.818310900135133,
                49.54797116602846
              ],
              [
                5.81802296317232,
                49.547672083311035
              ],
              [
                5.817691361445391,
                49.547392803114114
              ],
              [
                5.817319288753403,
                49.54713601469109
              ],
              [
                5.816910328428085,
                49.54690419067567
              ],
              [
                5.81646841882179,
                49.54669956328358
              ],
              [
                5.815997815385119,
                49.54652410282957
              ],
              [
                5.815503049699235,
                49.54637949876601
              ],
              [
                5.814988885856827,
                49.546267143425126
              ],
              [
                5.814460274610925,
                49.546188118621
              ],
              [
                5.813922305732022,
                49.546143185239885
              ],
              [
                5.81338015903094,
                49.546132775918885
              ],
              [
                5.812839054517589,
                49.546156990883055
              ],
              [
                5.8123042021739515,
                49.54621559698104
              ],
              [
                5.811780751823306,
                49.54630802992851
              ],
              [
                5.811273743576766,
                49.546433399737644
              ],
              [
                5.81078805933275,
                49.54659049928096
              ],
              [
                5.810328375794987,
                49.54677781590678
              ],
              [
                5.809899119460243,
                49.54699354599534
              ],
              [
                5.809504424008226,
                49.547235612315504
              ],
              [
                5.809148090503265,
                49.547501684015465
              ],
              [
                5.808833550790626,
                49.54778919905559
              ],
              [
                5.808563834439886,
                49.54809538886781
              ],
              [
                5.808341539553907,
                49.54841730500457
              ],
              [
                5.808168807725143,
                49.548751847521544
              ],
              [
                5.808047303381308,
                49.549095794820715
              ],
              [
                5.807978197720466,
                49.549445834667466
              ],
              [
                5.807962157391601,
                49.54979859608269
              ],
              [
                5.8079993380312445,
                49.55015068180357
              ],
              [
                5.808089382720062,
                49.55049870100017
              ],
              [
                5.808231425375957,
                49.55083930193301
              ],
              [
                5.808424099052738,
                49.55116920423686
              ],
              [
                5.808665549066039,
                49.55148523051991
              ],
              [
                5.8089534508215515,
                49.551784336973434
              ],
              [
                5.80928503217518,
                49.55206364269699
              ],
              [
                5.8096571001108,
                49.552320457456176
              ],
              [
                5.8100660714794685,
                49.55255230760524
              ],
              [
                5.810508007504443,
                49.552756959924125
              ],
              [
                5.810978651719867,
                49.55293244314019
              ],
              [
                5.811473470977471,
                49.553077066926306
              ],
              [
                5.811987699125838,
                49.55318943819233
              ],
              [
                5.812516382940694,
                49.55326847451218
              ],
              [
                5.813054429862763,
                49.55331341455706
              ],
              [
                5.8135966570820665,
                49.553323825433786
              ],
              [
                5.814137841494426,
                49.55329960685752
              ],
              [
                5.814672770047384,
                49.55324099211841
              ],
              [
                5.81519628998898,
                49.55314854583292
              ],
              [
                5.815703358533759,
                49.55302315850134
              ],
              [
                5.816189091466078,
                49.552866037924616
              ],
              [
                5.81664881021114,
                49.552678697562705
              ],
              [
                5.8170780869191825,
                49.55246294194751
              ],
              [
                5.817472787127567,
                49.55222084929117
              ],
              [
                5.8178291095891765,
                49.55195475145757
              ],
              [
                5.818143622883135,
                49.55166721149064
              ],
              [
                5.8184132984551225,
                49.55136099891639
              ],
              [
                5.818635539769381,
                49.551039063057075
              ],
              [
                5.818808207292188,
                49.550704504614956
              ],
              [
                5.818929639067068,
                49.550360545800054
              ],
              [
                5.818998666684746,
                49.55001049928954
              ],
              [
                5.819014626495389,
                49.54965773631859
              ],
              [
                5.818977365956739,
                49.5493056542098
              ],
              [
                5.818887245058602,
                49.54895764365431
              ],
              [
                5.818745132811756,
                49.54861705605954
              ],
              [
                5.818552398836735,
                49.54828717127811
              ],
              [
                5.818310900135133,
                49.54797116602846
              ]
            ]
          ],
          [
            [
              [
                5.748155679276664,
                49.55427583024427
              ],
              [
                5.747868139222894,
                49.55397657043797
              ],
              [
                5.74753689996325,
                49.5536970863139
              ],
              [
                5.7471651518082325,
                49.55344006908964
              ],
              [
                5.746756474966311,
                49.55320799360232
              ],
              [
                5.74631480506187,
                49.5530030944894
              ],
              [
                5.745844395239027,
                49.5528273446822
              ],
              [
                5.74534977521608,
                49.55268243641936
              ],
              [
                5.744835707684342,
                49.552569764962186
              ],
              [
                5.744307142470407,
                49.55249041516857
              ],
              [
                5.74376916890214,
                49.55244515105394
              ],
              [
                5.743226966835788,
                49.55243440843988
              ],
              [
                5.742685756814287,
                49.55245829076045
              ],
              [
                5.742150749835122,
                49.552516568067176
              ],
              [
                5.741627097209794,
                49.552608679241466
              ],
              [
                5.741119840996065,
                49.55273373739378
              ],
              [
                5.740633865478726,
                49.55289053839749
              ],
              [
                5.7401738501647,
                49.55307757247563
              ],
              [
                5.739744224743833,
                49.553293038729215
              ],
              [
                5.739349126448133,
                49.5535348624678
              ],
              [
                5.738992360219323,
                49.55380071517576
              ],
              [
                5.73867736206791,
                49.554088036922586
              ],
              [
                5.738407165976506,
                49.55439406100196
              ],
              [
                5.738184374666396,
                49.554715840562835
              ],
              [
                5.738011134509429,
                49.55505027697663
              ],
              [
                5.737889114827714,
                49.555394149667805
              ],
              [
                5.737819491781607,
                49.55574414712083
              ],
              [
                5.737802937002537,
                49.55609689876563
              ],
              [
                5.737839611081639,
                49.556449007434175
              ],
              [
                5.7379291619786335,
                49.556797082076265
              ],
              [
                5.73807072836791,
                49.557137770419075
              ],
              [
                5.738262947891355,
                49.55746779125623
              ],
              [
                5.7383090263293335,
                49.55752823763119
              ],
              [
                5.738252055821789,
                49.557570686118375
              ],
              [
                5.737937028681248,
                49.55785800594195
              ],
              [
                5.737666806810522,
                49.55816402839632
              ],
              [
                5.737443993179236,
                49.558485806646125
              ],
              [
                5.737270734374308,
                49.5588202420754
              ],
              [
                5.737148699897563,
                49.55916411411811
              ],
              [
                5.737079066052002,
                49.559514111264974
              ],
              [
                5.737062504573221,
                49.559866862948894
              ],
              [
                5.737099176117059,
                49.560218972001444
              ],
              [
                5.737188728667835,
                49.560567047368735
              ],
              [
                5.737330300884192,
                49.560907736771
              ],
              [
                5.737522530352066,
                49.561237758991616
              ],
              [
                5.7377635666669,
                49.561553935484426
              ],
              [
                5.738051089220587,
                49.56185322099456
              ],
              [
                5.738382329523161,
                49.562132732897396
              ],
              [
                5.738754097845274,
                49.56238977897311
              ],
              [
                5.7391628139256685,
                49.56262188334826
              ],
              [
                5.739604541448301,
                49.56282681035435
              ],
              [
                5.740075025957244,
                49.56300258607304
              ],
              [
                5.740569735843964,
                49.56314751735991
              ],
              [
                5.741083906011681,
                49.56326020816286
              ],
              [
                5.741612583795463,
                49.56333957297796
              ],
              [
                5.742150676694648,
                49.563384847312115
              ],
              [
                5.742693001456572,
                49.563395595052064
              ],
              [
                5.743234334037314,
                49.56337171266807
              ],
              [
                5.7437694599566935,
                49.56331343021186
              ],
              [
                5.74429322456082,
                49.563221309099106
              ],
              [
                5.744800582706465,
                49.563096236697945
              ],
              [
                5.745286647387136,
                49.56293941777583
              ],
              [
                5.745746736831059,
                49.56275236288717
              ],
              [
                5.745921362177756,
                49.56266478741958
              ],
              [
                5.746280659912817,
                49.56257620784849
              ],
              [
                5.7467667145541235,
                49.56241938263317
              ],
              [
                5.7472267933118095,
                49.56223232178985
              ],
              [
                5.747656464866843,
                49.56201682715823
              ],
              [
                5.748051590951771,
                49.5617749744369
              ],
              [
                5.74840836621586,
                49.56150909317898
              ],
              [
                5.7487233548754055,
                49.56122174434279
              ],
              [
                5.748993523796156,
                49.56091569561392
              ],
              [
                5.749216271689493,
                49.56059389473706
              ],
              [
                5.749389454141737,
                49.56025944111503
              ],
              [
                5.7495114042364195,
                49.55991555594892
              ],
              [
                5.749580948572021,
                49.5595655512073
              ],
              [
                5.74959741852233,
                49.55921279772378
              ],
              [
                5.749560656632493,
                49.55886069273029
              ],
              [
                5.749471018090807,
                49.558512627139045
              ],
              [
                5.7493293672638375,
                49.55817195288819
              ],
              [
                5.749137069329886,
                49.55784195066547
              ],
              [
                5.7488959770930155,
                49.55752579832089
              ],
              [
                5.7486084131061315,
                49.55722654027187
              ],
              [
                5.748558494342975,
                49.55718442511972
              ],
              [
                5.7486490812267155,
                49.55700947525866
              ],
              [
                5.748771028387222,
                49.556665591006485
              ],
              [
                5.748840573408447,
                49.55631558684118
              ],
              [
                5.748857047657421,
                49.555962833590826
              ],
              [
                5.748820293637731,
                49.55561072848512
              ],
              [
                5.748730666461731,
                49.55526266243738
              ],
              [
                5.7485890303863885,
                49.5549219873901
              ],
              [
                5.748396750447813,
                49.554591984038794
              ],
              [
                5.748155679276664,
                49.55427583024427
              ]
            ]
          ],
          [
            [
              [
                5.800244614069818,
                49.559359726043
              ],
              [
                5.799835632209592,
                49.55912784052694
              ],
              [
                5.799393683117327,
                49.55892314673994
              ],
              [
                5.79892302262421,
                49.558747615636136
              ],
              [
                5.798428182861055,
                49.558602937348155
              ],
              [
                5.7979139286339585,
                49.558490504922915
              ],
              [
                5.797385211566263,
                49.55841140091669
              ],
              [
                5.796847122447288,
                49.55836638697834
              ],
              [
                5.796304842245398,
                49.55835589652061
              ],
              [
                5.795763592255632,
                49.55838003054974
              ],
              [
                5.795228583860338,
                49.55843855669367
              ],
              [
                5.7947049683849245,
                49.55853091143792
              ],
              [
                5.794197787529971,
                49.558656205547685
              ],
              [
                5.793711924855414,
                49.55881323262435
              ],
              [
                5.793252058782587,
                49.55900048071409
              ],
              [
                5.79282261756543,
                49.55921614685716
              ],
              [
                5.7924277366635035,
                49.55945815443817
              ],
              [
                5.792071218926553,
                49.559724173171055
              ],
              [
                5.791756497973652,
                49.560011641526344
              ],
              [
                5.7914866051195055,
                49.560317791385636
              ],
              [
                5.791264140166635,
                49.5606396746863
              ],
              [
                5.791091246345324,
                49.56097419180032
              ],
              [
                5.79096958964351,
                49.561318121374526
              ],
              [
                5.7909003427268395,
                49.561668151345145
              ],
              [
                5.790884173605105,
                49.56202091082836
              ],
              [
                5.790921239155734,
                49.562373002580166
              ],
              [
                5.791011183568422,
                49.56272103571266
              ],
              [
                5.7911531417275155,
                49.563061658352375
              ],
              [
                5.79134574750135,
                49.563391589925125
              ],
              [
                5.791587146860297,
                49.56370765275734
              ],
              [
                5.791875015698658,
                49.5640068026884
              ],
              [
                5.792206582190084,
                49.564286158399185
              ],
              [
                5.792578653462251,
                49.5645430291739
              ],
              [
                5.792987646334647,
                49.564774940827334
              ],
              [
                5.793429621823891,
                49.56497965954706
              ],
              [
                5.793621805733964,
                49.565051337308425
              ],
              [
                5.7937437835593055,
                49.56526025504865
              ],
              [
                5.793985207952521,
                49.56557631287357
              ],
              [
                5.794273102783656,
                49.56587545681764
              ],
              [
                5.794604695976006,
                49.56615480561945
              ],
              [
                5.794976794400055,
                49.56641166862969
              ],
              [
                5.795385814613734,
                49.566643571737906
              ],
              [
                5.79582781737026,
                49.56684828121399
              ],
              [
                5.796298545561328,
                49.567023825234735
              ],
              [
                5.796793465229992,
                49.56716851288732
              ],
              [
                5.797307809257714,
                49.56728095046643
              ],
              [
                5.7975103872094245,
                49.567311254095664
              ],
              [
                5.797518886733987,
                49.56739187856491
              ],
              [
                5.797608888041868,
                49.56773990668627
              ],
              [
                5.797750907489971,
                49.5680805213044
              ],
              [
                5.797943578356493,
                49.568410441922346
              ],
              [
                5.798185045984969,
                49.568726490972004
              ],
              [
                5.798472985612208,
                49.56902562442543
              ],
              [
                5.798804624730049,
                49.56930496112212
              ],
              [
                5.799176769766593,
                49.569561810529414
              ],
              [
                5.799585836830747,
                49.56979369866781
              ],
              [
                5.800027886224385,
                49.56999839195137
              ],
              [
                5.800498660389882,
                49.57017391871285
              ],
              [
                5.800993624927346,
                49.57031858820567
              ],
              [
                5.801118998035304,
                49.5703459885984
              ],
              [
                5.801203457368869,
                49.570490586910736
              ],
              [
                5.801444956734332,
                49.57080662913544
              ],
              [
                5.801732928958798,
                49.571105754433134
              ],
              [
                5.8020646012201285,
                49.57138508172186
              ],
              [
                5.802436779627162,
                49.571641920559536
              ],
              [
                5.802845879967333,
                49.57187379706845
              ],
              [
                5.803287962221934,
                49.57207847777466
              ],
              [
                5.803758768516743,
                49.57225399113202
              ],
              [
                5.804253764142305,
                49.57239864652311
              ],
              [
                5.8047681812482335,
                49.572511050553274
              ],
              [
                5.805297064789885,
                49.57259012048085
              ],
              [
                5.805835320283768,
                49.572635094653265
              ],
              [
                5.806377762910399,
                49.57264553984857
              ],
              [
                5.8069191674901965,
                49.57262135545141
              ],
              [
                5.807454318849418,
                49.57256277442265
              ],
              [
                5.807978062089404,
                49.57247036105403
              ],
              [
                5.808485352273297,
                49.57234500552885
              ],
              [
                5.808971303050101,
                49.572187915341694
              ],
              [
                5.80943123374632,
                49.57200060365983
              ],
              [
                5.809860714470376,
                49.571784874739
              ],
              [
                5.810255608794388,
                49.57154280653425
              ],
              [
                5.8106121136015245,
                49.57127673067404
              ],
              [
                5.810926795714721,
                49.57098920999075
              ],
              [
                5.811196624953928,
                49.57068301382474
              ],
              [
                5.811419003303767,
                49.570361091340324
              ],
              [
                5.811591789911232,
                49.57002654311105
              ],
              [
                5.811713321673607,
                49.56968259124866
              ],
              [
                5.811782429219416,
                49.569332548363455
              ],
              [
                5.81179844812992,
                49.56897978565577
              ],
              [
                5.811761225294609,
                49.56862770044577
              ],
              [
                5.81167112034114,
                49.5682796834545
              ],
              [
                5.811529002127687,
                49.56793908615142
              ],
              [
                5.81133624033316,
                49.567609188482706
              ],
              [
                5.811094692227915,
                49.567293167290934
              ],
              [
                5.810806684753849,
                49.56699406573007
              ],
              [
                5.810474992087725,
                49.566714763969834
              ],
              [
                5.810102808904849,
                49.56645795147131
              ],
              [
                5.80969371960132,
                49.566226101099986
              ],
              [
                5.809251663771714,
                49.56602144532537
              ],
              [
                5.808780898274753,
                49.56584595473546
              ],
              [
                5.808285956252056,
                49.565701319072794
              ],
              [
                5.808160591136051,
                49.56567392656394
              ],
              [
                5.8080761193961274,
                49.565529333473435
              ],
              [
                5.807834603026417,
                49.565213305455025
              ],
              [
                5.8075466281462385,
                49.5649141957371
              ],
              [
                5.8072149686185055,
                49.56463488456797
              ],
              [
                5.806842818799455,
                49.56437806149934
              ],
              [
                5.806433762763971,
                49.5641461994985
              ],
              [
                5.8059917397863545,
                49.56394153114694
              ],
              [
                5.805521006409076,
                49.56376602715382
              ],
              [
                5.80502609546456,
                49.56362137739069
              ],
              [
                5.804511772444108,
                49.56350897462981
              ],
              [
                5.804309206048751,
                49.563478683436685
              ],
              [
                5.804300695877421,
                49.56339805950735
              ],
              [
                5.8042106544398155,
                49.56305003682591
              ],
              [
                5.80406860422749,
                49.562709430429756
              ],
              [
                5.803875914264369,
                49.56237952035264
              ],
              [
                5.803634441129,
                49.56206348355674
              ],
              [
                5.803346511041312,
                49.561764363346356
              ],
              [
                5.803014897432896,
                49.56148504007087
              ],
              [
                5.802642794217852,
                49.56122820339856
              ],
              [
                5.80223378502236,
                49.56099632642778
              ],
              [
                5.801791808669781,
                49.56079164188418
              ],
              [
                5.801599629585699,
                49.56071997791042
              ],
              [
                5.801477629247127,
                49.5605110686683
              ],
              [
                5.801236181145644,
                49.56019502686381
              ],
              [
                5.800948277048768,
                49.55989590066544
              ],
              [
                5.800616690137813,
                49.55961657048021
              ],
              [
                5.800244614069818,
                49.559359726043
              ]
            ]
          ],
          [
            [
              [
                5.823567580696683,
                49.56251426388517
              ],
              [
                5.823446151394524,
                49.562858228096374
              ],
              [
                5.823377137649086,
                49.56320827779341
              ],
              [
                5.82336120522492,
                49.56356104190219
              ],
              [
                5.823398508720063,
                49.56391312313382
              ],
              [
                5.823488690032606,
                49.564261130701425
              ],
              [
                5.823630881765162,
                49.56460171297733
              ],
              [
                5.823823715536175,
                49.56493158977588
              ],
              [
                5.824065335119658,
                49.56524758395072
              ],
              [
                5.824353414288265,
                49.565546652002226
              ],
              [
                5.824685179189172,
                49.565825913399706
              ],
              [
                5.825057435038293,
                49.56608267833555
              ],
              [
                5.825466596876533,
                49.56631447364379
              ],
              [
                5.825908724092257,
                49.56651906663252
              ],
              [
                5.826379558377664,
                49.56669448660049
              ],
              [
                5.826874564753257,
                49.566839043829745
              ],
              [
                5.827388975264768,
                49.56695134587118
              ],
              [
                5.827917834930849,
                49.567030310965514
              ],
              [
                5.8284560494978725,
                49.56707517846999
              ],
              [
                5.828998434540588,
                49.567085516190204
              ],
              [
                5.8289987326801835,
                49.56708550281223
              ],
              [
                5.8289994346150396,
                49.56708551618924
              ],
              [
                5.829540765508148,
                49.567061224540296
              ],
              [
                5.8300758277877,
                49.56700253752096
              ],
              [
                5.830599467413405,
                49.56691002044396
              ],
              [
                5.83110664044686,
                49.56678456449154
              ],
              [
                5.831592461665961,
                49.56662737812561
              ],
              [
                5.83205225164565,
                49.56643997543983
              ],
              [
                5.8324815818502795,
                49.56622416156641
              ],
              [
                5.832876317302307,
                49.56598201527865
              ],
              [
                5.833185451879334,
                49.56575112581179
              ],
              [
                5.833390434880011,
                49.56584596171012
              ],
              [
                5.833861289776594,
                49.56602135080809
              ],
              [
                5.8343563116448625,
                49.56616587558566
              ],
              [
                5.834870732381195,
                49.56627814390629
              ],
              [
                5.835399596905658,
                49.56635707433551
              ],
              [
                5.83593781091776,
                49.566401906564465
              ],
              [
                5.836480189997567,
                49.566412208738534
              ],
              [
                5.837021509577729,
                49.56638788162001
              ],
              [
                5.837556555303523,
                49.566329159544566
              ],
              [
                5.838080173294191,
                49.5662366081626
              ],
              [
                5.8385873198198315,
                49.56611111898679
              ],
              [
                5.839073109913804,
                49.565953900799045
              ],
              [
                5.83953286445101,
                49.56576646799957
              ],
              [
                5.839962155237357,
                49.56555062601061
              ],
              [
                5.840356847675159,
                49.56530845387625
              ],
              [
                5.840713140592814,
                49.5650422842258
              ],
              [
                5.841027602854762,
                49.564754680794834
              ],
              [
                5.841297206399036,
                49.56444841372052
              ],
              [
                5.841519355384478,
                49.564126432849875
              ],
              [
                5.841691911167497,
                49.563791839318526
              ],
              [
                5.84181321286867,
                49.56344785567425
              ],
              [
                5.841834462734125,
                49.56333986121697
              ],
              [
                5.842147599034123,
                49.56336592888925
              ],
              [
                5.842689945342015,
                49.563376201557624
              ],
              [
                5.843231227764085,
                49.56335184500267
              ],
              [
                5.8437662323036355,
                49.56329309384364
              ],
              [
                5.844289805476753,
                49.563200514011044
              ],
              [
                5.8447969039853795,
                49.563074997291636
              ],
              [
                5.845282643325546,
                49.562917752732616
              ],
              [
                5.84574234486118,
                49.5627302949882
              ],
              [
                5.846171580908865,
                49.562514429720885
              ],
              [
                5.8465662173982995,
                49.562272236198915
              ],
              [
                5.8469224536969,
                49.56200604725762
              ],
              [
                5.847236859214551,
                49.56171842681831
              ],
              [
                5.847506406435899,
                49.561412145181926
              ],
              [
                5.847728500062301,
                49.5610901523357
              ],
              [
                5.8479010019833515,
                49.56075554953053
              ],
              [
                5.848022251838349,
                49.560411559403455
              ],
              [
                5.84809108297083,
                49.56006149493294
              ],
              [
                5.848106833623929,
                49.559708727526846
              ],
              [
                5.848069353270215,
                49.55935665455018
              ],
              [
                5.847979004016794,
                49.55900866660584
              ],
              [
                5.847836657073786,
                49.558668114883204
              ],
              [
                5.847643684321932,
                49.558338278889124
              ],
              [
                5.847401945062135,
                49.558022334872014
              ],
              [
                5.8471137680760386,
                49.55772332524238
              ],
              [
                5.846965271111273,
                49.55759838636342
              ],
              [
                5.84682240518767,
                49.557411659474
              ],
              [
                5.84653423543242,
                49.55711264840132
              ],
              [
                5.846202404073115,
                49.55683345077738
              ],
              [
                5.845830107119549,
                49.55657675506026
              ],
              [
                5.845420930062348,
                49.55634503299081
              ],
              [
                5.844978813340164,
                49.55614051580297
              ],
              [
                5.844508014397249,
                49.55596517275022
              ],
              [
                5.844013066696598,
                49.55582069215447
              ],
              [
                5.843498736082831,
                49.555708465159015
              ],
              [
                5.8429699749141815,
                49.55562957234214
              ],
              [
                5.84243187440418,
                49.55558477331925
              ],
              [
                5.842055762034233,
                49.55557764759457
              ],
              [
                5.8416288631380615,
                49.555484489798914
              ],
              [
                5.841100107475287,
                49.555405588321506
              ],
              [
                5.840562011194788,
                49.55536078048423
              ],
              [
                5.840019755333692,
                49.55535049771538
              ],
              [
                5.839478560952689,
                49.55537483902151
              ],
              [
                5.838943638898912,
                49.55543357003482
              ],
              [
                5.838420139666841,
                49.5555261252682
              ],
              [
                5.837913103838382,
                49.555651613556456
              ],
              [
                5.837427413577807,
                49.55580882663125
              ],
              [
                5.836967745647183,
                49.55599625074775
              ],
              [
                5.83653852639353,
                49.55621208125112
              ],
              [
                5.836143889140135,
                49.556454239943264
              ],
              [
                5.83578763439165,
                49.55672039508285
              ],
              [
                5.835473193235762,
                49.55700798382662
              ],
              [
                5.835388845290429,
                49.557103800033154
              ],
              [
                5.835283874584147,
                49.55716820971403
              ],
              [
                5.834927609831013,
                49.55743436219025
              ],
              [
                5.834613158906806,
                49.55772194858739
              ],
              [
                5.834357681690553,
                49.55801214802112
              ],
              [
                5.834247369829678,
                49.557748040896236
              ],
              [
                5.8340544935517,
                49.557418181966995
              ],
              [
                5.833812847786091,
                49.55710220920727
              ],
              [
                5.833524760414406,
                49.55680316530446
              ],
              [
                5.833193006382012,
                49.55652392987295
              ],
              [
                5.832820780954393,
                49.556267191735
              ],
              [
                5.832411668933751,
                49.556035423039994
              ],
              [
                5.831969610132801,
                49.55583085547088
              ],
              [
                5.831498861438372,
                49.555655458766296
              ],
              [
                5.831003955829899,
                49.55551092176477
              ],
              [
                5.830489658746944,
                49.555398636152745
              ],
              [
                5.829960922225078,
                49.5553196830729
              ],
              [
                5.829422837240662,
                49.55527482272089
              ],
              [
                5.8288805847221274,
                49.555264487030634
              ],
              [
                5.828339385698,
                49.555288775518235
              ],
              [
                5.827804451060084,
                49.55534745432445
              ],
              [
                5.8272809314239415,
                49.55543995846486
              ],
              [
                5.826773867567809,
                49.5555653972662
              ],
              [
                5.826288141925648,
                49.55572256293665
              ],
              [
                5.825828431599999,
                49.55590994218784
              ],
              [
                5.825399163345852,
                49.55612573079698
              ],
              [
                5.825004470958065,
                49.55636785096936
              ],
              [
                5.824648155471914,
                49.55663397133463
              ],
              [
                5.824333648559678,
                49.55692152938446
              ],
              [
                5.824063979475645,
                49.55722775613654
              ],
              [
                5.823841745868115,
                49.55754970278751
              ],
              [
                5.823669088740053,
                49.55788426909912
              ],
              [
                5.823547671800406,
                49.55822823324402
              ],
              [
                5.823478665406095,
                49.55857828282529
              ],
              [
                5.8234627352506605,
                49.55893104676988
              ],
              [
                5.823500035910071,
                49.55928312779047
              ],
              [
                5.823590209309503,
                49.559631135102244
              ],
              [
                5.823732388127565,
                49.55997171707999
              ],
              [
                5.8239252041068825,
                49.56030159354093
              ],
              [
                5.824082131527787,
                49.56050684527034
              ],
              [
                5.823990412461393,
                49.560639709056694
              ],
              [
                5.823817745317143,
                49.56097427570659
              ],
              [
                5.823696321668284,
                49.5613182401262
              ],
              [
                5.823627311936483,
                49.56166828991579
              ],
              [
                5.82361138184757,
                49.56202105400042
              ],
              [
                5.823647277996951,
                49.56235984649064
              ],
              [
                5.823567580696683,
                49.56251426388517
              ]
            ]
          ]
        ]
      },
      "properties": {
        "type": "buffer_union_400m",
        "buffer_m": 400
      }
    },
    {
      "type": "Feature",
      "geometry": {
        "type": "Polygon",
        "coordinates": [
          [
            [
              5.7050949,
              49.6065829
            ],
            [
              5.7050157,
              49.6069035
            ],
            [
              5.7052571,
              49.6069348
            ],
            [
              5.7051551,
              49.6072859
            ],
            [
              5.7042485,
              49.6082906
            ],
            [
              5.7038577,
              49.609077
            ],
            [
              5.7039468,
              49.610008
            ],
            [
              5.7044363,
              49.6104527
            ],
            [
              5.706905,
              49.6099131
            ],
            [
              5.7079728,
              49.6101209
            ],
            [
              5.7087498,
              49.6106494
            ],
            [
              5.709798,
              49.6104266
            ],
            [
              5.7101573,
              49.6099351
            ],
            [
              5.71081,
              49.609271
            ],
            [
              5.7111606,
              49.609104
            ],
            [
              5.7113644,
              49.6088589
            ],
            [
              5.711351,
              49.6087668
            ],
            [
              5.7129094,
              49.6090397
            ],
            [
              5.7131856,
              49.6091579
            ],
            [
              5.7137715,
              49.6089536
            ],
            [
              5.7139697,
              49.6091021
            ],
            [
              5.7155675,
              49.6084418
            ],
            [
              5.7176974,
              49.6079469
            ],
            [
              5.7166135,
              49.6071538
            ],
            [
              5.7160234,
              49.6062709
            ],
            [
              5.7160449,
              49.6057737
            ],
            [
              5.7161415,
              49.6056973
            ],
            [
              5.7167154,
              49.6056138
            ],
            [
              5.7168817,
              49.6056903
            ],
            [
              5.717327,
              49.6055964
            ],
            [
              5.7181624,
              49.6078208
            ],
            [
              5.7182443,
              49.6085652
            ],
            [
              5.7186108,
              49.608533
            ],
            [
              5.7193235,
              49.6096667
            ],
            [
              5.7193174,
              49.6101096
            ],
            [
              5.7199288,
              49.6102957
            ],
            [
              5.7213115,
              49.6105767
            ],
            [
              5.7214377,
              49.6103918
            ],
            [
              5.7254595,
              49.6112974
            ],
            [
              5.7254407,
              49.6115212
            ],
            [
              5.7278414,
              49.6116028
            ],
            [
              5.7286157,
              49.6117624
            ],
            [
              5.7294318,
              49.6112487
            ],
            [
              5.7299635,
              49.6110531
            ],
            [
              5.7334694,
              49.6102299
            ],
            [
              5.7368909,
              49.6102255
            ],
            [
              5.7377762,
              49.6096671
            ],
            [
              5.7395878,
              49.6087596
            ],
            [
              5.7395196,
              49.6087147
            ],
            [
              5.7417233,
              49.6070992
            ],
            [
              5.7410806,
              49.6067228
            ],
            [
              5.7404078,
              49.6061534
            ],
            [
              5.7407078,
              49.6059319
            ],
            [
              5.7406139,
              49.6058606
            ],
            [
              5.7414652,
              49.604919
            ],
            [
              5.742183,
              49.6050972
            ],
            [
              5.7422796,
              49.6045413
            ],
            [
              5.7423064,
              49.6038975
            ],
            [
              5.7411169,
              49.6033646
            ],
            [
              5.7402912,
              49.6031256
            ],
            [
              5.7405375,
              49.6028621
            ],
            [
              5.7406837,
              49.6029038
            ],
            [
              5.7409519,
              49.6025406
            ],
            [
              5.7411119,
              49.6025936
            ],
            [
              5.7413763,
              49.6023223
            ],
            [
              5.7404476,
              49.6019809
            ],
            [
              5.7394026,
              49.601713
            ],
            [
              5.7394622,
              49.6015634
            ],
            [
              5.7383204,
              49.6010766
            ],
            [
              5.7380927,
              49.6007327
            ],
            [
              5.73798,
              49.6002981
            ],
            [
              5.7380122,
              49.5999018
            ],
            [
              5.7381943,
              49.5996343
            ],
            [
              5.7383984,
              49.599721
            ],
            [
              5.7389563,
              49.5995993
            ],
            [
              5.7399536,
              49.599557
            ],
            [
              5.740212,
              49.5989258
            ],
            [
              5.738885,
              49.5980608
            ],
            [
              5.7380605,
              49.5977044
            ],
            [
              5.7378354,
              49.5974454
            ],
            [
              5.7379532,
              49.5974263
            ],
            [
              5.7380819,
              49.5969012
            ],
            [
              5.7386051,
              49.5965282
            ],
            [
              5.7392138,
              49.5964179
            ],
            [
              5.7398517,
              49.5964099
            ],
            [
              5.7406635,
              49.5966369
            ],
            [
              5.7420087,
              49.5972489
            ],
            [
              5.7430812,
              49.5978522
            ],
            [
              5.7433551,
              49.5981321
            ],
            [
              5.7435322,
              49.5989283
            ],
            [
              5.7435602,
              49.5994475
            ],
            [
              5.745388,
              49.5993032
            ],
            [
              5.745374,
              49.598738
            ],
            [
              5.7450235,
              49.5975931
            ],
            [
              5.7447439,
              49.5971846
            ],
            [
              5.7448558,
              49.5971072
            ],
            [
              5.7444537,
              49.5966952
            ],
            [
              5.744648,
              49.5963171
            ],
            [
              5.7448684,
              49.5949877
            ],
            [
              5.7442102,
              49.5948704
            ],
            [
              5.7442284,
              49.5940445
            ],
            [
              5.7450691,
              49.5940482
            ],
            [
              5.7471202,
              49.5948374
            ],
            [
              5.7478797,
              49.5959657
            ],
            [
              5.7480329,
              49.5964144
            ],
            [
              5.7496369,
              49.59776
            ],
            [
              5.7504154,
              49.5981773
            ],
            [
              5.7524754,
              49.5990032
            ],
            [
              5.7541715,
              49.5986321
            ],
            [
              5.7548764,
              49.5986171
            ],
            [
              5.7551521,
              49.5988302
            ],
            [
              5.756101,
              49.5985875
            ],
            [
              5.7576864,
              49.5977966
            ],
            [
              5.7576105,
              49.5976888
            ],
            [
              5.7593993,
              49.5972793
            ],
            [
              5.7596415,
              49.5974436
            ],
            [
              5.7599258,
              49.5972211
            ],
            [
              5.7602722,
              49.5974541
            ],
            [
              5.7620019,
              49.5969395
            ],
            [
              5.7625838,
              49.5964952
            ],
            [
              5.7639331,
              49.5967343
            ],
            [
              5.7650724,
              49.5971594
            ],
            [
              5.7661965,
              49.5976896
            ],
            [
              5.7664007,
              49.5975201
            ],
            [
              5.7664972,
              49.5972211
            ],
            [
              5.7663792,
              49.5971064
            ],
            [
              5.7672751,
              49.5947246
            ],
            [
              5.7674167,
              49.5941733
            ],
            [
              5.7679617,
              49.5944638
            ],
            [
              5.7689112,
              49.5947385
            ],
            [
              5.7697578,
              49.5948495
            ],
            [
              5.7719721,
              49.5929631
            ],
            [
              5.7748509,
              49.591393
            ],
            [
              5.7763619,
              49.5925319
            ],
            [
              5.7761361,
              49.5926796
            ],
            [
              5.7784369,
              49.5943861
            ],
            [
              5.7798459,
              49.5938011
            ],
            [
              5.7802652,
              49.5939428
            ],
            [
              5.7813341,
              49.593103
            ],
            [
              5.7823579,
              49.5938507
            ],
            [
              5.7845789,
              49.5928223
            ],
            [
              5.7856209,
              49.5916547
            ],
            [
              5.7866186,
              49.5910369
            ],
            [
              5.7872834,
              49.5912165
            ],
            [
              5.7888588,
              49.5902493
            ],
            [
              5.7889822,
              49.590091
            ],
            [
              5.7890025,
              49.5898424
            ],
            [
              5.7896276,
              49.589819
            ],
            [
              5.7896313,
              49.5893521
            ],
            [
              5.7900014,
              49.5894147
            ],
            [
              5.7911309,
              49.5883568
            ],
            [
              5.7930297,
              49.588779
            ],
            [
              5.794931,
              49.5880587
            ],
            [
              5.795861,
              49.5888151
            ],
            [
              5.7969202,
              49.5881744
            ],
            [
              5.7982668,
              49.5892048
            ],
            [
              5.7982117,
              49.5889869
            ],
            [
              5.7977396,
              49.5884688
            ],
            [
              5.7977182,
              49.5882705
            ],
            [
              5.7978791,
              49.5881349
            ],
            [
              5.797502,
              49.5877267
            ],
            [
              5.7977665,
              49.5877263
            ],
            [
              5.800277,
              49.586243
            ],
            [
              5.8011514,
              49.5858744
            ],
            [
              5.803383,
              49.5846989
            ],
            [
              5.803898,
              49.5845319
            ],
            [
              5.8054322,
              49.5834747
            ],
            [
              5.8054805,
              49.5832973
            ],
            [
              5.8060428,
              49.5827777
            ],
            [
              5.8074868,
              49.5819861
            ],
            [
              5.8078086,
              49.5819408
            ],
            [
              5.8088171,
              49.5815374
            ],
            [
              5.8099539,
              49.5812091
            ],
            [
              5.8112419,
              49.5805774
            ],
            [
              5.8121478,
              49.5807328
            ],
            [
              5.8122075,
              49.5804731
            ],
            [
              5.8146496,
              49.5794071
            ],
            [
              5.815224,
              49.5787656
            ],
            [
              5.8156729,
              49.578494
            ],
            [
              5.8163434,
              49.5782296
            ],
            [
              5.8178562,
              49.5778644
            ],
            [
              5.8176577,
              49.5777461
            ],
            [
              5.8186639,
              49.5768964
            ],
            [
              5.8190042,
              49.5770087
            ],
            [
              5.8192402,
              49.5767826
            ],
            [
              5.8197104,
              49.5769443
            ],
            [
              5.821248,
              49.5752499
            ],
            [
              5.8216596,
              49.5753738
            ],
            [
              5.8219331,
              49.5750712
            ],
            [
              5.8224052,
              49.5751651
            ],
            [
              5.8224709,
              49.5746162
            ],
            [
              5.8227217,
              49.5746642
            ],
            [
              5.8228987,
              49.5740693
            ],
            [
              5.8227324,
              49.5740172
            ],
            [
              5.8238375,
              49.5735441
            ],
            [
              5.8249004,
              49.5727393
            ],
            [
              5.8253208,
              49.5729614
            ],
            [
              5.8256946,
              49.5727289
            ],
            [
              5.8266571,
              49.5733748
            ],
            [
              5.8269122,
              49.5732484
            ],
            [
              5.8281639,
              49.5741232
            ],
            [
              5.829497,
              49.5758451
            ],
            [
              5.8299827,
              49.5762688
            ],
            [
              5.8302796,
              49.5762532
            ],
            [
              5.8308461,
              49.5760486
            ],
            [
              5.8311465,
              49.5757877
            ],
            [
              5.8312011,
              49.5754177
            ],
            [
              5.8311143,
              49.5751042
            ],
            [
              5.8312372,
              49.5750875
            ],
            [
              5.8310995,
              49.5745536
            ],
            [
              5.831168,
              49.574332
            ],
            [
              5.8317554,
              49.5743981
            ],
            [
              5.8316937,
              49.5742241
            ],
            [
              5.8323052,
              49.5737006
            ],
            [
              5.8324465,
              49.5730125
            ],
            [
              5.8331931,
              49.5723839
            ],
            [
              5.8334941,
              49.5724069
            ],
            [
              5.8350971,
              49.5719909
            ],
            [
              5.8360952,
              49.5719456
            ],
            [
              5.8377555,
              49.5720586
            ],
            [
              5.8380869,
              49.5719543
            ],
            [
              5.8381578,
              49.571996
            ],
            [
              5.8381391,
              49.5721613
            ],
            [
              5.8389759,
              49.572483
            ],
            [
              5.8397484,
              49.5726309
            ],
            [
              5.8405155,
              49.572657
            ],
            [
              5.8418089,
              49.5730601
            ],
            [
              5.8408596,
              49.5748927
            ],
            [
              5.8422626,
              49.5753386
            ],
            [
              5.8416281,
              49.5760281
            ],
            [
              5.8419021,
              49.5761479
            ],
            [
              5.8414569,
              49.5766278
            ],
            [
              5.8402058,
              49.5776754
            ],
            [
              5.8404766,
              49.5779554
            ],
            [
              5.8401828,
              49.5781499
            ],
            [
              5.8415213,
              49.5792592
            ],
            [
              5.8418217,
              49.5794748
            ],
            [
              5.8421779,
              49.5795966
            ],
            [
              5.8418539,
              49.5800383
            ],
            [
              5.8417225,
              49.580007
            ],
            [
              5.8416045,
              49.5801305
            ],
            [
              5.8422036,
              49.5803728
            ],
            [
              5.8415,
              49.5811867
            ],
            [
              5.8418624,
              49.5813371
            ],
            [
              5.8402004,
              49.5825959
            ],
            [
              5.8406979,
              49.5828173
            ],
            [
              5.8402741,
              49.5832486
            ],
            [
              5.8404726,
              49.5833268
            ],
            [
              5.8399065,
              49.5839668
            ],
            [
              5.8407167,
              49.5841268
            ],
            [
              5.8397189,
              49.5853232
            ],
            [
              5.8399238,
              49.5853838
            ],
            [
              5.8392388,
              49.5861109
            ],
            [
              5.8384918,
              49.5867383
            ],
            [
              5.8390456,
              49.5874463
            ],
            [
              5.8391315,
              49.5881662
            ],
            [
              5.840356,
              49.5890559
            ],
            [
              5.8417966,
              49.5904034
            ],
            [
              5.8431524,
              49.5923707
            ],
            [
              5.8435809,
              49.5928201
            ],
            [
              5.8479854,
              49.5969686
            ],
            [
              5.8486026,
              49.5972501
            ],
            [
              5.8487894,
              49.5967381
            ],
            [
              5.8477614,
              49.5959417
            ],
            [
              5.848669,
              49.594415
            ],
            [
              5.8486321,
              49.5940212
            ],
            [
              5.8484021,
              49.5936636
            ],
            [
              5.8487423,
              49.5920591
            ],
            [
              5.848845,
              49.5905401
            ],
            [
              5.8492378,
              49.5899095
            ],
            [
              5.8496314,
              49.5889532
            ],
            [
              5.8500558,
              49.588585
            ],
            [
              5.8502661,
              49.588239
            ],
            [
              5.8500704,
              49.5877329
            ],
            [
              5.8500883,
              49.5869315
            ],
            [
              5.8509509,
              49.5869889
            ],
            [
              5.8520203,
              49.5869148
            ],
            [
              5.8523943,
              49.5868199
            ],
            [
              5.8528687,
              49.5868396
            ],
            [
              5.8532893,
              49.5869563
            ],
            [
              5.8537234,
              49.5867893
            ],
            [
              5.8550762,
              49.5865649
            ],
            [
              5.8568028,
              49.5860446
            ],
            [
              5.8576842,
              49.5861113
            ],
            [
              5.8591242,
              49.5859563
            ],
            [
              5.8600112,
              49.5861426
            ],
            [
              5.8609967,
              49.5865907
            ],
            [
              5.8612817,
              49.5864241
            ],
            [
              5.8620344,
              49.5867821
            ],
            [
              5.8629101,
              49.5862571
            ],
            [
              5.8633376,
              49.5865985
            ],
            [
              5.8638877,
              49.5866676
            ],
            [
              5.8642943,
              49.5864621
            ],
            [
              5.8647581,
              49.5869677
            ],
            [
              5.8653943,
              49.5873545
            ],
            [
              5.8651892,
              49.5874936
            ],
            [
              5.866264,
              49.5881183
            ],
            [
              5.8658729,
              49.5884014
            ],
            [
              5.8670351,
              49.5892684
            ],
            [
              5.8677625,
              49.5896401
            ],
            [
              5.8691634,
              49.5886958
            ],
            [
              5.8697843,
              49.5891968
            ],
            [
              5.8710095,
              49.5883515
            ],
            [
              5.8713521,
              49.5880212
            ],
            [
              5.8715608,
              49.5876338
            ],
            [
              5.8714669,
              49.586632
            ],
            [
              5.8715566,
              49.5860978
            ],
            [
              5.8731302,
              49.5840382
            ],
            [
              5.8732757,
              49.5835955
            ],
            [
              5.872725,
              49.5831667
            ],
            [
              5.8697511,
              49.582776
            ],
            [
              5.8691128,
              49.5825437
            ],
            [
              5.868332,
              49.5821526
            ],
            [
              5.8680059,
              49.5817036
            ],
            [
              5.8676834,
              49.5814324
            ],
            [
              5.8664125,
              49.580869
            ],
            [
              5.8659716,
              49.5805336
            ],
            [
              5.8670521,
              49.5803326
            ],
            [
              5.8689218,
              49.5796623
            ],
            [
              5.8711033,
              49.5797675
            ],
            [
              5.8718966,
              49.5796058
            ],
            [
              5.871903,
              49.5790501
            ],
            [
              5.8711651,
              49.5777212
            ],
            [
              5.8697411,
              49.5767359
            ],
            [
              5.8723766,
              49.5752189
            ],
            [
              5.8727493,
              49.5743416
            ],
            [
              5.8718309,
              49.5740848
            ],
            [
              5.8701513,
              49.5737847
            ],
            [
              5.8687044,
              49.573324
            ],
            [
              5.8680491,
              49.5736547
            ],
            [
              5.8675027,
              49.5732428
            ],
            [
              5.8675351,
              49.5730411
            ],
            [
              5.8671286,
              49.5727677
            ],
            [
              5.8632511,
              49.5704937
            ],
            [
              5.8623754,
              49.5707043
            ],
            [
              5.8622767,
              49.5706025
            ],
            [
              5.8619774,
              49.5706665
            ],
            [
              5.8619144,
              49.5706004
            ],
            [
              5.8612554,
              49.5708039
            ],
            [
              5.8605027,
              49.5701504
            ],
            [
              5.8604305,
              49.5696919
            ],
            [
              5.8610704,
              49.5682336
            ],
            [
              5.861181,
              49.5675358
            ],
            [
              5.8610881,
              49.5670361
            ],
            [
              5.8597836,
              49.5665235
            ],
            [
              5.8579904,
              49.5662065
            ],
            [
              5.856595,
              49.5662791
            ],
            [
              5.855828,
              49.5662379
            ],
            [
              5.8553784,
              49.5660209
            ],
            [
              5.8547927,
              49.5655968
            ],
            [
              5.8537371,
              49.5651668
            ],
            [
              5.8520763,
              49.5652747
            ],
            [
              5.851612,
              49.5648614
            ],
            [
              5.8509439,
              49.5638275
            ],
            [
              5.850906,
              49.5633336
            ],
            [
              5.8511504,
              49.5627874
            ],
            [
              5.8509476,
              49.5629898
            ],
            [
              5.8503719,
              49.5631024
            ],
            [
              5.8501973,
              49.5632102
            ],
            [
              5.8499823,
              49.5631629
            ],
            [
              5.8474272,
              49.5621266
            ],
            [
              5.8470098,
              49.562058
            ],
            [
              5.8465125,
              49.5620993
            ],
            [
              5.8462827,
              49.5617592
            ],
            [
              5.8459026,
              49.5614091
            ],
            [
              5.8450415,
              49.5609868
            ],
            [
              5.8436047,
              49.5606812
            ],
            [
              5.8428049,
              49.5609304
            ],
            [
              5.8428541,
              49.5607568
            ],
            [
              5.8434818,
              49.5602305
            ],
            [
              5.8452112,
              49.5592698
            ],
            [
              5.845855,
              49.5587685
            ],
            [
              5.8453257,
              49.558581
            ],
            [
              5.8463064,
              49.5577064
            ],
            [
              5.8458576,
              49.5574504
            ],
            [
              5.8462044,
              49.5568673
            ],
            [
              5.8460029,
              49.5566631
            ],
            [
              5.8460973,
              49.5562608
            ],
            [
              5.8449677,
              49.5561232
            ],
            [
              5.8448146,
              49.5558267
            ],
            [
              5.8443522,
              49.5554847
            ],
            [
              5.8435443,
              49.5552262
            ],
            [
              5.8436646,
              49.5549609
            ],
            [
              5.8436603,
              49.5544241
            ],
            [
              5.8427692,
              49.5543097
            ],
            [
              5.8419903,
              49.5545118
            ],
            [
              5.8421664,
              49.5537907
            ],
            [
              5.8419561,
              49.5530966
            ],
            [
              5.8377887,
              49.5528653
            ],
            [
              5.8355891,
              49.5524505
            ],
            [
              5.8347843,
              49.5520518
            ],
            [
              5.8322039,
              49.5512355
            ],
            [
              5.8313654,
              49.5509
            ],
            [
              5.8309187,
              49.5507848
            ],
            [
              5.830268,
              49.5507679
            ],
            [
              5.8280039,
              49.5499922
            ],
            [
              5.8273949,
              49.5505903
            ],
            [
              5.8266921,
              49.5514556
            ],
            [
              5.8264201,
              49.5518363
            ],
            [
              5.8264006,
              49.5520411
            ],
            [
              5.8260521,
              49.5522075
            ],
            [
              5.8249004,
              49.5517745
            ],
            [
              5.8239634,
              49.5511589
            ],
            [
              5.8232227,
              49.5504411
            ],
            [
              5.8226492,
              49.5496783
            ],
            [
              5.8222681,
              49.5496175
            ],
            [
              5.8214218,
              49.5498426
            ],
            [
              5.8201966,
              49.5491845
            ],
            [
              5.8200514,
              49.5490291
            ],
            [
              5.8200299,
              49.5485186
            ],
            [
              5.8198546,
              49.5480915
            ],
            [
              5.8201109,
              49.5476958
            ],
            [
              5.8200823,
              49.5475543
            ],
            [
              5.8190746,
              49.5470889
            ],
            [
              5.8185727,
              49.5463807
            ],
            [
              5.8168152,
              49.5471718
            ],
            [
              5.8158544,
              49.5484767
            ],
            [
              5.8140748,
              49.5477287
            ],
            [
              5.8141477,
              49.5476023
            ],
            [
              5.8134899,
              49.5474674
            ],
            [
              5.8123502,
              49.5474101
            ],
            [
              5.8118871,
              49.5476571
            ],
            [
              5.8109112,
              49.5485413
            ],
            [
              5.8103831,
              49.5491975
            ],
            [
              5.8103221,
              49.5493803
            ],
            [
              5.8098152,
              49.5496433
            ],
            [
              5.8098507,
              49.5497312
            ],
            [
              5.8096887,
              49.5498629
            ],
            [
              5.809511,
              49.549984
            ],
            [
              5.8093141,
              49.5499869
            ],
            [
              5.8078568,
              49.550831
            ],
            [
              5.8074244,
              49.5504706
            ],
            [
              5.8069221,
              49.5501959
            ],
            [
              5.8064405,
              49.5505067
            ],
            [
              5.8049725,
              49.5498804
            ],
            [
              5.8039386,
              49.5496201
            ],
            [
              5.8030292,
              49.5496113
            ],
            [
              5.8024005,
              49.5495031
            ],
            [
              5.8023424,
              49.5495564
            ],
            [
              5.8011699,
              49.5495221
            ],
            [
              5.8005726,
              49.5496625
            ],
            [
              5.7998146,
              49.5500814
            ],
            [
              5.799674,
              49.5499129
            ],
            [
              5.7991168,
              49.5500003
            ],
            [
              5.7976811,
              49.5505414
            ],
            [
              5.797223,
              49.5506492
            ],
            [
              5.7960057,
              49.5507112
            ],
            [
              5.7925247,
              49.5516173
            ],
            [
              5.7920942,
              49.5518321
            ],
            [
              5.7921436,
              49.5522138
            ],
            [
              5.7922625,
              49.5523869
            ],
            [
              5.7911454,
              49.5530527
            ],
            [
              5.7907885,
              49.5528533
            ],
            [
              5.7905617,
              49.5531512
            ],
            [
              5.7906051,
              49.5533985
            ],
            [
              5.789209,
              49.5540172
            ],
            [
              5.7875692,
              49.5552012
            ],
            [
              5.7875048,
              49.5554144
            ],
            [
              5.7866703,
              49.5558273
            ],
            [
              5.7868306,
              49.5560295
            ],
            [
              5.7852342,
              49.5573961
            ],
            [
              5.7856965,
              49.5577901
            ],
            [
              5.785431,
              49.5578736
            ],
            [
              5.7849061,
              49.5577037
            ],
            [
              5.7836888,
              49.5577779
            ],
            [
              5.7834389,
              49.5579903
            ],
            [
              5.782461,
              49.5582554
            ],
            [
              5.7816729,
              49.5587193
            ],
            [
              5.7818171,
              49.5589359
            ],
            [
              5.7819141,
              49.559469
            ],
            [
              5.7809015,
              49.5598949
            ],
            [
              5.7790759,
              49.5586693
            ],
            [
              5.777283,
              49.5597666
            ],
            [
              5.7773783,
              49.5598786
            ],
            [
              5.776947,
              49.5608389
            ],
            [
              5.7764729,
              49.5614243
            ],
            [
              5.7760355,
              49.5622121
            ],
            [
              5.7754046,
              49.5626845
            ],
            [
              5.7744582,
              49.5632036
            ],
            [
              5.7712582,
              49.5633155
            ],
            [
              5.770802,
              49.5632545
            ],
            [
              5.7680174,
              49.562552
            ],
            [
              5.7650201,
              49.5615357
            ],
            [
              5.7648764,
              49.5616617
            ],
            [
              5.7634434,
              49.5611796
            ],
            [
              5.7628266,
              49.5610662
            ],
            [
              5.7622844,
              49.5610873
            ],
            [
              5.7604552,
              49.5615227
            ],
            [
              5.7603363,
              49.5617523
            ],
            [
              5.7599657,
              49.5619096
            ],
            [
              5.7592518,
              49.5616741
            ],
            [
              5.7588352,
              49.5614338
            ],
            [
              5.7583229,
              49.5614024
            ],
            [
              5.7596067,
              49.5589276
            ],
            [
              5.7598525,
              49.5583029
            ],
            [
              5.7577464,
              49.5578535
            ],
            [
              5.7577925,
              49.557746
            ],
            [
              5.7567813,
              49.5574373
            ],
            [
              5.7562324,
              49.5570662
            ],
            [
              5.7563982,
              49.5569774
            ],
            [
              5.7558746,
              49.5564312
            ],
            [
              5.7568413,
              49.5561198
            ],
            [
              5.7562887,
              49.5554379
            ],
            [
              5.7561122,
              49.5550108
            ],
            [
              5.7560237,
              49.5541881
            ],
            [
              5.7560625,
              49.5539285
            ],
            [
              5.7563694,
              49.5531321
            ],
            [
              5.7571236,
              49.553239
            ],
            [
              5.7573973,
              49.5527848
            ],
            [
              5.7575591,
              49.5521062
            ],
            [
              5.7574933,
              49.5519626
            ],
            [
              5.7571647,
              49.5516963
            ],
            [
              5.7579251,
              49.5503416
            ],
            [
              5.7573034,
              49.5500131
            ],
            [
              5.7574649,
              49.5486816
            ],
            [
              5.7577054,
              49.548671
            ],
            [
              5.7567939,
              49.5472171
            ],
            [
              5.7557405,
              49.5462173
            ],
            [
              5.755711,
              49.5457859
            ],
            [
              5.7561388,
              49.5452106
            ],
            [
              5.7566207,
              49.5442501
            ],
            [
              5.7576662,
              49.5429968
            ],
            [
              5.7568869,
              49.5426461
            ],
            [
              5.7556281,
              49.5424717
            ],
            [
              5.7549951,
              49.5429629
            ],
            [
              5.7548124,
              49.5425499
            ],
            [
              5.754603,
              49.5423174
            ],
            [
              5.7521706,
              49.5416727
            ],
            [
              5.7516285,
              49.5409326
            ],
            [
              5.7507145,
              49.5403738
            ],
            [
              5.7476225,
              49.5395346
            ],
            [
              5.7463423,
              49.5394138
            ],
            [
              5.745873,
              49.5394744
            ],
            [
              5.7450436,
              49.5394309
            ],
            [
              5.7444474,
              49.5392916
            ],
            [
              5.7433712,
              49.5392845
            ],
            [
              5.7423862,
              49.5391661
            ],
            [
              5.7416381,
              49.5392331
            ],
            [
              5.7381608,
              49.5388
            ],
            [
              5.7376781,
              49.5408942
            ],
            [
              5.7362308,
              49.5423556
            ],
            [
              5.7355126,
              49.5429625
            ],
            [
              5.735199,
              49.5433535
            ],
            [
              5.734336,
              49.5436289
            ],
            [
              5.7330593,
              49.5438038
            ],
            [
              5.732162,
              49.5440826
            ],
            [
              5.7323891,
              49.5444544
            ],
            [
              5.7340205,
              49.5454611
            ],
            [
              5.7347222,
              49.5456888
            ],
            [
              5.7335275,
              49.5463959
            ],
            [
              5.7332942,
              49.5465873
            ],
            [
              5.7329325,
              49.5470965
            ],
            [
              5.7323152,
              49.5475114
            ],
            [
              5.7315811,
              49.5487474
            ],
            [
              5.7300353,
              49.5489837
            ],
            [
              5.7296491,
              49.549149
            ],
            [
              5.7290027,
              49.5497615
            ],
            [
              5.728662,
              49.5526989
            ],
            [
              5.7278895,
              49.5574943
            ],
            [
              5.7275838,
              49.5602294
            ],
            [
              5.7276481,
              49.5603372
            ],
            [
              5.7276213,
              49.5606782
            ],
            [
              5.7272541,
              49.5630353
            ],
            [
              5.7276589,
              49.5677239
            ],
            [
              5.7278573,
              49.5689381
            ],
            [
              5.7283455,
              49.5693277
            ],
            [
              5.7294068,
              49.5696379
            ],
            [
              5.7289637,
              49.5704195
            ],
            [
              5.7303196,
              49.5708132
            ],
            [
              5.7322915,
              49.5715756
            ],
            [
              5.7318485,
              49.5774017
            ],
            [
              5.7319388,
              49.5776461
            ],
            [
              5.7327207,
              49.5782704
            ],
            [
              5.7328033,
              49.5784974
            ],
            [
              5.7325029,
              49.5790644
            ],
            [
              5.7325152,
              49.579484
            ],
            [
              5.7333961,
              49.5800644
            ],
            [
              5.7335502,
              49.5803046
            ],
            [
              5.7326724,
              49.5809597
            ],
            [
              5.7323957,
              49.5814631
            ],
            [
              5.7322392,
              49.5814509
            ],
            [
              5.731973,
              49.5813787
            ],
            [
              5.7319102,
              49.5811583
            ],
            [
              5.7301131,
              49.580287
            ],
            [
              5.7283267,
              49.579574
            ],
            [
              5.7246253,
              49.5790783
            ],
            [
              5.723879,
              49.5790768
            ],
            [
              5.7239556,
              49.5792141
            ],
            [
              5.7237053,
              49.579247
            ],
            [
              5.723303,
              49.5791931
            ],
            [
              5.7229521,
              49.5790411
            ],
            [
              5.7222105,
              49.5785377
            ],
            [
              5.7217687,
              49.5780505
            ],
            [
              5.7213825,
              49.5775809
            ],
            [
              5.7212279,
              49.5768251
            ],
            [
              5.7159897,
              49.5776006
            ],
            [
              5.7161286,
              49.5781248
            ],
            [
              5.7155343,
              49.578256
            ],
            [
              5.715292,
              49.5781074
            ],
            [
              5.7147841,
              49.578217
            ],
            [
              5.714628,
              49.5778639
            ],
            [
              5.7135452,
              49.5781144
            ],
            [
              5.7129201,
              49.5786227
            ],
            [
              5.7122853,
              49.578961
            ],
            [
              5.71107,
              49.5793392
            ],
            [
              5.7103944,
              49.5794166
            ],
            [
              5.7097682,
              49.5807604
            ],
            [
              5.7076442,
              49.5804905
            ],
            [
              5.7075063,
              49.5806668
            ],
            [
              5.7071957,
              49.580538
            ],
            [
              5.7070166,
              49.5808
            ],
            [
              5.7069234,
              49.5807746
            ],
            [
              5.7064751,
              49.581942
            ],
            [
              5.7052571,
              49.5818817
            ],
            [
              5.7043746,
              49.581749
            ],
            [
              5.7042915,
              49.5823165
            ],
            [
              5.7043511,
              49.5830461
            ],
            [
              5.7052257,
              49.5854968
            ],
            [
              5.7071469,
              49.5877466
            ],
            [
              5.7073068,
              49.58783
            ],
            [
              5.7055963,
              49.589481
            ],
            [
              5.7060941,
              49.5899817
            ],
            [
              5.7064587,
              49.5905448
            ],
            [
              5.7065016,
              49.5908126
            ],
            [
              5.7045758,
              49.594057
            ],
            [
              5.7045076,
              49.5943493
            ],
            [
              5.7045687,
              49.5947535
            ],
            [
              5.7044427,
              49.5954428
            ],
            [
              5.7045221,
              49.5959955
            ],
            [
              5.705368,
              49.5969785
            ],
            [
              5.7068717,
              49.5978835
            ],
            [
              5.7043974,
              49.5987963
            ],
            [
              5.7040741,
              49.598958
            ],
            [
              5.7036445,
              49.5994501
            ],
            [
              5.7040957,
              49.6019774
            ],
            [
              5.7049245,
              49.6031281
            ],
            [
              5.7050949,
              49.6065829
            ]
          ]
        ]
      },
      "properties": {
        "type": "boundary",
        "gemeente": "Aubange"
      }
    }
  ]
}