{
  "type": "FeatureCollection",
  "metadata": {
    "gemeente": "Awans",
    "slug": "awans",
    "generated_at": "2026-09-25T22:11:34.749957Z",
    "total_points": 25,
    "providers": [
      "bpost",
      "DHL",
      "GLS",
      "InPost",
      "VintedGo",
      "PostNL",
      "DPD",
      "Amazon"
    ],
    "bounds": [
      5.44936,
      50.66893,
      5.46989,
      50.71514
    ]
  },
  "features": [
    {
      "type": "Feature",
      "geometry": {
        "type": "Point",
        "coordinates": [
          5.46532,
          50.67756
        ]
      },
      "properties": {
        "type": "pakketpunt",
        "locatieNaam": "Hunter Xpress",
        "straatNaam": "Rue Du Bois De Mère",
        "straatNr": "8",
        "vervoerder": "bpost",
        "puntType": "servicepunt",
        "bezettingsgraad": 50,
        "latitude": 50.67756,
        "longitude": 5.46532,
        "canPickup": true,
        "canDropoff": true,
        "openingstijden": null
      }
    },
    {
      "type": "Feature",
      "geometry": {
        "type": "Point",
        "coordinates": [
          5.46475,
          50.6812
        ]
      },
      "properties": {
        "type": "pakketpunt",
        "locatieNaam": "Bbox 24/7 Lidl Awans",
        "straatNaam": "Rue Chaussée",
        "straatNr": "15",
        "vervoerder": "bpost",
        "puntType": "automaat",
        "bezettingsgraad": 50,
        "latitude": 50.6812,
        "longitude": 5.46475,
        "canPickup": true,
        "canDropoff": true,
        "openingstijden": null
      }
    },
    {
      "type": "Feature",
      "geometry": {
        "type": "Point",
        "coordinates": [
          5.46461,
          50.68299
        ]
      },
      "properties": {
        "type": "pakketpunt",
        "locatieNaam": "Bbox 24/7 Ad Delhze Hognoul",
        "straatNaam": "Rue Des Moulins",
        "straatNr": "17",
        "vervoerder": "bpost",
        "puntType": "automaat",
        "bezettingsgraad": 50,
        "latitude": 50.68299,
        "longitude": 5.46461,
        "canPickup": true,
        "canDropoff": true,
        "openingstijden": null
      }
    },
    {
      "type": "Feature",
      "geometry": {
        "type": "Point",
        "coordinates": [
          5.44936,
          50.68915
        ]
      },
      "properties": {
        "type": "pakketpunt",
        "locatieNaam": "Bbox 24/7 Taverne Piette",
        "straatNaam": "Rue Chaussée",
        "straatNr": "140",
        "vervoerder": "bpost",
        "puntType": "automaat",
        "bezettingsgraad": 50,
        "latitude": 50.68915,
        "longitude": 5.44936,
        "canPickup": true,
        "canDropoff": true,
        "openingstijden": null
      }
    },
    {
      "type": "Feature",
      "geometry": {
        "type": "Point",
        "coordinates": [
          5.46678,
          50.71312
        ]
      },
      "properties": {
        "type": "pakketpunt",
        "locatieNaam": "Othee",
        "straatNaam": "Rue Lambert Macours",
        "straatNr": "28B",
        "vervoerder": "bpost",
        "puntType": "postkantoor",
        "bezettingsgraad": 50,
        "latitude": 50.71312,
        "longitude": 5.46678,
        "canPickup": true,
        "canDropoff": true,
        "openingstijden": null
      }
    },
    {
      "type": "Feature",
      "geometry": {
        "type": "Point",
        "coordinates": [
          5.449361,
          50.68915
        ]
      },
      "properties": {
        "type": "pakketpunt",
        "locatieNaam": "BBOX 24/7 TAVERNE PIETTE",
        "straatNaam": "RUE CHAUSSÉE",
        "straatNr": "140",
        "vervoerder": "DHL",
        "puntType": "packStation",
        "bezettingsgraad": 50,
        "latitude": 50.68915,
        "longitude": 5.449361,
        "canPickup": true,
        "canDropoff": true,
        "openingstijden": {
          "ma": "00:00 - 23:59",
          "di": "00:00 - 23:59",
          "wo": "00:00 - 23:59",
          "do": "00:00 - 23:59",
          "vr": "00:00 - 23:59",
          "za": "00:00 - 23:59",
          "zo": "00:00 - 23:59"
        }
      }
    },
    {
      "type": "Feature",
      "geometry": {
        "type": "Point",
        "coordinates": [
          5.464747,
          50.681196
        ]
      },
      "properties": {
        "type": "pakketpunt",
        "locatieNaam": "BBOX 24/7 LIDL AWANS",
        "straatNaam": "RUE CHAUSSÉE",
        "straatNr": "15",
        "vervoerder": "DHL",
        "puntType": "packStation",
        "bezettingsgraad": 50,
        "latitude": 50.681196,
        "longitude": 5.464747,
        "canPickup": true,
        "canDropoff": true,
        "openingstijden": {
          "ma": "00:00 - 23:59",
          "di": "00:00 - 23:59",
          "wo": "00:00 - 23:59",
          "do": "00:00 - 23:59",
          "vr": "00:00 - 23:59",
          "za": "00:00 - 23:59",
          "zo": "00:00 - 23:59"
        }
      }
    },
    {
      "type": "Feature",
      "geometry": {
        "type": "Point",
        "coordinates": [
          5.464609,
          50.682987
        ]
      },
      "properties": {
        "type": "pakketpunt",
        "locatieNaam": "BBOX 24/7 AD DELHAIZE HOGNOUL",
        "straatNaam": "RUE DES MOULINS",
        "straatNr": "17",
        "vervoerder": "DHL",
        "puntType": "packStation",
        "bezettingsgraad": 50,
        "latitude": 50.682987,
        "longitude": 5.464609,
        "canPickup": true,
        "canDropoff": true,
        "openingstijden": {
          "ma": "00:00 - 23:59",
          "di": "00:00 - 23:59",
          "wo": "00:00 - 23:59",
          "do": "00:00 - 23:59",
          "vr": "00:00 - 23:59",
          "za": "00:00 - 23:59",
          "zo": "00:00 - 23:59"
        }
      }
    },
    {
      "type": "Feature",
      "geometry": {
        "type": "Point",
        "coordinates": [
          5.465323,
          50.677555
        ]
      },
      "properties": {
        "type": "pakketpunt",
        "locatieNaam": "HUNTER XPRESS",
        "straatNaam": "RUE DU BOIS DE MÈRE",
        "straatNr": "8",
        "vervoerder": "DHL",
        "puntType": "parcelShop",
        "bezettingsgraad": 50,
        "latitude": 50.677555,
        "longitude": 5.465323,
        "canPickup": true,
        "canDropoff": true,
        "openingstijden": {
          "ma": "10:00 - 18:00",
          "di": "10:00 - 18:00",
          "wo": "10:00 - 18:00",
          "do": "10:00 - 18:00",
          "vr": "10:00 - 18:00",
          "za": "gesloten",
          "zo": "gesloten"
        }
      }
    },
    {
      "type": "Feature",
      "geometry": {
        "type": "Point",
        "coordinates": [
          5.46678,
          50.713123
        ]
      },
      "properties": {
        "type": "pakketpunt",
        "locatieNaam": "OTHEE",
        "straatNaam": "RUE LAMBERT MACOURS",
        "straatNr": "28B",
        "vervoerder": "DHL",
        "puntType": "postOffice",
        "bezettingsgraad": 50,
        "latitude": 50.713123,
        "longitude": 5.46678,
        "canPickup": true,
        "canDropoff": true,
        "openingstijden": {
          "ma": "14:00 - 17:00",
          "di": "15:00 - 18:00",
          "wo": "14:00 - 17:00",
          "do": "15:00 - 18:00",
          "vr": "14:00 - 17:00",
          "za": "gesloten",
          "zo": "gesloten"
        }
      }
    },
    {
      "type": "Feature",
      "geometry": {
        "type": "Point",
        "coordinates": [
          5.46461,
          50.683
        ]
      },
      "properties": {
        "type": "pakketpunt",
        "locatieNaam": "GLS Parcel Locker powered by bbox",
        "straatNaam": "Rue Des Moulins",
        "straatNr": "17",
        "vervoerder": "GLS",
        "puntType": "locker",
        "bezettingsgraad": 50,
        "latitude": 50.683,
        "longitude": 5.46461,
        "canPickup": true,
        "canDropoff": true,
        "openingstijden": "vr: 00:00 - 24:00; za: 00:00 - 24:00"
      }
    },
    {
      "type": "Feature",
      "geometry": {
        "type": "Point",
        "coordinates": [
          5.4684707,
          50.6766075
        ]
      },
      "properties": {
        "type": "pakketpunt",
        "locatieNaam": "Hunter-Xpress",
        "straatNaam": "Rue Du Bois De Mère",
        "straatNr": "8",
        "vervoerder": "GLS",
        "puntType": "parcel_shop",
        "bezettingsgraad": 50,
        "latitude": 50.6766075,
        "longitude": 5.4684707,
        "canPickup": true,
        "canDropoff": true,
        "openingstijden": "vr: 10:00 - 12:30, 13:00 - 18:00; ma: 10:00 - 12:30, 13:00 - 18:00"
      }
    },
    {
      "type": "Feature",
      "geometry": {
        "type": "Point",
        "coordinates": [
          5.46281,
          50.66893
        ]
      },
      "properties": {
        "type": "pakketpunt",
        "locatieNaam": "NICOLAS BRABANT COIFFURE",
        "straatNaam": "Rue Jean Jaurès 23",
        "straatNr": "",
        "vervoerder": "InPost",
        "puntType": "servicepunt",
        "bezettingsgraad": 50,
        "latitude": 50.66893,
        "longitude": 5.46281,
        "canPickup": true,
        "canDropoff": true,
        "openingstijden": null
      }
    },
    {
      "type": "Feature",
      "geometry": {
        "type": "Point",
        "coordinates": [
          5.46508,
          50.68269
        ]
      },
      "properties": {
        "type": "pakketpunt",
        "locatieNaam": "LIEGE PRESSE 7",
        "straatNaam": "Rue des Moulins 7",
        "straatNr": "",
        "vervoerder": "InPost",
        "puntType": "servicepunt",
        "bezettingsgraad": 50,
        "latitude": 50.68269,
        "longitude": 5.46508,
        "canPickup": true,
        "canDropoff": true,
        "openingstijden": null
      }
    },
    {
      "type": "Feature",
      "geometry": {
        "type": "Point",
        "coordinates": [
          5.46267,
          50.66896
        ]
      },
      "properties": {
        "type": "pakketpunt",
        "locatieNaam": "Coiffeur Nicolas",
        "straatNaam": "Rue Jean Jaurès",
        "straatNr": "21",
        "vervoerder": "VintedGo",
        "puntType": "parcel_shop",
        "bezettingsgraad": 50,
        "latitude": 50.66896,
        "longitude": 5.46267,
        "canPickup": true,
        "canDropoff": true,
        "openingstijden": null
      }
    },
    {
      "type": "Feature",
      "geometry": {
        "type": "Point",
        "coordinates": [
          5.46832,
          50.67649
        ]
      },
      "properties": {
        "type": "pakketpunt",
        "locatieNaam": "Hunter Xpress",
        "straatNaam": "Rue Jean Lambert Defrene",
        "straatNr": "107",
        "vervoerder": "VintedGo",
        "puntType": "parcel_shop",
        "bezettingsgraad": 50,
        "latitude": 50.67649,
        "longitude": 5.46832,
        "canPickup": true,
        "canDropoff": true,
        "openingstijden": null
      }
    },
    {
      "type": "Feature",
      "geometry": {
        "type": "Point",
        "coordinates": [
          5.468382699,
          50.6764534
        ]
      },
      "properties": {
        "type": "pakketpunt",
        "locatieNaam": "Hunter Xpress",
        "straatNaam": "Rue Jean-Lambert Defrêne",
        "straatNr": "107",
        "vervoerder": "PostNL",
        "puntType": "servicepunt",
        "bezettingsgraad": 50,
        "latitude": 50.6764534,
        "longitude": 5.468382699,
        "canPickup": true,
        "canDropoff": true,
        "openingstijden": "10:00 - 18:00"
      }
    },
    {
      "type": "Feature",
      "geometry": {
        "type": "Point",
        "coordinates": [
          5.4563085,
          50.6859735
        ]
      },
      "properties": {
        "type": "pakketpunt",
        "locatieNaam": "Marksports",
        "straatNaam": "Rue Chaussé",
        "straatNr": "90",
        "vervoerder": "PostNL",
        "puntType": "servicepunt",
        "bezettingsgraad": 50,
        "latitude": 50.6859735,
        "longitude": 5.4563085,
        "canPickup": true,
        "canDropoff": true,
        "openingstijden": "10:00 - 12:30, 13:00 - 18:00"
      }
    },
    {
      "type": "Feature",
      "geometry": {
        "type": "Point",
        "coordinates": [
          5.46989,
          50.71514
        ]
      },
      "properties": {
        "type": "pakketpunt",
        "locatieNaam": "ALSCO",
        "straatNaam": "RUE ROBERT",
        "straatNr": "9",
        "vervoerder": "DPD",
        "puntType": "pickup_point",
        "bezettingsgraad": 50,
        "latitude": 50.71514,
        "longitude": 5.46989,
        "canPickup": true,
        "canDropoff": true,
        "openingstijden": {
          "ma": "10:00 - 18:30",
          "di": "10:00 - 18:30",
          "wo": "10:00 - 18:30",
          "do": "10:00 - 18:30",
          "vr": "10:00 - 18:30",
          "za": "gesloten",
          "zo": "gesloten"
        }
      }
    },
    {
      "type": "Feature",
      "geometry": {
        "type": "Point",
        "coordinates": [
          5.46832,
          50.67649
        ]
      },
      "properties": {
        "type": "pakketpunt",
        "locatieNaam": "HUNTER XPRESS",
        "straatNaam": "RUE JEAN LAMBERT DEFRENE",
        "straatNr": "107",
        "vervoerder": "DPD",
        "puntType": "pickup_point",
        "bezettingsgraad": 50,
        "latitude": 50.67649,
        "longitude": 5.46832,
        "canPickup": true,
        "canDropoff": false,
        "openingstijden": {
          "ma": "10:00 - 18:00",
          "di": "10:00 - 18:00",
          "wo": "10:00 - 18:00",
          "do": "10:00 - 18:00",
          "vr": "10:00 - 18:00",
          "za": "gesloten",
          "zo": "gesloten"
        }
      }
    },
    {
      "type": "Feature",
      "geometry": {
        "type": "Point",
        "coordinates": [
          5.4653225,
          50.6775551
        ]
      },
      "properties": {
        "type": "pakketpunt",
        "locatieNaam": "bpost - HUNTER XPRESS",
        "straatNaam": "RUE DU BOIS DE MÈRE,8",
        "straatNr": "",
        "vervoerder": "Amazon",
        "puntType": "3p",
        "bezettingsgraad": 50,
        "latitude": 50.6775551,
        "longitude": 5.4653225,
        "canPickup": true,
        "canDropoff": false,
        "openingstijden": null
      }
    },
    {
      "type": "Feature",
      "geometry": {
        "type": "Point",
        "coordinates": [
          5.464747,
          50.681196
        ]
      },
      "properties": {
        "type": "pakketpunt",
        "locatieNaam": "bpost - BBOX 24/7 LIDL AWANS",
        "straatNaam": "RUE CHAUSSÉE,15",
        "straatNr": "",
        "vervoerder": "Amazon",
        "puntType": "3p",
        "bezettingsgraad": 50,
        "latitude": 50.681196,
        "longitude": 5.464747,
        "canPickup": true,
        "canDropoff": false,
        "openingstijden": null
      }
    },
    {
      "type": "Feature",
      "geometry": {
        "type": "Point",
        "coordinates": [
          5.4646091,
          50.6829872
        ]
      },
      "properties": {
        "type": "pakketpunt",
        "locatieNaam": "bpost - BBOX 24/7 AD DELHAIZE HOGNOUL",
        "straatNaam": "RUE DES MOULINS,17",
        "straatNr": "",
        "vervoerder": "Amazon",
        "puntType": "3p",
        "bezettingsgraad": 50,
        "latitude": 50.6829872,
        "longitude": 5.4646091,
        "canPickup": true,
        "canDropoff": false,
        "openingstijden": null
      }
    },
    {
      "type": "Feature",
      "geometry": {
        "type": "Point",
        "coordinates": [
          5.449361,
          50.68915
        ]
      },
      "properties": {
        "type": "pakketpunt",
        "locatieNaam": "bpost - BBOX 24/7 TAVERNE PIETTE",
        "straatNaam": "RUE CHAUSSÉE,140",
        "straatNr": "",
        "vervoerder": "Amazon",
        "puntType": "3p",
        "bezettingsgraad": 50,
        "latitude": 50.68915,
        "longitude": 5.449361,
        "canPickup": true,
        "canDropoff": false,
        "openingstijden": null
      }
    },
    {
      "type": "Feature",
      "geometry": {
        "type": "Point",
        "coordinates": [
          5.46678,
          50.713123
        ]
      },
      "properties": {
        "type": "pakketpunt",
        "locatieNaam": "bpost - OTHEE",
        "straatNaam": "RUE LAMBERT MACOURS,28B",
        "straatNr": "",
        "vervoerder": "Amazon",
        "puntType": "3p",
        "bezettingsgraad": 50,
        "latitude": 50.713123,
        "longitude": 5.46678,
        "canPickup": true,
        "canDropoff": false,
        "openingstijden": null
      }
    },
    {
      "type": "Feature",
      "geometry": {
        "type": "MultiPolygon",
        "coordinates": [
          [
            [
              [
                5.466706089349851,
                50.66786092100273
              ],
              [
                5.466522437184771,
                50.66762337580871
              ],
              [
                5.466303035180555,
                50.66739841432747
              ],
              [
                5.466049996603,
                50.667188202868324
              ],
              [
                5.465765758531024,
                50.66699476567472
              ],
              [
                5.465453058379386,
                50.666819965437874
              ],
              [
                5.4651149075340975,
                50.666665485366124
              ],
              [
                5.4647545623544875,
                50.666532812982965
              ],
              [
                5.464375492821068,
                50.66642322580925
              ],
              [
                5.463981349130812,
                50.66633777906713
              ],
              [
                5.463575926561041,
                50.66627729552389
              ],
              [
                5.463163128939668,
                50.66624235757333
              ],
              [
                5.462746931072734,
                50.66623330163071
              ],
              [
                5.462331340490259,
                50.66625021489497
              ],
              [
                5.461920358877766,
                50.66629293450959
              ],
              [
                5.461517943563951,
                50.66636104912988
              ],
              [
                5.461426386474588,
                50.66638284923685
              ],
              [
                5.461377950363855,
                50.66639104759885
              ],
              [
                5.460987975710935,
                50.666483900882966
              ],
              [
                5.460614197329809,
                50.66660059922707
              ],
              [
                5.460260214492207,
                50.6667400189327
              ],
              [
                5.459929435941692,
                50.66690081750465
              ],
              [
                5.459625047077297,
                50.66708144657248
              ],
              [
                5.459349979283288,
                50.66728016679429
              ],
              [
                5.459106881700128,
                50.66749506459921
              ],
              [
                5.458898095708466,
                50.66772407060793
              ],
              [
                5.4587256323719835,
                50.667964979554164
              ],
              [
                5.458591153056673,
                50.66821547151532
              ],
              [
                5.458495953413696,
                50.668473134248465
              ],
              [
                5.458440950880736,
                50.66873548641642
              ],
              [
                5.458426675823015,
                50.66900000148075
              ],
              [
                5.458453266400193,
                50.66926413203153
              ],
              [
                5.458520467209569,
                50.669525334319715
              ],
              [
                5.4586276317196525,
                50.66978109275594
              ],
              [
                5.458773728471662,
                50.67002894413958
              ],
              [
                5.45895735099022,
                50.67026650138489
              ],
              [
                5.45917673130862,
                50.67049147651534
              ],
              [
                5.4594297569792385,
                50.67070170270467
              ],
              [
                5.459713991405831,
                50.670895155152
              ],
              [
                5.460026697302407,
                50.67106997058971
              ],
              [
                5.460364863052969,
                50.67122446523609
              ],
              [
                5.460725231718376,
                50.67135715101914
              ],
              [
                5.4611043324108355,
                50.67146674991548
              ],
              [
                5.461498513733525,
                50.67155220626554
              ],
              [
                5.4619039789628445,
                50.67161269694638
              ],
              [
                5.462316822633756,
                50.67164763930389
              ],
              [
                5.46273306817513,
                50.67165669676769
              ],
              [
                5.463148706231693,
                50.67163978209475
              ],
              [
                5.463559733302575,
                50.67159705821007
              ],
              [
                5.463962190323315,
                50.671528936636605
              ],
              [
                5.464053756226326,
                50.67150713456748
              ],
              [
                5.4641021971237835,
                50.6714989351055
              ],
              [
                5.464492207095707,
                50.67140607153036
              ],
              [
                5.464866013951443,
                50.67128936090475
              ],
              [
                5.465220017308183,
                50.671149927386146
              ],
              [
                5.465550807615433,
                50.67098911398839
              ],
              [
                5.465855199002555,
                50.67080846964015
              ],
              [
                5.466130259967333,
                50.67060973426006
              ],
              [
                5.46637334160973,
                50.670394821991984
              ],
              [
                5.4665821031388795,
                50.67016580276258
              ],
              [
                5.466754534407791,
                50.66992488233898
              ],
              [
                5.466888975259069,
                50.66967438107881
              ],
              [
                5.466984131495837,
                50.6694167115777
              ],
              [
                5.467039087324732,
                50.66915435542959
              ],
              [
                5.467053314151922,
                50.66888983932392
              ],
              [
                5.467026675648352,
                50.66862571071005
              ],
              [
                5.466959429036432,
                50.668364513263505
              ],
              [
                5.46685222258673,
                50.66810876238984
              ],
              [
                5.466706089349851,
                50.66786092100273
              ]
            ]
          ],
          [
            [
              [
                5.468240880473856,
                50.67966436063327
              ],
              [
                5.468134269576152,
                50.67957582212267
              ],
              [
                5.468365855984149,
                50.679438400563754
              ],
              [
                5.468552681632402,
                50.67930343243076
              ],
              [
                5.468949813318001,
                50.679287253707955
              ],
              [
                5.469360901761142,
                50.67924450949014
              ],
              [
                5.469763415641667,
                50.67917636805263
              ],
              [
                5.470153477936689,
                50.679083485741884
              ],
              [
                5.470527331616821,
                50.6789667572068
              ],
              [
                5.470881375848255,
                50.67882730677744
              ],
              [
                5.4712122006868436,
                50.678666477630465
              ],
              [
                5.471516619929442,
                50.678485818846276
              ],
              [
                5.471791701805653,
                50.678287070482526
              ],
              [
                5.472034797214188,
                50.67807214680812
              ],
              [
                5.472243565231772,
                50.677843117859595
              ],
              [
                5.472415995649131,
                50.67760218949764
              ],
              [
                5.472550428317294,
                50.67735168215636
              ],
              [
                5.472645569118434,
                50.67709400848991
              ],
              [
                5.4727005024080855,
                50.676831650132314
              ],
              [
                5.472714699809726,
                50.676567133794244
              ],
              [
                5.472688025277914,
                50.676303006927334
              ],
              [
                5.472620736382236,
                50.676041813190174
              ],
              [
                5.472513481800658,
                50.67578606795259
              ],
              [
                5.472432560708066,
                50.67564888084624
              ],
              [
                5.472425469128693,
                50.67563197096876
              ],
              [
                5.472279283315256,
                50.67538413697138
              ],
              [
                5.472095573808,
                50.675146600939264
              ],
              [
                5.47187611024828,
                50.674921650303816
              ],
              [
                5.471623006494711,
                50.674711451269836
              ],
              [
                5.471338700253849,
                50.674518027961156
              ],
              [
                5.471025929596867,
                50.6743432429352
              ],
              [
                5.470687706588656,
                50.67418877925384
              ],
              [
                5.470327288283345,
                50.674056124282714
              ],
              [
                5.469948145365486,
                50.67394655537501
              ],
              [
                5.4695539287385655,
                50.67386112757698
              ],
              [
                5.469148434382091,
                50.67380066347345
              ],
              [
                5.468735566815075,
                50.67376574527108
              ],
              [
                5.4683193015169405,
                50.67375670919493
              ],
              [
                5.467903646666878,
                50.67377364225266
              ],
              [
                5.467492604569141,
                50.67381638139717
              ],
              [
                5.467090133134758,
                50.67388451509572
              ],
              [
                5.466700107789632,
                50.67397738729065
              ],
              [
                5.466326284174885,
                50.674094103713436
              ],
              [
                5.465972261997824,
                50.67423354049149
              ],
              [
                5.465641450380868,
                50.67439435496521
              ],
              [
                5.46558441472168,
                50.674428200763025
              ],
              [
                5.465578751990676,
                50.67443095351135
              ],
              [
                5.4652743361751766,
                50.67461159699237
              ],
              [
                5.4649992482753404,
                50.67481033017883
              ],
              [
                5.464929776931858,
                50.67487174292222
              ],
              [
                5.464844110261091,
                50.67487523037728
              ],
              [
                5.464433055795492,
                50.674917958748544
              ],
              [
                5.464030570546679,
                50.67498608189191
              ],
              [
                5.46403034722277,
                50.67498613506199
              ],
              [
                5.464030070571164,
                50.67498618188645
              ],
              [
                5.463640030096216,
                50.675079043844256
              ],
              [
                5.463266190183477,
                50.67519575044819
              ],
              [
                5.462912150697148,
                50.675335177920296
              ],
              [
                5.462581320926282,
                50.67549598369057
              ],
              [
                5.462276886763176,
                50.67567661931927
              ],
              [
                5.462001780028376,
                50.67587534540132
              ],
              [
                5.461758650237448,
                50.67609024830945
              ],
              [
                5.461549839081345,
                50.67631925861519
              ],
              [
                5.4613773578662625,
                50.676560171010856
              ],
              [
                5.461242868130574,
                50.676810665540664
              ],
              [
                5.46124258039462,
                50.676811444298835
              ],
              [
                5.461240367746324,
                50.6768155654542
              ],
              [
                5.461145165218231,
                50.67707322984814
              ],
              [
                5.461090167390688,
                50.677335582756186
              ],
              [
                5.461075904583855,
                50.67760009763276
              ],
              [
                5.461102514839665,
                50.67786422706973
              ],
              [
                5.461169742566138,
                50.678125427328794
              ],
              [
                5.4612769409727795,
                50.67838118284006
              ],
              [
                5.461423078274563,
                50.67862903043108
              ],
              [
                5.4616067476057415,
                50.67886658305261
              ],
              [
                5.4618261805489,
                50.67909155277263
              ],
              [
                5.461932778513515,
                50.6791800970473
              ],
              [
                5.461701174635791,
                50.6793175058654
              ],
              [
                5.46142604424479,
                50.67951623042845
              ],
              [
                5.461182893067849,
                50.679731131961695
              ],
              [
                5.460974063001903,
                50.679960141049946
              ],
              [
                5.460801565535301,
                50.68020105239726
              ],
              [
                5.460667062362991,
                50.68045154605793
              ],
              [
                5.460571849366197,
                50.68070920977265
              ],
              [
                5.460516844111539,
                50.68097156219477
              ],
              [
                5.460502576990803,
                50.681236076783414
              ],
              [
                5.460529186087571,
                50.68150020613325
              ],
              [
                5.460596415821135,
                50.681761406506766
              ],
              [
                5.460682135738808,
                50.68196590897879
              ],
              [
                5.460663418657461,
                50.681992048140934
              ],
              [
                5.4605289096451735,
                50.68224254154068
              ],
              [
                5.460433692279006,
                50.68250020503796
              ],
              [
                5.460378684167703,
                50.68276255728822
              ],
              [
                5.460364415730613,
                50.683027071752264
              ],
              [
                5.460365522955995,
                50.68303806234013
              ],
              [
                5.460365414561756,
                50.68304007178845
              ],
              [
                5.460392023908113,
                50.68330420106111
              ],
              [
                5.460459255453191,
                50.68356540140628
              ],
              [
                5.4605664623698695,
                50.68382115725328
              ],
              [
                5.46071261279131,
                50.68406900542643
              ],
              [
                5.460896299725546,
                50.684306558870865
              ],
              [
                5.461115754585738,
                50.684531529646655
              ],
              [
                5.461368864206531,
                50.684741750969444
              ],
              [
                5.461653191183269,
                50.68493519808518
              ],
              [
                5.461965997338645,
                50.6851100077776
              ],
              [
                5.462304270091025,
                50.685264496320244
              ],
              [
                5.462664751470622,
                50.68539717569996
              ],
              [
                5.4630439695039055,
                50.685506767954976
              ],
              [
                5.463438271663706,
                50.68559221748968
              ],
              [
                5.463843860062349,
                50.68565270124678
              ],
              [
                5.464256828048228,
                50.685687636638804
              ],
              [
                5.464673197852591,
                50.68569668716251
              ],
              [
                5.465088958923035,
                50.6856797656417
              ],
              [
                5.465500106573596,
                50.68563703506733
              ],
              [
                5.465902680578191,
                50.68556890702678
              ],
              [
                5.466292803334709,
                50.68547603773745
              ],
              [
                5.466666717231302,
                50.68535932172286
              ],
              [
                5.467020820854071,
                50.68521988319243
              ],
              [
                5.467351703686755,
                50.685059065208286
              ],
              [
                5.467656178967573,
                50.68487841674331
              ],
              [
                5.4678976449705,
                50.68470399836156
              ],
              [
                5.468126177664248,
                50.684568404626106
              ],
              [
                5.468401309294767,
                50.68436966451808
              ],
              [
                5.468644451495371,
                50.68415474819365
              ],
              [
                5.468853262892151,
                50.683925725618515
              ],
              [
                5.469025732858099,
                50.68368480259206
              ],
              [
                5.46916020086344,
                50.683434299497
              ],
              [
                5.469255372450132,
                50.68317662894662
              ],
              [
                5.469310331677359,
                50.68291427254495
              ],
              [
                5.469324549918956,
                50.682649756983864
              ],
              [
                5.469297890928958,
                50.6823856297075
              ],
              [
                5.469230612127457,
                50.682124434378444
              ],
              [
                5.469123362095392,
                50.68186868638188
              ],
              [
                5.468977174303415,
                50.6816208486037
              ],
              [
                5.468947151472606,
                50.681582030151574
              ],
              [
                5.468980196497602,
                50.6814242845682
              ],
              [
                5.468994416141208,
                50.68115976895764
              ],
              [
                5.468967759841533,
                50.68089564151651
              ],
              [
                5.4689004849927185,
                50.68063444590896
              ],
              [
                5.468793240137599,
                50.68037869752285
              ],
              [
                5.468647058696935,
                50.680130859247875
              ],
              [
                5.46864435789362,
                50.680127367057516
              ],
              [
                5.468644058434505,
                50.68012685934693
              ],
              [
                5.468460348762426,
                50.679889317854716
              ],
              [
                5.468240880473856,
                50.67966436063327
              ]
            ]
          ],
          [
            [
              [
                5.460206144363829,
                50.68490464189995
              ],
              [
                5.4600224585762245,
                50.68466708740326
              ],
              [
                5.459803008299468,
                50.6844421145816
              ],
              [
                5.459549907264575,
                50.68423188985345
              ],
              [
                5.459265593152205,
                50.68403843759009
              ],
              [
                5.4589528041095825,
                50.68386362062779
              ],
              [
                5.458614552378845,
                50.68370912233596
              ],
              [
                5.458254095290858,
                50.68357643041353
              ],
              [
                5.457874903903729,
                50.68346682256949
              ],
              [
                5.4574806295877165,
                50.683381354225006
              ],
              [
                5.457075068877821,
                50.68332084835536
              ],
              [
                5.456662126931928,
                50.68328588756934
              ],
              [
                5.456245779945561,
                50.68327680850205
              ],
              [
                5.455830036884351,
                50.68329369857511
              ],
              [
                5.455418900901773,
                50.683336395155294
              ],
              [
                5.455016330812682,
                50.68340448711978
              ],
              [
                5.45462620299273,
                50.683497318812705
              ],
              [
                5.4542522740695745,
                50.68361399635559
              ],
              [
                5.453898144764353,
                50.68375339625027
              ],
              [
                5.4535672252308665,
                50.68391417619228
              ],
              [
                5.453262702225649,
                50.684094787990695
              ],
              [
                5.452987508424664,
                50.68429349246989
              ],
              [
                5.452744294181838,
                50.68450837621066
              ],
              [
                5.452535402001361,
                50.684737369969184
              ],
              [
                5.452362843969716,
                50.68497826859717
              ],
              [
                5.452228282365098,
                50.68522875227146
              ],
              [
                5.452133013631478,
                50.68548640882895
              ],
              [
                5.452077955872309,
                50.68574875699199
              ],
              [
                5.452063639985118,
                50.68601327026075
              ],
              [
                5.4520902045232615,
                50.686277401242656
              ],
              [
                5.452157394335312,
                50.68653860618454
              ],
              [
                5.452264562996194,
                50.68679436947148
              ],
              [
                5.452410679007643,
                50.687042227856175
              ],
              [
                5.452594335709247,
                50.68727979418547
              ],
              [
                5.452813764805496,
                50.687504780395365
              ],
              [
                5.4530668533793305,
                50.68771501955287
              ],
              [
                5.453351164228962,
                50.68790848673222
              ],
              [
                5.453663959332552,
                50.688083318523894
              ],
              [
                5.454002226215043,
                50.688237830988605
              ],
              [
                5.4543627069632965,
                50.68837053588279
              ],
              [
                5.454741929609952,
                50.68848015499894
              ],
              [
                5.455136241583469,
                50.688565632482735
              ],
              [
                5.4555418449016875,
                50.68862614500764
              ],
              [
                5.455954832769309,
                50.68866110970914
              ],
              [
                5.456371227226064,
                50.688670189801634
              ],
              [
                5.456787017482059,
                50.688653297824104
              ],
              [
                5.457198198570151,
                50.68861059648298
              ],
              [
                5.4576008099421065,
                50.68854249708408
              ],
              [
                5.457990973635795,
                50.68844965556888
              ],
              [
                5.458364931644953,
                50.6883329661934
              ],
              [
                5.458719082130681,
                50.68819355291049
              ],
              [
                5.459050014125227,
                50.68803275853911
              ],
              [
                5.459354540393182,
                50.687852131824734
              ],
              [
                5.459629728133199,
                50.68765341251614
              ],
              [
                5.459872927224272,
                50.68743851460249
              ],
              [
                5.4600817957444825,
                50.687209507872204
              ],
              [
                5.460254322516598,
                50.68696859797211
              ],
              [
                5.460388846463713,
                50.686718105158526
              ],
              [
                5.4604840725890105,
                50.68646044194577
              ],
              [
                5.4605390844264505,
                50.68619808986726
              ],
              [
                5.460553352843256,
                50.685933575573294
              ],
              [
                5.460526741110327,
                50.68566944649585
              ],
              [
                5.4604595061927625,
                50.68540824631489
              ],
              [
                5.460352296249015,
                50.6851524904624
              ],
              [
                5.460206144363829,
                50.68490464189995
              ]
            ]
          ],
          [
            [
              [
                5.4476779544721845,
                50.686673720609235
              ],
              [
                5.447303983183869,
                50.686790375836466
              ],
              [
                5.446949809499552,
                50.686929754575885
              ],
              [
                5.446618844000271,
                50.687090514726854
              ],
              [
                5.446314273885091,
                50.687271108288954
              ],
              [
                5.446039032283534,
                50.68746979626222
              ],
              [
                5.445795770009756,
                50.687684665386406
              ],
              [
                5.445586830030421,
                50.687913646558485
              ],
              [
                5.445414224892273,
                50.68815453475139
              ],
              [
                5.4452796173271345,
                50.6884050102425
              ],
              [
                5.445184304221597,
                50.688662660947564
              ],
              [
                5.445129204106463,
                50.6889250056453
              ],
              [
                5.445114848287226,
                50.68918951786932
              ],
              [
                5.445141375701892,
                50.68945365023713
              ],
              [
                5.4452085315566645,
                50.68971485898226
              ],
              [
                5.4453156697536205,
                50.689970628453224
              ],
              [
                5.445461759088024,
                50.690218495343174
              ],
              [
                5.445645393156531,
                50.690456072417064
              ],
              [
                5.44586480388176,
                50.69068107150745
              ],
              [
                5.44611787852373,
                50.69089132555733
              ],
              [
                5.446402180014971,
                50.69108480949748
              ],
              [
                5.446714970423906,
                50.69125965975699
              ],
              [
                5.447053237320804,
                50.69141419221871
              ],
              [
                5.447413722792482,
                50.69154691844647
              ],
              [
                5.447792954826154,
                50.69165656002727
              ],
              [
                5.448187280759914,
                50.691742060890434
              ],
              [
                5.448592902477163,
                50.691802597484234
              ],
              [
                5.449005913005383,
                50.691837586712296
              ],
              [
                5.449422334166017,
                50.69184669155282
              ],
              [
                5.449422684420021,
                50.69184667734584
              ],
              [
                5.4494233342231935,
                50.69184669155229
              ],
              [
                5.449839154968732,
                50.691829824302296
              ],
              [
                5.450250370038103,
                50.69178714743358
              ],
              [
                5.450653018555683,
                50.69171907201625
              ],
              [
                5.451043222201467,
                50.69162625376082
              ],
              [
                5.451417222584277,
                50.691509586699254
              ],
              [
                5.451771417456973,
                50.69137019456951
              ],
              [
                5.452102395424178,
                50.691209419986784
              ],
              [
                5.452406968807592,
                50.691028811505994
              ],
              [
                5.452682204351986,
                50.690830108700304
              ],
              [
                5.452925451475857,
                50.69061522539994
              ],
              [
                5.453134367794612,
                50.69038623125266
              ],
              [
                5.453306941670628,
                50.69014533178407
              ],
              [
                5.453441511573325,
                50.689894847150114
              ],
              [
                5.4535367820633045,
                50.68963718978634
              ],
              [
                5.453591836247296,
                50.68937484116987
              ],
              [
                5.453606144584756,
                50.689110327917724
              ],
              [
                5.453579569962213,
                50.68884619745186
              ],
              [
                5.453512368987479,
                50.68858499346567
              ],
              [
                5.453405189492248,
                50.688329231427794
              ],
              [
                5.4532590642681695,
                50.688081374359456
              ],
              [
                5.453075401097658,
                50.68784380911828
              ],
              [
                5.4528559691763245,
                50.68761882341705
              ],
              [
                5.452602882058565,
                50.687408583798266
              ],
              [
                5.45231857729116,
                50.687215114776656
              ],
              [
                5.452005792931469,
                50.68704027934988
              ],
              [
                5.451667541176644,
                50.68688576106513
              ],
              [
                5.451307079357879,
                50.68675304781387
              ],
              [
                5.450927878578906,
                50.68664341751051
              ],
              [
                5.450533590300465,
                50.68655792579243
              ],
              [
                5.450128011192029,
                50.68649739586001
              ],
              [
                5.449715046588648,
                50.68646241055373
              ],
              [
                5.449298672903991,
                50.686453306744795
              ],
              [
                5.4492983226899865,
                50.68645332095142
              ],
              [
                5.449297672961159,
                50.68645330674426
              ],
              [
                5.448881899417539,
                50.686470172088974
              ],
              [
                5.448470729461688,
                50.68651284419578
              ],
              [
                5.448068122235517,
                50.68658091217749
              ],
              [
                5.4476779544721845,
                50.686673720609235
              ]
            ]
          ],
          [
            [
              [
                5.470276180275085,
                50.711588311154344
              ],
              [
                5.470022886807397,
                50.711378110433714
              ],
              [
                5.46973836601756,
                50.7111846848682
              ],
              [
                5.469425358043077,
                50.711009897036945
              ],
              [
                5.469086877234224,
                50.710855430028744
              ],
              [
                5.468726183127582,
                50.710722771241244
              ],
              [
                5.468346749063316,
                50.71061319806432
              ],
              [
                5.467952228748133,
                50.7105277655853
              ],
              [
                5.467546421085398,
                50.71046729643407
              ],
              [
                5.467133233610497,
                50.71043237286585
              ],
              [
                5.466716644882713,
                50.710423331157344
              ],
              [
                5.4663006661949884,
                50.71044025837049
              ],
              [
                5.465889302969243,
                50.71048299151439
              ],
              [
                5.465486516208127,
                50.71055111911418
              ],
              [
                5.4650961843733725,
                50.71064398517093
              ],
              [
                5.464722066056942,
                50.71076069547522
              ],
              [
                5.464367763803607,
                50.71090012621347
              ],
              [
                5.464036689432572,
                50.71106093478427
              ],
              [
                5.4637320311915225,
                50.711241572720986
              ],
              [
                5.4634567230589575,
                50.71144030059635
              ],
              [
                5.463213416490169,
                50.71165520476585
              ],
              [
                5.4630044548789325,
                50.71188421578894
              ],
              [
                5.462831850980947,
                50.71212512835106
              ],
              [
                5.462697267516789,
                50.712375622494875
              ],
              [
                5.46260200114169,
                50.712633285956414
              ],
              [
                5.462546969937187,
                50.7128956373915
              ],
              [
                5.462532704545878,
                50.71316015026874
              ],
              [
                5.462532809790257,
                50.71316119379753
              ],
              [
                5.4625327042756,
                50.71316315026872
              ],
              [
                5.462559342767036,
                50.71342727719907
              ],
              [
                5.462626629279246,
                50.71368847446849
              ],
              [
                5.462733916456566,
                50.71394422653592
              ],
              [
                5.4628801716599416,
                50.71419207026199
              ],
              [
                5.463063986888934,
                50.71442961863467
              ],
              [
                5.463283592321659,
                50.714654583762794
              ],
              [
                5.463536873343019,
                50.71486479891638
              ],
              [
                5.463821390897869,
                50.71505823940075
              ],
              [
                5.464134404973548,
                50.715233042063424
              ],
              [
                5.464472900985885,
                50.71538752324566
              ],
              [
                5.464833618814661,
                50.715520195005084
              ],
              [
                5.4652130842087425,
                50.71562977945332
              ],
              [
                5.4656076422581314,
                50.71571522106992
              ],
              [
                5.46574939492121,
                50.71573634382703
              ],
              [
                5.46584379751497,
                50.715961333736956
              ],
              [
                5.465990075326769,
                50.71620917345492
              ],
              [
                5.466173914092345,
                50.7164467168256
              ],
              [
                5.466393543763134,
                50.71667167600601
              ],
              [
                5.466646849490587,
                50.71688188432342
              ],
              [
                5.466931391981585,
                50.71707531714897
              ],
              [
                5.467244430983266,
                50.717250111403956
              ],
              [
                5.467582951671345,
                50.71740458351059
              ],
              [
                5.467943693687887,
                50.717537245613926
              ],
              [
                5.468323182548737,
                50.71764681991857
              ],
              [
                5.4687177631178185,
                50.71773225100176
              ],
              [
                5.469123634825425,
                50.71779271598389
              ],
              [
                5.4695368882906505,
                50.71782763245834
              ],
              [
                5.469953542994492,
                50.717836664104055
              ],
              [
                5.47036958563987,
                50.71781972392664
              ],
              [
                5.470781008828184,
                50.71777697509679
              ],
              [
                5.47118384967892,
                50.71770882937775
              ],
              [
                5.471574228019328,
                50.71761594315721
              ],
              [
                5.471948383775508,
                50.71749921112179
              ],
              [
                5.472302713203827,
                50.717359757635265
              ],
              [
                5.472633803613063,
                50.717198925903844
              ],
              [
                5.472938466242213,
                50.71701826503287
              ],
              [
                5.473213766976885,
                50.71681951510011
              ],
              [
                5.473457054608231,
                50.71660459038967
              ],
              [
                5.473665986362148,
                50.7163755609481
              ],
              [
                5.473838550453072,
                50.71613463264088
              ],
              [
                5.47397308544544,
                50.71588412590163
              ],
              [
                5.474068296236887,
                50.71562645337872
              ],
              [
                5.474123266509921,
                50.715364096695204
              ],
              [
                5.474137467532935,
                50.71509958254562
              ],
              [
                5.474110763226731,
                50.71483545836051
              ],
              [
                5.474043411448749,
                50.71457426777266
              ],
              [
                5.473936061483596,
                50.714318526121524
              ],
              [
                5.4737897477651085,
                50.71407069623185
              ],
              [
                5.473605879891324,
                50.71383316469943
              ],
              [
                5.473386229029419,
                50.71360821891232
              ],
              [
                5.473132910842304,
                50.713398025028525
              ],
              [
                5.4728483651019175,
                50.71320460712226
              ],
              [
                5.472535332185992,
                50.713029827698854
              ],
              [
                5.47219682668494,
                50.712875369766145
              ],
              [
                5.47183610837307,
                50.71274272063438
              ],
              [
                5.471456650823578,
                50.71263315760048
              ],
              [
                5.471062107969264,
                50.71254773565405
              ],
              [
                5.470921705213736,
                50.71252681934802
              ],
              [
                5.4708259423131835,
                50.71229863332462
              ],
              [
                5.47067965121288,
                50.71205079942559
              ],
              [
                5.47049580688671,
                50.71181326289009
              ],
              [
                5.470276180275085,
                50.711588311154344
              ]
            ]
          ]
        ]
      },
      "properties": {
        "type": "buffer_union_300m",
        "buffer_m": 300
      }
    },
    {
      "type": "Feature",
      "geometry": {
        "type": "MultiPolygon",
        "coordinates": [
          [
            [
              [
                5.4680047465692585,
                50.66750453240924
              ],
              [
                5.467759870559773,
                50.66718780811362
              ],
              [
                5.46746732985383,
                50.66688786244721
              ],
              [
                5.467129942319719,
                50.66660758370802
              ],
              [
                5.466750957502157,
                50.666349670764205
              ],
              [
                5.46633402531517,
                50.66611660707662
              ],
              [
                5.465883160888245,
                50.665910636796454
              ],
              [
                5.465402705904417,
                50.6657337431674
              ],
              [
                5.464897286802395,
                50.66558762943986
              ],
              [
                5.464371770244697,
                50.66547370248047
              ],
              [
                5.463831216279757,
                50.66539305923429
              ],
              [
                5.4632808296479025,
                50.66534647616959
              ],
              [
                5.462725909698744,
                50.665334401806625
              ],
              [
                5.462171799400651,
                50.66535695240193
              ],
              [
                5.461623833931702,
                50.665413910829756
              ],
              [
                5.461087289345374,
                50.66550472867121
              ],
              [
                5.46099573371843,
                50.66552652844484
              ],
              [
                5.460947298411787,
                50.66553472662987
              ],
              [
                5.460427340172228,
                50.66565852882592
              ],
              [
                5.459928975454575,
                50.66581412398872
              ],
              [
                5.45945700303967,
                50.66600001395465
              ],
              [
                5.459015967738229,
                50.66621440884439
              ],
              [
                5.458610116642647,
                50.66645524428724
              ],
              [
                5.458243358237427,
                50.666720201288044
              ],
              [
                5.457919224761545,
                50.66700672854552
              ],
              [
                5.457640838185118,
                50.66731206700833
              ],
              [
                5.457410880128238,
                50.66763327643214
              ],
              [
                5.457231566012257,
                50.667967263683096
              ],
              [
                5.457104623693355,
                50.668310812515315
              ],
              [
                5.45703127678534,
                50.66866061453605
              ],
              [
                5.457012232833696,
                50.66901330106081
              ],
              [
                5.457047676456393,
                50.6693654755518
              ],
              [
                5.457137267519261,
                50.66971374632739
              ],
              [
                5.45728014436526,
                50.67005475922772
              ],
              [
                5.457474932068366,
                50.67038522992184
              ],
              [
                5.457719755634267,
                50.67070197554489
              ],
              [
                5.458012258022302,
                50.67100194536043
              ],
              [
                5.458349622816444,
                50.671282250152466
              ],
              [
                5.458728601328087,
                50.67154019006324
              ],
              [
                5.459145543870441,
                50.6717732806086
              ],
              [
                5.459596434903786,
                50.671979276619545
              ],
              [
                5.4600769317132745,
                50.672156193879104
              ],
              [
                5.46058240624654,
                50.67230232824531
              ],
              [
                5.461107989707645,
                50.67241627207583
              ],
              [
                5.461648619476982,
                50.67249692779533
              ],
              [
                5.462199087904106,
                50.67254351847487
              ],
              [
                5.462754092502164,
                50.67255559532053
              ],
              [
                5.4633082870589,
                50.6725330419995
              ],
              [
                5.463856333170298,
                50.67247607576144
              ],
              [
                5.464392951698736,
                50.6723852453443
              ],
              [
                5.464484519064449,
                50.672363442941766
              ],
              [
                5.464532960766154,
                50.67235524330279
              ],
              [
                5.46505298202769,
                50.672231423019554
              ],
              [
                5.465551397626377,
                50.67207580622236
              ],
              [
                5.466023406803621,
                50.671889891888995
              ],
              [
                5.466464463311425,
                50.67167547081887
              ],
              [
                5.46687031921605,
                50.671434608373524
              ],
              [
                5.4672370658201785,
                50.67116962457175
              ],
              [
                5.4675611713089864,
                50.67088307173206
              ],
              [
                5.467839514757467,
                50.6705777098777
              ],
              [
                5.468069416171727,
                50.670256480142214
              ],
              [
                5.468248662275503,
                50.66992247643205
              ],
              [
                5.468375527794465,
                50.66957891561937
              ],
              [
                5.468448792034506,
                50.66922910655287
              ],
              [
                5.468467750595797,
                50.66887641818518
              ],
              [
                5.468432222111388,
                50.668524247124225
              ],
              [
                5.468342549947197,
                50.668175984920985
              ],
              [
                5.468199598848827,
                50.667834985408874
              ],
              [
                5.4680047465692585,
                50.66750453240924
              ]
            ]
          ],
          [
            [
              [
                5.459994906609441,
                50.67924281835335
              ],
              [
                5.459716461264064,
                50.67954816092205
              ],
              [
                5.459486457696311,
                50.67986937354722
              ],
              [
                5.459307111766298,
                50.680203363064166
              ],
              [
                5.459180151637134,
                50.68054691320517
              ],
              [
                5.459106801094743,
                50.68089671556491
              ],
              [
                5.459087767720237,
                50.68124940145561
              ],
              [
                5.459123236030359,
                50.68160157434556
              ],
              [
                5.459206368902928,
                50.68192459872597
              ],
              [
                5.459168908144884,
                50.68199435703993
              ],
              [
                5.459041942189187,
                50.682337906891
              ],
              [
                5.458968587837172,
                50.68268770902157
              ],
              [
                5.458962555538737,
                50.682799476917296
              ],
              [
                5.458902583115704,
                50.6827773997299
              ],
              [
                5.458397001545694,
                50.682631258442605
              ],
              [
                5.457871310825232,
                50.68251730268076
              ],
              [
                5.4573305726794725,
                50.682436629666704
              ],
              [
                5.4567799936218115,
                50.682390016155374
              ],
              [
                5.45622487485423,
                50.68237791096012
              ],
              [
                5.455670561258967,
                50.682400430634374
              ],
              [
                5.455122389971064,
                50.68245735835006
              ],
              [
                5.454585639025247,
                50.68254814598406
              ],
              [
                5.454065476569915,
                50.68267191939208
              ],
              [
                5.453566911135648,
                50.68282748681995
              ],
              [
                5.4530947434355985,
                50.68301335037116
              ],
              [
                5.452653520160606,
                50.6832277204208
              ],
              [
                5.452247490212923,
                50.683468532837416
              ],
              [
                5.451880563799228,
                50.68373346884762
              ],
              [
                5.451556274776415,
                50.684019977352364
              ],
              [
                5.451277746612684,
                50.68432529948097
              ],
              [
                5.451047662291945,
                50.68464649514645
              ],
              [
                5.450868238451961,
                50.684980471347565
              ],
              [
                5.450741204006182,
                50.68532401194489
              ],
              [
                5.450671490016,
                50.68565614963168
              ],
              [
                5.450383662419734,
                50.68561319300355
              ],
              [
                5.449833053152944,
                50.68556654679914
              ],
              [
                5.449277898788927,
                50.68555440861565
              ],
              [
                5.44927754858159,
                50.68555442282223
              ],
              [
                5.449276898865152,
                50.68555440861494
              ],
              [
                5.448722544628337,
                50.68557689531866
              ],
              [
                5.448174328044718,
                50.68563379040375
              ],
              [
                5.447637527585014,
                50.685724546061245
              ],
              [
                5.447117311874215,
                50.68584828845474
              ],
              [
                5.446618689955504,
                50.686003826128726
              ],
              [
                5.446146463085733,
                50.686189661473186
              ],
              [
                5.445705178525298,
                50.686404005134825
              ],
              [
                5.445299085766404,
                50.68664479323635
              ],
              [
                5.444932095620393,
                50.68690970723849
              ],
              [
                5.444607742557734,
                50.6871961962542
              ],
              [
                5.444329150663201,
                50.68750150160049
              ],
              [
                5.44409900353435,
                50.68782268335209
              ],
              [
                5.4439195184137565,
                50.68815664864175
              ],
              [
                5.443792424805025,
                50.68850018143524
              ],
              [
                5.443718947779707,
                50.688849973494406
              ],
              [
                5.443699796137277,
                50.689202656230876
              ],
              [
                5.443735155533836,
                50.689554833143454
              ],
              [
                5.443824686647448,
                50.68990311252732
              ],
              [
                5.4439675283995435,
                50.69024414013984
              ],
              [
                5.444162306203194,
                50.69057463150844
              ],
              [
                5.444407145160497,
                50.69089140356922
              ],
              [
                5.4446996880835465,
                50.69119140533121
              ],
              [
                5.4450371181667965,
                50.691471747270754
              ],
              [
                5.445416186093566,
                50.69172972917232
              ],
              [
                5.445833241316457,
                50.69196286614733
              ],
              [
                5.446284267210873,
                50.69216891257957
              ],
              [
                5.446764919763264,
                50.69234588376637
              ],
              [
                5.447270569421234,
                50.69249207504634
              ],
              [
                5.447796345701943,
                50.69260607822886
              ],
              [
                5.4483371841282695,
                50.69268679516692
              ],
              [
                5.448887875039546,
                50.6927334483418
              ],
              [
                5.449443113805383,
                50.692745588357624
              ],
              [
                5.449443464066058,
                50.69274557415059
              ],
              [
                5.44944411388162,
                50.69274558835693
              ],
              [
                5.449998552033114,
                50.69272309826763
              ],
              [
                5.45054684881895,
                50.69266619471851
              ],
              [
                5.451083722686247,
                50.69257542584367
              ],
              [
                5.451604002188946,
                50.6924516659873
              ],
              [
                5.4521026758322995,
                50.692296107275894
              ],
              [
                5.4525749403716155,
                50.6921102481278
              ],
              [
                5.453016247098762,
                50.69189587881094
              ],
              [
                5.453422345669551,
                50.69165506418845
              ],
              [
                5.453789325049144,
                50.69139012381864
              ],
              [
                5.454113651180659,
                50.691103609601775
              ],
              [
                5.4543922010140955,
                50.690798281189245
              ],
              [
                5.454622292568096,
                50.69047707939267
              ],
              [
                5.454801710735597,
                50.690143097849536
              ],
              [
                5.454928728585762,
                50.689799553218684
              ],
              [
                5.454998418721763,
                50.68946741330844
              ],
              [
                5.455286274039655,
                50.689510358534186
              ],
              [
                5.455836934735944,
                50.68955697900633
              ],
              [
                5.4563921378953255,
                50.68956908602419
              ],
              [
                5.45694653539243,
                50.689546562964246
              ],
              [
                5.4574947868679144,
                50.689489626784685
              ],
              [
                5.458031611205491,
                50.68939882593388
              ],
              [
                5.458551837436355,
                50.68927503506407
              ],
              [
                5.459050454579068,
                50.68911944660046
              ],
              [
                5.459522659933354,
                50.68893355924795
              ],
              [
                5.459963905361338,
                50.688719163546104
              ],
              [
                5.460369941109444,
                50.688478324612205
              ],
              [
                5.460736856748086,
                50.68821336223868
              ],
              [
                5.461061118834448,
                50.68792682853767
              ],
              [
                5.461339604935483,
                50.68762148334819
              ],
              [
                5.461569633683727,
                50.68730026764339
              ],
              [
                5.461748990577037,
                50.68696627519463
              ],
              [
                5.4618759492746864,
                50.68662272276573
              ],
              [
                5.4619492881859015,
                50.6862729191247
              ],
              [
                5.461954646073284,
                50.6861735375769
              ],
              [
                5.4620162913584265,
                50.68619622678002
              ],
              [
                5.462521922350676,
                50.68634235229126
              ],
              [
                5.463047666933245,
                50.686456287034666
              ],
              [
                5.4635884609342265,
                50.686536933522504
              ],
              [
                5.464139095120859,
                50.68658351491465
              ],
              [
                5.464694265409216,
                50.686595582506705
              ],
              [
                5.465248623990628,
                50.68657302005496
              ],
              [
                5.465796830880721,
                50.686516044897054
              ],
              [
                5.466333605392816,
                50.686425205856814
              ],
              [
                5.466853777038228,
                50.686301377954315
              ],
              [
                5.467352335361502,
                50.68614575397147
              ],
              [
                5.467824478229131,
                50.68595983295532
              ],
              [
                5.468265658105336,
                50.68574540576968
              ],
              [
                5.468671625868141,
                50.68550453783499
              ],
              [
                5.46891309132144,
                50.6853301173803
              ],
              [
                5.469141624129645,
                50.685194521678696
              ],
              [
                5.469508464953334,
                50.68492953157276
              ],
              [
                5.4698326511838395,
                50.684642973324365
              ],
              [
                5.470111061118866,
                50.68433760700888
              ],
              [
                5.470341014124636,
                50.68401637380283
              ],
              [
                5.470520296428553,
                50.683682367646114
              ],
              [
                5.470647182408269,
                50.68333880543444
              ],
              [
                5.4707204511733,
                50.68298899602997
              ],
              [
                5.470739398280941,
                50.682636308388595
              ],
              [
                5.470703842475261,
                50.6822841391112
              ],
              [
                5.470614127385994,
                50.681935879731576
              ],
              [
                5.47047111817278,
                50.68159488405592
              ],
              [
                5.470392298956342,
                50.68146126575595
              ],
              [
                5.470409219911192,
                50.681146324354714
              ],
              [
                5.47037366769326,
                50.68079415485758
              ],
              [
                5.470283957874844,
                50.68044589510658
              ],
              [
                5.470140955564756,
                50.680104898911516
              ],
              [
                5.470107058297276,
                50.680047432046614
              ],
              [
                5.470194352140208,
                50.68003265389353
              ],
              [
                5.470714443167408,
                50.679908808628966
              ],
              [
                5.471212921199447,
                50.67975316795207
              ],
              [
                5.471684984876369,
                50.67956723107062
              ],
              [
                5.4721260874253055,
                50.67935278900125
              ],
              [
                5.472531980469191,
                50.679111907307735
              ],
              [
                5.472898754953193,
                50.67884690619433
              ],
              [
                5.4732228787942265,
                50.67856033814622
              ],
              [
                5.473501230890845,
                50.67825496333312
              ],
              [
                5.473731131166226,
                50.67793372301339
              ],
              [
                5.473910366355475,
                50.67759971119536
              ],
              [
                5.4740372112898,
                50.677256144829265
              ],
              [
                5.4741104454737775,
                50.67690633281722
              ],
              [
                5.47412936479746,
                50.676553644140185
              ],
              [
                5.4740937882721905,
                50.676201475408995
              ],
              [
                5.474004059726912,
                50.675853218152135
              ],
              [
                5.4738610444505245,
                50.67551222615535
              ],
              [
                5.473780119909388,
                50.675375039973716
              ],
              [
                5.473773027888213,
                50.675358130176996
              ],
              [
                5.47357810550507,
                50.67502768703085
              ],
              [
                5.473333153038547,
                50.67471097495154
              ],
              [
                5.47304053025852,
                50.67441104374652
              ],
              [
                5.472703055823706,
                50.67413078157454
              ],
              [
                5.472323980115649,
                50.67387288714412
              ],
              [
                5.4719069539235425,
                50.67363984373783
              ],
              [
                5.471455993281964,
                50.673433895311526
              ],
              [
                5.470975440800253,
                50.67325702489845
              ],
              [
                5.470469923855722,
                50.67311093552538
              ],
              [
                5.469944310052775,
                50.67299703382446
              ],
              [
                5.469403660375951,
                50.672916416497536
              ],
              [
                5.46885318048691,
                50.672869859763296
              ],
              [
                5.468298170632951,
                50.67285781188848
              ],
              [
                5.467743974647881,
                50.67288038887457
              ],
              [
                5.467195928534629,
                50.672937373341725
              ],
              [
                5.466659309123011,
                50.67302821662033
              ],
              [
                5.4661392832953055,
                50.673152044030346
              ],
              [
                5.465640858266922,
                50.673307663297585
              ],
              [
                5.465168833399442,
                50.67349357602637
              ],
              [
                5.464727754008723,
                50.67370799211818
              ],
              [
                5.464670718523807,
                50.673741837475234
              ],
              [
                5.464665055821869,
                50.67374459017971
              ],
              [
                5.4642591687901065,
                50.67398544483996
              ],
              [
                5.4641932977236864,
                50.67403303195658
              ],
              [
                5.46413642983341,
                50.67403894314359
              ],
              [
                5.463599792003413,
                50.674129772348856
              ],
              [
                5.4635995686830725,
                50.674129825518115
              ],
              [
                5.4635992920360605,
                50.674129872341574
              ],
              [
                5.4630792460362025,
                50.67425368610222
              ],
              [
                5.462580799278155,
                50.67440929227784
              ],
              [
                5.462108751332651,
                50.6745951925988
              ],
              [
                5.461667647737689,
                50.67480959708605
              ],
              [
                5.461261736243334,
                50.67505044127653
              ],
              [
                5.46089492591582,
                50.675315406090824
              ],
              [
                5.460570749494307,
                50.67560194015247
              ],
              [
                5.460292329362723,
                50.67590728434458
              ],
              [
                5.46006234746461,
                50.67622849836764
              ],
              [
                5.459883019451284,
                50.67656248904354
              ],
              [
                5.459882731694398,
                50.6765632677984
              ],
              [
                5.45988051893896,
                50.67656738892826
              ],
              [
                5.459753572769451,
                50.67691093997498
              ],
              [
                5.45968023213141,
                50.67726074298268
              ],
              [
                5.459661204510389,
                50.677613429257335
              ],
              [
                5.459696674367535,
                50.67796560226353
              ],
              [
                5.459786301316455,
                50.678313870333874
              ],
              [
                5.459929223354899,
                50.67865487933458
              ],
              [
                5.460124065121957,
                50.67898534497219
              ],
              [
                5.460189893775568,
                50.67907048927998
              ],
              [
                5.459994906609441,
                50.67924281835335
              ]
            ]
          ],
          [
            [
              [
                5.471103795824938,
                50.71079746043612
              ],
              [
                5.470724434050006,
                50.71053956299741
              ],
              [
                5.470307091436212,
                50.710306515851535
              ],
              [
                5.4698557870652555,
                50.71010056299027
              ],
              [
                5.4693748668562225,
                50.70992368748945
              ],
              [
                5.4688689617269475,
                50.709777592424814
              ],
              [
                5.4683429430190555,
                50.7096636844832
              ],
              [
                5.467801875615078,
                50.709583060426496
              ],
              [
                5.467250969197939,
                50.709536496538135
              ],
              [
                5.466695528120826,
                50.70952444115372
              ],
              [
                5.466140900368571,
                50.709547010347045
              ],
              [
                5.4655924261003745,
                50.70960398681329
              ],
              [
                5.465055386267606,
                50.709694821959935
              ],
              [
                5.464534951799758,
                50.70981864118525
              ],
              [
                5.464036133846208,
                50.70997425229396
              ],
              [
                5.463563735551421,
                50.710160156968996
              ],
              [
                5.4631223058266745,
                50.7103745651895
              ],
              [
                5.462716095562409,
                50.71061541245651
              ],
              [
                5.462349016702095,
                50.71088037966111
              ],
              [
                5.462024604571292,
                50.711166915403886
              ],
              [
                5.46174598382457,
                50.71147226055186
              ],
              [
                5.4615158383384586,
                50.71179347479636
              ],
              [
                5.461336385340958,
                50.7121274649572
              ],
              [
                5.461209354027641,
                50.712471014760496
              ],
              [
                5.461135968871481,
                50.712820815804164
              ],
              [
                5.4611169377885505,
                50.71317349941313
              ],
              [
                5.461117043001621,
                50.71317454294318
              ],
              [
                5.461116937428179,
                50.71317649941308
              ],
              [
                5.461152444917058,
                50.71352866907733
              ],
              [
                5.461242150231969,
                50.713876933161885
              ],
              [
                5.461385190617683,
                50.71421793757129
              ],
              [
                5.461580189575111,
                50.71454839805626
              ],
              [
                5.461825270077079,
                50.71486513185013
              ],
              [
                5.46211807260978,
                50.715165088330295
              ],
              [
                5.462455777867522,
                50.71544537840905
              ],
              [
                5.462835133883318,
                50.715703302370216
              ],
              [
                5.463252487334828,
                50.71593637588311
              ],
              [
                5.46370381872463,
                50.71614235394269
              ],
              [
                5.464184781096144,
                50.71631925250477
              ],
              [
                5.46461865750695,
                50.7164445507296
              ],
              [
                5.464690061124415,
                50.71656553564649
              ],
              [
                5.464935173008643,
                50.71688226277123
              ],
              [
                5.465228007859152,
                50.71718221132129
              ],
              [
                5.465565746058971,
                50.717462492285236
              ],
              [
                5.465945135323788,
                50.717720406034715
              ],
              [
                5.466362522010964,
                50.71795346833737
              ],
              [
                5.466813886302883,
                50.718159434296126
              ],
              [
                5.46729488092597,
                50.718336319983294
              ],
              [
                5.467800873032253,
                50.718482421560914
              ],
              [
                5.468326988839535,
                50.718596331702386
              ],
              [
                5.46886816059939,
                50.71867695315684
              ],
              [
                5.469419175439465,
                50.71872350932529
              ],
              [
                5.469974725608287,
                50.718735551746235
              ],
              [
                5.470529459637057,
                50.71871296441848
              ],
              [
                5.471078033924013,
                50.71865596491926
              ],
              [
                5.471615164242727,
                50.71856510230693
              ],
              [
                5.47213567667654,
                50.718441251828644
              ],
              [
                5.4726345574868835,
                50.718285606483846
              ],
              [
                5.473107001433647,
                50.718099665525386
              ],
              [
                5.473548458080908,
                50.71788522000923
              ],
              [
                5.47395467564097,
                50.71764433553245
              ],
              [
                5.4743217419336405,
                50.717379332326196
              ],
              [
                5.474646122065859,
                50.71709276289593
              ],
              [
                5.474924692468633,
                50.716787387424745
              ],
              [
                5.4751547709637665,
                50.71646614717743
              ],
              [
                5.475334142571354,
                50.71613213616168
              ],
              [
                5.475461080810427,
                50.71578857132005
              ],
              [
                5.475534364288788,
                50.71543876153999
              ],
              [
                5.475553288423696,
                50.715086075781024
              ],
              [
                5.4755176721821455,
                50.71473391062582
              ],
              [
                5.4754278597775405,
                50.71438565756842
              ],
              [
                5.475284717308263,
                50.714044670354085
              ],
              [
                5.475089624372258,
                50.713714232685554
              ],
              [
                5.474844460740104,
                50.7133975266066
              ],
              [
                5.474551588216498,
                50.713097601866885
              ],
              [
                5.474213827866169,
                50.71281734656269
              ],
              [
                5.473834432824659,
                50.71255945933635
              ],
              [
                5.473417056956603,
                50.71232642340097
              ],
              [
                5.472965719663846,
                50.71212048264031
              ],
              [
                5.472484767182398,
                50.71194362001371
              ],
              [
                5.4720530456615375,
                50.71181896710947
              ],
              [
                5.471979495642423,
                50.711694370277556
              ],
              [
                5.471734363406941,
                50.71137765752765
              ],
              [
                5.47144152321665,
                50.71107772485624
              ],
              [
                5.471103795824938,
                50.71079746043612
              ]
            ]
          ]
        ]
      },
      "properties": {
        "type": "buffer_union_400m",
        "buffer_m": 400
      }
    },
    {
      "type": "Feature",
      "geometry": {
        "type": "Polygon",
        "coordinates": [
          [
            [
              5.4227427,
              50.6763278
            ],
            [
              5.4293613,
              50.6732346
            ],
            [
              5.4306432,
              50.6728792
            ],
            [
              5.4323495,
              50.67218
            ],
            [
              5.4315379,
              50.6715712
            ],
            [
              5.4325938,
              50.6709134
            ],
            [
              5.4313674,
              50.670469
            ],
            [
              5.4299572,
              50.6696506
            ],
            [
              5.4313975,
              50.668688
            ],
            [
              5.4340696,
              50.6704909
            ],
            [
              5.4355993,
              50.6693377
            ],
            [
              5.4364117,
              50.6696421
            ],
            [
              5.4392237,
              50.6664814
            ],
            [
              5.4379523,
              50.6653424
            ],
            [
              5.4397805,
              50.6645064
            ],
            [
              5.4393167,
              50.6639944
            ],
            [
              5.4388627,
              50.6629919
            ],
            [
              5.4383216,
              50.6620403
            ],
            [
              5.4405695,
              50.6610705
            ],
            [
              5.4403604,
              50.6607765
            ],
            [
              5.4436636,
              50.6604239
            ],
            [
              5.4482014,
              50.659682
            ],
            [
              5.4481025,
              50.6595184
            ],
            [
              5.4523832,
              50.6587765
            ],
            [
              5.4525512,
              50.6589776
            ],
            [
              5.4564264,
              50.6585385
            ],
            [
              5.4563449,
              50.6584684
            ],
            [
              5.4572327,
              50.6584323
            ],
            [
              5.4585718,
              50.6584692
            ],
            [
              5.4594914,
              50.6587198
            ],
            [
              5.4644146,
              50.6591034
            ],
            [
              5.4650078,
              50.6590468
            ],
            [
              5.4666786,
              50.6590972
            ],
            [
              5.4675782,
              50.6592543
            ],
            [
              5.4783541,
              50.6598203
            ],
            [
              5.4787594,
              50.6597637
            ],
            [
              5.48804,
              50.6603369
            ],
            [
              5.4876445,
              50.6620617
            ],
            [
              5.4853848,
              50.6622234
            ],
            [
              5.485865,
              50.6663291
            ],
            [
              5.48648,
              50.6676611
            ],
            [
              5.4873061,
              50.6684976
            ],
            [
              5.4869091,
              50.6688784
            ],
            [
              5.4876387,
              50.6695379
            ],
            [
              5.4879177,
              50.6700003
            ],
            [
              5.4875636,
              50.6702247
            ],
            [
              5.4883365,
              50.6709105
            ],
            [
              5.4876921,
              50.6712417
            ],
            [
              5.4889782,
              50.6717052
            ],
            [
              5.4915447,
              50.6734416
            ],
            [
              5.4896684,
              50.6743874
            ],
            [
              5.4912443,
              50.6759443
            ],
            [
              5.4909056,
              50.6760484
            ],
            [
              5.4911148,
              50.6762795
            ],
            [
              5.4906016,
              50.6763827
            ],
            [
              5.4912698,
              50.6772241
            ],
            [
              5.4881953,
              50.6781419
            ],
            [
              5.4858639,
              50.6793738
            ],
            [
              5.4829797,
              50.6806551
            ],
            [
              5.4831816,
              50.6822293
            ],
            [
              5.4813457,
              50.6828581
            ],
            [
              5.4802864,
              50.6820047
            ],
            [
              5.4793684,
              50.6823641
            ],
            [
              5.4787329,
              50.6820497
            ],
            [
              5.4766144,
              50.6821844
            ],
            [
              5.4807405,
              50.6905319
            ],
            [
              5.48216,
              50.6906606
            ],
            [
              5.4816165,
              50.6909042
            ],
            [
              5.476152,
              50.6946517
            ],
            [
              5.4758938,
              50.6946624
            ],
            [
              5.4696235,
              50.6965125
            ],
            [
              5.4632682,
              50.7001956
            ],
            [
              5.4604882,
              50.7014275
            ],
            [
              5.4613678,
              50.7019959
            ],
            [
              5.46175,
              50.7018533
            ],
            [
              5.4628605,
              50.7026687
            ],
            [
              5.4657197,
              50.7053085
            ],
            [
              5.4673858,
              50.7062904
            ],
            [
              5.4680264,
              50.7058793
            ],
            [
              5.4683322,
              50.7060491
            ],
            [
              5.4687477,
              50.7056907
            ],
            [
              5.4714833,
              50.7070528
            ],
            [
              5.4747764,
              50.7085477
            ],
            [
              5.4841367,
              50.7126678
            ],
            [
              5.484784,
              50.7132482
            ],
            [
              5.4840231,
              50.7136992
            ],
            [
              5.4840767,
              50.7137332
            ],
            [
              5.4823148,
              50.7143927
            ],
            [
              5.4811556,
              50.7147064
            ],
            [
              5.4784905,
              50.7158233
            ],
            [
              5.4800821,
              50.7169734
            ],
            [
              5.4792362,
              50.7174829
            ],
            [
              5.4797195,
              50.7177726
            ],
            [
              5.4791865,
              50.7181705
            ],
            [
              5.4799662,
              50.7188133
            ],
            [
              5.478641,
              50.7201541
            ],
            [
              5.4803234,
              50.7209144
            ],
            [
              5.4794834,
              50.7215138
            ],
            [
              5.4806956,
              50.7221251
            ],
            [
              5.4788469,
              50.7236978
            ],
            [
              5.4786198,
              50.7235402
            ],
            [
              5.4740951,
              50.7259211
            ],
            [
              5.4750446,
              50.7265781
            ],
            [
              5.4747764,
              50.7268159
            ],
            [
              5.4756213,
              50.7274135
            ],
            [
              5.4747335,
              50.7281045
            ],
            [
              5.4754442,
              50.7291224
            ],
            [
              5.475685,
              50.729729
            ],
            [
              5.4757366,
              50.7300351
            ],
            [
              5.47564,
              50.7311529
            ],
            [
              5.4756655,
              50.7335509
            ],
            [
              5.4747066,
              50.7339227
            ],
            [
              5.4730008,
              50.735072
            ],
            [
              5.4710186,
              50.7348343
            ],
            [
              5.4700059,
              50.7354077
            ],
            [
              5.4675559,
              50.7365471
            ],
            [
              5.4679528,
              50.7370156
            ],
            [
              5.4674781,
              50.7374231
            ],
            [
              5.4671921,
              50.7388814
            ],
            [
              5.4670597,
              50.7391036
            ],
            [
              5.4620896,
              50.7388014
            ],
            [
              5.4625938,
              50.7367712
            ],
            [
              5.4600994,
              50.7364114
            ],
            [
              5.461242,
              50.7348903
            ],
            [
              5.4625654,
              50.7315083
            ],
            [
              5.4631678,
              50.7305749
            ],
            [
              5.4614845,
              50.7301144
            ],
            [
              5.4615156,
              50.7300655
            ],
            [
              5.4598901,
              50.7294068
            ],
            [
              5.4585517,
              50.7284917
            ],
            [
              5.4570523,
              50.7278142
            ],
            [
              5.4564838,
              50.7265001
            ],
            [
              5.4545097,
              50.7271452
            ],
            [
              5.4534635,
              50.7257225
            ],
            [
              5.4547457,
              50.7249142
            ],
            [
              5.4524524,
              50.7231551
            ],
            [
              5.4545778,
              50.7219576
            ],
            [
              5.4548315,
              50.7217151
            ],
            [
              5.4532329,
              50.7209017
            ],
            [
              5.4527915,
              50.7207554
            ],
            [
              5.4493464,
              50.7201578
            ],
            [
              5.4491279,
              50.7205288
            ],
            [
              5.4483103,
              50.7204057
            ],
            [
              5.4479731,
              50.7214252
            ],
            [
              5.4483296,
              50.7215387
            ],
            [
              5.4477778,
              50.7218811
            ],
            [
              5.4428419,
              50.7221964
            ],
            [
              5.4427832,
              50.7217879
            ],
            [
              5.4402585,
              50.7219101
            ],
            [
              5.4398051,
              50.7219872
            ],
            [
              5.4396085,
              50.7225723
            ],
            [
              5.4385123,
              50.7216698
            ],
            [
              5.4375841,
              50.7210888
            ],
            [
              5.4356709,
              50.7221843
            ],
            [
              5.4349982,
              50.7213187
            ],
            [
              5.4352436,
              50.7211786
            ],
            [
              5.4323482,
              50.7181066
            ],
            [
              5.4320186,
              50.7186975
            ],
            [
              5.4317365,
              50.7197157
            ],
            [
              5.4297839,
              50.719185
            ],
            [
              5.4299717,
              50.7190177
            ],
            [
              5.4280902,
              50.7182486
            ],
            [
              5.4285002,
              50.7179236
            ],
            [
              5.427428,
              50.7173226
            ],
            [
              5.4283025,
              50.7167136
            ],
            [
              5.4277302,
              50.7163989
            ],
            [
              5.4292773,
              50.715483
            ],
            [
              5.4279888,
              50.7146158
            ],
            [
              5.4279282,
              50.7146611
            ],
            [
              5.426504,
              50.7136227
            ],
            [
              5.4264318,
              50.7136629
            ],
            [
              5.4243749,
              50.7122553
            ],
            [
              5.4248677,
              50.7107951
            ],
            [
              5.4232465,
              50.708679
            ],
            [
              5.4234262,
              50.707922
            ],
            [
              5.4246141,
              50.7083041
            ],
            [
              5.424934,
              50.7078664
            ],
            [
              5.4238128,
              50.7075251
            ],
            [
              5.4239186,
              50.7070022
            ],
            [
              5.423553,
              50.7069474
            ],
            [
              5.4237829,
              50.7060935
            ],
            [
              5.4239211,
              50.7061049
            ],
            [
              5.4240775,
              50.705455
            ],
            [
              5.4240171,
              50.7054154
            ],
            [
              5.4249069,
              50.7048822
            ],
            [
              5.4227048,
              50.7026729
            ],
            [
              5.4230434,
              50.7025847
            ],
            [
              5.4229655,
              50.7025061
            ],
            [
              5.424858,
              50.7018468
            ],
            [
              5.4231486,
              50.6999574
            ],
            [
              5.4247412,
              50.6991256
            ],
            [
              5.4236187,
              50.6981508
            ],
            [
              5.423862,
              50.698034
            ],
            [
              5.4231961,
              50.6974391
            ],
            [
              5.4237087,
              50.6972105
            ],
            [
              5.4211218,
              50.6948126
            ],
            [
              5.4229915,
              50.6937871
            ],
            [
              5.4232016,
              50.6939441
            ],
            [
              5.4250629,
              50.6929126
            ],
            [
              5.4257328,
              50.6932904
            ],
            [
              5.4262511,
              50.6930165
            ],
            [
              5.4267628,
              50.693401
            ],
            [
              5.4293206,
              50.691783
            ],
            [
              5.4287351,
              50.6913331
            ],
            [
              5.4293861,
              50.6909331
            ],
            [
              5.4279081,
              50.6897578
            ],
            [
              5.4284781,
              50.6894415
            ],
            [
              5.4272655,
              50.6882168
            ],
            [
              5.4292555,
              50.686816
            ],
            [
              5.4283945,
              50.6859167
            ],
            [
              5.426608,
              50.6844626
            ],
            [
              5.426519,
              50.6844976
            ],
            [
              5.4262427,
              50.6842409
            ],
            [
              5.4263287,
              50.6842273
            ],
            [
              5.4246304,
              50.6827673
            ],
            [
              5.4239086,
              50.6819992
            ],
            [
              5.4237965,
              50.6820391
            ],
            [
              5.423179,
              50.6813657
            ],
            [
              5.4227593,
              50.6807795
            ],
            [
              5.4228438,
              50.6807346
            ],
            [
              5.4207133,
              50.6787504
            ],
            [
              5.4216414,
              50.6783623
            ],
            [
              5.4228771,
              50.6784335
            ],
            [
              5.4227427,
              50.6763278
            ]
          ]
        ]
      },
      "properties": {
        "type": "boundary",
        "gemeente": "Awans"
      }
    }
  ]
}