{
  "type": "FeatureCollection",
  "metadata": {
    "gemeente": "Belœil",
    "slug": "belil",
    "generated_at": "2026-09-25T22:11:35.053872Z",
    "total_points": 30,
    "providers": [
      "bpost",
      "DHL",
      "GLS",
      "InPost",
      "VintedGo",
      "PostNL",
      "DPD",
      "Amazon"
    ],
    "bounds": [
      3.64931,
      50.51105,
      3.73953,
      50.55488
    ]
  },
  "features": [
    {
      "type": "Feature",
      "geometry": {
        "type": "Point",
        "coordinates": [
          3.73216,
          50.54134
        ]
      },
      "properties": {
        "type": "pakketpunt",
        "locatieNaam": "Bbox 24/7 Proxy Beloeil",
        "straatNaam": "Rue Des Viviers Au Bois",
        "straatNr": "206",
        "vervoerder": "bpost",
        "puntType": "automaat",
        "bezettingsgraad": 50,
        "latitude": 50.54134,
        "longitude": 3.73216,
        "canPickup": true,
        "canDropoff": true,
        "openingstijden": null
      }
    },
    {
      "type": "Feature",
      "geometry": {
        "type": "Point",
        "coordinates": [
          3.7391,
          50.55488
        ]
      },
      "properties": {
        "type": "pakketpunt",
        "locatieNaam": "Bbox 24/7 Chez John Et Nathalie",
        "straatNaam": "Rue D'Ath",
        "straatNr": "77",
        "vervoerder": "bpost",
        "puntType": "automaat",
        "bezettingsgraad": 50,
        "latitude": 50.55488,
        "longitude": 3.7391,
        "canPickup": true,
        "canDropoff": true,
        "openingstijden": null
      }
    },
    {
      "type": "Feature",
      "geometry": {
        "type": "Point",
        "coordinates": [
          3.67105,
          50.5159
        ]
      },
      "properties": {
        "type": "pakketpunt",
        "locatieNaam": "Quevaucamps",
        "straatNaam": "Rue De Tournai",
        "straatNr": "61",
        "vervoerder": "bpost",
        "puntType": "postkantoor",
        "bezettingsgraad": 50,
        "latitude": 50.5159,
        "longitude": 3.67105,
        "canPickup": true,
        "canDropoff": true,
        "openingstijden": null
      }
    },
    {
      "type": "Feature",
      "geometry": {
        "type": "Point",
        "coordinates": [
          3.67329,
          50.51636
        ]
      },
      "properties": {
        "type": "pakketpunt",
        "locatieNaam": "Bbox 24/7 Intermarché Quevaucamps",
        "straatNaam": "Rue Du Brugnon",
        "straatNr": "88",
        "vervoerder": "bpost",
        "puntType": "automaat",
        "bezettingsgraad": 50,
        "latitude": 50.51636,
        "longitude": 3.67329,
        "canPickup": true,
        "canDropoff": true,
        "openingstijden": null
      }
    },
    {
      "type": "Feature",
      "geometry": {
        "type": "Point",
        "coordinates": [
          3.64942,
          50.52566
        ]
      },
      "properties": {
        "type": "pakketpunt",
        "locatieNaam": "Libr Debaise Basecles",
        "straatNaam": "Rue Grande",
        "straatNr": "34",
        "vervoerder": "bpost",
        "puntType": "servicepunt",
        "bezettingsgraad": 50,
        "latitude": 50.52566,
        "longitude": 3.64942,
        "canPickup": true,
        "canDropoff": true,
        "openingstijden": null
      }
    },
    {
      "type": "Feature",
      "geometry": {
        "type": "Point",
        "coordinates": [
          3.649421,
          50.525664
        ]
      },
      "properties": {
        "type": "pakketpunt",
        "locatieNaam": "LIBR DEBAISE BASECLES",
        "straatNaam": "RUE GRANDE",
        "straatNr": "34",
        "vervoerder": "DHL",
        "puntType": "parcelShop",
        "bezettingsgraad": 50,
        "latitude": 50.525664,
        "longitude": 3.649421,
        "canPickup": true,
        "canDropoff": true,
        "openingstijden": {
          "ma": "06:00 - 12:30, 14:00 - 18:00",
          "di": "06:00 - 12:30, 14:00 - 18:00",
          "wo": "06:00 - 12:30, 14:00 - 18:00",
          "do": "06:00 - 12:30, 14:00 - 18:00",
          "vr": "06:00 - 12:30, 14:00 - 18:00",
          "za": "07:00 - 12:30, 14:00 - 18:00",
          "zo": "gesloten"
        }
      }
    },
    {
      "type": "Feature",
      "geometry": {
        "type": "Point",
        "coordinates": [
          3.671053,
          50.515897
        ]
      },
      "properties": {
        "type": "pakketpunt",
        "locatieNaam": "QUEVAUCAMPS",
        "straatNaam": "RUE DE TOURNAI",
        "straatNr": "61",
        "vervoerder": "DHL",
        "puntType": "postOffice",
        "bezettingsgraad": 50,
        "latitude": 50.515897,
        "longitude": 3.671053,
        "canPickup": true,
        "canDropoff": true,
        "openingstijden": {
          "ma": "09:30 - 12:30, 13:45 - 17:00",
          "di": "09:30 - 12:30, 13:45 - 18:00",
          "wo": "09:30 - 12:30, 13:45 - 17:00",
          "do": "09:30 - 12:30, 13:45 - 18:00",
          "vr": "09:30 - 12:30, 13:45 - 17:00",
          "za": "09:30 - 13:00",
          "zo": "gesloten"
        }
      }
    },
    {
      "type": "Feature",
      "geometry": {
        "type": "Point",
        "coordinates": [
          3.67329,
          50.51636
        ]
      },
      "properties": {
        "type": "pakketpunt",
        "locatieNaam": "BBOX 24/7 INTERMARCHÉ QUEVAUCAMPS",
        "straatNaam": "RUE DU BRUGNON",
        "straatNr": "88",
        "vervoerder": "DHL",
        "puntType": "packStation",
        "bezettingsgraad": 50,
        "latitude": 50.51636,
        "longitude": 3.67329,
        "canPickup": true,
        "canDropoff": true,
        "openingstijden": {
          "ma": "00:00 - 23:59",
          "di": "00:00 - 23:59",
          "wo": "00:00 - 23:59",
          "do": "00:00 - 23:59",
          "vr": "00:00 - 23:59",
          "za": "00:00 - 23:59",
          "zo": "00:00 - 23:59"
        }
      }
    },
    {
      "type": "Feature",
      "geometry": {
        "type": "Point",
        "coordinates": [
          3.73216,
          50.54134
        ]
      },
      "properties": {
        "type": "pakketpunt",
        "locatieNaam": "BBOX 24/7 PROXY BELOEIL",
        "straatNaam": "RUE DES VIVIERS AU BOIS",
        "straatNr": "206",
        "vervoerder": "DHL",
        "puntType": "packStation",
        "bezettingsgraad": 50,
        "latitude": 50.54134,
        "longitude": 3.73216,
        "canPickup": true,
        "canDropoff": true,
        "openingstijden": {
          "ma": "00:00 - 23:59",
          "di": "00:00 - 23:59",
          "wo": "00:00 - 23:59",
          "do": "00:00 - 23:59",
          "vr": "00:00 - 23:59",
          "za": "00:00 - 23:59",
          "zo": "00:00 - 23:59"
        }
      }
    },
    {
      "type": "Feature",
      "geometry": {
        "type": "Point",
        "coordinates": [
          3.7391,
          50.55488
        ]
      },
      "properties": {
        "type": "pakketpunt",
        "locatieNaam": "BBOX 24/7 CHEZ JOHN ET NATHALIE",
        "straatNaam": "RUE D'ATH",
        "straatNr": "77",
        "vervoerder": "DHL",
        "puntType": "packStation",
        "bezettingsgraad": 50,
        "latitude": 50.55488,
        "longitude": 3.7391,
        "canPickup": true,
        "canDropoff": true,
        "openingstijden": {
          "ma": "00:00 - 23:59",
          "di": "00:00 - 23:59",
          "wo": "00:00 - 23:59",
          "do": "00:00 - 23:59",
          "vr": "00:00 - 23:59",
          "za": "00:00 - 23:59",
          "zo": "00:00 - 23:59"
        }
      }
    },
    {
      "type": "Feature",
      "geometry": {
        "type": "Point",
        "coordinates": [
          3.6767447,
          50.5152089
        ]
      },
      "properties": {
        "type": "pakketpunt",
        "locatieNaam": "GLS Parcel Locker powered by bbox",
        "straatNaam": "Avenue De L'Europe",
        "straatNr": "56",
        "vervoerder": "GLS",
        "puntType": "locker",
        "bezettingsgraad": 50,
        "latitude": 50.5152089,
        "longitude": 3.6767447,
        "canPickup": true,
        "canDropoff": true,
        "openingstijden": "vr: 00:00 - 24:00; ma: 00:00 - 24:00"
      }
    },
    {
      "type": "Feature",
      "geometry": {
        "type": "Point",
        "coordinates": [
          3.672444,
          50.5163565
        ]
      },
      "properties": {
        "type": "pakketpunt",
        "locatieNaam": "GLS Parcel Locker powered by bbox",
        "straatNaam": "Rue Du Brugnon",
        "straatNr": "88",
        "vervoerder": "GLS",
        "puntType": "locker",
        "bezettingsgraad": 50,
        "latitude": 50.5163565,
        "longitude": 3.672444,
        "canPickup": true,
        "canDropoff": true,
        "openingstijden": "vr: 00:00 - 24:00; za: 00:00 - 24:00"
      }
    },
    {
      "type": "Feature",
      "geometry": {
        "type": "Point",
        "coordinates": [
          3.6565,
          50.52277
        ]
      },
      "properties": {
        "type": "pakketpunt",
        "locatieNaam": "Basecles Petroleum",
        "straatNaam": "Rue Grande",
        "straatNr": "175",
        "vervoerder": "GLS",
        "puntType": "parcel_shop",
        "bezettingsgraad": 50,
        "latitude": 50.52277,
        "longitude": 3.6565,
        "canPickup": true,
        "canDropoff": true,
        "openingstijden": "vr: 05:30 - 19:30; za: 08:00 - 18:00"
      }
    },
    {
      "type": "Feature",
      "geometry": {
        "type": "Point",
        "coordinates": [
          3.7136038,
          50.5112404
        ]
      },
      "properties": {
        "type": "pakketpunt",
        "locatieNaam": "Epicerie des Meuniers",
        "straatNaam": "Rue Des Meuniers",
        "straatNr": "13",
        "vervoerder": "GLS",
        "puntType": "parcel_shop",
        "bezettingsgraad": 50,
        "latitude": 50.5112404,
        "longitude": 3.7136038,
        "canPickup": true,
        "canDropoff": true,
        "openingstijden": "vr: 08:00 - 18:00; za: 08:00 - 18:00"
      }
    },
    {
      "type": "Feature",
      "geometry": {
        "type": "Point",
        "coordinates": [
          3.73953,
          50.55471
        ]
      },
      "properties": {
        "type": "pakketpunt",
        "locatieNaam": "JOHN & NATHALIE",
        "straatNaam": "RUE D'ATH 77",
        "straatNr": "",
        "vervoerder": "InPost",
        "puntType": "servicepunt",
        "bezettingsgraad": 50,
        "latitude": 50.55471,
        "longitude": 3.73953,
        "canPickup": true,
        "canDropoff": true,
        "openingstijden": null
      }
    },
    {
      "type": "Feature",
      "geometry": {
        "type": "Point",
        "coordinates": [
          3.67558,
          50.51408
        ]
      },
      "properties": {
        "type": "pakketpunt",
        "locatieNaam": "ESSO QUEVAUCAMPS",
        "straatNaam": "127 Rue de Tournai",
        "straatNr": "",
        "vervoerder": "InPost",
        "puntType": "servicepunt",
        "bezettingsgraad": 50,
        "latitude": 50.51408,
        "longitude": 3.67558,
        "canPickup": true,
        "canDropoff": true,
        "openingstijden": null
      }
    },
    {
      "type": "Feature",
      "geometry": {
        "type": "Point",
        "coordinates": [
          3.65587,
          50.52277
        ]
      },
      "properties": {
        "type": "pakketpunt",
        "locatieNaam": "TOTAL BASECLES",
        "straatNaam": "Rue Grande 175",
        "straatNr": "",
        "vervoerder": "InPost",
        "puntType": "servicepunt",
        "bezettingsgraad": 50,
        "latitude": 50.52277,
        "longitude": 3.65587,
        "canPickup": true,
        "canDropoff": true,
        "openingstijden": null
      }
    },
    {
      "type": "Feature",
      "geometry": {
        "type": "Point",
        "coordinates": [
          3.69112,
          50.54066
        ]
      },
      "properties": {
        "type": "pakketpunt",
        "locatieNaam": "",
        "straatNaam": "Chaussée Brunehaut",
        "straatNr": "292",
        "vervoerder": "InPost",
        "puntType": "automaat",
        "bezettingsgraad": 50,
        "latitude": 50.54066,
        "longitude": 3.69112,
        "canPickup": true,
        "canDropoff": true,
        "openingstijden": "24/7"
      }
    },
    {
      "type": "Feature",
      "geometry": {
        "type": "Point",
        "coordinates": [
          3.73904,
          50.55476
        ]
      },
      "properties": {
        "type": "pakketpunt",
        "locatieNaam": "John & Natalie ",
        "straatNaam": "Rue d'Ath",
        "straatNr": "77",
        "vervoerder": "VintedGo",
        "puntType": "parcel_shop",
        "bezettingsgraad": 50,
        "latitude": 50.55476,
        "longitude": 3.73904,
        "canPickup": true,
        "canDropoff": true,
        "openingstijden": null
      }
    },
    {
      "type": "Feature",
      "geometry": {
        "type": "Point",
        "coordinates": [
          3.7136,
          50.51105
        ]
      },
      "properties": {
        "type": "pakketpunt",
        "locatieNaam": "L’Epicerie Des Meuniers",
        "straatNaam": "Rue des Meuniers",
        "straatNr": "13",
        "vervoerder": "VintedGo",
        "puntType": "parcel_shop",
        "bezettingsgraad": 50,
        "latitude": 50.51105,
        "longitude": 3.7136,
        "canPickup": true,
        "canDropoff": true,
        "openingstijden": null
      }
    },
    {
      "type": "Feature",
      "geometry": {
        "type": "Point",
        "coordinates": [
          3.738941,
          50.554781
        ]
      },
      "properties": {
        "type": "pakketpunt",
        "locatieNaam": "Chez John et Natalie",
        "straatNaam": "Rue d'Ath",
        "straatNr": "77",
        "vervoerder": "PostNL",
        "puntType": "servicepunt",
        "bezettingsgraad": 50,
        "latitude": 50.554781,
        "longitude": 3.738941,
        "canPickup": true,
        "canDropoff": true,
        "openingstijden": "09:00 - 12:00, 13:00 - 18:00"
      }
    },
    {
      "type": "Feature",
      "geometry": {
        "type": "Point",
        "coordinates": [
          3.64931,
          50.52559
        ]
      },
      "properties": {
        "type": "pakketpunt",
        "locatieNaam": "Librairie Debaise",
        "straatNaam": "Rue Grande",
        "straatNr": "34",
        "vervoerder": "PostNL",
        "puntType": "servicepunt",
        "bezettingsgraad": 50,
        "latitude": 50.52559,
        "longitude": 3.64931,
        "canPickup": true,
        "canDropoff": true,
        "openingstijden": "06:00 - 12:30, 14:00 - 18:00"
      }
    },
    {
      "type": "Feature",
      "geometry": {
        "type": "Point",
        "coordinates": [
          3.73904,
          50.55476
        ]
      },
      "properties": {
        "type": "pakketpunt",
        "locatieNaam": "JOHN ET NATALIE",
        "straatNaam": "RUE D'ATH",
        "straatNr": "77",
        "vervoerder": "DPD",
        "puntType": "pickup_point",
        "bezettingsgraad": 50,
        "latitude": 50.55476,
        "longitude": 3.73904,
        "canPickup": true,
        "canDropoff": true,
        "openingstijden": {
          "ma": "09:00 - 12:00, 13:00 - 18:00",
          "di": "09:00 - 12:00, 13:00 - 18:00",
          "wo": "09:00 - 12:00, 13:00 - 18:00",
          "do": "13:00 - 18:00",
          "vr": "09:00 - 12:00, 13:00 - 18:00",
          "za": "09:00 - 12:00, 13:00 - 17:00",
          "zo": "gesloten"
        }
      }
    },
    {
      "type": "Feature",
      "geometry": {
        "type": "Point",
        "coordinates": [
          3.64932,
          50.52559
        ]
      },
      "properties": {
        "type": "pakketpunt",
        "locatieNaam": "SRL LIBRAIRIE DEBAISE",
        "straatNaam": "RUE GRANDE",
        "straatNr": "34",
        "vervoerder": "DPD",
        "puntType": "pickup_point",
        "bezettingsgraad": 50,
        "latitude": 50.52559,
        "longitude": 3.64932,
        "canPickup": true,
        "canDropoff": true,
        "openingstijden": {
          "ma": "06:00 - 18:00",
          "di": "06:00 - 18:00",
          "wo": "06:00 - 18:00",
          "do": "06:00 - 18:00",
          "vr": "06:00 - 18:00",
          "za": "07:00 - 12:30, 14:00 - 18:00",
          "zo": "07:30 - 12:00"
        }
      }
    },
    {
      "type": "Feature",
      "geometry": {
        "type": "Point",
        "coordinates": [
          3.7136,
          50.51105
        ]
      },
      "properties": {
        "type": "pakketpunt",
        "locatieNaam": "EPICERIE DES MEUNIERS",
        "straatNaam": "DES MEUNIERS",
        "straatNr": "13",
        "vervoerder": "DPD",
        "puntType": "pickup_point",
        "bezettingsgraad": 50,
        "latitude": 50.51105,
        "longitude": 3.7136,
        "canPickup": true,
        "canDropoff": false,
        "openingstijden": {
          "ma": "08:00 - 18:00",
          "di": "08:00 - 18:00",
          "wo": "08:00 - 18:00",
          "do": "08:00 - 18:00",
          "vr": "08:00 - 18:00",
          "za": "08:00 - 18:00",
          "zo": "08:00 - 13:00"
        }
      }
    },
    {
      "type": "Feature",
      "geometry": {
        "type": "Point",
        "coordinates": [
          3.7391,
          50.55488
        ]
      },
      "properties": {
        "type": "pakketpunt",
        "locatieNaam": "bpost - BBOX 24/7 CHEZ JOHN ET NATHALIE",
        "straatNaam": "RUE D'ATH,77",
        "straatNr": "",
        "vervoerder": "Amazon",
        "puntType": "3p",
        "bezettingsgraad": 50,
        "latitude": 50.55488,
        "longitude": 3.7391,
        "canPickup": true,
        "canDropoff": false,
        "openingstijden": null
      }
    },
    {
      "type": "Feature",
      "geometry": {
        "type": "Point",
        "coordinates": [
          3.73216,
          50.54134
        ]
      },
      "properties": {
        "type": "pakketpunt",
        "locatieNaam": "bpost - BBOX 24/7 PROXY BELOEIL",
        "straatNaam": "RUE DES VIVIERS AU BOIS,206",
        "straatNr": "",
        "vervoerder": "Amazon",
        "puntType": "3p",
        "bezettingsgraad": 50,
        "latitude": 50.54134,
        "longitude": 3.73216,
        "canPickup": true,
        "canDropoff": false,
        "openingstijden": null
      }
    },
    {
      "type": "Feature",
      "geometry": {
        "type": "Point",
        "coordinates": [
          3.67329,
          50.51636
        ]
      },
      "properties": {
        "type": "pakketpunt",
        "locatieNaam": "bpost - BBOX 24/7 INTERMARCHÉ QUEVAUCAMPS",
        "straatNaam": "RUE DU BRUGNON,88",
        "straatNr": "",
        "vervoerder": "Amazon",
        "puntType": "3p",
        "bezettingsgraad": 50,
        "latitude": 50.51636,
        "longitude": 3.67329,
        "canPickup": true,
        "canDropoff": false,
        "openingstijden": null
      }
    },
    {
      "type": "Feature",
      "geometry": {
        "type": "Point",
        "coordinates": [
          3.671053,
          50.515897
        ]
      },
      "properties": {
        "type": "pakketpunt",
        "locatieNaam": "bpost - QUEVAUCAMPS",
        "straatNaam": "RUE DE TOURNAI,61",
        "straatNr": "",
        "vervoerder": "Amazon",
        "puntType": "3p",
        "bezettingsgraad": 50,
        "latitude": 50.515897,
        "longitude": 3.671053,
        "canPickup": true,
        "canDropoff": false,
        "openingstijden": null
      }
    },
    {
      "type": "Feature",
      "geometry": {
        "type": "Point",
        "coordinates": [
          3.649421,
          50.525664
        ]
      },
      "properties": {
        "type": "pakketpunt",
        "locatieNaam": "bpost - LIBR DEBAISE BASECLES",
        "straatNaam": "RUE GRANDE,34",
        "straatNr": "",
        "vervoerder": "Amazon",
        "puntType": "3p",
        "bezettingsgraad": 50,
        "latitude": 50.525664,
        "longitude": 3.649421,
        "canPickup": true,
        "canDropoff": false,
        "openingstijden": null
      }
    },
    {
      "type": "Feature",
      "geometry": {
        "type": "MultiPolygon",
        "coordinates": [
          [
            [
              [
                3.679502577723229,
                50.51307079162195
              ],
              [
                3.6793285452634157,
                50.51283049876875
              ],
              [
                3.6791184151126197,
                50.51260223954852
              ],
              [
                3.6788742112705934,
                50.512388212034566
              ],
              [
                3.6785982857631336,
                50.512190477224244
              ],
              [
                3.678293295982751,
                50.512010939198326
              ],
              [
                3.6779621790934973,
                50.51185132679176
              ],
              [
                3.6776081237465554,
                50.511713176952455
              ],
              [
                3.6772345393789125,
                50.511597819947376
              ],
              [
                3.6768450233905203,
                50.51150636655886
              ],
              [
                3.6764433265155607,
                50.5114396973936
              ],
              [
                3.6760333167207384,
                50.51139845440726
              ],
              [
                3.6756189419774388,
                50.51138303472614
              ],
              [
                3.675204192265487,
                50.51139358682523
              ],
              [
                3.674793061173408,
                50.51143000909913
              ],
              [
                3.674389507464026,
                50.51149195084006
              ],
              [
                3.6739974169745677,
                50.511578815613056
              ],
              [
                3.673620565217187,
                50.511689766996184
              ],
              [
                3.6732625810392223,
                50.511823736630646
              ],
              [
                3.67292691169237,
                50.51197943450336
              ],
              [
                3.6726167896465007,
                50.51215536136326
              ],
              [
                3.6723352014672668,
                50.5123498231521
              ],
              [
                3.6720848590568766,
                50.5125609473109
              ],
              [
                3.6718681735349303,
                50.51278670080546
              ],
              [
                3.6716872320108958,
                50.51302490969771
              ],
              [
                3.671573289454661,
                50.51322218465763
              ],
              [
                3.6715065905171884,
                50.51321547289411
              ],
              [
                3.671092201346171,
                50.5132000371093
              ],
              [
                3.670677434709068,
                50.5132105730817
              ],
              [
                3.67026628435734,
                50.51324697936122
              ],
              [
                3.6698627092392235,
                50.5133089053941
              ],
              [
                3.669470595398038,
                50.51339575489658
              ],
              [
                3.669093718570733,
                50.5135066915938
              ],
              [
                3.6687357078459897,
                50.51364064726839
              ],
              [
                3.6684000107310646,
                50.51379633204168
              ],
              [
                3.668089859963157,
                50.51397224678876
              ],
              [
                3.667808242384437,
                50.51416669756803
              ],
              [
                3.667557870180169,
                50.51437781192654
              ],
              [
                3.6675555010381125,
                50.51438027979415
              ],
              [
                3.667554870054965,
                50.51438081183732
              ],
              [
                3.6673381546035784,
                50.514606556829584
              ],
              [
                3.667157183331969,
                50.51484475860599
              ],
              [
                3.6670136995140363,
                50.51509312332193
              ],
              [
                3.6669090854950395,
                50.515349259228934
              ],
              [
                3.666844349358976,
                50.51561069970305
              ],
              [
                3.6668201151973605,
                50.51587492699588
              ],
              [
                3.666836617074018,
                50.516139396479176
              ],
              [
                3.6668936967449572,
                50.51640156115016
              ],
              [
                3.6669908051562885,
                50.51665889616117
              ],
              [
                3.667127007706757,
                50.51690892313753
              ],
              [
                3.667300993225178,
                50.517149234049484
              ],
              [
                3.667511086577213,
                50.51737751440792
              ],
              [
                3.6677552647808667,
                50.51759156556046
              ],
              [
                3.6680311764761484,
                50.51778932587287
              ],
              [
                3.668336164561904,
                50.51796889059164
              ],
              [
                3.6686672917820884,
                50.51812853019603
              ],
              [
                3.669021369015231,
                50.51826670706243
              ],
              [
                3.669394985994535,
                50.51838209028057
              ],
              [
                3.669784544162503,
                50.51847356847825
              ],
              [
                3.6698539774637853,
                50.51848509486804
              ],
              [
                3.670061334427881,
                50.518585058536395
              ],
              [
                3.670415419144511,
                50.518723231153245
              ],
              [
                3.670789043124516,
                50.51883860988977
              ],
              [
                3.6711786077429505,
                50.51893008341695
              ],
              [
                3.6715803607617583,
                50.51899677065521
              ],
              [
                3.6719904324857713,
                50.519038029265104
              ],
              [
                3.6724048730528254,
                50.51905346183748
              ],
              [
                3.6728196904979673,
                50.51904291972313
              ],
              [
                3.6728359533279167,
                50.51904147953538
              ],
              [
                3.6728364803736064,
                50.51904153255821
              ],
              [
                3.6732509212471007,
                50.51905696211985
              ],
              [
                3.6736657385344658,
                50.51904641699208
              ],
              [
                3.674076936640261,
                50.519009998747364
              ],
              [
                3.674480554847346,
                50.518948058171915
              ],
              [
                3.674872705485908,
                50.51886119188522
              ],
              [
                3.675249611397146,
                50.51875023659043
              ],
              [
                3.675607642329873,
                50.51861626101141
              ],
              [
                3.6759433499187897,
                50.518460555593954
              ],
              [
                3.6762535009068684,
                50.51828462007099
              ],
              [
                3.6765351082914317,
                50.5180901490114
              ],
              [
                3.6767551123416067,
                50.51790460931661
              ],
              [
                3.677120625439987,
                50.517895306391544
              ],
              [
                3.677531810889037,
                50.51785887594123
              ],
              [
                3.677935414761029,
                50.517796923379905
              ],
              [
                3.6783275495242607,
                50.51771004544245
              ],
              [
                3.6787044381728844,
                50.517599078944286
              ],
              [
                3.6790624506220317,
                50.51746509271713
              ],
              [
                3.679398138684482,
                50.51730937730939
              ],
              [
                3.6797082692913285,
                50.517133432550175
              ],
              [
                3.679989855636243,
                50.51693895309731
              ],
              [
                3.6802401859430964,
                50.51672781210858
              ],
              [
                3.680456849579746,
                50.51650204319405
              ],
              [
                3.680637760266605,
                50.51626382082328
              ],
              [
                3.6807811761567573,
                50.516015439376616
              ],
              [
                3.680885716594672,
                50.515759291042606
              ],
              [
                3.680950375392765,
                50.51549784277457
              ],
              [
                3.6809745304987103,
                50.51523361252843
              ],
              [
                3.680957949961257,
                50.51496914501088
              ],
              [
                3.680900794138099,
                50.514706987171536
              ],
              [
                3.680803614125469,
                50.514449663675045
              ],
              [
                3.6806673464256443,
                50.51419965258948
              ],
              [
                3.680493303904645,
                50.5139593615249
              ],
              [
                3.6802831631281143,
                50.513731104451914
              ],
              [
                3.680038948198131,
                50.51351707942314
              ],
              [
                3.6797630112472697,
                50.51331934741204
              ],
              [
                3.6795790137795508,
                50.5132110400806
              ],
              [
                3.679502577723229,
                50.51307079162195
              ]
            ]
          ],
          [
            [
              [
                3.660249736943858,
                50.52152111490933
              ],
              [
                3.66003966021993,
                50.521292821620925
              ],
              [
                3.6597954978141614,
                50.521078754433546
              ],
              [
                3.6595196013537064,
                50.520880974726666
              ],
              [
                3.659214627951714,
                50.52070138701338
              ],
              [
                3.6588835146148297,
                50.52054172060724
              ],
              [
                3.6585294499602936,
                50.520403512976024
              ],
              [
                3.6581558435149293,
                50.52028809494332
              ],
              [
                3.657766292891427,
                50.52019657787904
              ],
              [
                3.6573645491575624,
                50.52012984300305
              ],
              [
                3.6569544807312657,
                50.52008853290374
              ],
              [
                3.6565400361484497,
                50.520073045353634
              ],
              [
                3.656164204798933,
                50.52008254391731
              ],
              [
                3.6559100720406517,
                50.52007304557029
              ],
              [
                3.655495241814029,
                50.52008352745404
              ],
              [
                3.6550840201011403,
                50.52011988008412
              ],
              [
                3.6546803665371996,
                50.52018175342334
              ],
              [
                3.654288167920702,
                50.52026855169536
              ],
              [
                3.653911200804702,
                50.520379439118614
              ],
              [
                3.6535530951470707,
                50.52051334795024
              ],
              [
                3.65321729936898,
                50.520668988762615
              ],
              [
                3.652907047157484,
                50.52084486285424
              ],
              [
                3.652625326331412,
                50.52103927667499
              ],
              [
                3.6523748500700943,
                50.52125035812791
              ],
              [
                3.6521580307819095,
                50.52147607459011
              ],
              [
                3.6519769568643596,
                50.52171425248025
              ],
              [
                3.651833372579782,
                50.52196259818383
              ],
              [
                3.6517286612409565,
                50.522218720135506
              ],
              [
                3.65166383186916,
                50.52248015184585
              ],
              [
                3.6516395094539185,
                50.52274437565092
              ],
              [
                3.651655928909154,
                50.52300884695618
              ],
              [
                3.651712932784855,
                50.523271018741376
              ],
              [
                3.651756791692982,
                50.523387331722425
              ],
              [
                3.65170399460068,
                50.52336186867498
              ],
              [
                3.6513499298158325,
                50.52322363928811
              ],
              [
                3.650976318619596,
                50.523108198283396
              ],
              [
                3.6505867586704666,
                50.523016657252015
              ],
              [
                3.6501850011260553,
                50.52294989764455
              ],
              [
                3.6497749145372893,
                50.52290856228759
              ],
              [
                3.649360447614958,
                50.52289304919683
              ],
              [
                3.6493544726009883,
                50.52289319983775
              ],
              [
                3.649350448184711,
                50.5228930492003
              ],
              [
                3.6489355917938933,
                50.522903507714545
              ],
              [
                3.6485243405468415,
                50.52293983716511
              ],
              [
                3.6481206543630913,
                50.523001687738024
              ],
              [
                3.6477284203551568,
                50.52308846387618
              ],
              [
                3.6473514154167925,
                50.523199330011145
              ],
              [
                3.6469932698699767,
                50.52333321860499
              ],
              [
                3.6466574325198904,
                50.52348884042506
              ],
              [
                3.6463471374538106,
                50.523664696952714
              ],
              [
                3.64606537290315,
                50.523859094807
              ],
              [
                3.6458148524682175,
                50.5240701620447
              ],
              [
                3.6455979889827135,
                50.52429586617987
              ],
              [
                3.6454168712697133,
                50.52453403374988
              ],
              [
                3.645273244013286,
                50.52478237123966
              ],
              [
                3.645168490940037,
                50.52503848716301
              ],
              [
                3.6451036214731807,
                50.52529991508861
              ],
              [
                3.6450792609884197,
                50.52556413738895
              ],
              [
                3.645095644766373,
                50.52582860948405
              ],
              [
                3.6451526157007126,
                50.526090784346096
              ],
              [
                3.645249625785117,
                50.52634813702938
              ],
              [
                3.6453857413657036,
                50.52659818898916
              ],
              [
                3.6455596521093208,
                50.526838531955164
              ],
              [
                3.6457696836022366,
                50.52706685112962
              ],
              [
                3.646013813458676,
                50.52728094748638
              ],
              [
                3.6462896907847235,
                50.52747875895596
              ],
              [
                3.6463333217015124,
                50.52750445700765
              ],
              [
                3.646400690492001,
                50.52755276180891
              ],
              [
                3.6467056594159963,
                50.52773238285208
              ],
              [
                3.647036781971565,
                50.527892083671155
              ],
              [
                3.6473908690824626,
                50.52803032605294
              ],
              [
                3.647764510386992,
                50.5281457784562
              ],
              [
                3.6481541070935277,
                50.52823732884229
              ],
              [
                3.6485559066550577,
                50.528304095391384
              ],
              [
                3.648966038928153,
                50.52834543500009
              ],
              [
                3.649380553467406,
                50.52836094947902
              ],
              [
                3.6497954575952543,
                50.528350489390085
              ],
              [
                3.650206754879631,
                50.52831415548668
              ],
              [
                3.65061048364788,
                50.528252297742625
              ],
              [
                3.6510027551649844,
                50.52816551197955
              ],
              [
                3.651379791107534,
                50.52805463412504
              ],
              [
                3.6517379599715647,
                50.52792073215708
              ],
              [
                3.652073812062911,
                50.52776509581251
              ],
              [
                3.6523841127324084,
                50.527589224159016
              ],
              [
                3.6526658735354,
                50.52739481115033
              ],
              [
                3.652916381015156,
                50.52718372930442
              ],
              [
                3.6531332228328597,
                50.52695801166181
              ],
              [
                3.653314310992637,
                50.526719832198346
              ],
              [
                3.653457901938202,
                50.526471484881284
              ],
              [
                3.6535626133280483,
                50.52621536157063
              ],
              [
                3.6536274373282507,
                50.525953928978836
              ],
              [
                3.6536517502956265,
                50.52568970491102
              ],
              [
                3.6536353187588753,
                50.525425234014534
              ],
              [
                3.65357830164107,
                50.52516306327169
              ],
              [
                3.653577993539076,
                50.5251622463123
              ],
              [
                3.653577301300333,
                50.52515906330702
              ],
              [
                3.653521890877592,
                50.52501213723182
              ],
              [
                3.6538403156150703,
                50.52513643967714
              ],
              [
                3.6542139498053223,
                50.52525187145289
              ],
              [
                3.654603535165016,
                50.52534340031579
              ],
              [
                3.655005319256406,
                50.52541014465331
              ],
              [
                3.655415432085061,
                50.52545146157598
              ],
              [
                3.655829923392879,
                50.525466953112975
              ],
              [
                3.6562057975624693,
                50.52545745563712
              ],
              [
                3.656459959289173,
                50.525466953329655
              ],
              [
                3.6568748364828303,
                50.5254564680198
              ],
              [
                3.6572861031835453,
                50.525420109101354
              ],
              [
                3.6576897980133127,
                50.525358226789095
              ],
              [
                3.658082032564097,
                50.525271417141305
              ],
              [
                3.65845902886864,
                50.525160516315644
              ],
              [
                3.6588171558048646,
                50.5250265925113
              ],
              [
                3.659152964082546,
                50.52487093567547
              ],
              [
                3.6594632194746204,
                50.524695045073166
              ],
              [
                3.6597449339726156,
                50.52450061484061
              ],
              [
                3.6599953945658656,
                50.52428951766165
              ],
              [
                3.660212189367201,
                50.52406378672443
              ],
              [
                3.660393230833615,
                50.523825596132845
              ],
              [
                3.6605367758585583,
                50.52357723996126
              ],
              [
                3.6606414425427842,
                50.52332111015496
              ],
              [
                3.6607062234828978,
                50.52305967348887
              ],
              [
                3.66073049545037,
                50.52279544780734
              ],
              [
                3.660714025368684,
                50.5225309777732
              ],
              [
                3.660656972532028,
                50.522268810360444
              ],
              [
                3.660559887045131,
                50.522011470326
              ],
              [
                3.6604237045002974,
                50.521761435897304
              ],
              [
                3.660249736943858,
                50.52152111490933
              ]
            ]
          ],
          [
            [
              [
                3.717521515761149,
                50.51003951054181
              ],
              [
                3.7173473015213787,
                50.50979927441146
              ],
              [
                3.717137001570203,
                50.509571083704415
              ],
              [
                3.7168926415419925,
                50.509357135834044
              ],
              [
                3.7166165749660154,
                50.50915949103066
              ],
              [
                3.7163114605926455,
                50.508980052508164
              ],
              [
                3.7159802367851476,
                50.5088205481433
              ],
              [
                3.7156260932237375,
                50.50868251384346
              ],
              [
                3.7152524401943774,
                50.50856727876308
              ],
              [
                3.7148628757577753,
                50.50847595251043
              ],
              [
                3.7144611511143135,
                50.508409414467934
              ],
              [
                3.714051134497856,
                50.50836830532872
              ],
              [
                3.7136367739453546,
                50.50835302093025
              ],
              [
                3.7132220592999774,
                50.50836370844487
              ],
              [
                3.7128109838126777,
                50.50840026496332
              ],
              [
                3.7124075057110506,
                50.50846233848517
              ],
              [
                3.7120155101045755,
                50.50854933130651
              ],
              [
                3.711638771592128,
                50.5086604057724
              ],
              [
                3.711280917931026,
                50.508794492338836
              ],
              [
                3.7109453951166653,
                50.50895029986671
              ],
              [
                3.71063543420842,
                50.50912632804902
              ],
              [
                3.7103540202207985,
                50.5093208818517
              ],
              [
                3.7101038633791377,
                50.50953208782961
              ],
              [
                3.709887373016555,
                50.509757912160545
              ],
              [
                3.7097066343636076,
                50.50999618022414
              ],
              [
                3.7095633884544728,
                50.51024459753728
              ],
              [
                3.7094590153436195,
                50.51050077184471
              ],
              [
                3.7093945207952266,
                50.51076223615249
              ],
              [
                3.7093705265742916,
                50.51102647248242
              ],
              [
                3.7093791814009385,
                50.51116322193522
              ],
              [
                3.7093743095642435,
                50.5112168726209
              ],
              [
                3.7093910475122276,
                50.511481336248096
              ],
              [
                3.709448357186819,
                50.511743480233946
              ],
              [
                3.7095456873187294,
                50.51200077992978
              ],
              [
                3.7096821011709387,
                50.51225075730083
              ],
              [
                3.7098562855367216,
                50.51249100479484
              ],
              [
                3.7100665633660515,
                50.51271920853333
              ],
              [
                3.710310909899568,
                50.51293317060167
              ],
              [
                3.71058697215539,
                50.51313083022351
              ],
              [
                3.7108920915815933,
                50.51331028361502
              ],
              [
                3.711223329656485,
                50.51346980232761
              ],
              [
                3.7115774961902903,
                50.513607849901994
              ],
              [
                3.711951180055564,
                50.513723096673225
              ],
              [
                3.712340782050133,
                50.51381443258325
              ],
              [
                3.7127425495756117,
                50.51388097787804
              ],
              [
                3.7131526127968844,
                50.51392209158537
              ],
              [
                3.7135670219335823,
                50.51393737769177
              ],
              [
                3.7139817853235026,
                50.51392668895885
              ],
              [
                3.71439290789047,
                50.51389012834234
              ],
              [
                3.7147964296451703,
                50.51382804799981
              ],
              [
                3.715188463847146,
                50.51374104589693
              ],
              [
                3.7155652344595165,
                50.51362996004505
              ],
              [
                3.715923112534757,
                50.51349586042551
              ],
              [
                3.7162586511803855,
                50.513340038678784
              ],
              [
                3.7165686187671376,
                50.513163995658196
              ],
              [
                3.7168500300593434,
                50.51296942696787
              ],
              [
                3.7171001749673915,
                50.512758206625
              ],
              [
                3.717316644645248,
                50.51253236900378
              ],
              [
                3.7174973546818064,
                50.51229408923537
              ],
              [
                3.7176405651629794,
                50.51204566225276
              ],
              [
                3.7177448974117886,
                50.51178948068283
              ],
              [
                3.7178093472458538,
                50.51152801179882
              ],
              [
                3.7178332946253856,
                50.511263773755
              ],
              [
                3.7178246153631647,
                50.51112702493387
              ],
              [
                3.717829477615329,
                50.51107337389413
              ],
              [
                3.717812692678379,
                50.51080891146266
              ],
              [
                3.717755337825943,
                50.51054677155203
              ],
              [
                3.7176579660707163,
                50.51028947865401
              ],
              [
                3.717521515761149,
                50.51003951054181
              ]
            ]
          ],
          [
            [
              [
                3.6948702404429166,
                50.53941000452362
              ],
              [
                3.694659917295466,
                50.53918177444587
              ],
              [
                3.6944155059940966,
                50.538967780552895
              ],
              [
                3.694139360562519,
                50.53877008351821
              ],
              [
                3.693834140511037,
                50.538590587058714
              ],
              [
                3.6935027852209945,
                50.53843101960905
              ],
              [
                3.6931484856390213,
                50.538292917684146
              ],
              [
                3.69277465355362,
                50.5381776110895
              ],
              [
                3.692384888749703,
                50.538086210122046
              ],
              [
                3.691982944356914,
                50.538019594883636
              ],
              [
                3.6915726907248834,
                50.53797840681066
              ],
              [
                3.6911580781724687,
                50.53796304250068
              ],
              [
                3.690743098968935,
                50.537973649895434
              ],
              [
                3.6903317489121963,
                50.53801012685717
              ],
              [
                3.689927988873168,
                50.538072122151526
              ],
              [
                3.6895357066755965,
                50.538159038827835
              ],
              [
                3.6891586796774622,
                50.53827003996444
              ],
              [
                3.688800538413494,
                50.53840405672345
              ],
              [
                3.688464731648084,
                50.53855979863804
              ],
              [
                3.6881544931745576,
                50.53873576603306
              ],
              [
                3.687872810680021,
                50.53893026445994
              ],
              [
                3.6876223969753363,
                50.53914142100688
              ],
              [
                3.6874056638671893,
                50.53936720232779
              ],
              [
                3.687224698923931,
                50.539605434216604
              ],
              [
                3.6870812453592423,
                50.539853822538696
              ],
              [
                3.6869766852278105,
                50.54010997531816
              ],
              [
                3.6869120260954666,
                50.54037142576851
              ],
              [
                3.686887891312926,
                50.54063565604512
              ],
              [
                3.6869045139876926,
                50.54090012149093
              ],
              [
                3.686961734713101,
                50.541162275141936
              ],
              [
                3.687059003077417,
                50.54141959225644
              ],
              [
                3.6871953829394157,
                50.54166959463204
              ],
              [
                3.6873695614206374,
                50.54190987447577
              ],
              [
                3.687579861528588,
                50.542138117597624
              ],
              [
                3.6878242582901253,
                50.54235212570372
              ],
              [
                3.688100398240296,
                50.542549837574335
              ],
              [
                3.688405622079444,
                50.542729348922464
              ],
              [
                3.688736990280666,
                50.54288893074128
              ],
              [
                3.689091311401165,
                50.543027045963704
              ],
              [
                3.689465172824724,
                50.54314236427312
              ],
              [
                3.6898549736389827,
                50.54323377492253
              ],
              [
                3.6902569593304375,
                50.54330039743791
              ],
              [
                3.6906672579623767,
                50.543341590103246
              ],
              [
                3.6910819174866183,
                50.54335695614453
              ],
              [
                3.691496943828798,
                50.54334634755343
              ],
              [
                3.691908339379491,
                50.54330986651373
              ],
              [
                3.6923121415194724,
                50.54324786441649
              ],
              [
                3.6927044608070823,
                50.54316093847379
              ],
              [
                3.693081518458988,
                50.54304992596341
              ],
              [
                3.6934396827624565,
                50.5429158961603
              ],
              [
                3.693775504067698,
                50.5427601400326
              ],
              [
                3.694085748022631,
                50.54258415780162
              ],
              [
                3.6943674267295012,
                50.5423896444861
              ],
              [
                3.6946178275230044,
                50.54217847357002
              ],
              [
                3.6948345390926254,
                50.54195267895161
              ],
              [
                3.695015474697726,
                50.541714435348
              ],
              [
                3.6951588922520746,
                50.54146603734399
              ],
              [
                3.6952634110848406,
                50.54120987728755
              ],
              [
                3.6953280252172767,
                50.54094842224483
              ],
              [
                3.69535211302799,
                50.54068419023693
              ],
              [
                3.6953354432145766,
                50.540419725987434
              ],
              [
                3.695278176995215,
                50.54015757641441
              ],
              [
                3.695180866529946,
                50.5399002661028
              ],
              [
                3.69504444957791,
                50.53965027299359
              ],
              [
                3.6948702404429166,
                50.53941000452362
              ]
            ]
          ],
          [
            [
              [
                3.7359092095678883,
                50.5400886839497
              ],
              [
                3.7356986854936536,
                50.539860528016085
              ],
              [
                3.7354540851300477,
                50.53964662026992
              ],
              [
                3.7351777643208433,
                50.539449020555026
              ],
              [
                3.73487238426458,
                50.539269631651
              ],
              [
                3.7345408858827835,
                50.539110180956726
              ],
              [
                3.7341864614994082,
                50.53897220386271
              ],
              [
                3.7338125241041826,
                50.538857028972465
              ],
              [
                3.733422674495606,
                50.53876576531459
              ],
              [
                3.7330206666195385,
                50.538699291668806
              ],
              [
                3.7326103714366035,
                50.5386582481081
              ],
              [
                3.7321957396655683,
                50.538643029838475
              ],
              [
                3.7317807637606766,
                50.53865378339554
              ],
              [
                3.7313694394881156,
                50.538690405234085
              ],
              [
                3.7309657274706733,
                50.538752542724744
              ],
              [
                3.730573515069947,
                50.53883959754768
              ],
              [
                3.730196578972186,
                50.53895073145094
              ],
              [
                3.7298385488372614,
                50.53908487431822
              ],
              [
                3.729502872359979,
                50.539240734468265
              ],
              [
                3.729192782079628,
                50.5394168110874
              ],
              [
                3.7289112642568796,
                50.53961140867513
              ],
              [
                3.728661030117468,
                50.53982265336467
              ],
              [
                3.7284444897394957,
                50.54004851096106
              ],
              [
                3.7282637288358966,
                50.54028680652349
              ],
              [
                3.7281204886559403,
                50.540535245304
              ],
              [
                3.728016149199805,
                50.54079143484056
              ],
              [
                3.727951715908482,
                50.54105290799249
              ],
              [
                3.7279278099579636,
                50.541317146696315
              ],
              [
                3.7279446622520833,
                50.54158160621356
              ],
              [
                3.7280021111727732,
                50.54184373963708
              ],
              [
                3.7280996041104686,
                50.54210102241978
              ],
              [
                3.7282362027608533,
                50.54235097668966
              ],
              [
                3.728410592137964,
                50.54259119511686
              ],
              [
                3.728621093217705,
                50.54281936410265
              ],
              [
                3.728865679090816,
                50.54303328606707
              ],
              [
                3.729141994470385,
                50.543230900619896
              ],
              [
                3.7294473783665305,
                50.543410304411275
              ],
              [
                3.729778889710162,
                50.54356976947026
              ],
              [
                3.7301333356792106,
                50.54370775985429
              ],
              [
                3.730507302454421,
                50.543822946449154
              ],
              [
                3.730897188108238,
                50.543914219776426
              ],
              [
                3.7312992373096026,
                50.543980700684784
              ],
              [
                3.7317095775097844,
                50.54402174882216
              ],
              [
                3.7321242562600276,
                50.54403696880669
              ],
              [
                3.7325392793007053,
                50.544026214036826
              ],
              [
                3.7329506490542266,
                50.543989588104424
              ],
              [
                3.733354403149997,
                50.543927443796136
              ],
              [
                3.7337466526093728,
                50.54384037969383
              ],
              [
                3.7341236193219594,
                50.54372923440603
              ],
              [
                3.7344816724513783,
                50.543595078486575
              ],
              [
                3.7348173634191557,
                50.54343920411827
              ],
              [
                3.735127459129142,
                50.543263112661236
              ],
              [
                3.735408973112008,
                50.54306850018612
              ],
              [
                3.735659194289584,
                50.54285724113186
              ],
              [
                3.735875713081882,
                50.54263137024548
              ],
              [
                3.736056444605497,
                50.542393062978434
              ],
              [
                3.736199648740213,
                50.54214461452853
              ],
              [
                3.7363039468710513,
                50.54188841772938
              ],
              [
                3.736368335145128,
                50.541626940000775
              ],
              [
                3.736392194116438,
                50.541362699582066
              ],
              [
                3.7363752946865327,
                50.5410982412776
              ],
              [
                3.7363178002848825,
                50.54083611194794
              ],
              [
                3.73622026526886,
                50.540578835982856
              ],
              [
                3.7360836295598263,
                50.54032889099237
              ],
              [
                3.7359092095678883,
                50.5400886839497
              ]
            ]
          ],
          [
            [
              [
                3.743280074245361,
                50.55345844991765
              ],
              [
                3.743069455121828,
                50.55323030787147
              ],
              [
                3.742824752299059,
                50.553016416132536
              ],
              [
                3.742548322607554,
                50.552818834390436
              ],
              [
                3.7422428282943603,
                50.55263946525173
              ],
              [
                3.7419112113811925,
                50.55248003592485
              ],
              [
                3.741556665333291,
                50.55234208159456
              ],
              [
                3.741182604311785,
                50.55222693064512
              ],
              [
                3.740792630305417,
                50.55213569187461
              ],
              [
                3.740390498457685,
                50.5520692438231
              ],
              [
                3.7399800809227255,
                50.55202822631706
              ],
              [
                3.7395653295972138,
                50.55201303431167
              ],
              [
                3.739150238086372,
                50.55202381408959
              ],
              [
                3.7387388032693623,
                50.55206046185319
              ],
              [
                3.738640833096777,
                50.55207554337186
              ],
              [
                3.7382488298772416,
                50.55211045855191
              ],
              [
                3.737845012370501,
                50.55217261972386
              ],
              [
                3.737760337447496,
                50.55219141439768
              ],
              [
                3.7377460172547923,
                50.552193618719066
              ],
              [
                3.737353705893597,
                50.55228069614801
              ],
              [
                3.7369766786263505,
                50.552391851707625
              ],
              [
                3.7366185659907782,
                50.55252601507302
              ],
              [
                3.736282816476134,
                50.552681894365655
              ],
              [
                3.735972663325095,
                50.55285798858745
              ],
              [
                3.7356910934038923,
                50.55305260206844
              ],
              [
                3.7354408184401526,
                50.5532638607888
              ],
              [
                3.7352242489053626,
                50.553489730418434
              ],
              [
                3.7350434707935407,
                50.55372803590067
              ],
              [
                3.7349002255200188,
                50.553976482392
              ],
              [
                3.734795893134404,
                50.554232677356126
              ],
              [
                3.7347314790099935,
                50.55449415360003
              ],
              [
                3.7347076041386003,
                50.55475839303046
              ],
              [
                3.734724499125144,
                50.55502285090193
              ],
              [
                3.7347820019407845,
                50.555284980323066
              ],
              [
                3.7348795594572546,
                50.55554225678528
              ],
              [
                3.735016232748599,
                50.555792202477406
              ],
              [
                3.735190706110246,
                50.55603241015215
              ],
              [
                3.7354012997094386,
                50.55626056631431
              ],
              [
                3.7356459857459843,
                50.556474473507336
              ],
              [
                3.735922407968342,
                50.55667207148326
              ],
              [
                3.7360372209834423,
                50.55673948922171
              ],
              [
                3.736081408007113,
                50.55677107556573
              ],
              [
                3.7363869056387773,
                50.556950460714255
              ],
              [
                3.7367185352723964,
                50.55710990562468
              ],
              [
                3.7370731029464737,
                50.55724787454853
              ],
              [
                3.737447193669377,
                50.55736303857823
              ],
              [
                3.7378372043195247,
                50.557454288452675
              ],
              [
                3.7382393783616954,
                50.557520745246464
              ],
              [
                3.7386498420444707,
                50.557561768839776
              ],
              [
                3.7390646417294806,
                50.55757696408711
              ],
              [
                3.7394797819920256,
                50.55756618462527
              ],
              [
                3.739891264125229,
                50.55752953428386
              ],
              [
                3.740295124675876,
                50.55746736608472
              ],
              [
                3.7406874736398166,
                50.55738027883981
              ],
              [
                3.741064531948146,
                50.55726911138057
              ],
              [
                3.741422667882214,
                50.55713493447441
              ],
              [
                3.741521961929926,
                50.55708883285327
              ],
              [
                3.7418526800331935,
                50.55696492597792
              ],
              [
                3.7421884415929796,
                50.556809030766054
              ],
              [
                3.7424985975095058,
                50.55663292013496
              ],
              [
                3.74278016073371,
                50.55643829033996
              ],
              [
                3.74303041971337,
                50.55622701598683
              ],
              [
                3.743246964504678,
                50.556001131969886
              ],
              [
                3.743427709974138,
                50.55576281386707
              ],
              [
                3.743570915867577,
                50.55551435698053
              ],
              [
                3.743675203553457,
                50.55525815422511
              ],
              [
                3.7437395692798883,
                50.5549966730779
              ],
              [
                3.7437633938184196,
                50.554732431811175
              ],
              [
                3.7437464484026077,
                50.55446797523741
              ],
              [
                3.7436888969051623,
                50.554205850200454
              ],
              [
                3.7435912942336564,
                50.55394858104867
              ],
              [
                3.743454580961288,
                50.55369864532642
              ],
              [
                3.743280074245361,
                50.55345844991765
              ]
            ]
          ]
        ]
      },
      "properties": {
        "type": "buffer_union_300m",
        "buffer_m": 300
      }
    },
    {
      "type": "Feature",
      "geometry": {
        "type": "MultiPolygon",
        "coordinates": [
          [
            [
              [
                3.68057801638252,
                50.51241397148296
              ],
              [
                3.680297837731539,
                50.51210962875364
              ],
              [
                3.679972229378532,
                50.51182426189257
              ],
              [
                3.679604327481972,
                50.51156061877494
              ],
              [
                3.679197675278701,
                50.5113212380484
              ],
              [
                3.678756188955238,
                50.511108424699174
              ],
              [
                3.678284119936477,
                50.510924227868365
              ],
              [
                3.6777860139548113,
                50.51077042113179
              ],
              [
                3.6772666672934036,
                50.5106484854325
              ],
              [
                3.676731080624158,
                50.51055959483004
              ],
              [
                3.676184410883886,
                50.51050460520316
              ],
              [
                3.6756319216507403,
                50.510484046014355
              ],
              [
                3.6750789324972715,
                50.510498115215384
              ],
              [
                3.674530767806175,
                50.51054667734263
              ],
              [
                3.6739927055398742,
                50.510629264820416
              ],
              [
                3.673469926455551,
                50.510745082460154
              ],
              [
                3.6729674642529813,
                50.51089301511168
              ],
              [
                3.672490157133705,
                50.51107163839361
              ],
              [
                3.6720426012366283,
                50.51127923239988
              ],
              [
                3.6716291063973556,
                50.51151379825039
              ],
              [
                3.671253654656425,
                50.51177307732741
              ],
              [
                3.6709198619154986,
                50.51205457301279
              ],
              [
                3.6706727336691727,
                50.51231203671372
              ],
              [
                3.6705522557496795,
                50.51231509689019
              ],
              [
                3.670004065380176,
                50.512363637691955
              ],
              [
                3.669465974570196,
                50.512446204225974
              ],
              [
                3.6689431643516612,
                50.51256200150533
              ],
              [
                3.668440668724023,
                50.51270991457588
              ],
              [
                3.6679633262105513,
                50.51288851924482
              ],
              [
                3.6675157332908443,
                50.51309609578526
              ],
              [
                3.6671022001568843,
                50.51333064548535
              ],
              [
                3.6667267092178513,
                50.51358990988288
              ],
              [
                3.666392876752767,
                50.51387139250107
              ],
              [
                3.6663905075753256,
                50.51387386034521
              ],
              [
                3.6663898765858365,
                50.51387439238209
              ],
              [
                3.666100917875762,
                50.51417538274964
              ],
              [
                3.6658596163399895,
                50.51449298251399
              ],
              [
                3.66566829659371,
                50.514824133315756
              ],
              [
                3.665528802070893,
                50.51516564623964
              ],
              [
                3.6654424772356613,
                50.515514232516
              ],
              [
                3.665410154593809,
                50.5158665351862
              ],
              [
                3.665432146631098,
                50.516219161427514
              ],
              [
                3.6655082427577144,
                50.516568715226086
              ],
              [
                3.6656377112900174,
                50.51691183008362
              ],
              [
                3.6658193064523354,
                50.51724520144258
              ],
              [
                3.666051280333075,
                50.51756561851755
              ],
              [
                3.6663313996815727,
                50.51786999522597
              ],
              [
                3.666656967385359,
                50.518155399920005
              ],
              [
                3.667024848422141,
                50.51841908363268
              ],
              [
                3.6674315000374538,
                50.51865850656598
              ],
              [
                3.667873005857885,
                50.51887136256506
              ],
              [
                3.6683451136115814,
                50.51905560134241
              ],
              [
                3.6688432760926086,
                50.51920944823742
              ],
              [
                3.6691904810190614,
                50.519290981324595
              ],
              [
                3.669267062718715,
                50.51932790035254
              ],
              [
                3.669739180450838,
                50.519512133463785
              ],
              [
                3.670237352266568,
                50.51966597438323
              ],
              [
                3.6707567797491585,
                50.519787941238754
              ],
              [
                3.6712924596073946,
                50.51987685917485
              ],
              [
                3.6718392318954103,
                50.51993187167676
              ],
              [
                3.6723918297463762,
                50.51995244882627
              ],
              [
                3.672838776407644,
                50.51994109039018
              ],
              [
                3.67323789400663,
                50.51995594920279
              ],
              [
                3.6737909941894054,
                50.51994188876817
              ],
              [
                3.6743392684325076,
                50.519893330203935
              ],
              [
                3.674877435391472,
                50.51981074125981
              ],
              [
                3.675400311147205,
                50.51969491748643
              ],
              [
                3.675902859171361,
                50.51954697456715
              ],
              [
                3.6763802388673366,
                50.51936833756418
              ],
              [
                3.676827852218014,
                50.51916072718331
              ],
              [
                3.6772413880898345,
                50.5189261431898
              ],
              [
                3.6774655875387054,
                50.51877131479181
              ],
              [
                3.6777942007678965,
                50.51874219979576
              ],
              [
                3.678332348612503,
                50.518659594870186
              ],
              [
                3.678855203200122,
                50.518543755562256
              ],
              [
                3.679357728206385,
                50.51839579770494
              ],
              [
                3.679835083256486,
                50.51821714650436
              ],
              [
                3.6802826705707883,
                50.51800952280303
              ],
              [
                3.6806961792666013,
                50.51777492649449
              ],
              [
                3.681071626888647,
                50.517515617249174
              ],
              [
                3.681405397767664,
                50.517234092737986
              ],
              [
                3.6816942778375648,
                50.51693306456367
              ],
              [
                3.681935485575956,
                50.516615432132554
              ],
              [
                3.6821266987705505,
                50.51628425471848
              ],
              [
                3.6822660768545052,
                50.51594272198888
              ],
              [
                3.6823522785966887,
                50.515594123277005
              ],
              [
                3.6823844749778787,
                50.51524181589664
              ],
              [
                3.6823623571304562,
                50.51488919280487
              ],
              [
                3.682286139266795,
                50.51453964992431
              ],
              [
                3.6821565565699648,
                50.51419655343973
              ],
              [
                3.6819748580688154,
                50.513863207383785
              ],
              [
                3.681742794567769,
                50.51354282182415
              ],
              [
                3.681462601749186,
                50.513238481957906
              ],
              [
                3.681136978612397,
                50.51295311841049
              ],
              [
                3.680786730854619,
                50.51270214052607
              ],
              [
                3.68057801638252,
                50.51241397148296
              ]
            ]
          ],
          [
            [
              [
                3.6614996052893454,
                50.52110479299077
              ],
              [
                3.6612194978675996,
                50.52080040483656
              ],
              [
                3.6608939447566167,
                50.52051498507726
              ],
              [
                3.66052608158359,
                50.520251282097526
              ],
              [
                3.6601194512131006,
                50.520011835121544
              ],
              [
                3.659677969621989,
                50.51979894977348
              ],
              [
                3.6592058881900518,
                50.51961467588778
              ],
              [
                3.6587077527695806,
                50.51946078778221
              ],
              [
                3.6581883599274594,
                50.519338767183335
              ],
              [
                3.6576527107804067,
                50.51924978896816
              ],
              [
                3.657105962866842,
                50.51919470985901
              ],
              [
                3.6565533805175385,
                50.519174060179935
              ],
              [
                3.6561775563078176,
                50.5191835587882
              ],
              [
                3.655923428372899,
                50.5191740604688
              ],
              [
                3.6553703318708197,
                50.51918803605114
              ],
              [
                3.6548220463572023,
                50.51923650532159
              ],
              [
                3.6542838509574573,
                50.51931900159856
              ],
              [
                3.653760927710226,
                50.51943473057159
              ],
              [
                3.6532583117029063,
                50.51958257794429
              ],
              [
                3.6527808426174846,
                50.519761120156446
              ],
              [
                3.652333118151914,
                50.519968638082645
              ],
              [
                3.6519194497644567,
                50.520203133575436
              ],
              [
                3.651543821166326,
                50.5204623486947
              ],
              [
                3.651209849961811,
                50.520743787438235
              ],
              [
                3.65092075280511,
                50.521044739764974
              ],
              [
                3.6506793144095635,
                50.52136230768
              ],
              [
                3.6504878607082247,
                50.52169343313078
              ],
              [
                3.650348236425071,
                50.52203492744633
              ],
              [
                3.6503428341741135,
                50.52205671020075
              ],
              [
                3.64992654126339,
                50.522014749035385
              ],
              [
                3.649373929129073,
                50.52199406530275
              ],
              [
                3.649367954228618,
                50.52199421594439
              ],
              [
                3.649363929888728,
                50.521994065307375
              ],
              [
                3.6488107985024474,
                50.52200800973096
              ],
              [
                3.648262473611655,
                50.522056448095945
              ],
              [
                3.6477242347207883,
                50.52213891401834
              ],
              [
                3.647201264287106,
                50.52225461347997
              ],
              [
                3.6466985978521906,
                50.52240243246858
              ],
              [
                3.6462210755834192,
                50.522580947697314
              ],
              [
                3.6457732956906717,
                50.52278844030054
              ],
              [
                3.6453595701657586,
                50.523022912374714
              ],
              [
                3.644983883269927,
                50.52328210620524
              ],
              [
                3.6446498531687026,
                50.52356352599492
              ],
              [
                3.6443606970833273,
                50.52386446188528
              ],
              [
                3.64411920029453,
                50.52418201603973
              ],
              [
                3.6439276892976453,
                50.52451313053831
              ],
              [
                3.643788009368407,
                50.524854616815546
              ],
              [
                3.643701506756592,
                50.52520318635859
              ],
              [
                3.6436690156803286,
                50.52555548237023
              ],
              [
                3.643690850247908,
                50.525908112092026
              ],
              [
                3.643766801386582,
                50.52625767947686
              ],
              [
                3.6438961388096915,
                50.52660081789581
              ],
              [
                3.644077618004983,
                50.52693422256458
              ],
              [
                3.644309492178517,
                50.527254682377155
              ],
              [
                3.644589529040723,
                50.52755911083953
              ],
              [
                3.6449150322743815,
                50.52784457580548
              ],
              [
                3.6452828674789077,
                50.5281083277277
              ],
              [
                3.6453264984294025,
                50.528134026153595
              ],
              [
                3.6453938670884414,
                50.528182331531646
              ],
              [
                3.645800493148983,
                50.52842182956449
              ],
              [
                3.6462419927452174,
                50.52863476718389
              ],
              [
                3.646714113665776,
                50.52881909331618
              ],
              [
                3.647212308578319,
                50.528973032459355
              ],
              [
                3.64773177884396,
                50.529095101795136
              ],
              [
                3.648267520759585,
                50.52918412548092
              ],
              [
                3.6488143737816334,
                50.529239245983234
              ],
              [
                3.649367070265539,
                50.52925993234358
              ],
              [
                3.6499202862402753,
                50.52924598529622
              ],
              [
                3.6504686927272996,
                50.529197539189056
              ],
              [
                3.6510070071078955,
                50.52911506068856
              ],
              [
                3.6515300440424414,
                50.52899934428158
              ],
              [
                3.6520327654494973,
                50.52885150461724
              ],
              [
                3.6525103290617857,
                50.52867296576321
              ],
              [
                3.6529581350900644,
                50.52846544747999
              ],
              [
                3.6533718705442966,
                50.52823094864579
              ],
              [
                3.6537475507844466,
                50.5279717279923
              ],
              [
                3.6540815579001737,
                50.52769028233731
              ],
              [
                3.654370675549587,
                50.52738932252423
              ],
              [
                3.654612119921723,
                50.527071747301164
              ],
              [
                3.654803566525017,
                50.52674061539122
              ],
              [
                3.6549431725446007,
                50.52639911602384
              ],
              [
                3.654964010113185,
                50.52631506946171
              ],
              [
                3.6552638980013374,
                50.526345281419815
              ],
              [
                3.655816563508933,
                50.526365937190334
              ],
              [
                3.656192444820226,
                50.526356439759105
              ],
              [
                3.656446611371567,
                50.52636593747925
              ],
              [
                3.6569997914326104,
                50.526351956803325
              ],
              [
                3.657548157139637,
                50.526303477342196
              ],
              [
                3.658086426266871,
                50.526220966083585
              ],
              [
                3.658609413910742,
                50.52610521782986
              ],
              [
                3.6591120824647634,
                50.52595734753694
              ],
              [
                3.659589590170935,
                50.525778779567496
              ],
              [
                3.6600373377786943,
                50.52557123396247
              ],
              [
                3.66045101286089,
                50.52533670986316
              ],
              [
                3.6608266313591495,
                50.52507746624463
              ],
              [
                3.661160575957958,
                50.5247960001458
              ],
              [
                3.661449630917679,
                50.52449502260693
              ],
              [
                3.6616910130312235,
                50.5241774325468
              ],
              [
                3.661882398406698,
                50.52384628883136
              ],
              [
                3.662021944818932,
                50.52350478080369
              ],
              [
                3.6621083094157134,
                50.52315619755931
              ],
              [
                3.662140661609609,
                50.522803896263284
              ],
              [
                3.6621186910327435,
                50.52245126981428
              ],
              [
                3.662042610479631,
                50.52210171416747
              ],
              [
                3.6619131538115197,
                50.52175859563073
              ],
              [
                3.661731568844178,
                50.52142521844931
              ],
              [
                3.6614996052893454,
                50.52110479299077
              ]
            ]
          ],
          [
            [
              [
                3.718828650484441,
                50.50970265133474
              ],
              [
                3.718596358034165,
                50.50938233902284
              ],
              [
                3.71831595299272,
                50.509078087646
              ],
              [
                3.717990136402109,
                50.508792826977384
              ],
              [
                3.7176220464250234,
                50.508529303869324
              ],
              [
                3.7172152281083743,
                50.50829005581369
              ],
              [
                3.7167735992372233,
                50.508077386519034
              ],
              [
                3.716301412608127,
                50.50789334373927
              ],
              [
                3.7158032150850997,
                50.5077396995668
              ],
              [
                3.7152838038320213,
                50.507617933379336
              ],
              [
                3.714748180142167,
                50.507529217604244
              ],
              [
                3.7142015013084078,
                50.50747440643695
              ],
              [
                3.7136490309962364,
                50.50745402762163
              ],
              [
                3.7130960885959983,
                50.50746827737334
              ],
              [
                3.7125479980403804,
                50.50751701849004
              ],
              [
                3.71201003657833,
                50.50759978167272
              ],
              [
                3.711487383996929,
                50.50771577004097
              ],
              [
                3.7109850727785494,
                50.507863866800676
              ],
              [
                3.7105079396717158,
                50.50804264599033
              ],
              [
                3.710060579140656,
                50.5082503862025
              ],
              [
                3.709647299140716,
                50.5084850871492
              ],
              [
                3.7092720796446637,
                50.50874448891168
              ],
              [
                3.708938534318736,
                50.50902609369021
              ],
              [
                3.708649875717336,
                50.509327189844505
              ],
              [
                3.708408884331677,
                50.50964487799421
              ],
              [
                3.7082178817909677,
                50.509976098928504
              ],
              [
                3.708078708475023,
                50.51031766305637
              ],
              [
                3.70799270575503,
                50.51066628111458
              ],
              [
                3.7079607030348254,
                50.51101859583804
              ],
              [
                3.7079693537881613,
                50.51115534539579
              ],
              [
                3.707964480354764,
                50.51120899602256
              ],
              [
                3.7079867871568415,
                50.51156161445949
              ],
              [
                3.7080631899602667,
                50.511911140681526
              ],
              [
                3.708192954127326,
                50.51225420845552
              ],
              [
                3.7083748310343827,
                50.51258751367696
              ],
              [
                3.7086070700554394,
                50.51290784619708
              ],
              [
                3.708887435385177,
                50.51321212074733
              ],
              [
                3.7092132275408667,
                50.51349740666351
              ],
              [
                3.7095813093372274,
                50.51376095612242
              ],
              [
                3.709988136084967,
                50.514000230618954
              ],
              [
                3.7104297897226877,
                50.514212925427834
              ],
              [
                3.7109020165537068,
                50.514396991814024
              ],
              [
                3.711400268224183,
                50.514550656777345
              ],
              [
                3.7119197455474358,
                50.51467244014045
              ],
              [
                3.7124554447515883,
                50.51476116881534
              ],
              [
                3.713002205704038,
                50.51481598811029
              ],
              [
                3.7135547616469577,
                50.514836369968165
              ],
              [
                3.7141077899632955,
                50.514822118056465
              ],
              [
                3.714655963482664,
                50.51477336965975
              ],
              [
                3.7151940018312333,
                50.514690594356324
              ],
              [
                3.715716722329329,
                50.514574589491964
              ],
              [
                3.7162190899448415,
                50.51442647249431
              ],
              [
                3.716696265819772,
                50.51424767010232
              ],
              [
                3.7171436539011853,
                50.51403990461476
              ],
              [
                3.717556945226318,
                50.51380517729076
              ],
              [
                3.717932159434504,
                50.51354574906252
              ],
              [
                3.7182656831055687,
                50.513264118746775
              ],
              [
                3.718554304555271,
                50.51296299896514
              ],
              [
                3.7187952447528465,
                50.51264529000595
              ],
              [
                3.7189861840633887,
                50.512314051879834
              ],
              [
                3.719125284558332,
                50.5119724748386
              ],
              [
                3.719211207680285,
                50.51162384864193
              ],
              [
                3.7192431270934674,
                50.511271530867944
              ],
              [
                3.7192344437579545,
                50.5111347821521
              ],
              [
                3.7192393044133905,
                50.51108113105357
              ],
              [
                3.719216914035981,
                50.51072851474653
              ],
              [
                3.71914043080457,
                50.51037899577407
              ],
              [
                3.719010592457336,
                50.51003594009033
              ],
              [
                3.718828650484441,
                50.50970265133474
              ]
            ]
          ],
          [
            [
              [
                3.6961202765596397,
                50.53899331247755
              ],
              [
                3.6958398405778787,
                50.53868900860605
              ],
              [
                3.6955139556129715,
                50.538403686573965
              ],
              [
                3.6951457604872524,
                50.53814009382457
              ],
              [
                3.694738801261174,
                50.53790076852044
              ],
              [
                3.694296997077441,
                50.53768801511391
              ],
              [
                3.6938246024212553,
                50.537503882168856
              ],
              [
                3.693326166160009,
                50.537350142645785
              ],
              [
                3.692806487756397,
                50.537228276840565
              ],
              [
                3.6922705710758206,
                50.53713945813965
              ],
              [
                3.6917235762318468,
                50.53708454172946
              ],
              [
                3.6911707699321052,
                50.53706405636751
              ],
              [
                3.690617474801265,
                50.53707819929469
              ],
              [
                3.6900690181674367,
                50.537126834337556
              ],
              [
                3.689530680803443,
                50.53720949321838
              ],
              [
                3.6890076461148267,
                50.537325380061084
              ],
              [
                3.688504950262222,
                50.53747337904921
              ],
              [
                3.6880274336968504,
                50.5376520651627
              ],
              [
                3.687579694574479,
                50.53785971789049
              ],
              [
                3.687166044495335,
                50.53809433778707
              ],
              [
                3.6867904669953453,
                50.53835366571435
              ],
              [
                3.6864565791879147,
                50.53863520458373
              ],
              [
                3.6861675969254377,
                50.5389362433898
              ],
              [
                3.685926303816198,
                50.5392538833047
              ],
              [
                3.6857350243955307,
                50.53958506558232
              ],
              [
                3.6855956017104363,
                50.53992660100415
              ],
              [
                3.685509379534627,
                50.540275200583665
              ],
              [
                3.685477189386634,
                50.540627507233964
              ],
              [
                3.6854993424775655,
                50.540980128093814
              ],
              [
                3.6855756266677826,
                50.54132966720093
              ],
              [
                3.685705308463528,
                50.541672758198324
              ],
              [
                3.6858871400361184,
                50.54200609675801
              ],
              [
                3.686119371197787,
                50.54232647241025
              ],
              [
                3.686399766220438,
                50.54263079947125
              ],
              [
                3.6867256253367544,
                50.542916146771105
              ],
              [
                3.6870938107177507,
                50.543179765895495
              ],
              [
                3.687500776677457,
                50.54341911766833
              ],
              [
                3.6879426038144,
                50.54363189662001
              ],
              [
                3.6884150367612976,
                50.543816053205056
              ],
              [
                3.688913525179269,
                50.54396981355443
              ],
              [
                3.6894332676012644,
                50.54409169657198
              ],
              [
                3.689969257701693,
                50.54418052820973
              ],
              [
                3.6905163325455024,
                50.544235452784136
              ],
              [
                3.691069222350715,
                50.544255941223945
              ],
              [
                3.6916226012835938,
                50.54424179616995
              ],
              [
                3.6921711387955627,
                50.544193153877366
              ],
              [
                3.692709551005696,
                50.54411048290252
              ],
              [
                3.6932326516321563,
                50.54399457958623
              ],
              [
                3.6937354019803563,
                50.54384656037804
              ],
              [
                3.6942129595048376,
                50.54366785107506
              ],
              [
                3.694660724475799,
                50.54346017307951
              ],
              [
                3.695074384299666,
                50.5432255268079
              ],
              [
                3.695449955066026,
                50.54296617241195
              ],
              [
                3.6957838199202464,
                50.542684607997394
              ],
              [
                3.6960727638920106,
                50.542383545551345
              ],
              [
                3.696314004844525,
                50.54206588481012
              ],
              [
                3.696505220246808,
                50.5417346853202
              ],
              [
                3.6966445695120513,
                50.54139313696153
              ],
              [
                3.6967307116880255,
                50.5410445292178
              ],
              [
                3.696762818330549,
                50.54069221948964
              ],
              [
                3.6967405814375796,
                50.54033960075661
              ],
              [
                3.696664216369223,
                50.53999006889919
              ],
              [
                3.6965344597273386,
                50.53964698999585
              ],
              [
                3.6963525622169033,
                50.539313667909745
              ],
              [
                3.6961202765596397,
                50.53899331247755
              ]
            ]
          ],
          [
            [
              [
                3.7371589020245675,
                50.53967155172724
              ],
              [
                3.736878198150429,
                50.53936734671639
              ],
              [
                3.7365520611135024,
                50.53908213954786
              ],
              [
                3.73618363216245,
                50.53881867655862
              ],
              [
                3.735776459608265,
                50.538579494661505
              ],
              [
                3.7353344646467814,
                50.53836689692783
              ],
              [
                3.734861903599201,
                50.53818293042233
              ],
              [
                3.7343633269341474,
                50.53802936650285
              ],
              [
                3.73384353546541,
                50.53790768377428
              ],
              [
                3.733307534146379,
                50.53781905386035
              ],
              [
                3.7327604839050514,
                50.53776433012969
              ],
              [
                3.732207651982123,
                50.53774403948459
              ],
              [
                3.731654361248836,
                50.537758377291176
              ],
              [
                3.731105938991025,
                50.53780720549957
              ],
              [
                3.7305676656507853,
                50.53789005397221
              ],
              [
                3.730044724017656,
                50.53800612500752
              ],
              [
                3.729542149356897,
                50.53815430101547
              ],
              [
                3.7290647809535846,
                50.53833315527152
              ],
              [
                3.728617215537754,
                50.53854096564546
              ],
              [
                3.728203763038008,
                50.53877573117373
              ],
              [
                3.7278284050888004,
                50.539035191315755
              ],
              [
                3.7274947566904784,
                50.539316847709614
              ],
              [
                3.727206031391091,
                50.539617988217955
              ],
              [
                3.7269650103254346,
                50.53993571303328
              ],
              [
                3.7267740154099878,
                50.54026696259159
              ],
              [
                3.7266348869527035,
                50.540608547026075
              ],
              [
                3.7265489658943998,
                50.54095717687786
              ],
              [
                3.726517080854127,
                50.54130949476807
              ],
              [
                3.726539540104829,
                50.54166210772683
              ],
              [
                3.726616128558307,
                50.54201161986754
              ],
              [
                3.726746109790251,
                50.54235466509245
              ],
              [
                3.726928233087664,
                50.542687939514046
              ],
              [
                3.727160745452506,
                50.54300823327996
              ],
              [
                3.727441408447544,
                50.54331246149469
              ],
              [
                3.72776751972359,
                50.54359769394012
              ],
              [
                3.728135939021957,
                50.54386118330787
              ],
              [
                3.728543118402598,
                50.54410039167143
              ],
              [
                3.7289851364073443,
                50.54431301494236
              ],
              [
                3.729457735829455,
                50.544497005074554
              ],
              [
                3.729956364725592,
                50.544650589802224
              ],
              [
                3.7304762202747557,
                50.544772289720825
              ],
              [
                3.731012295060984,
                50.54486093254602
              ],
              [
                3.731559425332972,
                50.54491566441301
              ],
              [
                3.7321123407744943,
                50.54493595810679
              ],
              [
                3.7326657153047327,
                50.54492161814415
              ],
              [
                3.7332142184175847,
                50.54487278265776
              ],
              [
                3.733752566563741,
                50.5447899220649
              ],
              [
                3.734275574078913,
                50.54467383453292
              ],
              [
                3.7347782031660293,
                50.544525638285805
              ],
              [
                3.7352556124484417,
                50.544346760825896
              ],
              [
                3.735703203625152,
                50.544138925175055
              ],
              [
                3.7361166657775833,
                50.54390413326827
              ],
              [
                3.7364920169003324,
                50.543644646659814
              ],
              [
                3.736825642255392,
                50.5433629647287
              ],
              [
                3.7371143291802493,
                50.54306180059363
              ],
              [
                3.737355298014821,
                50.542744054970115
              ],
              [
                3.7375462288498404,
                50.542412788221796
              ],
              [
                3.7376852838399297,
                50.54207119087606
              ],
              [
                3.7377711248675736,
                50.541722552887954
              ],
              [
                3.7378029263892545,
                50.541370231949024
              ],
              [
                3.737780383341601,
                50.54101762114635
              ],
              [
                3.737703714033083,
                50.54066811628363
              ],
              [
                3.7375736579952226,
                50.54032508317893
              ],
              [
                3.7373914688157677,
                50.539991825253985
              ],
              [
                3.7371589020245675,
                50.53967155172724
              ]
            ]
          ],
          [
            [
              [
                3.744530054896888,
                50.55304123967834
              ],
              [
                3.744249224289288,
                50.55273705318468
              ],
              [
                3.7439229506403113,
                50.55245186735959
              ],
              [
                3.7435543765142514,
                50.55218842833449
              ],
              [
                3.7431470516200553,
                50.55194927279132
              ],
              [
                3.742704898620379,
                50.55173670354762
              ],
              [
                3.7422321753579992,
                50.55155276739371
              ],
              [
                3.7417334338632307,
                50.55139923539514
              ],
              [
                3.741213476536651,
                50.551277585849405
              ],
              [
                3.740677309928272,
                50.55118899006073
              ],
              [
                3.7401300965572064,
                50.551134301069105
              ],
              [
                3.739577105234449,
                50.551114045442354
              ],
              [
                3.7390236603656466,
                50.551128418209416
              ],
              [
                3.738475090720378,
                50.55117728098382
              ],
              [
                3.7383771222927495,
                50.551192362283324
              ],
              [
                3.7379851261969335,
                50.55122727658217
              ],
              [
                3.7374467122087136,
                50.551310156629185
              ],
              [
                3.7373620386711917,
                50.55132895101668
              ],
              [
                3.7373477187210074,
                50.55133115528948
              ],
              [
                3.7368246451440736,
                50.551447256465494
              ],
              [
                3.736321948926403,
                50.551595461347944
              ],
              [
                3.7358444705234537,
                50.55177434293429
              ],
              [
                3.735396807724477,
                50.55198217883117
              ],
              [
                3.7349832713959263,
                50.55221696782928
              ],
              [
                3.7346078439797155,
                50.552476449162086
              ],
              [
                3.7342741411454705,
                50.55275812426356
              ],
              [
                3.7339853769658924,
                50.553059280816264
              ],
              [
                3.7337443329507245,
                50.55337701885816
              ],
              [
                3.733553331238062,
                50.553708278697805
              ],
              [
                3.7334142122019864,
                50.55404987036942
              ],
              [
                3.7333283166932927,
                50.55439850434434
              ],
              [
                3.7332964730856975,
                50.55475082320395
              ],
              [
                3.733318989253835,
                50.555103433968924
              ],
              [
                3.7333956495620275,
                50.555452940773776
              ],
              [
                3.7335257168945657,
                50.55579597757205
              ],
              [
                3.73370793970977,
                50.55612924055733
              ],
              [
                3.7339405640515886,
                50.556449519987254
              ],
              [
                3.7342213504046695,
                50.55675373110436
              ],
              [
                3.734547595231959,
                50.55703894385508
              ],
              [
                3.734916156988598,
                50.55730241112068
              ],
              [
                3.735030970099502,
                50.557369829842244
              ],
              [
                3.7350751570400638,
                50.55740141656396
              ],
              [
                3.735482488070512,
                50.55764060007062
              ],
              [
                3.7359246637987815,
                50.557853196476934
              ],
              [
                3.7363974254987586,
                50.558037157995535
              ],
              [
                3.7368962196637656,
                50.55819071263618
              ],
              [
                3.737416241880563,
                50.55831238128408
              ],
              [
                3.737952483127414,
                50.558400991956105
              ],
              [
                3.7384997780491918,
                50.558455691097144
              ],
              [
                3.7390528547432726,
                50.55847595180747
              ],
              [
                3.739606385575174,
                50.558461578921495
              ],
              [
                3.7401550385328504,
                50.55841271088913
              ],
              [
                3.740693528623299,
                50.55832981844108
              ],
              [
                3.741216668814719,
                50.558213700051624
              ],
              [
                3.74171942003189,
                50.558065474241964
              ],
              [
                3.7421969397217083,
                50.5578865687992
              ],
              [
                3.742296234592613,
                50.55784046652503
              ],
              [
                3.742626955922907,
                50.55771655747045
              ],
              [
                3.743074641222128,
                50.557508694027725
              ],
              [
                3.743488183648553,
                50.557273876555186
              ],
              [
                3.7438636004238566,
                50.557014366853295
              ],
              [
                3.744197276178057,
                50.556732664523565
              ],
              [
                3.744485997763689,
                50.55643148288114
              ],
              [
                3.7447269851873957,
                50.556113722810096
              ],
              [
                3.744917918361497,
                50.55578244481323
              ],
              [
                3.745056959418769,
                50.555440839526234
              ],
              [
                3.74514277037659,
                50.55509219698054
              ],
              [
                3.7451745259817577,
                50.554739874911554
              ],
              [
                3.7451519216138096,
                50.55438726641716
              ],
              [
                3.745075176172424,
                50.55403776727876
              ],
              [
                3.7449450299229197,
                50.55369474325916
              ],
              [
                3.7447627373223282,
                50.553361497692585
              ],
              [
                3.744530054896888,
                50.55304123967834
              ]
            ]
          ]
        ]
      },
      "properties": {
        "type": "buffer_union_400m",
        "buffer_m": 400
      }
    },
    {
      "type": "Feature",
      "geometry": {
        "type": "Polygon",
        "coordinates": [
          [
            [
              3.6161515,
              50.5609175
            ],
            [
              3.6173989,
              50.5616653
            ],
            [
              3.6196309,
              50.5632602
            ],
            [
              3.6210776,
              50.5626252
            ],
            [
              3.6238183,
              50.5619328
            ],
            [
              3.6255551,
              50.5611444
            ],
            [
              3.6264071,
              50.5604317
            ],
            [
              3.6273569,
              50.5593795
            ],
            [
              3.6294225,
              50.5577192
            ],
            [
              3.6303344,
              50.5573561
            ],
            [
              3.6305126,
              50.5572002
            ],
            [
              3.6308156,
              50.5566398
            ],
            [
              3.6309084,
              50.556324
            ],
            [
              3.6308267,
              50.5562701
            ],
            [
              3.631077,
              50.5554598
            ],
            [
              3.6318984,
              50.5547764
            ],
            [
              3.6323026,
              50.5543306
            ],
            [
              3.6324432,
              50.5538291
            ],
            [
              3.632323,
              50.5536098
            ],
            [
              3.6324443,
              50.5531837
            ],
            [
              3.6320902,
              50.5527674
            ],
            [
              3.6315498,
              50.5523867
            ],
            [
              3.6307859,
              50.5520573
            ],
            [
              3.6303319,
              50.5515821
            ],
            [
              3.6293057,
              50.5500527
            ],
            [
              3.6292272,
              50.5497837
            ],
            [
              3.6300282,
              50.54991
            ],
            [
              3.631561,
              50.5503441
            ],
            [
              3.6337082,
              50.5506038
            ],
            [
              3.6344136,
              50.550788
            ],
            [
              3.6362984,
              50.551509
            ],
            [
              3.636992,
              50.5518712
            ],
            [
              3.6377235,
              50.5511938
            ],
            [
              3.6381517,
              50.5510933
            ],
            [
              3.6392868,
              50.5516955
            ],
            [
              3.64037,
              50.5510548
            ],
            [
              3.6409546,
              50.5515642
            ],
            [
              3.6418947,
              50.5513828
            ],
            [
              3.6433558,
              50.5508551
            ],
            [
              3.6442304,
              50.5514421
            ],
            [
              3.6467723,
              50.5508389
            ],
            [
              3.6462585,
              50.5501374
            ],
            [
              3.6488235,
              50.5493754
            ],
            [
              3.6504591,
              50.5489945
            ],
            [
              3.6516946,
              50.5483046
            ],
            [
              3.6521313,
              50.5481855
            ],
            [
              3.6523668,
              50.5477403
            ],
            [
              3.6565349,
              50.5495734
            ],
            [
              3.6574751,
              50.5502031
            ],
            [
              3.6582181,
              50.5505719
            ],
            [
              3.6592531,
              50.5513229
            ],
            [
              3.6601652,
              50.551859
            ],
            [
              3.6624255,
              50.5527869
            ],
            [
              3.6618566,
              50.553024
            ],
            [
              3.6575443,
              50.5557576
            ],
            [
              3.6616246,
              50.5574437
            ],
            [
              3.664481,
              50.5583564
            ],
            [
              3.6662483,
              50.5590374
            ],
            [
              3.6656202,
              50.5593466
            ],
            [
              3.6651082,
              50.5597718
            ],
            [
              3.6644323,
              50.5601825
            ],
            [
              3.6620706,
              50.5612045
            ],
            [
              3.6626251,
              50.5628688
            ],
            [
              3.6620239,
              50.5632021
            ],
            [
              3.6633174,
              50.5647413
            ],
            [
              3.6643903,
              50.5661779
            ],
            [
              3.6647687,
              50.5663117
            ],
            [
              3.6671991,
              50.5681857
            ],
            [
              3.6690477,
              50.569285
            ],
            [
              3.6694299,
              50.5696151
            ],
            [
              3.671139,
              50.5691203
            ],
            [
              3.6710988,
              50.569346
            ],
            [
              3.6709883,
              50.569355
            ],
            [
              3.6710968,
              50.5695804
            ],
            [
              3.6709094,
              50.5696706
            ],
            [
              3.6707375,
              50.5695693
            ],
            [
              3.670732,
              50.5696926
            ],
            [
              3.6705779,
              50.5697599
            ],
            [
              3.670723,
              50.5698371
            ],
            [
              3.6707212,
              50.5700002
            ],
            [
              3.6708536,
              50.5700565
            ],
            [
              3.6707711,
              50.5701925
            ],
            [
              3.671429,
              50.5714539
            ],
            [
              3.6715404,
              50.5720319
            ],
            [
              3.6716896,
              50.5720228
            ],
            [
              3.6722101,
              50.5722862
            ],
            [
              3.6721419,
              50.5724421
            ],
            [
              3.6715902,
              50.5728269
            ],
            [
              3.6726569,
              50.5735675
            ],
            [
              3.671567,
              50.5741572
            ],
            [
              3.6730078,
              50.5747349
            ],
            [
              3.6732959,
              50.5746936
            ],
            [
              3.6742217,
              50.5753241
            ],
            [
              3.6749781,
              50.5755994
            ],
            [
              3.6757569,
              50.5761306
            ],
            [
              3.67566,
              50.5761931
            ],
            [
              3.6777947,
              50.5781397
            ],
            [
              3.6779339,
              50.5784466
            ],
            [
              3.6784408,
              50.5787602
            ],
            [
              3.6786209,
              50.5790765
            ],
            [
              3.6785782,
              50.5793553
            ],
            [
              3.6794538,
              50.5805858
            ],
            [
              3.6801088,
              50.5808362
            ],
            [
              3.6807387,
              50.5815832
            ],
            [
              3.6810409,
              50.5817223
            ],
            [
              3.6826266,
              50.5813838
            ],
            [
              3.6865236,
              50.5803099
            ],
            [
              3.6891381,
              50.5797171
            ],
            [
              3.6891853,
              50.5799402
            ],
            [
              3.6911351,
              50.5799303
            ],
            [
              3.6912449,
              50.5803362
            ],
            [
              3.6918457,
              50.5802079
            ],
            [
              3.6955679,
              50.5805321
            ],
            [
              3.6992864,
              50.5804915
            ],
            [
              3.7022718,
              50.5803045
            ],
            [
              3.7012018,
              50.5777826
            ],
            [
              3.6968734,
              50.5787871
            ],
            [
              3.6957062,
              50.5773307
            ],
            [
              3.6951211,
              50.5774144
            ],
            [
              3.6947468,
              50.5760358
            ],
            [
              3.6953219,
              50.5759418
            ],
            [
              3.6947145,
              50.5740313
            ],
            [
              3.697226,
              50.5732129
            ],
            [
              3.6952812,
              50.571353
            ],
            [
              3.6965604,
              50.5708412
            ],
            [
              3.69806,
              50.5703686
            ],
            [
              3.7017983,
              50.5688014
            ],
            [
              3.7023683,
              50.5687458
            ],
            [
              3.7027278,
              50.5685155
            ],
            [
              3.7027779,
              50.5683696
            ],
            [
              3.704878,
              50.5681152
            ],
            [
              3.7056996,
              50.5661525
            ],
            [
              3.7062457,
              50.5657948
            ],
            [
              3.7078953,
              50.5653527
            ],
            [
              3.7087159,
              50.5671395
            ],
            [
              3.7111073,
              50.566414
            ],
            [
              3.7112292,
              50.5662511
            ],
            [
              3.7099206,
              50.5646852
            ],
            [
              3.7121678,
              50.5630028
            ],
            [
              3.7138455,
              50.5626251
            ],
            [
              3.7141116,
              50.5624779
            ],
            [
              3.7138794,
              50.5622803
            ],
            [
              3.7142121,
              50.561653
            ],
            [
              3.7145043,
              50.5606733
            ],
            [
              3.7145142,
              50.5602489
            ],
            [
              3.7142553,
              50.5584084
            ],
            [
              3.7143259,
              50.5581139
            ],
            [
              3.7144355,
              50.5581165
            ],
            [
              3.7147668,
              50.5575986
            ],
            [
              3.7150312,
              50.556702
            ],
            [
              3.7154014,
              50.5565757
            ],
            [
              3.7197528,
              50.5566835
            ],
            [
              3.7231809,
              50.5569827
            ],
            [
              3.7260369,
              50.557826
            ],
            [
              3.7262911,
              50.5572908
            ],
            [
              3.726558,
              50.5573702
            ],
            [
              3.7280994,
              50.5570874
            ],
            [
              3.7300252,
              50.5569959
            ],
            [
              3.729845,
              50.5566697
            ],
            [
              3.7306741,
              50.556449
            ],
            [
              3.7317531,
              50.5556061
            ],
            [
              3.7326455,
              50.5547536
            ],
            [
              3.7323175,
              50.5544512
            ],
            [
              3.7314596,
              50.5540964
            ],
            [
              3.7315599,
              50.5539768
            ],
            [
              3.7319827,
              50.553784
            ],
            [
              3.7322584,
              50.5537717
            ],
            [
              3.7323317,
              50.5538911
            ],
            [
              3.7330664,
              50.5538435
            ],
            [
              3.7334975,
              50.5542736
            ],
            [
              3.7339177,
              50.5541932
            ],
            [
              3.7341333,
              50.5543675
            ],
            [
              3.7350055,
              50.5544968
            ],
            [
              3.7350022,
              50.5546019
            ],
            [
              3.7351364,
              50.5546381
            ],
            [
              3.7353292,
              50.5545335
            ],
            [
              3.7356766,
              50.5547271
            ],
            [
              3.7356312,
              50.554871
            ],
            [
              3.7360545,
              50.5548172
            ],
            [
              3.7361189,
              50.5550312
            ],
            [
              3.736733,
              50.5550885
            ],
            [
              3.7368166,
              50.5553109
            ],
            [
              3.7370848,
              50.5554037
            ],
            [
              3.7374085,
              50.5556985
            ],
            [
              3.7377746,
              50.5557708
            ],
            [
              3.7377106,
              50.555605
            ],
            [
              3.7378059,
              50.5555293
            ],
            [
              3.738265,
              50.5558661
            ],
            [
              3.7385674,
              50.5556953
            ],
            [
              3.7388226,
              50.5558392
            ],
            [
              3.7385717,
              50.5559662
            ],
            [
              3.7387871,
              50.5560157
            ],
            [
              3.7390916,
              50.5557988
            ],
            [
              3.7389974,
              50.5554746
            ],
            [
              3.7390187,
              50.5551578
            ],
            [
              3.7401418,
              50.5548554
            ],
            [
              3.7469479,
              50.5522301
            ],
            [
              3.7510226,
              50.5510568
            ],
            [
              3.7526778,
              50.5503978
            ],
            [
              3.7526297,
              50.5492556
            ],
            [
              3.7523251,
              50.5491388
            ],
            [
              3.7528186,
              50.5484581
            ],
            [
              3.7526132,
              50.5483884
            ],
            [
              3.7534308,
              50.5480153
            ],
            [
              3.7539457,
              50.5479677
            ],
            [
              3.7539267,
              50.5476099
            ],
            [
              3.7537687,
              50.5474167
            ],
            [
              3.7539346,
              50.5472856
            ],
            [
              3.7538102,
              50.547143
            ],
            [
              3.7539524,
              50.5470541
            ],
            [
              3.7537648,
              50.5468436
            ],
            [
              3.7538471,
              50.5466853
            ],
            [
              3.7535491,
              50.5463139
            ],
            [
              3.7540762,
              50.5459652
            ],
            [
              3.7540132,
              50.5456224
            ],
            [
              3.7538105,
              50.5454635
            ],
            [
              3.7540822,
              50.5452027
            ],
            [
              3.7540822,
              50.5451033
            ],
            [
              3.7542802,
              50.5449758
            ],
            [
              3.754417,
              50.5447042
            ],
            [
              3.7549293,
              50.5443667
            ],
            [
              3.7553791,
              50.5442596
            ],
            [
              3.7567066,
              50.5437302
            ],
            [
              3.7566941,
              50.5435616
            ],
            [
              3.7576354,
              50.5432222
            ],
            [
              3.7581116,
              50.5429594
            ],
            [
              3.7594035,
              50.5425045
            ],
            [
              3.7605694,
              50.5422355
            ],
            [
              3.7606044,
              50.542134
            ],
            [
              3.7603478,
              50.5420107
            ],
            [
              3.7604032,
              50.5417602
            ],
            [
              3.7600015,
              50.5417129
            ],
            [
              3.7600112,
              50.5415861
            ],
            [
              3.759595,
              50.5413783
            ],
            [
              3.7594457,
              50.5411193
            ],
            [
              3.7595708,
              50.5410658
            ],
            [
              3.7595577,
              50.5408937
            ],
            [
              3.7593762,
              50.5408039
            ],
            [
              3.759481,
              50.5406719
            ],
            [
              3.759389,
              50.5405909
            ],
            [
              3.7593961,
              50.5404775
            ],
            [
              3.7591504,
              50.5402714
            ],
            [
              3.7591257,
              50.5401241
            ],
            [
              3.7588223,
              50.539968
            ],
            [
              3.7587577,
              50.5396035
            ],
            [
              3.7586266,
              50.5394535
            ],
            [
              3.7585927,
              50.5392274
            ],
            [
              3.7586892,
              50.5391548
            ],
            [
              3.758556,
              50.5388478
            ],
            [
              3.7586984,
              50.5384987
            ],
            [
              3.7588491,
              50.5384732
            ],
            [
              3.7589333,
              50.5383611
            ],
            [
              3.7586824,
              50.5382464
            ],
            [
              3.7588041,
              50.5377852
            ],
            [
              3.7580202,
              50.5372273
            ],
            [
              3.7579522,
              50.5368797
            ],
            [
              3.7577241,
              50.5367696
            ],
            [
              3.7575116,
              50.5368678
            ],
            [
              3.7573277,
              50.536842
            ],
            [
              3.7573271,
              50.5367506
            ],
            [
              3.7571626,
              50.536666
            ],
            [
              3.7571777,
              50.536571
            ],
            [
              3.7565363,
              50.5362071
            ],
            [
              3.7564399,
              50.5359857
            ],
            [
              3.7560093,
              50.5358996
            ],
            [
              3.7555367,
              50.5356414
            ],
            [
              3.755656,
              50.5355002
            ],
            [
              3.7555703,
              50.535285
            ],
            [
              3.7559709,
              50.5351333
            ],
            [
              3.7562274,
              50.5349427
            ],
            [
              3.75562,
              50.5340756
            ],
            [
              3.7565716,
              50.5338644
            ],
            [
              3.7556863,
              50.5330635
            ],
            [
              3.7555327,
              50.5330038
            ],
            [
              3.755529,
              50.5328586
            ],
            [
              3.7553107,
              50.5326393
            ],
            [
              3.7552687,
              50.5323843
            ],
            [
              3.7553334,
              50.532129
            ],
            [
              3.755228,
              50.5319701
            ],
            [
              3.7553875,
              50.5319127
            ],
            [
              3.7552945,
              50.5316118
            ],
            [
              3.7553603,
              50.5314671
            ],
            [
              3.7552239,
              50.5313605
            ],
            [
              3.7551321,
              50.5314178
            ],
            [
              3.7549809,
              50.5313451
            ],
            [
              3.7550509,
              50.5312221
            ],
            [
              3.7552922,
              50.531173
            ],
            [
              3.7552259,
              50.530962
            ],
            [
              3.7550752,
              50.530995
            ],
            [
              3.7548194,
              50.5305472
            ],
            [
              3.7532679,
              50.5293174
            ],
            [
              3.752551,
              50.5296815
            ],
            [
              3.7520969,
              50.529251
            ],
            [
              3.7522462,
              50.5291604
            ],
            [
              3.7497517,
              50.5278844
            ],
            [
              3.749311,
              50.5277491
            ],
            [
              3.7480349,
              50.5278653
            ],
            [
              3.7446428,
              50.5248881
            ],
            [
              3.7442864,
              50.5250659
            ],
            [
              3.7418119,
              50.5258188
            ],
            [
              3.740818,
              50.5213971
            ],
            [
              3.7434139,
              50.520102
            ],
            [
              3.7442469,
              50.5175775
            ],
            [
              3.7408372,
              50.516149
            ],
            [
              3.7386796,
              50.5158094
            ],
            [
              3.7377429,
              50.5142038
            ],
            [
              3.7398893,
              50.5118078
            ],
            [
              3.7411019,
              50.5120332
            ],
            [
              3.7426451,
              50.5119749
            ],
            [
              3.7424579,
              50.5117438
            ],
            [
              3.7451249,
              50.5111265
            ],
            [
              3.7449564,
              50.509813
            ],
            [
              3.7446773,
              50.5088797
            ],
            [
              3.7439679,
              50.5090279
            ],
            [
              3.7439317,
              50.5086578
            ],
            [
              3.7443745,
              50.5085673
            ],
            [
              3.7443261,
              50.5084301
            ],
            [
              3.7449803,
              50.508058
            ],
            [
              3.7451698,
              50.5042805
            ],
            [
              3.7457022,
              50.5025646
            ],
            [
              3.7441528,
              50.5011817
            ],
            [
              3.741427,
              50.4995367
            ],
            [
              3.7408411,
              50.4990284
            ],
            [
              3.7399845,
              50.4979188
            ],
            [
              3.7365273,
              50.49615
            ],
            [
              3.7217024,
              50.4929535
            ],
            [
              3.7188143,
              50.4923987
            ],
            [
              3.718649,
              50.4860407
            ],
            [
              3.7152637,
              50.4838817
            ],
            [
              3.7136753,
              50.4820316
            ],
            [
              3.7128689,
              50.48092
            ],
            [
              3.7019343,
              50.4853982
            ],
            [
              3.6995933,
              50.4861476
            ],
            [
              3.6959431,
              50.4869915
            ],
            [
              3.6939692,
              50.4873053
            ],
            [
              3.6919118,
              50.4875193
            ],
            [
              3.689495,
              50.4892937
            ],
            [
              3.687576,
              50.4909051
            ],
            [
              3.6871618,
              50.4913329
            ],
            [
              3.6869085,
              50.491825
            ],
            [
              3.6865414,
              50.4921643
            ],
            [
              3.6855479,
              50.4927039
            ],
            [
              3.6866311,
              50.4926157
            ],
            [
              3.6896859,
              50.4931101
            ],
            [
              3.6872057,
              50.4949349
            ],
            [
              3.684173,
              50.4970202
            ],
            [
              3.6836756,
              50.4967376
            ],
            [
              3.6830421,
              50.496961
            ],
            [
              3.6827745,
              50.4973043
            ],
            [
              3.6827558,
              50.497432
            ],
            [
              3.682872,
              50.4976156
            ],
            [
              3.6828142,
              50.4977354
            ],
            [
              3.6832151,
              50.4979386
            ],
            [
              3.6832906,
              50.4982116
            ],
            [
              3.6831494,
              50.4984358
            ],
            [
              3.6834271,
              50.4985619
            ],
            [
              3.6828724,
              50.4991626
            ],
            [
              3.6827759,
              50.4999728
            ],
            [
              3.6832961,
              50.500281
            ],
            [
              3.6851404,
              50.5009073
            ],
            [
              3.686003,
              50.4998928
            ],
            [
              3.6876161,
              50.5001013
            ],
            [
              3.6875408,
              50.5005477
            ],
            [
              3.6883069,
              50.5010681
            ],
            [
              3.6880128,
              50.501828
            ],
            [
              3.6893516,
              50.50218
            ],
            [
              3.6891181,
              50.502544
            ],
            [
              3.6906491,
              50.5027943
            ],
            [
              3.6909825,
              50.5028849
            ],
            [
              3.6911989,
              50.5030438
            ],
            [
              3.6915888,
              50.5030834
            ],
            [
              3.6907234,
              50.5044659
            ],
            [
              3.6904676,
              50.5044095
            ],
            [
              3.689815,
              50.5072363
            ],
            [
              3.688576,
              50.5070782
            ],
            [
              3.6885654,
              50.5069713
            ],
            [
              3.6876114,
              50.5070742
            ],
            [
              3.6877011,
              50.507231
            ],
            [
              3.6872196,
              50.5072828
            ],
            [
              3.6872393,
              50.5073574
            ],
            [
              3.6856448,
              50.507781
            ],
            [
              3.6854942,
              50.5076518
            ],
            [
              3.6849652,
              50.5075582
            ],
            [
              3.6822032,
              50.509046
            ],
            [
              3.6819381,
              50.5088147
            ],
            [
              3.6806081,
              50.5094758
            ],
            [
              3.6804652,
              50.5096606
            ],
            [
              3.6790389,
              50.5107621
            ],
            [
              3.6792418,
              50.5109709
            ],
            [
              3.6784143,
              50.5113149
            ],
            [
              3.6776107,
              50.5114988
            ],
            [
              3.6779327,
              50.5122681
            ],
            [
              3.6764464,
              50.5125147
            ],
            [
              3.6752006,
              50.5130244
            ],
            [
              3.6748925,
              50.5117943
            ],
            [
              3.6703291,
              50.5128599
            ],
            [
              3.6702623,
              50.512622
            ],
            [
              3.6692267,
              50.512912
            ],
            [
              3.668867,
              50.5120181
            ],
            [
              3.6677581,
              50.5122202
            ],
            [
              3.6666719,
              50.5125398
            ],
            [
              3.6660328,
              50.5125985
            ],
            [
              3.6659614,
              50.5123796
            ],
            [
              3.665028,
              50.5125995
            ],
            [
              3.6645642,
              50.5125735
            ],
            [
              3.6651457,
              50.5135851
            ],
            [
              3.664267,
              50.5146136
            ],
            [
              3.6634012,
              50.514498
            ],
            [
              3.6624747,
              50.5141721
            ],
            [
              3.6618699,
              50.5139412
            ],
            [
              3.6615865,
              50.5136348
            ],
            [
              3.6602969,
              50.5135701
            ],
            [
              3.658844,
              50.5133031
            ],
            [
              3.6574121,
              50.5132359
            ],
            [
              3.6553039,
              50.5133237
            ],
            [
              3.6539087,
              50.5136242
            ],
            [
              3.6515588,
              50.5131435
            ],
            [
              3.6515119,
              50.5129079
            ],
            [
              3.6504027,
              50.5128412
            ],
            [
              3.6489447,
              50.5129472
            ],
            [
              3.6477569,
              50.512872
            ],
            [
              3.6469369,
              50.513131
            ],
            [
              3.6463142,
              50.5134226
            ],
            [
              3.6459807,
              50.5138107
            ],
            [
              3.6446668,
              50.5138211
            ],
            [
              3.6437615,
              50.513457
            ],
            [
              3.6433456,
              50.513442
            ],
            [
              3.6430059,
              50.5135851
            ],
            [
              3.6431348,
              50.5138818
            ],
            [
              3.6419363,
              50.5137726
            ],
            [
              3.6413372,
              50.5138142
            ],
            [
              3.6391828,
              50.514451
            ],
            [
              3.6381783,
              50.5130285
            ],
            [
              3.6375248,
              50.5133749
            ],
            [
              3.6367694,
              50.5129182
            ],
            [
              3.6360266,
              50.5133135
            ],
            [
              3.6366217,
              50.5138044
            ],
            [
              3.6360244,
              50.5141254
            ],
            [
              3.6350649,
              50.5143909
            ],
            [
              3.6335137,
              50.5138864
            ],
            [
              3.6324238,
              50.5131872
            ],
            [
              3.6320382,
              50.5132076
            ],
            [
              3.6319752,
              50.5133896
            ],
            [
              3.6313178,
              50.5136327
            ],
            [
              3.6309224,
              50.5134592
            ],
            [
              3.6305459,
              50.5131032
            ],
            [
              3.6299105,
              50.512835
            ],
            [
              3.6275689,
              50.5121627
            ],
            [
              3.6271566,
              50.5125155
            ],
            [
              3.6243009,
              50.5119464
            ],
            [
              3.6236508,
              50.5117278
            ],
            [
              3.6223846,
              50.5127097
            ],
            [
              3.6229443,
              50.5128377
            ],
            [
              3.6229401,
              50.5132099
            ],
            [
              3.6230843,
              50.5137284
            ],
            [
              3.6236083,
              50.5140094
            ],
            [
              3.6236805,
              50.5139741
            ],
            [
              3.6252482,
              50.5150368
            ],
            [
              3.626719,
              50.5152786
            ],
            [
              3.6272958,
              50.5151437
            ],
            [
              3.6277366,
              50.5151328
            ],
            [
              3.6288789,
              50.5152276
            ],
            [
              3.6260928,
              50.5191419
            ],
            [
              3.6260389,
              50.5190508
            ],
            [
              3.6258507,
              50.5190316
            ],
            [
              3.6259391,
              50.5188757
            ],
            [
              3.6255958,
              50.5187257
            ],
            [
              3.625709,
              50.5186221
            ],
            [
              3.6253599,
              50.5186648
            ],
            [
              3.6253133,
              50.5184784
            ],
            [
              3.6249712,
              50.5184185
            ],
            [
              3.6239794,
              50.5179928
            ],
            [
              3.6240286,
              50.517849
            ],
            [
              3.623792,
              50.5178409
            ],
            [
              3.6239044,
              50.5175311
            ],
            [
              3.6237503,
              50.5174011
            ],
            [
              3.6238045,
              50.5173211
            ],
            [
              3.6235449,
              50.5172139
            ],
            [
              3.6234053,
              50.5173388
            ],
            [
              3.6231415,
              50.51697
            ],
            [
              3.6228467,
              50.516873
            ],
            [
              3.622935,
              50.5166563
            ],
            [
              3.6227581,
              50.5165142
            ],
            [
              3.6226017,
              50.5165628
            ],
            [
              3.6225458,
              50.5163799
            ],
            [
              3.6223033,
              50.5162394
            ],
            [
              3.6221797,
              50.5163211
            ],
            [
              3.6220466,
              50.5161608
            ],
            [
              3.6219486,
              50.5162596
            ],
            [
              3.6215894,
              50.5163031
            ],
            [
              3.6215728,
              50.5161662
            ],
            [
              3.6211052,
              50.5162207
            ],
            [
              3.62079,
              50.5160225
            ],
            [
              3.6203167,
              50.5161202
            ],
            [
              3.6200017,
              50.5160174
            ],
            [
              3.6198341,
              50.5161051
            ],
            [
              3.6180964,
              50.5164258
            ],
            [
              3.6175205,
              50.5161279
            ],
            [
              3.6163491,
              50.5165525
            ],
            [
              3.6164978,
              50.5167186
            ],
            [
              3.6167195,
              50.5174059
            ],
            [
              3.6174007,
              50.5172945
            ],
            [
              3.617467,
              50.5175125
            ],
            [
              3.6180811,
              50.5173732
            ],
            [
              3.6180917,
              50.5179874
            ],
            [
              3.6195975,
              50.5178376
            ],
            [
              3.619452,
              50.5188762
            ],
            [
              3.6186205,
              50.5189167
            ],
            [
              3.6175459,
              50.5186722
            ],
            [
              3.6169713,
              50.5192905
            ],
            [
              3.6166686,
              50.5197878
            ],
            [
              3.6180358,
              50.5202222
            ],
            [
              3.6177367,
              50.5206955
            ],
            [
              3.6181593,
              50.520853
            ],
            [
              3.6168684,
              50.5215844
            ],
            [
              3.6166747,
              50.5208045
            ],
            [
              3.6167316,
              50.5202453
            ],
            [
              3.6157981,
              50.5209523
            ],
            [
              3.6149717,
              50.5206797
            ],
            [
              3.6141715,
              50.5215164
            ],
            [
              3.61397,
              50.5214028
            ],
            [
              3.6142714,
              50.5210563
            ],
            [
              3.6129286,
              50.5207211
            ],
            [
              3.6127905,
              50.5209718
            ],
            [
              3.6110906,
              50.5206512
            ],
            [
              3.6108515,
              50.5210826
            ],
            [
              3.6103098,
              50.5210606
            ],
            [
              3.6102769,
              50.5211941
            ],
            [
              3.6085214,
              50.5210181
            ],
            [
              3.6105678,
              50.5250775
            ],
            [
              3.6109084,
              50.5254541
            ],
            [
              3.6116122,
              50.5258934
            ],
            [
              3.6125192,
              50.5261422
            ],
            [
              3.6138194,
              50.5263136
            ],
            [
              3.6156124,
              50.5263208
            ],
            [
              3.6165245,
              50.5269326
            ],
            [
              3.6176618,
              50.5279265
            ],
            [
              3.6193188,
              50.5286614
            ],
            [
              3.6197317,
              50.5289699
            ],
            [
              3.6202072,
              50.529632
            ],
            [
              3.6205789,
              50.5307059
            ],
            [
              3.6214277,
              50.5318123
            ],
            [
              3.6194393,
              50.5326202
            ],
            [
              3.6197542,
              50.5329759
            ],
            [
              3.6186635,
              50.5336999
            ],
            [
              3.6177391,
              50.5349217
            ],
            [
              3.6170905,
              50.5355425
            ],
            [
              3.6162789,
              50.5365751
            ],
            [
              3.6135887,
              50.5394123
            ],
            [
              3.6129169,
              50.5406521
            ],
            [
              3.6128409,
              50.5416041
            ],
            [
              3.613309,
              50.544843
            ],
            [
              3.613089,
              50.5458319
            ],
            [
              3.6129061,
              50.5472324
            ],
            [
              3.6130861,
              50.5474307
            ],
            [
              3.6140855,
              50.5496617
            ],
            [
              3.6149671,
              50.5507439
            ],
            [
              3.6154418,
              50.5516494
            ],
            [
              3.6156523,
              50.5516547
            ],
            [
              3.6157496,
              50.5521363
            ],
            [
              3.6157748,
              50.5528392
            ],
            [
              3.6155975,
              50.5535928
            ],
            [
              3.6156182,
              50.5541858
            ],
            [
              3.6154867,
              50.5552348
            ],
            [
              3.6151659,
              50.5558446
            ],
            [
              3.6145789,
              50.5564854
            ],
            [
              3.6145201,
              50.5567683
            ],
            [
              3.6143184,
              50.5571259
            ],
            [
              3.61433,
              50.557655
            ],
            [
              3.6141989,
              50.5582345
            ],
            [
              3.6142641,
              50.5590405
            ],
            [
              3.6146124,
              50.5595676
            ],
            [
              3.6155775,
              50.5604449
            ],
            [
              3.6161515,
              50.5609175
            ]
          ]
        ]
      },
      "properties": {
        "type": "boundary",
        "gemeente": "Belœil"
      }
    }
  ]
}