{
  "type": "FeatureCollection",
  "metadata": {
    "gemeente": "Brussel (Bruxelles)",
    "slug": "brussel-bruxelles",
    "generated_at": "2026-09-25T22:11:35.977902Z",
    "total_points": 220,
    "providers": [
      "bpost",
      "DHL",
      "GLS",
      "InPost",
      "VintedGo",
      "PostNL",
      "DPD",
      "Amazon"
    ],
    "bounds": [
      4.32662,
      50.7970875,
      4.41973,
      50.90727
    ]
  },
  "features": [
    {
      "type": "Feature",
      "geometry": {
        "type": "Point",
        "coordinates": [
          4.35391,
          50.84582
        ]
      },
      "properties": {
        "type": "pakketpunt",
        "locatieNaam": "Pakjesautomaat Agora Galerij Brussel",
        "straatNaam": "Grasmarkt",
        "straatNr": "105",
        "vervoerder": "bpost",
        "puntType": "automaat",
        "bezettingsgraad": 50,
        "latitude": 50.84582,
        "longitude": 4.35391,
        "canPickup": true,
        "canDropoff": true,
        "openingstijden": null
      }
    },
    {
      "type": "Feature",
      "geometry": {
        "type": "Point",
        "coordinates": [
          4.35625,
          50.84563
        ]
      },
      "properties": {
        "type": "pakketpunt",
        "locatieNaam": "Relay Centraal Station",
        "straatNaam": "Europakruispunt",
        "straatNr": "2",
        "vervoerder": "bpost",
        "puntType": "servicepunt",
        "bezettingsgraad": 50,
        "latitude": 50.84563,
        "longitude": 4.35625,
        "canPickup": true,
        "canDropoff": true,
        "openingstijden": null
      }
    },
    {
      "type": "Feature",
      "geometry": {
        "type": "Point",
        "coordinates": [
          4.35508,
          50.84878
        ]
      },
      "properties": {
        "type": "pakketpunt",
        "locatieNaam": "Market Masood",
        "straatNaam": "Schildknaapsstraat",
        "straatNr": "55",
        "vervoerder": "bpost",
        "puntType": "servicepunt",
        "bezettingsgraad": 50,
        "latitude": 50.84878,
        "longitude": 4.35508,
        "canPickup": true,
        "canDropoff": true,
        "openingstijden": null
      }
    },
    {
      "type": "Feature",
      "geometry": {
        "type": "Point",
        "coordinates": [
          4.34771,
          50.84462
        ]
      },
      "properties": {
        "type": "pakketpunt",
        "locatieNaam": "Brussel Bogaarden",
        "straatNaam": "Bogaardenstraat",
        "straatNr": "17-19",
        "vervoerder": "bpost",
        "puntType": "postkantoor",
        "bezettingsgraad": 50,
        "latitude": 50.84462,
        "longitude": 4.34771,
        "canPickup": true,
        "canDropoff": true,
        "openingstijden": null
      }
    },
    {
      "type": "Feature",
      "geometry": {
        "type": "Point",
        "coordinates": [
          4.34769,
          50.84455
        ]
      },
      "properties": {
        "type": "pakketpunt",
        "locatieNaam": "Bbox Bruxelles Bogards Bpost",
        "straatNaam": "Bogaardenstraat",
        "straatNr": "17-19",
        "vervoerder": "bpost",
        "puntType": "automaat",
        "bezettingsgraad": 50,
        "latitude": 50.84455,
        "longitude": 4.34769,
        "canPickup": true,
        "canDropoff": true,
        "openingstijden": null
      }
    },
    {
      "type": "Feature",
      "geometry": {
        "type": "Point",
        "coordinates": [
          4.3571,
          50.84555
        ]
      },
      "properties": {
        "type": "pakketpunt",
        "locatieNaam": "Pakjesautomaat Station Bru-Centr",
        "straatNaam": "Europakruispunt",
        "straatNr": "2",
        "vervoerder": "bpost",
        "puntType": "automaat",
        "bezettingsgraad": 50,
        "latitude": 50.84555,
        "longitude": 4.3571,
        "canPickup": true,
        "canDropoff": true,
        "openingstijden": null
      }
    },
    {
      "type": "Feature",
      "geometry": {
        "type": "Point",
        "coordinates": [
          4.35051,
          50.85112
        ]
      },
      "properties": {
        "type": "pakketpunt",
        "locatieNaam": "Brussel De Brouckere",
        "straatNaam": "Lakensestraat",
        "straatNr": "1",
        "vervoerder": "bpost",
        "puntType": "postkantoor",
        "bezettingsgraad": 50,
        "latitude": 50.85112,
        "longitude": 4.35051,
        "canPickup": true,
        "canDropoff": true,
        "openingstijden": null
      }
    },
    {
      "type": "Feature",
      "geometry": {
        "type": "Point",
        "coordinates": [
          4.3508,
          50.85119
        ]
      },
      "properties": {
        "type": "pakketpunt",
        "locatieNaam": "Bbox De Brouckère",
        "straatNaam": "Lakensestraat",
        "straatNr": "1",
        "vervoerder": "bpost",
        "puntType": "automaat",
        "bezettingsgraad": 50,
        "latitude": 50.85119,
        "longitude": 4.3508,
        "canPickup": true,
        "canDropoff": true,
        "openingstijden": null
      }
    },
    {
      "type": "Feature",
      "geometry": {
        "type": "Point",
        "coordinates": [
          4.3483,
          50.84145
        ]
      },
      "properties": {
        "type": "pakketpunt",
        "locatieNaam": "Bbox 24/7 Nmbs Chapelle-Kapellekerk",
        "straatNaam": "Ursulinenstraat",
        "straatNr": "17-27",
        "vervoerder": "bpost",
        "puntType": "automaat",
        "bezettingsgraad": 50,
        "latitude": 50.84145,
        "longitude": 4.3483,
        "canPickup": true,
        "canDropoff": true,
        "openingstijden": null
      }
    },
    {
      "type": "Feature",
      "geometry": {
        "type": "Point",
        "coordinates": [
          4.34319,
          50.84824
        ]
      },
      "properties": {
        "type": "pakketpunt",
        "locatieNaam": "Bbox Lavoir Fleurs",
        "straatNaam": "Bloemenhofplein",
        "straatNr": "9",
        "vervoerder": "bpost",
        "puntType": "automaat",
        "bezettingsgraad": 50,
        "latitude": 50.84824,
        "longitude": 4.34319,
        "canPickup": true,
        "canDropoff": true,
        "openingstijden": null
      }
    },
    {
      "type": "Feature",
      "geometry": {
        "type": "Point",
        "coordinates": [
          4.35575,
          50.83988
        ]
      },
      "properties": {
        "type": "pakketpunt",
        "locatieNaam": "Spar Express Zavel",
        "straatNaam": "Zavelstraat",
        "straatNr": "17",
        "vervoerder": "bpost",
        "puntType": "servicepunt",
        "bezettingsgraad": 50,
        "latitude": 50.83988,
        "longitude": 4.35575,
        "canPickup": true,
        "canDropoff": true,
        "openingstijden": null
      }
    },
    {
      "type": "Feature",
      "geometry": {
        "type": "Point",
        "coordinates": [
          4.36412,
          50.84795
        ]
      },
      "properties": {
        "type": "pakketpunt",
        "locatieNaam": "Superette Nataneli",
        "straatNaam": "Ijzerenkruisstraat",
        "straatNr": "33",
        "vervoerder": "bpost",
        "puntType": "servicepunt",
        "bezettingsgraad": 50,
        "latitude": 50.84795,
        "longitude": 4.36412,
        "canPickup": true,
        "canDropoff": true,
        "openingstijden": null
      }
    },
    {
      "type": "Feature",
      "geometry": {
        "type": "Point",
        "coordinates": [
          4.34971,
          50.83797
        ]
      },
      "properties": {
        "type": "pakketpunt",
        "locatieNaam": "Bbox 24/7 Boetiek Marollen",
        "straatNaam": "Hoogstraat",
        "straatNr": "184",
        "vervoerder": "bpost",
        "puntType": "automaat",
        "bezettingsgraad": 50,
        "latitude": 50.83797,
        "longitude": 4.34971,
        "canPickup": true,
        "canDropoff": true,
        "openingstijden": null
      }
    },
    {
      "type": "Feature",
      "geometry": {
        "type": "Point",
        "coordinates": [
          4.3578,
          50.85456
        ]
      },
      "properties": {
        "type": "pakketpunt",
        "locatieNaam": "Press Shop City 2",
        "straatNaam": "Nieuwstraat",
        "straatNr": "123A",
        "vervoerder": "bpost",
        "puntType": "servicepunt",
        "bezettingsgraad": 50,
        "latitude": 50.85456,
        "longitude": 4.3578,
        "canPickup": true,
        "canDropoff": true,
        "openingstijden": null
      }
    },
    {
      "type": "Feature",
      "geometry": {
        "type": "Point",
        "coordinates": [
          4.3527,
          50.85644
        ]
      },
      "properties": {
        "type": "pakketpunt",
        "locatieNaam": "Gatsby",
        "straatNaam": "Lakensestraat",
        "straatNr": "166-168",
        "vervoerder": "bpost",
        "puntType": "servicepunt",
        "bezettingsgraad": 50,
        "latitude": 50.85644,
        "longitude": 4.3527,
        "canPickup": true,
        "canDropoff": true,
        "openingstijden": null
      }
    },
    {
      "type": "Feature",
      "geometry": {
        "type": "Point",
        "coordinates": [
          4.36776,
          50.84932
        ]
      },
      "properties": {
        "type": "pakketpunt",
        "locatieNaam": "Bbox I-Wash Store",
        "straatNaam": "Congresstraat",
        "straatNr": "52",
        "vervoerder": "bpost",
        "puntType": "automaat",
        "bezettingsgraad": 50,
        "latitude": 50.84932,
        "longitude": 4.36776,
        "canPickup": true,
        "canDropoff": true,
        "openingstijden": null
      }
    },
    {
      "type": "Feature",
      "geometry": {
        "type": "Point",
        "coordinates": [
          4.3677,
          50.85024
        ]
      },
      "properties": {
        "type": "pakketpunt",
        "locatieNaam": "Dagbladhandel Worldwide",
        "straatNaam": "Eredienststraat",
        "straatNr": "28",
        "vervoerder": "bpost",
        "puntType": "servicepunt",
        "bezettingsgraad": 50,
        "latitude": 50.85024,
        "longitude": 4.3677,
        "canPickup": true,
        "canDropoff": true,
        "openingstijden": null
      }
    },
    {
      "type": "Feature",
      "geometry": {
        "type": "Point",
        "coordinates": [
          4.34541,
          50.83615
        ]
      },
      "properties": {
        "type": "pakketpunt",
        "locatieNaam": "Photoblaes",
        "straatNaam": "Blaesstraat",
        "straatNr": "182B",
        "vervoerder": "bpost",
        "puntType": "servicepunt",
        "bezettingsgraad": 50,
        "latitude": 50.83615,
        "longitude": 4.34541,
        "canPickup": true,
        "canDropoff": true,
        "openingstijden": null
      }
    },
    {
      "type": "Feature",
      "geometry": {
        "type": "Point",
        "coordinates": [
          4.36696,
          50.84036
        ]
      },
      "properties": {
        "type": "pakketpunt",
        "locatieNaam": "Carrefour Express Trone",
        "straatNaam": "Luxemburgstraat",
        "straatNr": "3",
        "vervoerder": "bpost",
        "puntType": "servicepunt",
        "bezettingsgraad": 50,
        "latitude": 50.84036,
        "longitude": 4.36696,
        "canPickup": true,
        "canDropoff": true,
        "openingstijden": null
      }
    },
    {
      "type": "Feature",
      "geometry": {
        "type": "Point",
        "coordinates": [
          4.37712,
          50.84543
        ]
      },
      "properties": {
        "type": "pakketpunt",
        "locatieNaam": "Bbox 24/7 Brussel Livingstone Bpost",
        "straatNaam": "Stevinstraat",
        "straatNr": "41-43",
        "vervoerder": "bpost",
        "puntType": "automaat",
        "bezettingsgraad": 50,
        "latitude": 50.84543,
        "longitude": 4.37712,
        "canPickup": true,
        "canDropoff": true,
        "openingstijden": null
      }
    },
    {
      "type": "Feature",
      "geometry": {
        "type": "Point",
        "coordinates": [
          4.37718,
          50.84555
        ]
      },
      "properties": {
        "type": "pakketpunt",
        "locatieNaam": "Brussel Livingstone",
        "straatNaam": "Stevinstraat",
        "straatNr": "41-43",
        "vervoerder": "bpost",
        "puntType": "postkantoor",
        "bezettingsgraad": 50,
        "latitude": 50.84555,
        "longitude": 4.37718,
        "canPickup": true,
        "canDropoff": true,
        "openingstijden": null
      }
    },
    {
      "type": "Feature",
      "geometry": {
        "type": "Point",
        "coordinates": [
          4.34401,
          50.86456
        ]
      },
      "properties": {
        "type": "pakketpunt",
        "locatieNaam": "Pakjesautomaat T&T Gare Maritime",
        "straatNaam": "Picardstraat",
        "straatNr": "11",
        "vervoerder": "bpost",
        "puntType": "automaat",
        "bezettingsgraad": 50,
        "latitude": 50.86456,
        "longitude": 4.34401,
        "canPickup": true,
        "canDropoff": true,
        "openingstijden": null
      }
    },
    {
      "type": "Feature",
      "geometry": {
        "type": "Point",
        "coordinates": [
          4.38081,
          50.84002
        ]
      },
      "properties": {
        "type": "pakketpunt",
        "locatieNaam": "Louis Delhaize Belliard",
        "straatNaam": "Belliardstraat",
        "straatNr": "141",
        "vervoerder": "bpost",
        "puntType": "servicepunt",
        "bezettingsgraad": 50,
        "latitude": 50.84002,
        "longitude": 4.38081,
        "canPickup": true,
        "canDropoff": true,
        "openingstijden": null
      }
    },
    {
      "type": "Feature",
      "geometry": {
        "type": "Point",
        "coordinates": [
          4.38243,
          50.84257
        ]
      },
      "properties": {
        "type": "pakketpunt",
        "locatieNaam": "Relay Schuman Gare",
        "straatNaam": "Wetstraat",
        "straatNr": "175",
        "vervoerder": "bpost",
        "puntType": "servicepunt",
        "bezettingsgraad": 50,
        "latitude": 50.84257,
        "longitude": 4.38243,
        "canPickup": true,
        "canDropoff": true,
        "openingstijden": null
      }
    },
    {
      "type": "Feature",
      "geometry": {
        "type": "Point",
        "coordinates": [
          4.38718,
          50.84679
        ]
      },
      "properties": {
        "type": "pakketpunt",
        "locatieNaam": "Sediqi",
        "straatNaam": "Margaretasquare",
        "straatNr": "29",
        "vervoerder": "bpost",
        "puntType": "servicepunt",
        "bezettingsgraad": 50,
        "latitude": 50.84679,
        "longitude": 4.38718,
        "canPickup": true,
        "canDropoff": true,
        "openingstijden": null
      }
    },
    {
      "type": "Feature",
      "geometry": {
        "type": "Point",
        "coordinates": [
          4.34855,
          50.87101
        ]
      },
      "properties": {
        "type": "pakketpunt",
        "locatieNaam": "Bbox Be-Here Brussel",
        "straatNaam": "Dieudonne Lefevrestraat",
        "straatNr": "4",
        "vervoerder": "bpost",
        "puntType": "automaat",
        "bezettingsgraad": 50,
        "latitude": 50.87101,
        "longitude": 4.34855,
        "canPickup": true,
        "canDropoff": true,
        "openingstijden": null
      }
    },
    {
      "type": "Feature",
      "geometry": {
        "type": "Point",
        "coordinates": [
          4.3669,
          50.82379
        ]
      },
      "properties": {
        "type": "pakketpunt",
        "locatieNaam": "Bbox Tribes Bru Centr",
        "straatNaam": "Louizalaan",
        "straatNr": "279",
        "vervoerder": "bpost",
        "puntType": "automaat",
        "bezettingsgraad": 50,
        "latitude": 50.82379,
        "longitude": 4.3669,
        "canPickup": true,
        "canDropoff": true,
        "openingstijden": null
      }
    },
    {
      "type": "Feature",
      "geometry": {
        "type": "Point",
        "coordinates": [
          4.36825,
          50.82352
        ]
      },
      "properties": {
        "type": "pakketpunt",
        "locatieNaam": "Bbox Shop & Go Delhaize Louise",
        "straatNaam": "Louizalaan",
        "straatNr": "306-310",
        "vervoerder": "bpost",
        "puntType": "automaat",
        "bezettingsgraad": 50,
        "latitude": 50.82352,
        "longitude": 4.36825,
        "canPickup": true,
        "canDropoff": true,
        "openingstijden": null
      }
    },
    {
      "type": "Feature",
      "geometry": {
        "type": "Point",
        "coordinates": [
          4.34736,
          50.87468
        ]
      },
      "properties": {
        "type": "pakketpunt",
        "locatieNaam": "Lucky Shop",
        "straatNaam": "Emile Bockstaellaan",
        "straatNr": "152",
        "vervoerder": "bpost",
        "puntType": "servicepunt",
        "bezettingsgraad": 50,
        "latitude": 50.87468,
        "longitude": 4.34736,
        "canPickup": true,
        "canDropoff": true,
        "openingstijden": null
      }
    },
    {
      "type": "Feature",
      "geometry": {
        "type": "Point",
        "coordinates": [
          4.34721,
          50.87598
        ]
      },
      "properties": {
        "type": "pakketpunt",
        "locatieNaam": "Laken Gemeentehuis",
        "straatNaam": "Tielemansstraat",
        "straatNr": "32",
        "vervoerder": "bpost",
        "puntType": "postkantoor",
        "bezettingsgraad": 50,
        "latitude": 50.87598,
        "longitude": 4.34721,
        "canPickup": true,
        "canDropoff": true,
        "openingstijden": null
      }
    },
    {
      "type": "Feature",
      "geometry": {
        "type": "Point",
        "coordinates": [
          4.35098,
          50.87641
        ]
      },
      "properties": {
        "type": "pakketpunt",
        "locatieNaam": "Dbh Marie Christine 163",
        "straatNaam": "Maria-Christinastraat",
        "straatNr": "163",
        "vervoerder": "bpost",
        "puntType": "servicepunt",
        "bezettingsgraad": 50,
        "latitude": 50.87641,
        "longitude": 4.35098,
        "canPickup": true,
        "canDropoff": true,
        "openingstijden": null
      }
    },
    {
      "type": "Feature",
      "geometry": {
        "type": "Point",
        "coordinates": [
          4.35102,
          50.87649
        ]
      },
      "properties": {
        "type": "pakketpunt",
        "locatieNaam": "Pakjesautomaat 24/7 Lib Laken",
        "straatNaam": "Maria-Christinastraat",
        "straatNr": "163",
        "vervoerder": "bpost",
        "puntType": "automaat",
        "bezettingsgraad": 50,
        "latitude": 50.87649,
        "longitude": 4.35102,
        "canPickup": true,
        "canDropoff": true,
        "openingstijden": null
      }
    },
    {
      "type": "Feature",
      "geometry": {
        "type": "Point",
        "coordinates": [
          4.34929,
          50.87736
        ]
      },
      "properties": {
        "type": "pakketpunt",
        "locatieNaam": "Dagbladhandel Lakenoise New",
        "straatNaam": "Stefaniastraat",
        "straatNr": "157",
        "vervoerder": "bpost",
        "puntType": "servicepunt",
        "bezettingsgraad": 50,
        "latitude": 50.87736,
        "longitude": 4.34929,
        "canPickup": true,
        "canDropoff": true,
        "openingstijden": null
      }
    },
    {
      "type": "Feature",
      "geometry": {
        "type": "Point",
        "coordinates": [
          4.3399,
          50.87947
        ]
      },
      "properties": {
        "type": "pakketpunt",
        "locatieNaam": "Bbox Lidl Steyls Laken",
        "straatNaam": "Steylsstraat",
        "straatNr": "111",
        "vervoerder": "bpost",
        "puntType": "automaat",
        "bezettingsgraad": 50,
        "latitude": 50.87947,
        "longitude": 4.3399,
        "canPickup": true,
        "canDropoff": true,
        "openingstijden": null
      }
    },
    {
      "type": "Feature",
      "geometry": {
        "type": "Point",
        "coordinates": [
          4.34751,
          50.88113
        ]
      },
      "properties": {
        "type": "pakketpunt",
        "locatieNaam": "Le Corner",
        "straatNaam": "Emile Bockstaellaan",
        "straatNr": "334",
        "vervoerder": "bpost",
        "puntType": "servicepunt",
        "bezettingsgraad": 50,
        "latitude": 50.88113,
        "longitude": 4.34751,
        "canPickup": true,
        "canDropoff": true,
        "openingstijden": null
      }
    },
    {
      "type": "Feature",
      "geometry": {
        "type": "Point",
        "coordinates": [
          4.37284,
          50.87918
        ]
      },
      "properties": {
        "type": "pakketpunt",
        "locatieNaam": "Pakjesautomaat 24/7 Docks Bruxsel",
        "straatNaam": "Lambermontlaan",
        "straatNr": "1",
        "vervoerder": "bpost",
        "puntType": "automaat",
        "bezettingsgraad": 50,
        "latitude": 50.87918,
        "longitude": 4.37284,
        "canPickup": true,
        "canDropoff": true,
        "openingstijden": null
      }
    },
    {
      "type": "Feature",
      "geometry": {
        "type": "Point",
        "coordinates": [
          4.37892,
          50.87794
        ]
      },
      "properties": {
        "type": "pakketpunt",
        "locatieNaam": "Bbox 24/7 Station Schaarbeek",
        "straatNaam": "Prinses Elisabethplein",
        "straatNr": "5",
        "vervoerder": "bpost",
        "puntType": "automaat",
        "bezettingsgraad": 50,
        "latitude": 50.87794,
        "longitude": 4.37892,
        "canPickup": true,
        "canDropoff": true,
        "openingstijden": null
      }
    },
    {
      "type": "Feature",
      "geometry": {
        "type": "Point",
        "coordinates": [
          4.38133,
          50.813
        ]
      },
      "properties": {
        "type": "pakketpunt",
        "locatieNaam": "Bbox 24/7 Ulb Solbosch",
        "straatNaam": "Paul Hegerlaan",
        "straatNr": "22",
        "vervoerder": "bpost",
        "puntType": "automaat",
        "bezettingsgraad": 50,
        "latitude": 50.813,
        "longitude": 4.38133,
        "canPickup": true,
        "canDropoff": true,
        "openingstijden": null
      }
    },
    {
      "type": "Feature",
      "geometry": {
        "type": "Point",
        "coordinates": [
          4.33757,
          50.88901
        ]
      },
      "properties": {
        "type": "pakketpunt",
        "locatieNaam": "Bbox Laeken Istanbul Supermarket",
        "straatNaam": "Houba-De-Strooperlaan",
        "straatNr": "122",
        "vervoerder": "bpost",
        "puntType": "automaat",
        "bezettingsgraad": 50,
        "latitude": 50.88901,
        "longitude": 4.33757,
        "canPickup": true,
        "canDropoff": true,
        "openingstijden": null
      }
    },
    {
      "type": "Feature",
      "geometry": {
        "type": "Point",
        "coordinates": [
          4.37843,
          50.88944
        ]
      },
      "properties": {
        "type": "pakketpunt",
        "locatieNaam": "Bbox 24/7 Armonea Pagodes",
        "straatNaam": "Ankerstraat",
        "straatNr": "DISTRIB",
        "vervoerder": "bpost",
        "puntType": "automaat",
        "bezettingsgraad": 50,
        "latitude": 50.88944,
        "longitude": 4.37843,
        "canPickup": true,
        "canDropoff": true,
        "openingstijden": null
      }
    },
    {
      "type": "Feature",
      "geometry": {
        "type": "Point",
        "coordinates": [
          4.37986,
          50.89012
        ]
      },
      "properties": {
        "type": "pakketpunt",
        "locatieNaam": "Bbox 24/7 Delhaize Croix De Guerre",
        "straatNaam": "Heembeeksestraat",
        "straatNr": "125",
        "vervoerder": "bpost",
        "puntType": "automaat",
        "bezettingsgraad": 50,
        "latitude": 50.89012,
        "longitude": 4.37986,
        "canPickup": true,
        "canDropoff": true,
        "openingstijden": null
      }
    },
    {
      "type": "Feature",
      "geometry": {
        "type": "Point",
        "coordinates": [
          4.33303,
          50.8927
        ]
      },
      "properties": {
        "type": "pakketpunt",
        "locatieNaam": "Pakjesautomaat 24/7 Avia Laken",
        "straatNaam": "Jean Palfynlaan",
        "straatNr": "6",
        "vervoerder": "bpost",
        "puntType": "automaat",
        "bezettingsgraad": 50,
        "latitude": 50.8927,
        "longitude": 4.33303,
        "canPickup": true,
        "canDropoff": true,
        "openingstijden": null
      }
    },
    {
      "type": "Feature",
      "geometry": {
        "type": "Point",
        "coordinates": [
          4.41249,
          50.87789
        ]
      },
      "properties": {
        "type": "pakketpunt",
        "locatieNaam": "Bbox 24/7 Decathlon Evere",
        "straatNaam": "Jules Bordetlaan",
        "straatNr": "1",
        "vervoerder": "bpost",
        "puntType": "automaat",
        "bezettingsgraad": 50,
        "latitude": 50.87789,
        "longitude": 4.41249,
        "canPickup": true,
        "canDropoff": true,
        "openingstijden": null
      }
    },
    {
      "type": "Feature",
      "geometry": {
        "type": "Point",
        "coordinates": [
          4.32662,
          50.89455
        ]
      },
      "properties": {
        "type": "pakketpunt",
        "locatieNaam": "Bbox 24/7 Laeken Carrefour Market",
        "straatNaam": "Dikkebeuklaan",
        "straatNr": "1",
        "vervoerder": "bpost",
        "puntType": "automaat",
        "bezettingsgraad": 50,
        "latitude": 50.89455,
        "longitude": 4.32662,
        "canPickup": true,
        "canDropoff": true,
        "openingstijden": null
      }
    },
    {
      "type": "Feature",
      "geometry": {
        "type": "Point",
        "coordinates": [
          4.35721,
          50.8975
        ]
      },
      "properties": {
        "type": "pakketpunt",
        "locatieNaam": "Laken De Wand",
        "straatNaam": "Brieslaan",
        "straatNr": "13-15",
        "vervoerder": "bpost",
        "puntType": "postkantoor",
        "bezettingsgraad": 50,
        "latitude": 50.8975,
        "longitude": 4.35721,
        "canPickup": true,
        "canDropoff": true,
        "openingstijden": null
      }
    },
    {
      "type": "Feature",
      "geometry": {
        "type": "Point",
        "coordinates": [
          4.35852,
          50.89749
        ]
      },
      "properties": {
        "type": "pakketpunt",
        "locatieNaam": "Bbox 24/7 Laken De Wand Bpost",
        "straatNaam": "Brieslaan",
        "straatNr": "13-15",
        "vervoerder": "bpost",
        "puntType": "automaat",
        "bezettingsgraad": 50,
        "latitude": 50.89749,
        "longitude": 4.35852,
        "canPickup": true,
        "canDropoff": true,
        "openingstijden": null
      }
    },
    {
      "type": "Feature",
      "geometry": {
        "type": "Point",
        "coordinates": [
          4.36053,
          50.89967
        ]
      },
      "properties": {
        "type": "pakketpunt",
        "locatieNaam": "Bbox 24/7 Wzc De Wand",
        "straatNaam": "De Wandstraat",
        "straatNr": "209",
        "vervoerder": "bpost",
        "puntType": "automaat",
        "bezettingsgraad": 50,
        "latitude": 50.89967,
        "longitude": 4.36053,
        "canPickup": true,
        "canDropoff": true,
        "openingstijden": null
      }
    },
    {
      "type": "Feature",
      "geometry": {
        "type": "Point",
        "coordinates": [
          4.39698,
          50.7975
        ]
      },
      "properties": {
        "type": "pakketpunt",
        "locatieNaam": "Bbox 24/7 Delhaize Elsene Roosevelt",
        "straatNaam": "Franklin Rooseveltlaan",
        "straatNr": "250",
        "vervoerder": "bpost",
        "puntType": "automaat",
        "bezettingsgraad": 50,
        "latitude": 50.7975,
        "longitude": 4.39698,
        "canPickup": true,
        "canDropoff": true,
        "openingstijden": null
      }
    },
    {
      "type": "Feature",
      "geometry": {
        "type": "Point",
        "coordinates": [
          4.40066,
          50.79709
        ]
      },
      "properties": {
        "type": "pakketpunt",
        "locatieNaam": "Bbox 24/7 Armonea Les Terrasses Du B.",
        "straatNaam": "Terhulpsesteenweg",
        "straatNr": "130",
        "vervoerder": "bpost",
        "puntType": "automaat",
        "bezettingsgraad": 50,
        "latitude": 50.79709,
        "longitude": 4.40066,
        "canPickup": true,
        "canDropoff": true,
        "openingstijden": null
      }
    },
    {
      "type": "Feature",
      "geometry": {
        "type": "Point",
        "coordinates": [
          4.41973,
          50.88912
        ]
      },
      "properties": {
        "type": "pakketpunt",
        "locatieNaam": "Bbox 24/7 Nmbs/Sncb-Haren-Witloof",
        "straatNaam": "Harenheidestraat",
        "straatNr": "DISTRIB",
        "vervoerder": "bpost",
        "puntType": "automaat",
        "bezettingsgraad": 50,
        "latitude": 50.88912,
        "longitude": 4.41973,
        "canPickup": true,
        "canDropoff": true,
        "openingstijden": null
      }
    },
    {
      "type": "Feature",
      "geometry": {
        "type": "Point",
        "coordinates": [
          4.40309,
          50.90727
        ]
      },
      "properties": {
        "type": "pakketpunt",
        "locatieNaam": "Pakjesautomaat 24/7 Citydev N-O-H",
        "straatNaam": "Antoon Van Osslaan",
        "straatNr": "1",
        "vervoerder": "bpost",
        "puntType": "automaat",
        "bezettingsgraad": 50,
        "latitude": 50.90727,
        "longitude": 4.40309,
        "canPickup": true,
        "canDropoff": true,
        "openingstijden": null
      }
    },
    {
      "type": "Feature",
      "geometry": {
        "type": "Point",
        "coordinates": [
          4.400657,
          50.797088
        ]
      },
      "properties": {
        "type": "pakketpunt",
        "locatieNaam": "BBOX 24/7 ARMONEA LES TERRASSES DU",
        "straatNaam": "CHAUSSÉE DE LA HULPE",
        "straatNr": "130",
        "vervoerder": "DHL",
        "puntType": "packStation",
        "bezettingsgraad": 50,
        "latitude": 50.797088,
        "longitude": 4.400657,
        "canPickup": true,
        "canDropoff": true,
        "openingstijden": {
          "ma": "00:00 - 23:59",
          "di": "00:00 - 23:59",
          "wo": "00:00 - 23:59",
          "do": "00:00 - 23:59",
          "vr": "00:00 - 23:59",
          "za": "00:00 - 23:59",
          "zo": "00:00 - 23:59"
        }
      }
    },
    {
      "type": "Feature",
      "geometry": {
        "type": "Point",
        "coordinates": [
          4.396979,
          50.797496
        ]
      },
      "properties": {
        "type": "pakketpunt",
        "locatieNaam": "BBOX 24/7 DELHAIZE IXELLES ROOSEVEL",
        "straatNaam": "AVENUE FRANKLIN ROOSEVELT",
        "straatNr": "250",
        "vervoerder": "DHL",
        "puntType": "packStation",
        "bezettingsgraad": 50,
        "latitude": 50.797496,
        "longitude": 4.396979,
        "canPickup": true,
        "canDropoff": true,
        "openingstijden": {
          "ma": "00:00 - 23:59",
          "di": "00:00 - 23:59",
          "wo": "00:00 - 23:59",
          "do": "00:00 - 23:59",
          "vr": "00:00 - 23:59",
          "za": "00:00 - 23:59",
          "zo": "00:00 - 23:59"
        }
      }
    },
    {
      "type": "Feature",
      "geometry": {
        "type": "Point",
        "coordinates": [
          4.381334,
          50.812998
        ]
      },
      "properties": {
        "type": "pakketpunt",
        "locatieNaam": "BBOX 24/7 ULB SOLBOSCH",
        "straatNaam": "AVENUE PAUL HÉGER",
        "straatNr": "22",
        "vervoerder": "DHL",
        "puntType": "packStation",
        "bezettingsgraad": 50,
        "latitude": 50.812998,
        "longitude": 4.381334,
        "canPickup": true,
        "canDropoff": true,
        "openingstijden": {
          "ma": "00:00 - 23:59",
          "di": "00:00 - 23:59",
          "wo": "00:00 - 23:59",
          "do": "00:00 - 23:59",
          "vr": "00:00 - 23:59",
          "za": "00:00 - 23:59",
          "zo": "00:00 - 23:59"
        }
      }
    },
    {
      "type": "Feature",
      "geometry": {
        "type": "Point",
        "coordinates": [
          4.368251,
          50.823523
        ]
      },
      "properties": {
        "type": "pakketpunt",
        "locatieNaam": "BBOX SHOP & GO DELHAIZE LOUISE",
        "straatNaam": "AVENUE LOUISE",
        "straatNr": "306-310",
        "vervoerder": "DHL",
        "puntType": "packStation",
        "bezettingsgraad": 50,
        "latitude": 50.823523,
        "longitude": 4.368251,
        "canPickup": true,
        "canDropoff": true,
        "openingstijden": {
          "ma": "06:30 - 20:00",
          "di": "06:30 - 20:00",
          "wo": "06:30 - 20:00",
          "do": "06:30 - 20:00",
          "vr": "06:30 - 20:00",
          "za": "06:30 - 20:00",
          "zo": "07:00 - 20:00"
        }
      }
    },
    {
      "type": "Feature",
      "geometry": {
        "type": "Point",
        "coordinates": [
          4.3669,
          50.823787
        ]
      },
      "properties": {
        "type": "pakketpunt",
        "locatieNaam": "BBOX TRIBES BRU CITY",
        "straatNaam": "AVENUE LOUISE",
        "straatNr": "279",
        "vervoerder": "DHL",
        "puntType": "packStation",
        "bezettingsgraad": 50,
        "latitude": 50.823787,
        "longitude": 4.3669,
        "canPickup": true,
        "canDropoff": true,
        "openingstijden": {
          "ma": "08:00 - 18:30",
          "di": "08:00 - 18:30",
          "wo": "08:00 - 18:30",
          "do": "08:00 - 18:30",
          "vr": "08:00 - 18:30",
          "za": "gesloten",
          "zo": "gesloten"
        }
      }
    },
    {
      "type": "Feature",
      "geometry": {
        "type": "Point",
        "coordinates": [
          4.32662,
          50.89455
        ]
      },
      "properties": {
        "type": "pakketpunt",
        "locatieNaam": "BBOX 24/7 LAEKEN CARREFOUR MARKET",
        "straatNaam": "AVENUE DE L'ARBRE BALLON",
        "straatNr": "1",
        "vervoerder": "DHL",
        "puntType": "packStation",
        "bezettingsgraad": 50,
        "latitude": 50.89455,
        "longitude": 4.32662,
        "canPickup": true,
        "canDropoff": true,
        "openingstijden": {
          "ma": "00:00 - 23:59",
          "di": "00:00 - 23:59",
          "wo": "00:00 - 23:59",
          "do": "00:00 - 23:59",
          "vr": "00:00 - 23:59",
          "za": "00:00 - 23:59",
          "zo": "00:00 - 23:59"
        }
      }
    },
    {
      "type": "Feature",
      "geometry": {
        "type": "Point",
        "coordinates": [
          4.33303,
          50.8927
        ]
      },
      "properties": {
        "type": "pakketpunt",
        "locatieNaam": "PARCEL LOCKER 24/7 AVIA LAKEN",
        "straatNaam": "AVENUE JEAN PALFYN",
        "straatNr": "6",
        "vervoerder": "DHL",
        "puntType": "packStation",
        "bezettingsgraad": 50,
        "latitude": 50.8927,
        "longitude": 4.33303,
        "canPickup": true,
        "canDropoff": true,
        "openingstijden": {
          "ma": "00:00 - 23:59",
          "di": "00:00 - 23:59",
          "wo": "00:00 - 23:59",
          "do": "00:00 - 23:59",
          "vr": "00:00 - 23:59",
          "za": "00:00 - 23:59",
          "zo": "00:00 - 23:59"
        }
      }
    },
    {
      "type": "Feature",
      "geometry": {
        "type": "Point",
        "coordinates": [
          4.419728,
          50.889121
        ]
      },
      "properties": {
        "type": "pakketpunt",
        "locatieNaam": "BBOX 24/7 NMBS/SNCB-HAREN-WITLOOF",
        "straatNaam": "RUE HARENHEYDE",
        "straatNr": "DISTRIB",
        "vervoerder": "DHL",
        "puntType": "packStation",
        "bezettingsgraad": 50,
        "latitude": 50.889121,
        "longitude": 4.419728,
        "canPickup": true,
        "canDropoff": true,
        "openingstijden": {
          "ma": "00:00 - 23:59",
          "di": "00:00 - 23:59",
          "wo": "00:00 - 23:59",
          "do": "00:00 - 23:59",
          "vr": "00:00 - 23:59",
          "za": "00:00 - 23:59",
          "zo": "00:00 - 23:59"
        }
      }
    },
    {
      "type": "Feature",
      "geometry": {
        "type": "Point",
        "coordinates": [
          4.403087,
          50.907266
        ]
      },
      "properties": {
        "type": "pakketpunt",
        "locatieNaam": "PARCEL LOCKER 24/7 CITYDEV N-O-H",
        "straatNaam": "AVENUE ANTOON VAN OSS",
        "straatNr": "1",
        "vervoerder": "DHL",
        "puntType": "packStation",
        "bezettingsgraad": 50,
        "latitude": 50.907266,
        "longitude": 4.403087,
        "canPickup": true,
        "canDropoff": true,
        "openingstijden": {
          "ma": "00:00 - 23:59",
          "di": "00:00 - 23:59",
          "wo": "00:00 - 23:59",
          "do": "00:00 - 23:59",
          "vr": "00:00 - 23:59",
          "za": "00:00 - 23:59",
          "zo": "00:00 - 23:59"
        }
      }
    },
    {
      "type": "Feature",
      "geometry": {
        "type": "Point",
        "coordinates": [
          4.41249,
          50.877886
        ]
      },
      "properties": {
        "type": "pakketpunt",
        "locatieNaam": "BBOX 24/7 DECATHLON EVERE",
        "straatNaam": "AVENUE JULES BORDET",
        "straatNr": "1",
        "vervoerder": "DHL",
        "puntType": "packStation",
        "bezettingsgraad": 50,
        "latitude": 50.877886,
        "longitude": 4.41249,
        "canPickup": true,
        "canDropoff": true,
        "openingstijden": {
          "ma": "00:00 - 23:59",
          "di": "00:00 - 23:59",
          "wo": "00:00 - 23:59",
          "do": "00:00 - 23:59",
          "vr": "00:00 - 23:59",
          "za": "00:00 - 23:59",
          "zo": "00:00 - 23:59"
        }
      }
    },
    {
      "type": "Feature",
      "geometry": {
        "type": "Point",
        "coordinates": [
          4.379858,
          50.890115
        ]
      },
      "properties": {
        "type": "pakketpunt",
        "locatieNaam": "BBOX 24/7 DELHAIZE CROIX DE GUERRE",
        "straatNaam": "RUE DE HEEMBEEK",
        "straatNr": "125",
        "vervoerder": "DHL",
        "puntType": "packStation",
        "bezettingsgraad": 50,
        "latitude": 50.890115,
        "longitude": 4.379858,
        "canPickup": true,
        "canDropoff": true,
        "openingstijden": {
          "ma": "00:00 - 23:59",
          "di": "00:00 - 23:59",
          "wo": "00:00 - 23:59",
          "do": "00:00 - 23:59",
          "vr": "00:00 - 23:59",
          "za": "00:00 - 23:59",
          "zo": "00:00 - 23:59"
        }
      }
    },
    {
      "type": "Feature",
      "geometry": {
        "type": "Point",
        "coordinates": [
          4.37843,
          50.889443
        ]
      },
      "properties": {
        "type": "pakketpunt",
        "locatieNaam": "BBOX 24/7 ARMONEA PAGODES",
        "straatNaam": "RUE DE L'ANCRE",
        "straatNr": "DISTRIB",
        "vervoerder": "DHL",
        "puntType": "packStation",
        "bezettingsgraad": 50,
        "latitude": 50.889443,
        "longitude": 4.37843,
        "canPickup": true,
        "canDropoff": true,
        "openingstijden": {
          "ma": "00:00 - 23:59",
          "di": "00:00 - 23:59",
          "wo": "00:00 - 23:59",
          "do": "00:00 - 23:59",
          "vr": "00:00 - 23:59",
          "za": "00:00 - 23:59",
          "zo": "00:00 - 23:59"
        }
      }
    },
    {
      "type": "Feature",
      "geometry": {
        "type": "Point",
        "coordinates": [
          4.337573,
          50.889013
        ]
      },
      "properties": {
        "type": "pakketpunt",
        "locatieNaam": "BBOX LAEKEN ISTANBUL SUPERMARKET",
        "straatNaam": "AVENUE HOUBA DE STROOPER",
        "straatNr": "122",
        "vervoerder": "DHL",
        "puntType": "packStation",
        "bezettingsgraad": 50,
        "latitude": 50.889013,
        "longitude": 4.337573,
        "canPickup": true,
        "canDropoff": true,
        "openingstijden": {
          "ma": "09:00 - 20:00",
          "di": "09:00 - 20:00",
          "wo": "09:00 - 20:00",
          "do": "09:00 - 20:00",
          "vr": "09:00 - 20:00",
          "za": "09:00 - 20:00",
          "zo": "09:00 - 20:00"
        }
      }
    },
    {
      "type": "Feature",
      "geometry": {
        "type": "Point",
        "coordinates": [
          4.357212,
          50.897504
        ]
      },
      "properties": {
        "type": "pakketpunt",
        "locatieNaam": "LAEKEN DE WAND",
        "straatNaam": "AVENUE DE LA BRISE",
        "straatNr": "13-15",
        "vervoerder": "DHL",
        "puntType": "postOffice",
        "bezettingsgraad": 50,
        "latitude": 50.897504,
        "longitude": 4.357212,
        "canPickup": true,
        "canDropoff": true,
        "openingstijden": {
          "ma": "09:30 - 12:30, 13:30 - 17:00",
          "di": "09:30 - 12:30, 13:30 - 18:00",
          "wo": "09:30 - 12:30, 13:30 - 17:00",
          "do": "09:30 - 12:30, 13:30 - 18:00",
          "vr": "09:30 - 12:30, 13:30 - 17:00",
          "za": "09:30 - 13:00",
          "zo": "gesloten"
        }
      }
    },
    {
      "type": "Feature",
      "geometry": {
        "type": "Point",
        "coordinates": [
          4.360532,
          50.89967
        ]
      },
      "properties": {
        "type": "pakketpunt",
        "locatieNaam": "BBOX 24/7 WZC DE WAND",
        "straatNaam": "RUE DE WAND",
        "straatNr": "209",
        "vervoerder": "DHL",
        "puntType": "packStation",
        "bezettingsgraad": 50,
        "latitude": 50.89967,
        "longitude": 4.360532,
        "canPickup": true,
        "canDropoff": true,
        "openingstijden": {
          "ma": "00:00 - 23:59",
          "di": "00:00 - 23:59",
          "wo": "00:00 - 23:59",
          "do": "00:00 - 23:59",
          "vr": "00:00 - 23:59",
          "za": "00:00 - 23:59",
          "zo": "00:00 - 23:59"
        }
      }
    },
    {
      "type": "Feature",
      "geometry": {
        "type": "Point",
        "coordinates": [
          4.35852,
          50.89749
        ]
      },
      "properties": {
        "type": "pakketpunt",
        "locatieNaam": "BBOX 24/7 LAKEN DE WAND BPOST",
        "straatNaam": "AVENUE DE LA BRISE",
        "straatNr": "13-15",
        "vervoerder": "DHL",
        "puntType": "packStation",
        "bezettingsgraad": 50,
        "latitude": 50.89749,
        "longitude": 4.35852,
        "canPickup": true,
        "canDropoff": true,
        "openingstijden": {
          "ma": "00:00 - 23:59",
          "di": "00:00 - 23:59",
          "wo": "00:00 - 23:59",
          "do": "00:00 - 23:59",
          "vr": "00:00 - 23:59",
          "za": "00:00 - 23:59",
          "zo": "00:00 - 23:59"
        }
      }
    },
    {
      "type": "Feature",
      "geometry": {
        "type": "Point",
        "coordinates": [
          4.381345,
          50.850698
        ]
      },
      "properties": {
        "type": "pakketpunt",
        "locatieNaam": "LIBRAIRIE OLI",
        "straatNaam": "CHAUSSÉE DE LOUVAIN",
        "straatNr": "266",
        "vervoerder": "DHL",
        "puntType": "parcelShop",
        "bezettingsgraad": 50,
        "latitude": 50.850698,
        "longitude": 4.381345,
        "canPickup": true,
        "canDropoff": true,
        "openingstijden": {
          "ma": "07:00 - 23:59",
          "di": "07:00 - 23:59",
          "wo": "07:00 - 23:59",
          "do": "07:00 - 23:59",
          "vr": "07:00 - 23:59",
          "za": "07:00 - 23:59",
          "zo": "07:00 - 23:59"
        }
      }
    },
    {
      "type": "Feature",
      "geometry": {
        "type": "Point",
        "coordinates": [
          4.378925,
          50.877935
        ]
      },
      "properties": {
        "type": "pakketpunt",
        "locatieNaam": "BBOX 24/7 STATION SCHAARBEEK",
        "straatNaam": "PLACE PRINCESSE ELISABETH",
        "straatNr": "5",
        "vervoerder": "DHL",
        "puntType": "packStation",
        "bezettingsgraad": 50,
        "latitude": 50.877935,
        "longitude": 4.378925,
        "canPickup": true,
        "canDropoff": true,
        "openingstijden": {
          "ma": "00:00 - 23:59",
          "di": "00:00 - 23:59",
          "wo": "00:00 - 23:59",
          "do": "00:00 - 23:59",
          "vr": "00:00 - 23:59",
          "za": "00:00 - 23:59",
          "zo": "00:00 - 23:59"
        }
      }
    },
    {
      "type": "Feature",
      "geometry": {
        "type": "Point",
        "coordinates": [
          4.367698,
          50.850237
        ]
      },
      "properties": {
        "type": "pakketpunt",
        "locatieNaam": "LIBRAIRIE WORLDWIDE",
        "straatNaam": "RUE DES CULTES",
        "straatNr": "28",
        "vervoerder": "DHL",
        "puntType": "parcelShop",
        "bezettingsgraad": 50,
        "latitude": 50.850237,
        "longitude": 4.367698,
        "canPickup": true,
        "canDropoff": true,
        "openingstijden": {
          "ma": "08:00 - 19:00",
          "di": "08:00 - 19:00",
          "wo": "08:00 - 19:00",
          "do": "08:00 - 19:00",
          "vr": "08:00 - 19:00",
          "za": "00:00 - 23:59",
          "zo": "gesloten"
        }
      }
    },
    {
      "type": "Feature",
      "geometry": {
        "type": "Point",
        "coordinates": [
          4.357804,
          50.854558
        ]
      },
      "properties": {
        "type": "pakketpunt",
        "locatieNaam": "PRESS SHOP CITY 2",
        "straatNaam": "RUE NEUVE",
        "straatNr": "123A",
        "vervoerder": "DHL",
        "puntType": "parcelShop",
        "bezettingsgraad": 50,
        "latitude": 50.854558,
        "longitude": 4.357804,
        "canPickup": true,
        "canDropoff": true,
        "openingstijden": {
          "ma": "08:30 - 19:00",
          "di": "08:30 - 19:00",
          "wo": "08:30 - 19:00",
          "do": "08:30 - 19:00",
          "vr": "08:30 - 19:00",
          "za": "08:30 - 19:30",
          "zo": "gesloten"
        }
      }
    },
    {
      "type": "Feature",
      "geometry": {
        "type": "Point",
        "coordinates": [
          4.36776,
          50.849322
        ]
      },
      "properties": {
        "type": "pakketpunt",
        "locatieNaam": "BBOX I-WASH STORE",
        "straatNaam": "RUE DU CONGRÈS",
        "straatNr": "52",
        "vervoerder": "DHL",
        "puntType": "packStation",
        "bezettingsgraad": 50,
        "latitude": 50.849322,
        "longitude": 4.36776,
        "canPickup": true,
        "canDropoff": true,
        "openingstijden": {
          "ma": "07:00 - 22:00",
          "di": "07:00 - 22:00",
          "wo": "07:00 - 22:00",
          "do": "07:00 - 22:00",
          "vr": "07:00 - 22:00",
          "za": "07:00 - 22:00",
          "zo": "07:00 - 22:00"
        }
      }
    },
    {
      "type": "Feature",
      "geometry": {
        "type": "Point",
        "coordinates": [
          4.372838,
          50.879182
        ]
      },
      "properties": {
        "type": "pakketpunt",
        "locatieNaam": "PARCEL LOCKER 24/7 DOCKS BRUXSEL",
        "straatNaam": "BOULEVARD LAMBERMONT",
        "straatNr": "1",
        "vervoerder": "DHL",
        "puntType": "packStation",
        "bezettingsgraad": 50,
        "latitude": 50.879182,
        "longitude": 4.372838,
        "canPickup": true,
        "canDropoff": true,
        "openingstijden": {
          "ma": "00:00 - 23:59",
          "di": "00:00 - 23:59",
          "wo": "00:00 - 23:59",
          "do": "00:00 - 23:59",
          "vr": "00:00 - 23:59",
          "za": "00:00 - 23:59",
          "zo": "00:00 - 23:59"
        }
      }
    },
    {
      "type": "Feature",
      "geometry": {
        "type": "Point",
        "coordinates": [
          4.3527,
          50.856443
        ]
      },
      "properties": {
        "type": "pakketpunt",
        "locatieNaam": "GATSBY",
        "straatNaam": "RUE DE LAEKEN",
        "straatNr": "166-168",
        "vervoerder": "DHL",
        "puntType": "parcelShop",
        "bezettingsgraad": 50,
        "latitude": 50.856443,
        "longitude": 4.3527,
        "canPickup": true,
        "canDropoff": true,
        "openingstijden": {
          "ma": "08:30 - 23:00",
          "di": "08:30 - 23:00",
          "wo": "08:30 - 23:00",
          "do": "08:30 - 23:00",
          "vr": "08:30 - 23:00",
          "za": "09:30 - 23:00",
          "zo": "13:00 - 23:00"
        }
      }
    },
    {
      "type": "Feature",
      "geometry": {
        "type": "Point",
        "coordinates": [
          4.364125,
          50.84795
        ]
      },
      "properties": {
        "type": "pakketpunt",
        "locatieNaam": "SUPERETTE NATANELI",
        "straatNaam": "RUE DE LA CROIX DE FER",
        "straatNr": "33",
        "vervoerder": "DHL",
        "puntType": "parcelShop",
        "bezettingsgraad": 50,
        "latitude": 50.84795,
        "longitude": 4.364125,
        "canPickup": true,
        "canDropoff": true,
        "openingstijden": {
          "ma": "08:30 - 19:30",
          "di": "08:30 - 19:30",
          "wo": "08:30 - 19:30",
          "do": "08:30 - 19:30",
          "vr": "08:30 - 19:30",
          "za": "10:00 - 18:00",
          "zo": "gesloten"
        }
      }
    },
    {
      "type": "Feature",
      "geometry": {
        "type": "Point",
        "coordinates": [
          4.377177,
          50.84555
        ]
      },
      "properties": {
        "type": "pakketpunt",
        "locatieNaam": "BRUXELLES LIVINGSTONE",
        "straatNaam": "RUE STEVIN",
        "straatNr": "41-43",
        "vervoerder": "DHL",
        "puntType": "postOffice",
        "bezettingsgraad": 50,
        "latitude": 50.84555,
        "longitude": 4.377177,
        "canPickup": true,
        "canDropoff": true,
        "openingstijden": {
          "ma": "09:30 - 17:00",
          "di": "09:30 - 18:00",
          "wo": "09:30 - 17:00",
          "do": "09:30 - 18:00",
          "vr": "09:30 - 17:00",
          "za": "gesloten",
          "zo": "gesloten"
        }
      }
    },
    {
      "type": "Feature",
      "geometry": {
        "type": "Point",
        "coordinates": [
          4.345415,
          50.836155
        ]
      },
      "properties": {
        "type": "pakketpunt",
        "locatieNaam": "PHOTOBLAES",
        "straatNaam": "RUE BLAES",
        "straatNr": "182B",
        "vervoerder": "DHL",
        "puntType": "parcelShop",
        "bezettingsgraad": 50,
        "latitude": 50.836155,
        "longitude": 4.345415,
        "canPickup": true,
        "canDropoff": true,
        "openingstijden": {
          "ma": "09:00 - 19:30",
          "di": "09:00 - 19:30",
          "wo": "09:00 - 19:30",
          "do": "09:00 - 19:30",
          "vr": "09:00 - 13:00, 15:00 - 19:30",
          "za": "09:00 - 19:30",
          "zo": "gesloten"
        }
      }
    },
    {
      "type": "Feature",
      "geometry": {
        "type": "Point",
        "coordinates": [
          4.349711,
          50.837973
        ]
      },
      "properties": {
        "type": "pakketpunt",
        "locatieNaam": "BBOX 24/7 BOUTIQUE MAROLLES",
        "straatNaam": "RUE HAUTE",
        "straatNr": "184",
        "vervoerder": "DHL",
        "puntType": "packStation",
        "bezettingsgraad": 50,
        "latitude": 50.837973,
        "longitude": 4.349711,
        "canPickup": true,
        "canDropoff": true,
        "openingstijden": {
          "ma": "00:00 - 23:59",
          "di": "00:00 - 23:59",
          "wo": "00:00 - 23:59",
          "do": "00:00 - 23:59",
          "vr": "00:00 - 23:59",
          "za": "00:00 - 23:59",
          "zo": "00:00 - 23:59"
        }
      }
    },
    {
      "type": "Feature",
      "geometry": {
        "type": "Point",
        "coordinates": [
          4.348304,
          50.841454
        ]
      },
      "properties": {
        "type": "pakketpunt",
        "locatieNaam": "BBOX 24/7 NMBS CHAPELLE-KAPELLEKERK",
        "straatNaam": "RUE DES URSULINES",
        "straatNr": "17-27",
        "vervoerder": "DHL",
        "puntType": "packStation",
        "bezettingsgraad": 50,
        "latitude": 50.841454,
        "longitude": 4.348304,
        "canPickup": true,
        "canDropoff": true,
        "openingstijden": {
          "ma": "00:00 - 23:59",
          "di": "00:00 - 23:59",
          "wo": "00:00 - 23:59",
          "do": "00:00 - 23:59",
          "vr": "00:00 - 23:59",
          "za": "00:00 - 23:59",
          "zo": "00:00 - 23:59"
        }
      }
    },
    {
      "type": "Feature",
      "geometry": {
        "type": "Point",
        "coordinates": [
          4.347694,
          50.844555
        ]
      },
      "properties": {
        "type": "pakketpunt",
        "locatieNaam": "BBOX BRUXELLES BOGARDS BPOST",
        "straatNaam": "RUE DES BOGARDS",
        "straatNr": "17-19",
        "vervoerder": "DHL",
        "puntType": "packStation",
        "bezettingsgraad": 50,
        "latitude": 50.844555,
        "longitude": 4.347694,
        "canPickup": true,
        "canDropoff": true,
        "openingstijden": {
          "ma": "06:00 - 23:00",
          "di": "06:00 - 23:00",
          "wo": "06:00 - 23:00",
          "do": "06:00 - 23:00",
          "vr": "06:00 - 23:00",
          "za": "06:00 - 23:00",
          "zo": "06:00 - 23:00"
        }
      }
    },
    {
      "type": "Feature",
      "geometry": {
        "type": "Point",
        "coordinates": [
          4.347712,
          50.844618
        ]
      },
      "properties": {
        "type": "pakketpunt",
        "locatieNaam": "BRUXELLES BOGARDS",
        "straatNaam": "RUE DES BOGARDS",
        "straatNr": "17-19",
        "vervoerder": "DHL",
        "puntType": "postOffice",
        "bezettingsgraad": 50,
        "latitude": 50.844618,
        "longitude": 4.347712,
        "canPickup": true,
        "canDropoff": true,
        "openingstijden": {
          "ma": "09:30 - 12:30, 13:30 - 17:00",
          "di": "09:30 - 12:30, 13:30 - 18:00",
          "wo": "09:30 - 12:30, 13:30 - 17:00",
          "do": "09:30 - 12:30, 13:30 - 18:00",
          "vr": "09:30 - 12:30, 13:30 - 17:00",
          "za": "gesloten",
          "zo": "gesloten"
        }
      }
    },
    {
      "type": "Feature",
      "geometry": {
        "type": "Point",
        "coordinates": [
          4.343188,
          50.84824
        ]
      },
      "properties": {
        "type": "pakketpunt",
        "locatieNaam": "BBOX LAVOIR FLEURS",
        "straatNaam": "PLACE DU JARDIN AUX FLEURS",
        "straatNr": "9",
        "vervoerder": "DHL",
        "puntType": "packStation",
        "bezettingsgraad": 50,
        "latitude": 50.84824,
        "longitude": 4.343188,
        "canPickup": true,
        "canDropoff": true,
        "openingstijden": {
          "ma": "07:00 - 22:00",
          "di": "07:00 - 22:00",
          "wo": "07:00 - 22:00",
          "do": "07:00 - 22:00",
          "vr": "07:00 - 22:00",
          "za": "07:00 - 22:00",
          "zo": "07:00 - 22:00"
        }
      }
    },
    {
      "type": "Feature",
      "geometry": {
        "type": "Point",
        "coordinates": [
          4.380809,
          50.840021
        ]
      },
      "properties": {
        "type": "pakketpunt",
        "locatieNaam": "LOUIS DELHAIZE BELLIARD",
        "straatNaam": "RUE BELLIARD",
        "straatNr": "141",
        "vervoerder": "DHL",
        "puntType": "parcelShop",
        "bezettingsgraad": 50,
        "latitude": 50.840021,
        "longitude": 4.380809,
        "canPickup": true,
        "canDropoff": true,
        "openingstijden": {
          "ma": "07:00 - 21:00",
          "di": "07:00 - 21:00",
          "wo": "07:00 - 21:00",
          "do": "07:00 - 21:00",
          "vr": "07:00 - 21:00",
          "za": "08:00 - 21:00",
          "zo": "08:00 - 21:00"
        }
      }
    },
    {
      "type": "Feature",
      "geometry": {
        "type": "Point",
        "coordinates": [
          4.382432,
          50.842565
        ]
      },
      "properties": {
        "type": "pakketpunt",
        "locatieNaam": "RELAY SCHUMAN GARE",
        "straatNaam": "RUE DE LA LOI",
        "straatNr": "175",
        "vervoerder": "DHL",
        "puntType": "parcelShop",
        "bezettingsgraad": 50,
        "latitude": 50.842565,
        "longitude": 4.382432,
        "canPickup": true,
        "canDropoff": true,
        "openingstijden": {
          "ma": "06:30 - 19:00",
          "di": "06:30 - 19:00",
          "wo": "06:30 - 19:00",
          "do": "06:30 - 19:00",
          "vr": "06:30 - 19:00",
          "za": "gesloten",
          "zo": "gesloten"
        }
      }
    },
    {
      "type": "Feature",
      "geometry": {
        "type": "Point",
        "coordinates": [
          4.38718,
          50.84679
        ]
      },
      "properties": {
        "type": "pakketpunt",
        "locatieNaam": "SEDIQI",
        "straatNaam": "SQUARE MARGUERITE",
        "straatNr": "29",
        "vervoerder": "DHL",
        "puntType": "parcelShop",
        "bezettingsgraad": 50,
        "latitude": 50.84679,
        "longitude": 4.38718,
        "canPickup": true,
        "canDropoff": true,
        "openingstijden": {
          "ma": "07:00 - 21:00",
          "di": "07:00 - 21:00",
          "wo": "07:00 - 21:00",
          "do": "07:00 - 21:00",
          "vr": "07:00 - 21:00",
          "za": "07:00 - 21:00",
          "zo": "07:00 - 21:00"
        }
      }
    },
    {
      "type": "Feature",
      "geometry": {
        "type": "Point",
        "coordinates": [
          4.37712,
          50.84543
        ]
      },
      "properties": {
        "type": "pakketpunt",
        "locatieNaam": "BBOX 24/7 BRUXELLES LIVINGSTONE BPO",
        "straatNaam": "RUE STEVIN",
        "straatNr": "41-43",
        "vervoerder": "DHL",
        "puntType": "packStation",
        "bezettingsgraad": 50,
        "latitude": 50.84543,
        "longitude": 4.37712,
        "canPickup": true,
        "canDropoff": true,
        "openingstijden": {
          "ma": "00:00 - 23:59",
          "di": "00:00 - 23:59",
          "wo": "00:00 - 23:59",
          "do": "00:00 - 23:59",
          "vr": "00:00 - 23:59",
          "za": "00:00 - 23:59",
          "zo": "00:00 - 23:59"
        }
      }
    },
    {
      "type": "Feature",
      "geometry": {
        "type": "Point",
        "coordinates": [
          4.355753,
          50.839877
        ]
      },
      "properties": {
        "type": "pakketpunt",
        "locatieNaam": "SPAR EXPRESS SABLON",
        "straatNaam": "RUE DES SABLONS",
        "straatNr": "17",
        "vervoerder": "DHL",
        "puntType": "parcelShop",
        "bezettingsgraad": 50,
        "latitude": 50.839877,
        "longitude": 4.355753,
        "canPickup": true,
        "canDropoff": true,
        "openingstijden": {
          "ma": "06:30 - 19:30",
          "di": "06:30 - 19:30",
          "wo": "06:30 - 19:30",
          "do": "06:30 - 19:30",
          "vr": "06:30 - 19:30",
          "za": "07:30 - 19:30",
          "zo": "08:30 - 19:30"
        }
      }
    },
    {
      "type": "Feature",
      "geometry": {
        "type": "Point",
        "coordinates": [
          4.353913,
          50.845816
        ]
      },
      "properties": {
        "type": "pakketpunt",
        "locatieNaam": "PARCEL LOCKER AGORA GALERIJ BRU",
        "straatNaam": "RUE DU MARCHÉ AUX HERBES",
        "straatNr": "105",
        "vervoerder": "DHL",
        "puntType": "packStation",
        "bezettingsgraad": 50,
        "latitude": 50.845816,
        "longitude": 4.353913,
        "canPickup": true,
        "canDropoff": true,
        "openingstijden": {
          "ma": "07:30 - 19:30",
          "di": "07:30 - 19:30",
          "wo": "07:30 - 19:30",
          "do": "07:30 - 19:30",
          "vr": "07:30 - 19:30",
          "za": "08:30 - 19:30",
          "zo": "08:30 - 19:30"
        }
      }
    },
    {
      "type": "Feature",
      "geometry": {
        "type": "Point",
        "coordinates": [
          4.356251,
          50.845627
        ]
      },
      "properties": {
        "type": "pakketpunt",
        "locatieNaam": "RELAY GARE CENTRALE",
        "straatNaam": "CARREFOUR DE L'EUROPE",
        "straatNr": "2",
        "vervoerder": "DHL",
        "puntType": "parcelShop",
        "bezettingsgraad": 50,
        "latitude": 50.845627,
        "longitude": 4.356251,
        "canPickup": true,
        "canDropoff": true,
        "openingstijden": {
          "ma": "07:00 - 19:00",
          "di": "07:00 - 19:00",
          "wo": "07:00 - 19:00",
          "do": "07:00 - 19:00",
          "vr": "07:00 - 19:00",
          "za": "08:00 - 19:00",
          "zo": "11:00 - 19:00"
        }
      }
    },
    {
      "type": "Feature",
      "geometry": {
        "type": "Point",
        "coordinates": [
          4.357103,
          50.845545
        ]
      },
      "properties": {
        "type": "pakketpunt",
        "locatieNaam": "PARCEL LOCKER STATION BRU-CENTRAL",
        "straatNaam": "CARREFOUR DE L'EUROPE",
        "straatNr": "2",
        "vervoerder": "DHL",
        "puntType": "packStation",
        "bezettingsgraad": 50,
        "latitude": 50.845545,
        "longitude": 4.357103,
        "canPickup": true,
        "canDropoff": true,
        "openingstijden": {
          "ma": "00:00 - 23:59",
          "di": "00:00 - 23:59",
          "wo": "00:00 - 23:59",
          "do": "00:00 - 23:59",
          "vr": "00:00 - 23:59",
          "za": "00:00 - 23:59",
          "zo": "gesloten"
        }
      }
    },
    {
      "type": "Feature",
      "geometry": {
        "type": "Point",
        "coordinates": [
          4.366963,
          50.840363
        ]
      },
      "properties": {
        "type": "pakketpunt",
        "locatieNaam": "CARREFOUR EXPRESS TRONE",
        "straatNaam": "RUE DU LUXEMBOURG",
        "straatNr": "3",
        "vervoerder": "DHL",
        "puntType": "parcelShop",
        "bezettingsgraad": 50,
        "latitude": 50.840363,
        "longitude": 4.366963,
        "canPickup": true,
        "canDropoff": true,
        "openingstijden": {
          "ma": "07:15 - 19:45",
          "di": "07:15 - 19:45",
          "wo": "07:15 - 19:45",
          "do": "07:15 - 19:45",
          "vr": "07:15 - 19:45",
          "za": "10:15 - 17:45",
          "zo": "gesloten"
        }
      }
    },
    {
      "type": "Feature",
      "geometry": {
        "type": "Point",
        "coordinates": [
          4.355077,
          50.848783
        ]
      },
      "properties": {
        "type": "pakketpunt",
        "locatieNaam": "MARKET MASOOD",
        "straatNaam": "RUE DE L'ECUYER",
        "straatNr": "55",
        "vervoerder": "DHL",
        "puntType": "parcelShop",
        "bezettingsgraad": 50,
        "latitude": 50.848783,
        "longitude": 4.355077,
        "canPickup": true,
        "canDropoff": true,
        "openingstijden": {
          "ma": "10:00 - 23:00",
          "di": "10:00 - 23:00",
          "wo": "10:00 - 23:00",
          "do": "10:00 - 23:00",
          "vr": "10:00 - 23:00",
          "za": "10:00 - 23:00",
          "zo": "10:00 - 23:00"
        }
      }
    },
    {
      "type": "Feature",
      "geometry": {
        "type": "Point",
        "coordinates": [
          4.350506,
          50.851115
        ]
      },
      "properties": {
        "type": "pakketpunt",
        "locatieNaam": "BRUXELLES DE BROUCKERE",
        "straatNaam": "RUE DE LAEKEN",
        "straatNr": "1",
        "vervoerder": "DHL",
        "puntType": "postOffice",
        "bezettingsgraad": 50,
        "latitude": 50.851115,
        "longitude": 4.350506,
        "canPickup": true,
        "canDropoff": true,
        "openingstijden": {
          "ma": "09:30 - 18:00",
          "di": "09:30 - 18:00",
          "wo": "09:30 - 18:00",
          "do": "09:30 - 18:00",
          "vr": "09:30 - 18:00",
          "za": "10:00 - 16:00",
          "zo": "gesloten"
        }
      }
    },
    {
      "type": "Feature",
      "geometry": {
        "type": "Point",
        "coordinates": [
          4.350795,
          50.851189
        ]
      },
      "properties": {
        "type": "pakketpunt",
        "locatieNaam": "BBOX DE BROUCKÈRE BPOST",
        "straatNaam": "RUE DE LAEKEN",
        "straatNr": "1",
        "vervoerder": "DHL",
        "puntType": "packStation",
        "bezettingsgraad": 50,
        "latitude": 50.851189,
        "longitude": 4.350795,
        "canPickup": true,
        "canDropoff": true,
        "openingstijden": {
          "ma": "06:00 - 23:00",
          "di": "06:00 - 23:00",
          "wo": "06:00 - 23:00",
          "do": "06:00 - 23:00",
          "vr": "06:00 - 23:00",
          "za": "06:00 - 23:00",
          "zo": "06:00 - 23:00"
        }
      }
    },
    {
      "type": "Feature",
      "geometry": {
        "type": "Point",
        "coordinates": [
          4.339903,
          50.87947
        ]
      },
      "properties": {
        "type": "pakketpunt",
        "locatieNaam": "BBOX LIDL STEYLS LAKEN",
        "straatNaam": "RUE STEYLS",
        "straatNr": "111",
        "vervoerder": "DHL",
        "puntType": "packStation",
        "bezettingsgraad": 50,
        "latitude": 50.87947,
        "longitude": 4.339903,
        "canPickup": true,
        "canDropoff": true,
        "openingstijden": {
          "ma": "08:30 - 20:00",
          "di": "08:30 - 20:00",
          "wo": "08:30 - 20:00",
          "do": "08:30 - 20:00",
          "vr": "08:30 - 20:00",
          "za": "08:30 - 19:00",
          "zo": "gesloten"
        }
      }
    },
    {
      "type": "Feature",
      "geometry": {
        "type": "Point",
        "coordinates": [
          4.347509,
          50.881129
        ]
      },
      "properties": {
        "type": "pakketpunt",
        "locatieNaam": "LE CORNER",
        "straatNaam": "BOULEVARD EMILE BOCKSTAEL",
        "straatNr": "334",
        "vervoerder": "DHL",
        "puntType": "parcelShop",
        "bezettingsgraad": 50,
        "latitude": 50.881129,
        "longitude": 4.347509,
        "canPickup": true,
        "canDropoff": true,
        "openingstijden": {
          "ma": "06:00 - 23:59",
          "di": "06:00 - 23:59",
          "wo": "06:00 - 23:59",
          "do": "06:00 - 23:59",
          "vr": "06:00 - 23:59",
          "za": "06:00 - 23:59",
          "zo": "06:00 - 23:59"
        }
      }
    },
    {
      "type": "Feature",
      "geometry": {
        "type": "Point",
        "coordinates": [
          4.347214,
          50.875976
        ]
      },
      "properties": {
        "type": "pakketpunt",
        "locatieNaam": "LAEKEN MAISON COMMUNALE",
        "straatNaam": "RUE TIELEMANS",
        "straatNr": "32",
        "vervoerder": "DHL",
        "puntType": "postOffice",
        "bezettingsgraad": 50,
        "latitude": 50.875976,
        "longitude": 4.347214,
        "canPickup": true,
        "canDropoff": true,
        "openingstijden": {
          "ma": "09:30 - 12:30, 13:30 - 17:00",
          "di": "09:30 - 12:30, 13:30 - 18:00",
          "wo": "09:30 - 12:30, 13:30 - 17:00",
          "do": "09:30 - 12:30, 13:30 - 18:00",
          "vr": "09:30 - 12:30, 13:30 - 17:00",
          "za": "09:30 - 13:00",
          "zo": "gesloten"
        }
      }
    },
    {
      "type": "Feature",
      "geometry": {
        "type": "Point",
        "coordinates": [
          4.34736,
          50.874685
        ]
      },
      "properties": {
        "type": "pakketpunt",
        "locatieNaam": "LUCKY SHOP",
        "straatNaam": "BOULEVARD EMILE BOCKSTAEL",
        "straatNr": "152",
        "vervoerder": "DHL",
        "puntType": "parcelShop",
        "bezettingsgraad": 50,
        "latitude": 50.874685,
        "longitude": 4.34736,
        "canPickup": true,
        "canDropoff": true,
        "openingstijden": {
          "ma": "08:00 - 20:00",
          "di": "08:00 - 20:00",
          "wo": "08:00 - 20:00",
          "do": "08:00 - 20:00",
          "vr": "08:00 - 20:00",
          "za": "08:00 - 20:00",
          "zo": "08:00 - 20:00"
        }
      }
    },
    {
      "type": "Feature",
      "geometry": {
        "type": "Point",
        "coordinates": [
          4.349294,
          50.877355
        ]
      },
      "properties": {
        "type": "pakketpunt",
        "locatieNaam": "LIBRAIRIE LAKENOISE NEW",
        "straatNaam": "RUE STÉPHANIE",
        "straatNr": "157",
        "vervoerder": "DHL",
        "puntType": "parcelShop",
        "bezettingsgraad": 50,
        "latitude": 50.877355,
        "longitude": 4.349294,
        "canPickup": true,
        "canDropoff": true,
        "openingstijden": {
          "ma": "08:00 - 18:30",
          "di": "08:00 - 18:30",
          "wo": "08:00 - 18:30",
          "do": "08:00 - 18:30",
          "vr": "08:00 - 18:30",
          "za": "10:00 - 18:00",
          "zo": "gesloten"
        }
      }
    },
    {
      "type": "Feature",
      "geometry": {
        "type": "Point",
        "coordinates": [
          4.350975,
          50.87641
        ]
      },
      "properties": {
        "type": "pakketpunt",
        "locatieNaam": "LIB MARIE CHRISTINE 163",
        "straatNaam": "RUE MARIE-CHRISTINE",
        "straatNr": "163",
        "vervoerder": "DHL",
        "puntType": "parcelShop",
        "bezettingsgraad": 50,
        "latitude": 50.87641,
        "longitude": 4.350975,
        "canPickup": true,
        "canDropoff": true,
        "openingstijden": {
          "ma": "07:00 - 20:00",
          "di": "07:00 - 20:00",
          "wo": "07:00 - 20:00",
          "do": "07:00 - 20:00",
          "vr": "07:00 - 20:00",
          "za": "07:00 - 20:00",
          "zo": "07:00 - 20:00"
        }
      }
    },
    {
      "type": "Feature",
      "geometry": {
        "type": "Point",
        "coordinates": [
          4.35102,
          50.87649
        ]
      },
      "properties": {
        "type": "pakketpunt",
        "locatieNaam": "PARCEL LOCKER 24/7 LIB LAKEN",
        "straatNaam": "RUE MARIE-CHRISTINE",
        "straatNr": "163",
        "vervoerder": "DHL",
        "puntType": "packStation",
        "bezettingsgraad": 50,
        "latitude": 50.87649,
        "longitude": 4.35102,
        "canPickup": true,
        "canDropoff": true,
        "openingstijden": {
          "ma": "00:00 - 23:59",
          "di": "00:00 - 23:59",
          "wo": "00:00 - 23:59",
          "do": "00:00 - 23:59",
          "vr": "00:00 - 23:59",
          "za": "00:00 - 23:59",
          "zo": "00:00 - 23:59"
        }
      }
    },
    {
      "type": "Feature",
      "geometry": {
        "type": "Point",
        "coordinates": [
          4.348549,
          50.871009
        ]
      },
      "properties": {
        "type": "pakketpunt",
        "locatieNaam": "BBOX BE-HERE BRUXELLES",
        "straatNaam": "RUE DIEUDONNÉ LEFÈVRE",
        "straatNr": "4",
        "vervoerder": "DHL",
        "puntType": "packStation",
        "bezettingsgraad": 50,
        "latitude": 50.871009,
        "longitude": 4.348549,
        "canPickup": true,
        "canDropoff": true,
        "openingstijden": {
          "ma": "11:00 - 17:00",
          "di": "10:30 - 18:30",
          "wo": "10:30 - 23:00",
          "do": "10:30 - 23:00",
          "vr": "10:30 - 23:00",
          "za": "10:30 - 23:00",
          "zo": "10:30 - 21:30"
        }
      }
    },
    {
      "type": "Feature",
      "geometry": {
        "type": "Point",
        "coordinates": [
          4.344008,
          50.864561
        ]
      },
      "properties": {
        "type": "pakketpunt",
        "locatieNaam": "PARCEL LOCKER T&T GARE MARITIME",
        "straatNaam": "RUE PICARD",
        "straatNr": "11",
        "vervoerder": "DHL",
        "puntType": "packStation",
        "bezettingsgraad": 50,
        "latitude": 50.864561,
        "longitude": 4.344008,
        "canPickup": true,
        "canDropoff": true,
        "openingstijden": {
          "ma": "06:00 - 23:00",
          "di": "06:00 - 23:00",
          "wo": "06:00 - 23:00",
          "do": "06:00 - 23:00",
          "vr": "06:00 - 23:00",
          "za": "06:00 - 23:00",
          "zo": "06:00 - 23:00"
        }
      }
    },
    {
      "type": "Feature",
      "geometry": {
        "type": "Point",
        "coordinates": [
          4.3676947,
          50.82317
        ]
      },
      "properties": {
        "type": "pakketpunt",
        "locatieNaam": "Librairie Louise",
        "straatNaam": "Avenue Louise",
        "straatNr": "309",
        "vervoerder": "GLS",
        "puntType": "parcel_shop",
        "bezettingsgraad": 50,
        "latitude": 50.82317,
        "longitude": 4.3676947,
        "canPickup": true,
        "canDropoff": true,
        "openingstijden": "vr: 09:00 - 24:00; za: 10:00 - 24:00"
      }
    },
    {
      "type": "Feature",
      "geometry": {
        "type": "Point",
        "coordinates": [
          4.366904,
          50.824036
        ]
      },
      "properties": {
        "type": "pakketpunt",
        "locatieNaam": "GLS Parcel Locker powered by bbox",
        "straatNaam": "Louizalaan",
        "straatNr": "279",
        "vervoerder": "GLS",
        "puntType": "locker",
        "bezettingsgraad": 50,
        "latitude": 50.824036,
        "longitude": 4.366904,
        "canPickup": true,
        "canDropoff": true,
        "openingstijden": "vr: 07:30 - 18:30; ma: 07:30 - 18:30"
      }
    },
    {
      "type": "Feature",
      "geometry": {
        "type": "Point",
        "coordinates": [
          4.344002,
          50.8472598
        ]
      },
      "properties": {
        "type": "pakketpunt",
        "locatieNaam": "Blessings Couture et Cleaning",
        "straatNaam": "Rue Van Artevelde",
        "straatNr": "125",
        "vervoerder": "GLS",
        "puntType": "parcel_shop",
        "bezettingsgraad": 50,
        "latitude": 50.8472598,
        "longitude": 4.344002,
        "canPickup": true,
        "canDropoff": true,
        "openingstijden": "vr: 10:00 - 18:00; za: 11:00 - 17:00"
      }
    },
    {
      "type": "Feature",
      "geometry": {
        "type": "Point",
        "coordinates": [
          4.3431763,
          50.8483151
        ]
      },
      "properties": {
        "type": "pakketpunt",
        "locatieNaam": "GLS Parcel Locker powered by bbox",
        "straatNaam": "Place Du Jardin Aux Fleurs",
        "straatNr": "9",
        "vervoerder": "GLS",
        "puntType": "locker",
        "bezettingsgraad": 50,
        "latitude": 50.8483151,
        "longitude": 4.3431763,
        "canPickup": true,
        "canDropoff": true,
        "openingstijden": "vr: 07:00 - 12:30, 13:00 - 22:00; za: 07:00 - 12:30, 13:00 - 22:00"
      }
    },
    {
      "type": "Feature",
      "geometry": {
        "type": "Point",
        "coordinates": [
          4.3964262,
          50.7975368
        ]
      },
      "properties": {
        "type": "pakketpunt",
        "locatieNaam": "GLS Parcel Locker powered by bbox",
        "straatNaam": "Avenue Franklin Roosevelt",
        "straatNr": "250",
        "vervoerder": "GLS",
        "puntType": "locker",
        "bezettingsgraad": 50,
        "latitude": 50.7975368,
        "longitude": 4.3964262,
        "canPickup": true,
        "canDropoff": true,
        "openingstijden": "vr: 00:00 - 24:00; za: 00:00 - 24:00"
      }
    },
    {
      "type": "Feature",
      "geometry": {
        "type": "Point",
        "coordinates": [
          4.36491,
          50.84595
        ]
      },
      "properties": {
        "type": "pakketpunt",
        "locatieNaam": "GLS Parcel Locker powered by bbox",
        "straatNaam": "Wetstraat",
        "straatNr": "155",
        "vervoerder": "GLS",
        "puntType": "locker",
        "bezettingsgraad": 50,
        "latitude": 50.84595,
        "longitude": 4.36491,
        "canPickup": true,
        "canDropoff": true,
        "openingstijden": "vr: 05:00 - 23:30; za: 04:00 - 13:30"
      }
    },
    {
      "type": "Feature",
      "geometry": {
        "type": "Point",
        "coordinates": [
          4.388333,
          50.8473765
        ]
      },
      "properties": {
        "type": "pakketpunt",
        "locatieNaam": "Guney et Tuz",
        "straatNaam": "Rue Des Patriotes",
        "straatNr": "20 22",
        "vervoerder": "GLS",
        "puntType": "parcel_shop",
        "bezettingsgraad": 50,
        "latitude": 50.8473765,
        "longitude": 4.388333,
        "canPickup": true,
        "canDropoff": true,
        "openingstijden": "vr: 09:00 - 20:00; za: 12:00 - 20:00"
      }
    },
    {
      "type": "Feature",
      "geometry": {
        "type": "Point",
        "coordinates": [
          4.354977,
          50.8488377
        ]
      },
      "properties": {
        "type": "pakketpunt",
        "locatieNaam": "Market",
        "straatNaam": "Rue De L'Ecuyer",
        "straatNr": "55",
        "vervoerder": "GLS",
        "puntType": "parcel_shop",
        "bezettingsgraad": 50,
        "latitude": 50.8488377,
        "longitude": 4.354977,
        "canPickup": true,
        "canDropoff": true,
        "openingstijden": "vr: 11:00 - 23:00; za: 11:00 - 23:00"
      }
    },
    {
      "type": "Feature",
      "geometry": {
        "type": "Point",
        "coordinates": [
          4.367705,
          50.8493747
        ]
      },
      "properties": {
        "type": "pakketpunt",
        "locatieNaam": "GLS Parcel Locker powered by bbox",
        "straatNaam": "Rue Du Congres",
        "straatNr": "52",
        "vervoerder": "GLS",
        "puntType": "locker",
        "bezettingsgraad": 50,
        "latitude": 50.8493747,
        "longitude": 4.367705,
        "canPickup": true,
        "canDropoff": true,
        "openingstijden": "vr: 00:00 - 24:00; za: 00:00 - 24:00"
      }
    },
    {
      "type": "Feature",
      "geometry": {
        "type": "Point",
        "coordinates": [
          4.36757,
          50.85035
        ]
      },
      "properties": {
        "type": "pakketpunt",
        "locatieNaam": "Worldwide",
        "straatNaam": "Rue Des Cultes",
        "straatNr": "28",
        "vervoerder": "GLS",
        "puntType": "parcel_shop",
        "bezettingsgraad": 50,
        "latitude": 50.85035,
        "longitude": 4.36757,
        "canPickup": true,
        "canDropoff": true,
        "openingstijden": "vr: 08:00 - 19:00; ma: 08:00 - 19:00"
      }
    },
    {
      "type": "Feature",
      "geometry": {
        "type": "Point",
        "coordinates": [
          4.3814507,
          50.8507204
        ]
      },
      "properties": {
        "type": "pakketpunt",
        "locatieNaam": "Librairie Oli",
        "straatNaam": "Chaussee De Louvain",
        "straatNr": "266",
        "vervoerder": "GLS",
        "puntType": "parcel_shop",
        "bezettingsgraad": 50,
        "latitude": 50.8507204,
        "longitude": 4.3814507,
        "canPickup": true,
        "canDropoff": true,
        "openingstijden": "vr: 07:00 - 24:00; za: 07:00 - 24:00"
      }
    },
    {
      "type": "Feature",
      "geometry": {
        "type": "Point",
        "coordinates": [
          4.3509705,
          50.851242
        ]
      },
      "properties": {
        "type": "pakketpunt",
        "locatieNaam": "GLS Parcel Locker powered by bbox",
        "straatNaam": "Lakensestraat",
        "straatNr": "1",
        "vervoerder": "GLS",
        "puntType": "locker",
        "bezettingsgraad": 50,
        "latitude": 50.851242,
        "longitude": 4.3509705,
        "canPickup": true,
        "canDropoff": true,
        "openingstijden": "vr: 08:00 - 18:00; ma: 08:00 - 18:00"
      }
    },
    {
      "type": "Feature",
      "geometry": {
        "type": "Point",
        "coordinates": [
          4.3433106,
          50.8522789
        ]
      },
      "properties": {
        "type": "pakketpunt",
        "locatieNaam": "AMD PRO Services",
        "straatNaam": "Rue Antoine Dansaert",
        "straatNr": "132",
        "vervoerder": "GLS",
        "puntType": "parcel_shop",
        "bezettingsgraad": 50,
        "latitude": 50.8522789,
        "longitude": 4.3433106,
        "canPickup": true,
        "canDropoff": true,
        "openingstijden": "vr: 11:00 - 20:00; za: 11:00 - 20:00"
      }
    },
    {
      "type": "Feature",
      "geometry": {
        "type": "Point",
        "coordinates": [
          4.3540343,
          50.8754035
        ]
      },
      "properties": {
        "type": "pakketpunt",
        "locatieNaam": "Choppe ta coque Laeken",
        "straatNaam": "Rue Marie-Christine",
        "straatNr": "116",
        "vervoerder": "GLS",
        "puntType": "parcel_shop",
        "bezettingsgraad": 50,
        "latitude": 50.8754035,
        "longitude": 4.3540343,
        "canPickup": true,
        "canDropoff": true,
        "openingstijden": "vr: 12:00 - 20:00; za: 12:00 - 20:00"
      }
    },
    {
      "type": "Feature",
      "geometry": {
        "type": "Point",
        "coordinates": [
          4.4123758,
          50.8779134
        ]
      },
      "properties": {
        "type": "pakketpunt",
        "locatieNaam": "GLS Parcel Locker powered by bbox",
        "straatNaam": "Jules Bordetlaan",
        "straatNr": "1",
        "vervoerder": "GLS",
        "puntType": "locker",
        "bezettingsgraad": 50,
        "latitude": 50.8779134,
        "longitude": 4.4123758,
        "canPickup": true,
        "canDropoff": true,
        "openingstijden": "vr: 08:00 - 24:00; za: 08:00 - 24:00"
      }
    },
    {
      "type": "Feature",
      "geometry": {
        "type": "Point",
        "coordinates": [
          4.3400914,
          50.879878
        ]
      },
      "properties": {
        "type": "pakketpunt",
        "locatieNaam": "GLS Parcel Locker powered by bbox",
        "straatNaam": "Rue Steyls",
        "straatNr": "111",
        "vervoerder": "GLS",
        "puntType": "locker",
        "bezettingsgraad": 50,
        "latitude": 50.879878,
        "longitude": 4.3400914,
        "canPickup": true,
        "canDropoff": true,
        "openingstijden": "vr: 08:00 - 12:30, 13:00 - 16:30; za: 08:00 - 12:30, 13:00 - 16:30"
      }
    },
    {
      "type": "Feature",
      "geometry": {
        "type": "Point",
        "coordinates": [
          4.3830428,
          50.8888226
        ]
      },
      "properties": {
        "type": "pakketpunt",
        "locatieNaam": "SOUALI GROUP",
        "straatNaam": "Rue Du General Michel",
        "straatNr": "36",
        "vervoerder": "GLS",
        "puntType": "parcel_shop",
        "bezettingsgraad": 50,
        "latitude": 50.8888226,
        "longitude": 4.3830428,
        "canPickup": true,
        "canDropoff": true,
        "openingstijden": "vr: 14:00 - 19:00; za: 14:00 - 21:00"
      }
    },
    {
      "type": "Feature",
      "geometry": {
        "type": "Point",
        "coordinates": [
          4.38714,
          50.89493
        ]
      },
      "properties": {
        "type": "pakketpunt",
        "locatieNaam": "Wi-Fix Solutions",
        "straatNaam": "Rue Francois Vekemans",
        "straatNr": "119",
        "vervoerder": "GLS",
        "puntType": "parcel_shop",
        "bezettingsgraad": 50,
        "latitude": 50.89493,
        "longitude": 4.38714,
        "canPickup": true,
        "canDropoff": true,
        "openingstijden": "vr: 10:00 - 13:00, 15:00 - 20:00; za: 11:00 - 20:00"
      }
    },
    {
      "type": "Feature",
      "geometry": {
        "type": "Point",
        "coordinates": [
          4.3266432,
          50.8949087
        ]
      },
      "properties": {
        "type": "pakketpunt",
        "locatieNaam": "GLS Parcel Locker powered by bbox",
        "straatNaam": "Avenue De L'Arbre Ballon",
        "straatNr": "1",
        "vervoerder": "GLS",
        "puntType": "locker",
        "bezettingsgraad": 50,
        "latitude": 50.8949087,
        "longitude": 4.3266432,
        "canPickup": true,
        "canDropoff": true,
        "openingstijden": "vr: 00:00 - 24:00; za: 00:00 - 24:00"
      }
    },
    {
      "type": "Feature",
      "geometry": {
        "type": "Point",
        "coordinates": [
          4.35085,
          50.83929
        ]
      },
      "properties": {
        "type": "pakketpunt",
        "locatieNaam": "LIBRAIRIE BOHEMIA",
        "straatNaam": "RUE HAUTE 128",
        "straatNr": "",
        "vervoerder": "InPost",
        "puntType": "servicepunt",
        "bezettingsgraad": 50,
        "latitude": 50.83929,
        "longitude": 4.35085,
        "canPickup": true,
        "canDropoff": true,
        "openingstijden": null
      }
    },
    {
      "type": "Feature",
      "geometry": {
        "type": "Point",
        "coordinates": [
          4.35241,
          50.85653
        ]
      },
      "properties": {
        "type": "pakketpunt",
        "locatieNaam": "GATSBY",
        "straatNaam": "168 RUE DE LAEKEN",
        "straatNr": "",
        "vervoerder": "InPost",
        "puntType": "servicepunt",
        "bezettingsgraad": 50,
        "latitude": 50.85653,
        "longitude": 4.35241,
        "canPickup": true,
        "canDropoff": true,
        "openingstijden": null
      }
    },
    {
      "type": "Feature",
      "geometry": {
        "type": "Point",
        "coordinates": [
          4.36757,
          50.85035
        ]
      },
      "properties": {
        "type": "pakketpunt",
        "locatieNaam": "LIBRAIRIE WORLDWIDE SPRL",
        "straatNaam": "28 Rue des Cultes",
        "straatNr": "",
        "vervoerder": "InPost",
        "puntType": "servicepunt",
        "bezettingsgraad": 50,
        "latitude": 50.85035,
        "longitude": 4.36757,
        "canPickup": true,
        "canDropoff": true,
        "openingstijden": null
      }
    },
    {
      "type": "Feature",
      "geometry": {
        "type": "Point",
        "coordinates": [
          4.34483,
          50.8336
        ]
      },
      "properties": {
        "type": "pakketpunt",
        "locatieNaam": "LIBRAIRIE PORTE DE HALL",
        "straatNaam": "411 Rue Haute",
        "straatNr": "",
        "vervoerder": "InPost",
        "puntType": "servicepunt",
        "bezettingsgraad": 50,
        "latitude": 50.8336,
        "longitude": 4.34483,
        "canPickup": true,
        "canDropoff": true,
        "openingstijden": null
      }
    },
    {
      "type": "Feature",
      "geometry": {
        "type": "Point",
        "coordinates": [
          4.35852,
          50.89753
        ]
      },
      "properties": {
        "type": "pakketpunt",
        "locatieNaam": "MB TECH",
        "straatNaam": "4 Rue Gustave Demanet",
        "straatNr": "",
        "vervoerder": "InPost",
        "puntType": "servicepunt",
        "bezettingsgraad": 50,
        "latitude": 50.89753,
        "longitude": 4.35852,
        "canPickup": true,
        "canDropoff": true,
        "openingstijden": null
      }
    },
    {
      "type": "Feature",
      "geometry": {
        "type": "Point",
        "coordinates": [
          4.34597,
          50.87369
        ]
      },
      "properties": {
        "type": "pakketpunt",
        "locatieNaam": "ALIMENTATION GENERALE NAVYA",
        "straatNaam": "150 Boulevard Emile Bockstael",
        "straatNr": "",
        "vervoerder": "InPost",
        "puntType": "servicepunt",
        "bezettingsgraad": 50,
        "latitude": 50.87369,
        "longitude": 4.34597,
        "canPickup": true,
        "canDropoff": true,
        "openingstijden": null
      }
    },
    {
      "type": "Feature",
      "geometry": {
        "type": "Point",
        "coordinates": [
          4.38721,
          50.84675
        ]
      },
      "properties": {
        "type": "pakketpunt",
        "locatieNaam": "SEDIQI ALIMENTATION",
        "straatNaam": "Square Marguerite 29",
        "straatNr": "",
        "vervoerder": "InPost",
        "puntType": "servicepunt",
        "bezettingsgraad": 50,
        "latitude": 50.84675,
        "longitude": 4.38721,
        "canPickup": true,
        "canDropoff": true,
        "openingstijden": null
      }
    },
    {
      "type": "Feature",
      "geometry": {
        "type": "Point",
        "coordinates": [
          4.32681,
          50.8946
        ]
      },
      "properties": {
        "type": "pakketpunt",
        "locatieNaam": "",
        "straatNaam": "Avenue de l'Arbre Ballon",
        "straatNr": "1",
        "vervoerder": "InPost",
        "puntType": "automaat",
        "bezettingsgraad": 50,
        "latitude": 50.8946,
        "longitude": 4.32681,
        "canPickup": true,
        "canDropoff": true,
        "openingstijden": "24/7"
      }
    },
    {
      "type": "Feature",
      "geometry": {
        "type": "Point",
        "coordinates": [
          4.37281,
          50.87938
        ]
      },
      "properties": {
        "type": "pakketpunt",
        "locatieNaam": "",
        "straatNaam": "Boulevard Lambermont",
        "straatNr": "1",
        "vervoerder": "InPost",
        "puntType": "automaat",
        "bezettingsgraad": 50,
        "latitude": 50.87938,
        "longitude": 4.37281,
        "canPickup": true,
        "canDropoff": true,
        "openingstijden": "MON|10:00-19:00|-;TUE|10:00-19:00|-;WED|10:00-19:00|-;THU|10:00-19:00|-;FRI|10:00-20:00|-;SAT|10:00-19:00|-;SUN|-|-;"
      }
    },
    {
      "type": "Feature",
      "geometry": {
        "type": "Point",
        "coordinates": [
          4.37261,
          50.80416
        ]
      },
      "properties": {
        "type": "pakketpunt",
        "locatieNaam": "",
        "straatNaam": "Chau. de Waterloo",
        "straatNr": "886",
        "vervoerder": "InPost",
        "puntType": "automaat",
        "bezettingsgraad": 50,
        "latitude": 50.80416,
        "longitude": 4.37261,
        "canPickup": true,
        "canDropoff": true,
        "openingstijden": "24/7"
      }
    },
    {
      "type": "Feature",
      "geometry": {
        "type": "Point",
        "coordinates": [
          4.34481,
          50.86434
        ]
      },
      "properties": {
        "type": "pakketpunt",
        "locatieNaam": "",
        "straatNaam": "Rue Picard",
        "straatNr": "11",
        "vervoerder": "InPost",
        "puntType": "automaat",
        "bezettingsgraad": 50,
        "latitude": 50.86434,
        "longitude": 4.34481,
        "canPickup": true,
        "canDropoff": true,
        "openingstijden": "MON|06:00-23:00|-;TUE|06:00-23:00|-;WED|06:00-23:00|-;THU|06:00-23:00|-;FRI|06:00-23:00|-;SAT|06:00-23:00|-;SUN|06:00-23:00|-;"
      }
    },
    {
      "type": "Feature",
      "geometry": {
        "type": "Point",
        "coordinates": [
          4.35747,
          50.89781
        ]
      },
      "properties": {
        "type": "pakketpunt",
        "locatieNaam": "",
        "straatNaam": "Avenue de la Brise",
        "straatNr": "15",
        "vervoerder": "InPost",
        "puntType": "automaat",
        "bezettingsgraad": 50,
        "latitude": 50.89781,
        "longitude": 4.35747,
        "canPickup": true,
        "canDropoff": true,
        "openingstijden": "24/7"
      }
    },
    {
      "type": "Feature",
      "geometry": {
        "type": "Point",
        "coordinates": [
          4.35106,
          50.87652
        ]
      },
      "properties": {
        "type": "pakketpunt",
        "locatieNaam": "LIBRAIRIE LAEKEN",
        "straatNaam": "rue marie christine 163",
        "straatNr": "",
        "vervoerder": "InPost",
        "puntType": "servicepunt",
        "bezettingsgraad": 50,
        "latitude": 50.87652,
        "longitude": 4.35106,
        "canPickup": true,
        "canDropoff": true,
        "openingstijden": null
      }
    },
    {
      "type": "Feature",
      "geometry": {
        "type": "Point",
        "coordinates": [
          4.38449,
          50.90062
        ]
      },
      "properties": {
        "type": "pakketpunt",
        "locatieNaam": "LA DEPECHE DU CRAETVELD",
        "straatNaam": "Rue du Craetveld 9",
        "straatNr": "",
        "vervoerder": "InPost",
        "puntType": "servicepunt",
        "bezettingsgraad": 50,
        "latitude": 50.90062,
        "longitude": 4.38449,
        "canPickup": true,
        "canDropoff": true,
        "openingstijden": null
      }
    },
    {
      "type": "Feature",
      "geometry": {
        "type": "Point",
        "coordinates": [
          4.3605,
          50.87108
        ]
      },
      "properties": {
        "type": "pakketpunt",
        "locatieNaam": "KEN MARKET",
        "straatNaam": "Chaussée d'Anvers 416",
        "straatNr": "",
        "vervoerder": "InPost",
        "puntType": "servicepunt",
        "bezettingsgraad": 50,
        "latitude": 50.87108,
        "longitude": 4.3605,
        "canPickup": true,
        "canDropoff": true,
        "openingstijden": null
      }
    },
    {
      "type": "Feature",
      "geometry": {
        "type": "Point",
        "coordinates": [
          4.35407,
          50.87526
        ]
      },
      "properties": {
        "type": "pakketpunt",
        "locatieNaam": "CHOPPE TA COQUE",
        "straatNaam": "Rue Marie-Christine 116",
        "straatNr": "",
        "vervoerder": "InPost",
        "puntType": "servicepunt",
        "bezettingsgraad": 50,
        "latitude": 50.87526,
        "longitude": 4.35407,
        "canPickup": true,
        "canDropoff": true,
        "openingstijden": null
      }
    },
    {
      "type": "Feature",
      "geometry": {
        "type": "Point",
        "coordinates": [
          4.34579,
          50.84429
        ]
      },
      "properties": {
        "type": "pakketpunt",
        "locatieNaam": "UNIQUE MOBILE",
        "straatNaam": "Boulevard Maurice Lemonnier 24",
        "straatNr": "",
        "vervoerder": "InPost",
        "puntType": "servicepunt",
        "bezettingsgraad": 50,
        "latitude": 50.84429,
        "longitude": 4.34579,
        "canPickup": true,
        "canDropoff": true,
        "openingstijden": null
      }
    },
    {
      "type": "Feature",
      "geometry": {
        "type": "Point",
        "coordinates": [
          4.34157,
          50.8455
        ]
      },
      "properties": {
        "type": "pakketpunt",
        "locatieNaam": "Fg Enterprise Sprl",
        "straatNaam": "Anderlechtsesteenweg",
        "straatNr": "124",
        "vervoerder": "VintedGo",
        "puntType": "parcel_shop",
        "bezettingsgraad": 50,
        "latitude": 50.8455,
        "longitude": 4.34157,
        "canPickup": true,
        "canDropoff": true,
        "openingstijden": null
      }
    },
    {
      "type": "Feature",
      "geometry": {
        "type": "Point",
        "coordinates": [
          4.35807,
          50.85458
        ]
      },
      "properties": {
        "type": "pakketpunt",
        "locatieNaam": "City2 Info Desk",
        "straatNaam": "Nieuwstraat",
        "straatNr": "123",
        "vervoerder": "VintedGo",
        "puntType": "parcel_shop",
        "bezettingsgraad": 50,
        "latitude": 50.85458,
        "longitude": 4.35807,
        "canPickup": true,
        "canDropoff": true,
        "openingstijden": null
      }
    },
    {
      "type": "Feature",
      "geometry": {
        "type": "Point",
        "coordinates": [
          4.34724,
          50.88107
        ]
      },
      "properties": {
        "type": "pakketpunt",
        "locatieNaam": "Librairie Lecorner",
        "straatNaam": "Emile Bockstaellaan",
        "straatNr": "334",
        "vervoerder": "VintedGo",
        "puntType": "parcel_shop",
        "bezettingsgraad": 50,
        "latitude": 50.88107,
        "longitude": 4.34724,
        "canPickup": true,
        "canDropoff": true,
        "openingstijden": null
      }
    },
    {
      "type": "Feature",
      "geometry": {
        "type": "Point",
        "coordinates": [
          4.34463,
          50.84322
        ]
      },
      "properties": {
        "type": "pakketpunt",
        "locatieNaam": "Phone market ",
        "straatNaam": "Maurice Lemonnierlaan",
        "straatNr": "78",
        "vervoerder": "VintedGo",
        "puntType": "parcel_shop",
        "bezettingsgraad": 50,
        "latitude": 50.84322,
        "longitude": 4.34463,
        "canPickup": true,
        "canDropoff": true,
        "openingstijden": null
      }
    },
    {
      "type": "Feature",
      "geometry": {
        "type": "Point",
        "coordinates": [
          4.34594,
          50.87363
        ]
      },
      "properties": {
        "type": "pakketpunt",
        "locatieNaam": "Navya Sprl",
        "straatNaam": "Emile Bockstaellaan",
        "straatNr": "150",
        "vervoerder": "VintedGo",
        "puntType": "parcel_shop",
        "bezettingsgraad": 50,
        "latitude": 50.87363,
        "longitude": 4.34594,
        "canPickup": true,
        "canDropoff": true,
        "openingstijden": null
      }
    },
    {
      "type": "Feature",
      "geometry": {
        "type": "Point",
        "coordinates": [
          4.34695,
          50.84859
        ]
      },
      "properties": {
        "type": "pakketpunt",
        "locatieNaam": "Thierno Issa Diallo",
        "straatNaam": "Rue Van Artevelde",
        "straatNr": "17",
        "vervoerder": "VintedGo",
        "puntType": "parcel_shop",
        "bezettingsgraad": 50,
        "latitude": 50.84859,
        "longitude": 4.34695,
        "canPickup": true,
        "canDropoff": true,
        "openingstijden": null
      }
    },
    {
      "type": "Feature",
      "geometry": {
        "type": "Point",
        "coordinates": [
          4.388902,
          50.895684
        ]
      },
      "properties": {
        "type": "pakketpunt",
        "locatieNaam": "PB Librairie",
        "straatNaam": "Place Peter Benoit 36bte b001",
        "straatNr": "",
        "vervoerder": "VintedGo",
        "puntType": "parcel_shop",
        "bezettingsgraad": 50,
        "latitude": 50.895684,
        "longitude": 4.388902,
        "canPickup": true,
        "canDropoff": true,
        "openingstijden": null
      }
    },
    {
      "type": "Feature",
      "geometry": {
        "type": "Point",
        "coordinates": [
          4.3509276,
          50.8467143
        ]
      },
      "properties": {
        "type": "pakketpunt",
        "locatieNaam": "Brussels Souvenir Shop",
        "straatNaam": "Rue du Marché au Charbon",
        "straatNr": "1",
        "vervoerder": "VintedGo",
        "puntType": "parcel_shop",
        "bezettingsgraad": 50,
        "latitude": 50.8467143,
        "longitude": 4.3509276,
        "canPickup": true,
        "canDropoff": true,
        "openingstijden": null
      }
    },
    {
      "type": "Feature",
      "geometry": {
        "type": "Point",
        "coordinates": [
          4.3584439,
          50.8669576
        ]
      },
      "properties": {
        "type": "pakketpunt",
        "locatieNaam": "Distrigo Market - Bst 7 Deal",
        "straatNaam": "Chaussée D'anvers",
        "straatNr": "258",
        "vervoerder": "VintedGo",
        "puntType": "parcel_shop",
        "bezettingsgraad": 50,
        "latitude": 50.8669576,
        "longitude": 4.3584439,
        "canPickup": true,
        "canDropoff": true,
        "openingstijden": null
      }
    },
    {
      "type": "Feature",
      "geometry": {
        "type": "Point",
        "coordinates": [
          4.3269004,
          50.894651
        ]
      },
      "properties": {
        "type": "pakketpunt",
        "locatieNaam": "Carrefour Market Laken",
        "straatNaam": "Avenue De L'arbre Ballon",
        "straatNr": "1",
        "vervoerder": "VintedGo",
        "puntType": "locker",
        "bezettingsgraad": 50,
        "latitude": 50.894651,
        "longitude": 4.3269004,
        "canPickup": true,
        "canDropoff": true,
        "openingstijden": null
      }
    },
    {
      "type": "Feature",
      "geometry": {
        "type": "Point",
        "coordinates": [
          4.3605611,
          50.9001904
        ]
      },
      "properties": {
        "type": "pakketpunt",
        "locatieNaam": "Aj Telecom",
        "straatNaam": "Rue De Wand",
        "straatNr": "227",
        "vervoerder": "VintedGo",
        "puntType": "parcel_shop",
        "bezettingsgraad": 50,
        "latitude": 50.9001904,
        "longitude": 4.3605611,
        "canPickup": true,
        "canDropoff": true,
        "openingstijden": null
      }
    },
    {
      "type": "Feature",
      "geometry": {
        "type": "Point",
        "coordinates": [
          4.3510549,
          50.8765119
        ]
      },
      "properties": {
        "type": "pakketpunt",
        "locatieNaam": "Librairie Laeken",
        "straatNaam": "Rue Marie-christine",
        "straatNr": "163",
        "vervoerder": "VintedGo",
        "puntType": "parcel_shop",
        "bezettingsgraad": 50,
        "latitude": 50.8765119,
        "longitude": 4.3510549,
        "canPickup": true,
        "canDropoff": true,
        "openingstijden": null
      }
    },
    {
      "type": "Feature",
      "geometry": {
        "type": "Point",
        "coordinates": [
          4.3540665,
          50.8752614
        ]
      },
      "properties": {
        "type": "pakketpunt",
        "locatieNaam": "Choppe Ta Coque Laeken",
        "straatNaam": "Rue Marie-christine",
        "straatNr": "116",
        "vervoerder": "VintedGo",
        "puntType": "parcel_shop",
        "bezettingsgraad": 50,
        "latitude": 50.8752614,
        "longitude": 4.3540665,
        "canPickup": true,
        "canDropoff": true,
        "openingstijden": null
      }
    },
    {
      "type": "Feature",
      "geometry": {
        "type": "Point",
        "coordinates": [
          4.3987209,
          50.8949718
        ]
      },
      "properties": {
        "type": "pakketpunt",
        "locatieNaam": "Paint Trade Centre Brussel",
        "straatNaam": "Vilvoordsesteenweg",
        "straatNr": "146",
        "vervoerder": "VintedGo",
        "puntType": "parcel_shop",
        "bezettingsgraad": 50,
        "latitude": 50.8949718,
        "longitude": 4.3987209,
        "canPickup": true,
        "canDropoff": true,
        "openingstijden": null
      }
    },
    {
      "type": "Feature",
      "geometry": {
        "type": "Point",
        "coordinates": [
          4.3553015,
          50.8529463
        ]
      },
      "properties": {
        "type": "pakketpunt",
        "locatieNaam": "Seb Telecom - Rue Neuve",
        "straatNaam": "Rue Du Finistère",
        "straatNr": "12",
        "vervoerder": "VintedGo",
        "puntType": "parcel_shop",
        "bezettingsgraad": 50,
        "latitude": 50.8529463,
        "longitude": 4.3553015,
        "canPickup": true,
        "canDropoff": true,
        "openingstijden": null
      }
    },
    {
      "type": "Feature",
      "geometry": {
        "type": "Point",
        "coordinates": [
          4.387215227,
          50.846772
        ]
      },
      "properties": {
        "type": "pakketpunt",
        "locatieNaam": "SEDIQI",
        "straatNaam": "Square Marguerite",
        "straatNr": "29",
        "vervoerder": "PostNL",
        "puntType": "servicepunt",
        "bezettingsgraad": 50,
        "latitude": 50.846772,
        "longitude": 4.387215227,
        "canPickup": true,
        "canDropoff": true,
        "openingstijden": "07:00 - 20:00"
      }
    },
    {
      "type": "Feature",
      "geometry": {
        "type": "Point",
        "coordinates": [
          4.3795713,
          50.89115992
        ]
      },
      "properties": {
        "type": "pakketpunt",
        "locatieNaam": "L-Shop Librairie",
        "straatNaam": "Heembeeksestraat",
        "straatNr": "154",
        "vervoerder": "PostNL",
        "puntType": "servicepunt",
        "bezettingsgraad": 50,
        "latitude": 50.89115992,
        "longitude": 4.3795713,
        "canPickup": true,
        "canDropoff": true,
        "openingstijden": "06:45 - 21:00"
      }
    },
    {
      "type": "Feature",
      "geometry": {
        "type": "Point",
        "coordinates": [
          4.35403300000002,
          50.875235
        ]
      },
      "properties": {
        "type": "pakketpunt",
        "locatieNaam": "Choppe Ta Coque Laeken",
        "straatNaam": "Maria-Christinastraat",
        "straatNr": "116",
        "vervoerder": "PostNL",
        "puntType": "servicepunt",
        "bezettingsgraad": 50,
        "latitude": 50.875235,
        "longitude": 4.35403300000002,
        "canPickup": true,
        "canDropoff": true,
        "openingstijden": "12:00 - 20:00"
      }
    },
    {
      "type": "Feature",
      "geometry": {
        "type": "Point",
        "coordinates": [
          4.3549810395388,
          50.848728476222
        ]
      },
      "properties": {
        "type": "pakketpunt",
        "locatieNaam": "Masood Market",
        "straatNaam": "Rue de l'Ecuyer",
        "straatNr": "55",
        "vervoerder": "PostNL",
        "puntType": "servicepunt",
        "bezettingsgraad": 50,
        "latitude": 50.848728476222,
        "longitude": 4.3549810395388,
        "canPickup": true,
        "canDropoff": true,
        "openingstijden": "12:30 - 23:45"
      }
    },
    {
      "type": "Feature",
      "geometry": {
        "type": "Point",
        "coordinates": [
          4.358521,
          50.897577
        ]
      },
      "properties": {
        "type": "pakketpunt",
        "locatieNaam": "iTelecoms",
        "straatNaam": "Gustave Demanetstraat",
        "straatNr": "4",
        "vervoerder": "PostNL",
        "puntType": "servicepunt",
        "bezettingsgraad": 50,
        "latitude": 50.897577,
        "longitude": 4.358521,
        "canPickup": true,
        "canDropoff": true,
        "openingstijden": "10:00 - 18:30"
      }
    },
    {
      "type": "Feature",
      "geometry": {
        "type": "Point",
        "coordinates": [
          4.346072,
          50.873627
        ]
      },
      "properties": {
        "type": "pakketpunt",
        "locatieNaam": "Navya sprl",
        "straatNaam": "Boulevard Emile Bockstael",
        "straatNr": "150",
        "vervoerder": "PostNL",
        "puntType": "servicepunt",
        "bezettingsgraad": 50,
        "latitude": 50.873627,
        "longitude": 4.346072,
        "canPickup": true,
        "canDropoff": true,
        "openingstijden": "08:00 - 20:00"
      }
    },
    {
      "type": "Feature",
      "geometry": {
        "type": "Point",
        "coordinates": [
          4.3451372,
          50.8832646
        ]
      },
      "properties": {
        "type": "pakketpunt",
        "locatieNaam": "MISTER PIECES",
        "straatNaam": "BOULEVARD EMILE BOCKSTAEL",
        "straatNr": "390",
        "vervoerder": "DPD",
        "puntType": "pickup_point",
        "bezettingsgraad": 50,
        "latitude": 50.8832646,
        "longitude": 4.3451372,
        "canPickup": true,
        "canDropoff": true,
        "openingstijden": {
          "ma": "10:00 - 18:00",
          "di": "10:00 - 18:00",
          "wo": "10:00 - 18:00",
          "do": "10:00 - 18:00",
          "vr": "10:00 - 18:00",
          "za": "gesloten",
          "zo": "gesloten"
        }
      }
    },
    {
      "type": "Feature",
      "geometry": {
        "type": "Point",
        "coordinates": [
          4.37283,
          50.80338
        ]
      },
      "properties": {
        "type": "pakketpunt",
        "locatieNaam": "TWIN PARCEL",
        "straatNaam": "CHAUSSEE DE WATERLOO",
        "straatNr": "922",
        "vervoerder": "DPD",
        "puntType": "pickup_point",
        "bezettingsgraad": 50,
        "latitude": 50.80338,
        "longitude": 4.37283,
        "canPickup": true,
        "canDropoff": true,
        "openingstijden": {
          "ma": "gesloten",
          "di": "11:00 - 17:00",
          "wo": "11:00 - 17:00",
          "do": "11:00 - 17:00",
          "vr": "11:00 - 17:00",
          "za": "11:00 - 17:00",
          "zo": "gesloten"
        }
      }
    },
    {
      "type": "Feature",
      "geometry": {
        "type": "Point",
        "coordinates": [
          4.39649,
          50.79738
        ]
      },
      "properties": {
        "type": "pakketpunt",
        "locatieNaam": "LOUIS DELHAIZE IXELLES",
        "straatNaam": "AVENUE FRANKLIN ROOSEVELT",
        "straatNr": "250",
        "vervoerder": "DPD",
        "puntType": "pickup_point",
        "bezettingsgraad": 50,
        "latitude": 50.79738,
        "longitude": 4.39649,
        "canPickup": true,
        "canDropoff": true,
        "openingstijden": {
          "ma": "11:30 - 18:30",
          "di": "11:30 - 18:30",
          "wo": "11:30 - 18:30",
          "do": "11:30 - 18:30",
          "vr": "11:30 - 18:30",
          "za": "11:30 - 18:30",
          "zo": "11:30 - 18:30"
        }
      }
    },
    {
      "type": "Feature",
      "geometry": {
        "type": "Point",
        "coordinates": [
          4.35671,
          50.85145
        ]
      },
      "properties": {
        "type": "pakketpunt",
        "locatieNaam": "COULEURS DU SUD",
        "straatNaam": "AVENUE ADOLPHE BUYL",
        "straatNr": "80",
        "vervoerder": "DPD",
        "puntType": "pickup_point",
        "bezettingsgraad": 50,
        "latitude": 50.85145,
        "longitude": 4.35671,
        "canPickup": true,
        "canDropoff": true,
        "openingstijden": {
          "ma": "08:30 - 16:00, 17:00 - 19:00",
          "di": "08:30 - 16:00, 17:00 - 19:00",
          "wo": "08:30 - 16:00, 17:00 - 19:00",
          "do": "08:30 - 16:00, 17:00 - 19:00",
          "vr": "08:30 - 16:00, 17:00 - 19:00",
          "za": "08:30 - 16:00",
          "zo": "gesloten"
        }
      }
    },
    {
      "type": "Feature",
      "geometry": {
        "type": "Point",
        "coordinates": [
          4.35865,
          50.89707
        ]
      },
      "properties": {
        "type": "pakketpunt",
        "locatieNaam": "MITENTATUTTO",
        "straatNaam": "RUE DE WAND",
        "straatNr": "59",
        "vervoerder": "DPD",
        "puntType": "pickup_point",
        "bezettingsgraad": 50,
        "latitude": 50.89707,
        "longitude": 4.35865,
        "canPickup": true,
        "canDropoff": true,
        "openingstijden": {
          "ma": "12:00 - 19:00",
          "di": "09:00 - 19:00",
          "wo": "09:00 - 19:00",
          "do": "09:00 - 19:00",
          "vr": "09:00 - 19:00",
          "za": "09:00 - 19:00",
          "zo": "gesloten"
        }
      }
    },
    {
      "type": "Feature",
      "geometry": {
        "type": "Point",
        "coordinates": [
          4.35287,
          50.85231
        ]
      },
      "properties": {
        "type": "pakketpunt",
        "locatieNaam": "EUROPA SHOP B SPRL",
        "straatNaam": "BOULEVARD ÉMILE JACQMAIN",
        "straatNr": "8",
        "vervoerder": "DPD",
        "puntType": "pickup_point",
        "bezettingsgraad": 50,
        "latitude": 50.85231,
        "longitude": 4.35287,
        "canPickup": true,
        "canDropoff": true,
        "openingstijden": {
          "ma": "gesloten",
          "di": "10:00 - 18:00",
          "wo": "10:00 - 18:00",
          "do": "10:00 - 18:00",
          "vr": "10:00 - 18:00",
          "za": "10:00 - 18:00",
          "zo": "10:00 - 18:00"
        }
      }
    },
    {
      "type": "Feature",
      "geometry": {
        "type": "Point",
        "coordinates": [
          4.34157,
          50.84551
        ]
      },
      "properties": {
        "type": "pakketpunt",
        "locatieNaam": "FZR ENTREPRISES",
        "straatNaam": "RUE D'ANDERLECHT",
        "straatNr": "124",
        "vervoerder": "DPD",
        "puntType": "pickup_point",
        "bezettingsgraad": 50,
        "latitude": 50.84551,
        "longitude": 4.34157,
        "canPickup": true,
        "canDropoff": true,
        "openingstijden": {
          "ma": "12:00 - 23:45",
          "di": "12:00 - 23:45",
          "wo": "12:00 - 23:45",
          "do": "12:00 - 23:45",
          "vr": "12:00 - 23:45",
          "za": "12:00 - 23:45",
          "zo": "12:00 - 23:45"
        }
      }
    },
    {
      "type": "Feature",
      "geometry": {
        "type": "Point",
        "coordinates": [
          4.35502,
          50.84869
        ]
      },
      "properties": {
        "type": "pakketpunt",
        "locatieNaam": "MASOOD CONTINENTALE TRADIN",
        "straatNaam": "RUE L'ECUYER",
        "straatNr": "55",
        "vervoerder": "DPD",
        "puntType": "pickup_point",
        "bezettingsgraad": 50,
        "latitude": 50.84869,
        "longitude": 4.35502,
        "canPickup": true,
        "canDropoff": true,
        "openingstijden": {
          "ma": "10:30 - 23:00",
          "di": "10:30 - 23:00",
          "wo": "10:30 - 23:00",
          "do": "10:30 - 23:00",
          "vr": "10:30 - 23:00",
          "za": "10:30 - 23:00",
          "zo": "10:30 - 23:00"
        }
      }
    },
    {
      "type": "Feature",
      "geometry": {
        "type": "Point",
        "coordinates": [
          4.3860187531,
          50.8472480774
        ]
      },
      "properties": {
        "type": "pakketpunt",
        "locatieNaam": "SQUARES PRESSE",
        "straatNaam": "SQUARE MARGUERITE",
        "straatNr": "29",
        "vervoerder": "DPD",
        "puntType": "pickup_point",
        "bezettingsgraad": 50,
        "latitude": 50.8472480774,
        "longitude": 4.3860187531,
        "canPickup": true,
        "canDropoff": true,
        "openingstijden": {
          "ma": "07:00 - 21:00",
          "di": "07:00 - 21:00",
          "wo": "07:00 - 21:00",
          "do": "07:00 - 21:00",
          "vr": "07:00 - 21:00",
          "za": "07:00 - 21:00",
          "zo": "07:00 - 21:00"
        }
      }
    },
    {
      "type": "Feature",
      "geometry": {
        "type": "Point",
        "coordinates": [
          4.35113,
          50.842449
        ]
      },
      "properties": {
        "type": "pakketpunt",
        "locatieNaam": "HARRY DIAMOND",
        "straatNaam": "BOULEVARD DE L'EMPEREUR",
        "straatNr": "25",
        "vervoerder": "DPD",
        "puntType": "pickup_point",
        "bezettingsgraad": 50,
        "latitude": 50.842449,
        "longitude": 4.35113,
        "canPickup": true,
        "canDropoff": true,
        "openingstijden": {
          "ma": "09:00 - 21:00",
          "di": "09:00 - 21:00",
          "wo": "09:00 - 21:00",
          "do": "09:00 - 21:00",
          "vr": "09:00 - 21:00",
          "za": "09:00 - 21:00",
          "zo": "gesloten"
        }
      }
    },
    {
      "type": "Feature",
      "geometry": {
        "type": "Point",
        "coordinates": [
          4.36418,
          50.84785
        ]
      },
      "properties": {
        "type": "pakketpunt",
        "locatieNaam": "RAZAFIMANTSOA EMELIE",
        "straatNaam": "RUE DE LA CROIX DE FER",
        "straatNr": "33",
        "vervoerder": "DPD",
        "puntType": "pickup_point",
        "bezettingsgraad": 50,
        "latitude": 50.84785,
        "longitude": 4.36418,
        "canPickup": true,
        "canDropoff": false,
        "openingstijden": {
          "ma": "08:30 - 19:30",
          "di": "08:30 - 19:30",
          "wo": "08:30 - 19:30",
          "do": "08:30 - 19:30",
          "vr": "08:30 - 19:30",
          "za": "10:00 - 18:00",
          "zo": "gesloten"
        }
      }
    },
    {
      "type": "Feature",
      "geometry": {
        "type": "Point",
        "coordinates": [
          4.35925,
          50.89717
        ]
      },
      "properties": {
        "type": "pakketpunt",
        "locatieNaam": "EURO MARKET",
        "straatNaam": "AVENUE DE BUSLEYDEN",
        "straatNr": "3A",
        "vervoerder": "DPD",
        "puntType": "pickup_point",
        "bezettingsgraad": 50,
        "latitude": 50.89717,
        "longitude": 4.35925,
        "canPickup": true,
        "canDropoff": false,
        "openingstijden": {
          "ma": "12:00 - 20:00",
          "di": "10:30 - 20:00",
          "wo": "10:30 - 20:00",
          "do": "10:30 - 20:00",
          "vr": "10:30 - 20:00",
          "za": "10:30 - 20:00",
          "zo": "10:30 - 20:00"
        }
      }
    },
    {
      "type": "Feature",
      "geometry": {
        "type": "Point",
        "coordinates": [
          4.346775,
          50.835383
        ]
      },
      "properties": {
        "type": "pakketpunt",
        "locatieNaam": "W-S ENTREPRISES",
        "straatNaam": "RUE HAUTE",
        "straatNr": "315",
        "vervoerder": "DPD",
        "puntType": "pickup_point",
        "bezettingsgraad": 50,
        "latitude": 50.835383,
        "longitude": 4.346775,
        "canPickup": true,
        "canDropoff": false,
        "openingstijden": {
          "ma": "09:00 - 21:00",
          "di": "09:00 - 21:00",
          "wo": "09:00 - 21:00",
          "do": "09:00 - 21:00",
          "vr": "09:00 - 21:00",
          "za": "gesloten",
          "zo": "09:00 - 21:00"
        }
      }
    },
    {
      "type": "Feature",
      "geometry": {
        "type": "Point",
        "coordinates": [
          4.383064,
          50.88866
        ]
      },
      "properties": {
        "type": "pakketpunt",
        "locatieNaam": "COLIS DU COIN",
        "straatNaam": "RUE DU GENERAL MICHEL",
        "straatNr": "36",
        "vervoerder": "DPD",
        "puntType": "pickup_point",
        "bezettingsgraad": 50,
        "latitude": 50.88866,
        "longitude": 4.383064,
        "canPickup": true,
        "canDropoff": false,
        "openingstijden": {
          "ma": "14:00 - 19:00",
          "di": "14:00 - 19:00",
          "wo": "14:00 - 19:00",
          "do": "14:00 - 19:00",
          "vr": "14:00 - 19:00",
          "za": "14:00 - 21:00",
          "zo": "gesloten"
        }
      }
    },
    {
      "type": "Feature",
      "geometry": {
        "type": "Point",
        "coordinates": [
          4.35538,
          50.84983
        ]
      },
      "properties": {
        "type": "pakketpunt",
        "locatieNaam": "AIRNESS EXPRESS",
        "straatNaam": "BOULEVARD LEPOLD II",
        "straatNr": "123",
        "vervoerder": "DPD",
        "puntType": "pickup_point",
        "bezettingsgraad": 50,
        "latitude": 50.84983,
        "longitude": 4.35538,
        "canPickup": true,
        "canDropoff": false,
        "openingstijden": {
          "ma": "10:00 - 13:30, 14:00 - 18:00",
          "di": "10:00 - 13:30, 14:00 - 18:00",
          "wo": "10:00 - 13:30, 14:00 - 18:00",
          "do": "10:00 - 13:30, 14:00 - 18:00",
          "vr": "10:00 - 13:30, 14:00 - 18:00",
          "za": "10:00 - 13:30, 14:00 - 18:00",
          "zo": "gesloten"
        }
      }
    },
    {
      "type": "Feature",
      "geometry": {
        "type": "Point",
        "coordinates": [
          4.34196,
          50.88579
        ]
      },
      "properties": {
        "type": "pakketpunt",
        "locatieNaam": "LIBRAIRIE LE CENTENAIRE",
        "straatNaam": "AVENUE HOUBA DE STROOPER",
        "straatNr": "30",
        "vervoerder": "DPD",
        "puntType": "pickup_point",
        "bezettingsgraad": 50,
        "latitude": 50.88579,
        "longitude": 4.34196,
        "canPickup": true,
        "canDropoff": false,
        "openingstijden": {
          "ma": "08:30 - 16:00",
          "di": "08:30 - 18:30",
          "wo": "08:30 - 18:30",
          "do": "08:30 - 18:30",
          "vr": "08:30 - 18:30",
          "za": "08:30 - 13:00",
          "zo": "gesloten"
        }
      }
    },
    {
      "type": "Feature",
      "geometry": {
        "type": "Point",
        "coordinates": [
          4.34594,
          50.87363
        ]
      },
      "properties": {
        "type": "pakketpunt",
        "locatieNaam": "NAVAYA SRL",
        "straatNaam": "BOULEVARD ÉMILE BOCKSTAEL",
        "straatNr": "150",
        "vervoerder": "DPD",
        "puntType": "pickup_point",
        "bezettingsgraad": 50,
        "latitude": 50.87363,
        "longitude": 4.34594,
        "canPickup": true,
        "canDropoff": false,
        "openingstijden": {
          "ma": "06:00 - 21:00",
          "di": "06:00 - 21:00",
          "wo": "06:00 - 21:00",
          "do": "06:00 - 21:00",
          "vr": "06:00 - 21:00",
          "za": "06:00 - 21:00",
          "zo": "06:00 - 21:00"
        }
      }
    },
    {
      "type": "Feature",
      "geometry": {
        "type": "Point",
        "coordinates": [
          4.35404,
          50.87525
        ]
      },
      "properties": {
        "type": "pakketpunt",
        "locatieNaam": "CHOPPE TA COQUE",
        "straatNaam": "RUE MARIE CHRISTINE",
        "straatNr": "116",
        "vervoerder": "DPD",
        "puntType": "pickup_point",
        "bezettingsgraad": 50,
        "latitude": 50.87525,
        "longitude": 4.35404,
        "canPickup": true,
        "canDropoff": false,
        "openingstijden": {
          "ma": "12:00 - 20:00",
          "di": "12:00 - 20:00",
          "wo": "12:00 - 20:00",
          "do": "12:00 - 20:00",
          "vr": "12:00 - 20:00",
          "za": "12:00 - 20:00",
          "zo": "12:00 - 20:00"
        }
      }
    },
    {
      "type": "Feature",
      "geometry": {
        "type": "Point",
        "coordinates": [
          4.35107,
          50.87653
        ]
      },
      "properties": {
        "type": "pakketpunt",
        "locatieNaam": "LIBRAIRIE DE LAEKEN",
        "straatNaam": "RUE MARIE CHRISTINE",
        "straatNr": "163",
        "vervoerder": "DPD",
        "puntType": "pickup_point",
        "bezettingsgraad": 50,
        "latitude": 50.87653,
        "longitude": 4.35107,
        "canPickup": true,
        "canDropoff": false,
        "openingstijden": {
          "ma": "07:00 - 20:00",
          "di": "07:00 - 20:00",
          "wo": "07:00 - 20:00",
          "do": "07:00 - 20:00",
          "vr": "07:00 - 20:00",
          "za": "07:00 - 20:00",
          "zo": "07:00 - 20:00"
        }
      }
    },
    {
      "type": "Feature",
      "geometry": {
        "type": "Point",
        "coordinates": [
          4.3565172,
          50.8555032
        ]
      },
      "properties": {
        "type": "pakketpunt",
        "locatieNaam": "TOP SHOP",
        "straatNaam": "BOULEVARD DU JARDIN BOTANIQUE",
        "straatNr": "6",
        "vervoerder": "DPD",
        "puntType": "pickup_point",
        "bezettingsgraad": 50,
        "latitude": 50.8555032,
        "longitude": 4.3565172,
        "canPickup": true,
        "canDropoff": false,
        "openingstijden": {
          "ma": "12:00 - 22:00",
          "di": "12:00 - 22:00",
          "wo": "12:00 - 22:00",
          "do": "12:00 - 22:00",
          "vr": "12:00 - 22:00",
          "za": "12:00 - 22:00",
          "zo": "12:00 - 22:00"
        }
      }
    },
    {
      "type": "Feature",
      "geometry": {
        "type": "Point",
        "coordinates": [
          4.3884834,
          50.8960163
        ]
      },
      "properties": {
        "type": "pakketpunt",
        "locatieNaam": "PB LIBRAIRIE",
        "straatNaam": "PLACE PETER BENOIT",
        "straatNr": "36",
        "vervoerder": "DPD",
        "puntType": "pickup_point",
        "bezettingsgraad": 50,
        "latitude": 50.8960163,
        "longitude": 4.3884834,
        "canPickup": true,
        "canDropoff": false,
        "openingstijden": {
          "ma": "12:00 - 23:00",
          "di": "12:00 - 23:00",
          "wo": "12:00 - 23:00",
          "do": "12:00 - 23:00",
          "vr": "12:00 - 23:00",
          "za": "12:00 - 23:00",
          "zo": "12:00 - 23:00"
        }
      }
    },
    {
      "type": "Feature",
      "geometry": {
        "type": "Point",
        "coordinates": [
          4.3509,
          50.84673
        ]
      },
      "properties": {
        "type": "pakketpunt",
        "locatieNaam": "BRUSSELS SOUVENIR",
        "straatNaam": "RUE DU MARCHE AU CHARBON",
        "straatNr": "1",
        "vervoerder": "DPD",
        "puntType": "pickup_point",
        "bezettingsgraad": 50,
        "latitude": 50.84673,
        "longitude": 4.3509,
        "canPickup": true,
        "canDropoff": false,
        "openingstijden": {
          "ma": "10:00 - 19:00",
          "di": "10:00 - 19:00",
          "wo": "10:00 - 19:00",
          "do": "10:00 - 19:00",
          "vr": "10:00 - 14:00, 15:00 - 19:00",
          "za": "10:00 - 19:00",
          "zo": "10:00 - 19:00"
        }
      }
    },
    {
      "type": "Feature",
      "geometry": {
        "type": "Point",
        "coordinates": [
          4.355077,
          50.848783
        ]
      },
      "properties": {
        "type": "pakketpunt",
        "locatieNaam": "bpost - MARKET MASOOD",
        "straatNaam": "RUE DE L'ECUYER,55",
        "straatNr": "",
        "vervoerder": "Amazon",
        "puntType": "3p",
        "bezettingsgraad": 50,
        "latitude": 50.848783,
        "longitude": 4.355077,
        "canPickup": true,
        "canDropoff": false,
        "openingstijden": null
      }
    },
    {
      "type": "Feature",
      "geometry": {
        "type": "Point",
        "coordinates": [
          4.3507952,
          50.8511886
        ]
      },
      "properties": {
        "type": "pakketpunt",
        "locatieNaam": "bpost - BBOX DE BROUCKÈRE BPOST",
        "straatNaam": "RUE DE LAEKEN,1",
        "straatNr": "",
        "vervoerder": "Amazon",
        "puntType": "3p",
        "bezettingsgraad": 50,
        "latitude": 50.8511886,
        "longitude": 4.3507952,
        "canPickup": true,
        "canDropoff": false,
        "openingstijden": null
      }
    },
    {
      "type": "Feature",
      "geometry": {
        "type": "Point",
        "coordinates": [
          4.350506,
          50.851115
        ]
      },
      "properties": {
        "type": "pakketpunt",
        "locatieNaam": "bpost - BRUXELLES DE BROUCKERE",
        "straatNaam": "RUE DE LAEKEN,1",
        "straatNr": "",
        "vervoerder": "Amazon",
        "puntType": "3p",
        "bezettingsgraad": 50,
        "latitude": 50.851115,
        "longitude": 4.350506,
        "canPickup": true,
        "canDropoff": false,
        "openingstijden": null
      }
    },
    {
      "type": "Feature",
      "geometry": {
        "type": "Point",
        "coordinates": [
          4.347712,
          50.844618
        ]
      },
      "properties": {
        "type": "pakketpunt",
        "locatieNaam": "bpost - BRUXELLES BOGARDS",
        "straatNaam": "RUE DES BOGARDS,17-19",
        "straatNr": "",
        "vervoerder": "Amazon",
        "puntType": "3p",
        "bezettingsgraad": 50,
        "latitude": 50.844618,
        "longitude": 4.347712,
        "canPickup": true,
        "canDropoff": false,
        "openingstijden": null
      }
    },
    {
      "type": "Feature",
      "geometry": {
        "type": "Point",
        "coordinates": [
          4.347694,
          50.844555
        ]
      },
      "properties": {
        "type": "pakketpunt",
        "locatieNaam": "bpost - BBOX BRUXELLES BOGARDS BPOST",
        "straatNaam": "RUE DES BOGARDS,17-19",
        "straatNr": "",
        "vervoerder": "Amazon",
        "puntType": "3p",
        "bezettingsgraad": 50,
        "latitude": 50.844555,
        "longitude": 4.347694,
        "canPickup": true,
        "canDropoff": false,
        "openingstijden": null
      }
    },
    {
      "type": "Feature",
      "geometry": {
        "type": "Point",
        "coordinates": [
          4.357804,
          50.854558
        ]
      },
      "properties": {
        "type": "pakketpunt",
        "locatieNaam": "bpost - PRESS SHOP CITY 2",
        "straatNaam": "RUE NEUVE,123A",
        "straatNr": "",
        "vervoerder": "Amazon",
        "puntType": "3p",
        "bezettingsgraad": 50,
        "latitude": 50.854558,
        "longitude": 4.357804,
        "canPickup": true,
        "canDropoff": false,
        "openingstijden": null
      }
    },
    {
      "type": "Feature",
      "geometry": {
        "type": "Point",
        "coordinates": [
          4.3562507,
          50.8456268
        ]
      },
      "properties": {
        "type": "pakketpunt",
        "locatieNaam": "bpost - RELAY GARE CENTRALE",
        "straatNaam": "CARREFOUR DE L'EUROPE,2",
        "straatNr": "",
        "vervoerder": "Amazon",
        "puntType": "3p",
        "bezettingsgraad": 50,
        "latitude": 50.8456268,
        "longitude": 4.3562507,
        "canPickup": true,
        "canDropoff": false,
        "openingstijden": null
      }
    },
    {
      "type": "Feature",
      "geometry": {
        "type": "Point",
        "coordinates": [
          4.3527,
          50.856443
        ]
      },
      "properties": {
        "type": "pakketpunt",
        "locatieNaam": "bpost - GATSBY",
        "straatNaam": "RUE DE LAEKEN,166-168",
        "straatNr": "",
        "vervoerder": "Amazon",
        "puntType": "3p",
        "bezettingsgraad": 50,
        "latitude": 50.856443,
        "longitude": 4.3527,
        "canPickup": true,
        "canDropoff": false,
        "openingstijden": null
      }
    },
    {
      "type": "Feature",
      "geometry": {
        "type": "Point",
        "coordinates": [
          4.343188,
          50.84824
        ]
      },
      "properties": {
        "type": "pakketpunt",
        "locatieNaam": "bpost - BBOX LAVOIR FLEURS",
        "straatNaam": "PLACE DU JARDIN AUX FLEURS,9",
        "straatNr": "",
        "vervoerder": "Amazon",
        "puntType": "3p",
        "bezettingsgraad": 50,
        "latitude": 50.84824,
        "longitude": 4.343188,
        "canPickup": true,
        "canDropoff": false,
        "openingstijden": null
      }
    },
    {
      "type": "Feature",
      "geometry": {
        "type": "Point",
        "coordinates": [
          4.355753,
          50.839877
        ]
      },
      "properties": {
        "type": "pakketpunt",
        "locatieNaam": "bpost - SPAR EXPRESS SABLON",
        "straatNaam": "RUE DES SABLONS,17",
        "straatNr": "",
        "vervoerder": "Amazon",
        "puntType": "3p",
        "bezettingsgraad": 50,
        "latitude": 50.839877,
        "longitude": 4.355753,
        "canPickup": true,
        "canDropoff": false,
        "openingstijden": null
      }
    },
    {
      "type": "Feature",
      "geometry": {
        "type": "Point",
        "coordinates": [
          4.348304,
          50.841454
        ]
      },
      "properties": {
        "type": "pakketpunt",
        "locatieNaam": "bpost - BBOX 24/7 NMBS CHAPELLE-KAPELLEKERK",
        "straatNaam": "RUE DES URSULINES,17-27",
        "straatNr": "",
        "vervoerder": "Amazon",
        "puntType": "3p",
        "bezettingsgraad": 50,
        "latitude": 50.841454,
        "longitude": 4.348304,
        "canPickup": true,
        "canDropoff": false,
        "openingstijden": null
      }
    },
    {
      "type": "Feature",
      "geometry": {
        "type": "Point",
        "coordinates": [
          4.364125,
          50.84795
        ]
      },
      "properties": {
        "type": "pakketpunt",
        "locatieNaam": "bpost - SUPERETTE NATANELI",
        "straatNaam": "RUE DE LA CROIX DE FER,33",
        "straatNr": "",
        "vervoerder": "Amazon",
        "puntType": "3p",
        "bezettingsgraad": 50,
        "latitude": 50.84795,
        "longitude": 4.364125,
        "canPickup": true,
        "canDropoff": false,
        "openingstijden": null
      }
    },
    {
      "type": "Feature",
      "geometry": {
        "type": "Point",
        "coordinates": [
          4.36776,
          50.849322
        ]
      },
      "properties": {
        "type": "pakketpunt",
        "locatieNaam": "bpost - BBOX I-WASH STORE",
        "straatNaam": "RUE DU CONGRÈS,52",
        "straatNr": "",
        "vervoerder": "Amazon",
        "puntType": "3p",
        "bezettingsgraad": 50,
        "latitude": 50.849322,
        "longitude": 4.36776,
        "canPickup": true,
        "canDropoff": false,
        "openingstijden": null
      }
    },
    {
      "type": "Feature",
      "geometry": {
        "type": "Point",
        "coordinates": [
          4.367698,
          50.850237
        ]
      },
      "properties": {
        "type": "pakketpunt",
        "locatieNaam": "bpost - LIBRAIRIE WORLDWIDE",
        "straatNaam": "RUE DES CULTES,28",
        "straatNr": "",
        "vervoerder": "Amazon",
        "puntType": "3p",
        "bezettingsgraad": 50,
        "latitude": 50.850237,
        "longitude": 4.367698,
        "canPickup": true,
        "canDropoff": false,
        "openingstijden": null
      }
    },
    {
      "type": "Feature",
      "geometry": {
        "type": "Point",
        "coordinates": [
          4.366963,
          50.840363
        ]
      },
      "properties": {
        "type": "pakketpunt",
        "locatieNaam": "bpost - CARREFOUR EXPRESS TRONE",
        "straatNaam": "RUE DU LUXEMBOURG,3",
        "straatNr": "",
        "vervoerder": "Amazon",
        "puntType": "3p",
        "bezettingsgraad": 50,
        "latitude": 50.840363,
        "longitude": 4.366963,
        "canPickup": true,
        "canDropoff": false,
        "openingstijden": null
      }
    },
    {
      "type": "Feature",
      "geometry": {
        "type": "Point",
        "coordinates": [
          4.380809,
          50.840021
        ]
      },
      "properties": {
        "type": "pakketpunt",
        "locatieNaam": "bpost - LOUIS DELHAIZE BELLIARD",
        "straatNaam": "RUE BELLIARD,141",
        "straatNr": "",
        "vervoerder": "Amazon",
        "puntType": "3p",
        "bezettingsgraad": 50,
        "latitude": 50.840021,
        "longitude": 4.380809,
        "canPickup": true,
        "canDropoff": false,
        "openingstijden": null
      }
    },
    {
      "type": "Feature",
      "geometry": {
        "type": "Point",
        "coordinates": [
          4.3669,
          50.823787
        ]
      },
      "properties": {
        "type": "pakketpunt",
        "locatieNaam": "bpost - BBOX TRIBES BRU CITY",
        "straatNaam": "AVENUE LOUISE,279",
        "straatNr": "",
        "vervoerder": "Amazon",
        "puntType": "3p",
        "bezettingsgraad": 50,
        "latitude": 50.823787,
        "longitude": 4.3669,
        "canPickup": true,
        "canDropoff": false,
        "openingstijden": null
      }
    },
    {
      "type": "Feature",
      "geometry": {
        "type": "Point",
        "coordinates": [
          4.377177,
          50.84555
        ]
      },
      "properties": {
        "type": "pakketpunt",
        "locatieNaam": "bpost - BRUXELLES LIVINGSTONE",
        "straatNaam": "RUE STEVIN,41-43",
        "straatNr": "",
        "vervoerder": "Amazon",
        "puntType": "3p",
        "bezettingsgraad": 50,
        "latitude": 50.84555,
        "longitude": 4.377177,
        "canPickup": true,
        "canDropoff": false,
        "openingstijden": null
      }
    },
    {
      "type": "Feature",
      "geometry": {
        "type": "Point",
        "coordinates": [
          4.37712,
          50.84543
        ]
      },
      "properties": {
        "type": "pakketpunt",
        "locatieNaam": "bpost - BBOX 24/7 BRUXELLES LIVINGSTONE BPOST",
        "straatNaam": "RUE STEVIN,41-43",
        "straatNr": "",
        "vervoerder": "Amazon",
        "puntType": "3p",
        "bezettingsgraad": 50,
        "latitude": 50.84543,
        "longitude": 4.37712,
        "canPickup": true,
        "canDropoff": false,
        "openingstijden": null
      }
    },
    {
      "type": "Feature",
      "geometry": {
        "type": "Point",
        "coordinates": [
          4.368251,
          50.823523
        ]
      },
      "properties": {
        "type": "pakketpunt",
        "locatieNaam": "bpost - BBOX SHOP & GO DELHAIZE LOUISE",
        "straatNaam": "AVENUE LOUISE,306-310",
        "straatNr": "",
        "vervoerder": "Amazon",
        "puntType": "3p",
        "bezettingsgraad": 50,
        "latitude": 50.823523,
        "longitude": 4.368251,
        "canPickup": true,
        "canDropoff": false,
        "openingstijden": null
      }
    },
    {
      "type": "Feature",
      "geometry": {
        "type": "Point",
        "coordinates": [
          4.381334,
          50.812998
        ]
      },
      "properties": {
        "type": "pakketpunt",
        "locatieNaam": "bpost - BBOX 24/7 ULB SOLBOSCH",
        "straatNaam": "AVENUE PAUL HÉGER,22",
        "straatNr": "",
        "vervoerder": "Amazon",
        "puntType": "3p",
        "bezettingsgraad": 50,
        "latitude": 50.812998,
        "longitude": 4.381334,
        "canPickup": true,
        "canDropoff": false,
        "openingstijden": null
      }
    },
    {
      "type": "Feature",
      "geometry": {
        "type": "Point",
        "coordinates": [
          4.38718,
          50.84679
        ]
      },
      "properties": {
        "type": "pakketpunt",
        "locatieNaam": "bpost - SEDIQI",
        "straatNaam": "SQUARE MARGUERITE,29",
        "straatNr": "",
        "vervoerder": "Amazon",
        "puntType": "3p",
        "bezettingsgraad": 50,
        "latitude": 50.84679,
        "longitude": 4.38718,
        "canPickup": true,
        "canDropoff": false,
        "openingstijden": null
      }
    },
    {
      "type": "Feature",
      "geometry": {
        "type": "Point",
        "coordinates": [
          4.4124895,
          50.8778856
        ]
      },
      "properties": {
        "type": "pakketpunt",
        "locatieNaam": "bpost - BBOX 24/7 DECATHLON EVERE",
        "straatNaam": "AVENUE JULES BORDET,1",
        "straatNr": "",
        "vervoerder": "Amazon",
        "puntType": "3p",
        "bezettingsgraad": 50,
        "latitude": 50.8778856,
        "longitude": 4.4124895,
        "canPickup": true,
        "canDropoff": false,
        "openingstijden": null
      }
    },
    {
      "type": "Feature",
      "geometry": {
        "type": "Point",
        "coordinates": [
          4.360532,
          50.89967
        ]
      },
      "properties": {
        "type": "pakketpunt",
        "locatieNaam": "bpost - BBOX 24/7 WZC DE WAND",
        "straatNaam": "RUE DE WAND,209",
        "straatNr": "",
        "vervoerder": "Amazon",
        "puntType": "3p",
        "bezettingsgraad": 50,
        "latitude": 50.89967,
        "longitude": 4.360532,
        "canPickup": true,
        "canDropoff": false,
        "openingstijden": null
      }
    },
    {
      "type": "Feature",
      "geometry": {
        "type": "Point",
        "coordinates": [
          4.400657,
          50.7970875
        ]
      },
      "properties": {
        "type": "pakketpunt",
        "locatieNaam": "bpost - BBOX 24/7 ARMONEA LES TERRASSES DU B.",
        "straatNaam": "CHAUSSÉE DE LA HULPE,130",
        "straatNr": "",
        "vervoerder": "Amazon",
        "puntType": "3p",
        "bezettingsgraad": 50,
        "latitude": 50.7970875,
        "longitude": 4.400657,
        "canPickup": true,
        "canDropoff": false,
        "openingstijden": null
      }
    },
    {
      "type": "Feature",
      "geometry": {
        "type": "Point",
        "coordinates": [
          4.396979,
          50.797496
        ]
      },
      "properties": {
        "type": "pakketpunt",
        "locatieNaam": "bpost - BBOX 24/7 DELHAIZE IXELLES ROOSEVELT",
        "straatNaam": "AVENUE FRANKLIN ROOSEVELT,250",
        "straatNr": "",
        "vervoerder": "Amazon",
        "puntType": "3p",
        "bezettingsgraad": 50,
        "latitude": 50.797496,
        "longitude": 4.396979,
        "canPickup": true,
        "canDropoff": false,
        "openingstijden": null
      }
    },
    {
      "type": "Feature",
      "geometry": {
        "type": "Point",
        "coordinates": [
          4.339903,
          50.87947
        ]
      },
      "properties": {
        "type": "pakketpunt",
        "locatieNaam": "bpost - BBOX LIDL STEYLS LAKEN",
        "straatNaam": "RUE STEYLS,111",
        "straatNr": "",
        "vervoerder": "Amazon",
        "puntType": "3p",
        "bezettingsgraad": 50,
        "latitude": 50.87947,
        "longitude": 4.339903,
        "canPickup": true,
        "canDropoff": false,
        "openingstijden": null
      }
    },
    {
      "type": "Feature",
      "geometry": {
        "type": "Point",
        "coordinates": [
          4.348549,
          50.8710088
        ]
      },
      "properties": {
        "type": "pakketpunt",
        "locatieNaam": "bpost - BBOX BE-HERE BRUXELLES",
        "straatNaam": "RUE DIEUDONNÉ LEFÈVRE,4",
        "straatNr": "",
        "vervoerder": "Amazon",
        "puntType": "3p",
        "bezettingsgraad": 50,
        "latitude": 50.8710088,
        "longitude": 4.348549,
        "canPickup": true,
        "canDropoff": false,
        "openingstijden": null
      }
    },
    {
      "type": "Feature",
      "geometry": {
        "type": "Point",
        "coordinates": [
          4.34736,
          50.874685
        ]
      },
      "properties": {
        "type": "pakketpunt",
        "locatieNaam": "bpost - LUCKY SHOP",
        "straatNaam": "BOULEVARD EMILE BOCKSTAEL,152",
        "straatNr": "",
        "vervoerder": "Amazon",
        "puntType": "3p",
        "bezettingsgraad": 50,
        "latitude": 50.874685,
        "longitude": 4.34736,
        "canPickup": true,
        "canDropoff": false,
        "openingstijden": null
      }
    },
    {
      "type": "Feature",
      "geometry": {
        "type": "Point",
        "coordinates": [
          4.347214,
          50.875976
        ]
      },
      "properties": {
        "type": "pakketpunt",
        "locatieNaam": "bpost - LAEKEN MAISON COMMUNALE",
        "straatNaam": "RUE TIELEMANS,32",
        "straatNr": "",
        "vervoerder": "Amazon",
        "puntType": "3p",
        "bezettingsgraad": 50,
        "latitude": 50.875976,
        "longitude": 4.347214,
        "canPickup": true,
        "canDropoff": false,
        "openingstijden": null
      }
    },
    {
      "type": "Feature",
      "geometry": {
        "type": "Point",
        "coordinates": [
          4.349294,
          50.877355
        ]
      },
      "properties": {
        "type": "pakketpunt",
        "locatieNaam": "bpost - LIBRAIRIE LAKENOISE NEW",
        "straatNaam": "RUE STÉPHANIE,157",
        "straatNr": "",
        "vervoerder": "Amazon",
        "puntType": "3p",
        "bezettingsgraad": 50,
        "latitude": 50.877355,
        "longitude": 4.349294,
        "canPickup": true,
        "canDropoff": false,
        "openingstijden": null
      }
    },
    {
      "type": "Feature",
      "geometry": {
        "type": "Point",
        "coordinates": [
          4.350975,
          50.87641
        ]
      },
      "properties": {
        "type": "pakketpunt",
        "locatieNaam": "bpost - LIB MARIE CHRISTINE 163",
        "straatNaam": "RUE MARIE-CHRISTINE,163",
        "straatNr": "",
        "vervoerder": "Amazon",
        "puntType": "3p",
        "bezettingsgraad": 50,
        "latitude": 50.87641,
        "longitude": 4.350975,
        "canPickup": true,
        "canDropoff": false,
        "openingstijden": null
      }
    },
    {
      "type": "Feature",
      "geometry": {
        "type": "Point",
        "coordinates": [
          4.347509,
          50.881129
        ]
      },
      "properties": {
        "type": "pakketpunt",
        "locatieNaam": "bpost - LE CORNER",
        "straatNaam": "BOULEVARD EMILE BOCKSTAEL,334",
        "straatNr": "",
        "vervoerder": "Amazon",
        "puntType": "3p",
        "bezettingsgraad": 50,
        "latitude": 50.881129,
        "longitude": 4.347509,
        "canPickup": true,
        "canDropoff": false,
        "openingstijden": null
      }
    },
    {
      "type": "Feature",
      "geometry": {
        "type": "Point",
        "coordinates": [
          4.419728,
          50.889121
        ]
      },
      "properties": {
        "type": "pakketpunt",
        "locatieNaam": "bpost - BBOX 24/7 NMBS/SNCB-HAREN-WITLOOF",
        "straatNaam": "RUE HARENHEYDE,DISTRIB",
        "straatNr": "",
        "vervoerder": "Amazon",
        "puntType": "3p",
        "bezettingsgraad": 50,
        "latitude": 50.889121,
        "longitude": 4.419728,
        "canPickup": true,
        "canDropoff": false,
        "openingstijden": null
      }
    },
    {
      "type": "Feature",
      "geometry": {
        "type": "Point",
        "coordinates": [
          4.357212,
          50.897504
        ]
      },
      "properties": {
        "type": "pakketpunt",
        "locatieNaam": "bpost - LAEKEN DE WAND",
        "straatNaam": "AVENUE DE LA BRISE,13-15",
        "straatNr": "",
        "vervoerder": "Amazon",
        "puntType": "3p",
        "bezettingsgraad": 50,
        "latitude": 50.897504,
        "longitude": 4.357212,
        "canPickup": true,
        "canDropoff": false,
        "openingstijden": null
      }
    },
    {
      "type": "Feature",
      "geometry": {
        "type": "Point",
        "coordinates": [
          4.381345,
          50.850698
        ]
      },
      "properties": {
        "type": "pakketpunt",
        "locatieNaam": "bpost - LIBRAIRIE OLI",
        "straatNaam": "CHAUSSÉE DE LOUVAIN,266",
        "straatNr": "",
        "vervoerder": "Amazon",
        "puntType": "3p",
        "bezettingsgraad": 50,
        "latitude": 50.850698,
        "longitude": 4.381345,
        "canPickup": true,
        "canDropoff": false,
        "openingstijden": null
      }
    },
    {
      "type": "Feature",
      "geometry": {
        "type": "Point",
        "coordinates": [
          4.32662,
          50.89455
        ]
      },
      "properties": {
        "type": "pakketpunt",
        "locatieNaam": "bpost - BBOX 24/7 LAEKEN CARREFOUR MARKET",
        "straatNaam": "AVENUE DE L'ARBRE BALLON,1",
        "straatNr": "",
        "vervoerder": "Amazon",
        "puntType": "3p",
        "bezettingsgraad": 50,
        "latitude": 50.89455,
        "longitude": 4.32662,
        "canPickup": true,
        "canDropoff": false,
        "openingstijden": null
      }
    },
    {
      "type": "Feature",
      "geometry": {
        "type": "Point",
        "coordinates": [
          4.3375732,
          50.8890131
        ]
      },
      "properties": {
        "type": "pakketpunt",
        "locatieNaam": "bpost - BBOX LAEKEN ISTANBUL SUPERMARKET",
        "straatNaam": "AVENUE HOUBA DE STROOPER,122",
        "straatNr": "",
        "vervoerder": "Amazon",
        "puntType": "3p",
        "bezettingsgraad": 50,
        "latitude": 50.8890131,
        "longitude": 4.3375732,
        "canPickup": true,
        "canDropoff": false,
        "openingstijden": null
      }
    },
    {
      "type": "Feature",
      "geometry": {
        "type": "MultiPolygon",
        "coordinates": [
          [
            [
              [
                4.347841780089274,
                50.83169334460324
              ],
              [
                4.347532175624665,
                50.83151557943113
              ],
              [
                4.347196551181085,
                50.83135788777728
              ],
              [
                4.3468381388054755,
                50.8312217880923
              ],
              [
                4.346460389880158,
                50.831108590900456
              ],
              [
                4.34606694189662,
                50.831019386186
              ],
              [
                4.345661583441277,
                50.83095503290231
              ],
              [
                4.3452482177297975,
                50.83091615070504
              ],
              [
                4.344830825040339,
                50.83090311398838
              ],
              [
                4.344413424406654,
                50.83091604828184
              ],
              [
                4.344000034938948,
                50.83095482904212
              ],
              [
                4.343594637144012,
                50.83101908285181
              ],
              [
                4.3432011346161215,
                50.83110819101306
              ],
              [
                4.342823316466646,
                50.831221295502196
              ],
              [
                4.342464820853326,
                50.831357307227705
              ],
              [
                4.342129099959639,
                50.831514916512305
              ],
              [
                4.341819386760879,
                50.831692605698585
              ],
              [
                4.341538663896554,
                50.83188866375703
              ],
              [
                4.34128963494853,
                50.83210120275577
              ],
              [
                4.341074698401499,
                50.83232817603435
              ],
              [
                4.34089592453658,
                50.832567397906104
              ],
              [
                4.340755035480906,
                50.83281656470025
              ],
              [
                4.340653388605807,
                50.83307327694118
              ],
              [
                4.340591963434116,
                50.83333506245132
              ],
              [
                4.340571352183473,
                50.83359940015578
              ],
              [
                4.340591754037599,
                50.83386374435919
              ],
              [
                4.3406529732016725,
                50.83412554926132
              ],
              [
                4.3407544207615825,
                50.83438229347541
              ],
              [
                4.340895120330123,
                50.834631504312824
              ],
              [
                4.341073717426761,
                50.83487078160032
              ],
              [
                4.341288492501528,
                50.83509782080029
              ],
              [
                4.34142219471736,
                50.83521203859847
              ],
              [
                4.341334804820972,
                50.83536658540091
              ],
              [
                4.3412331555986015,
                50.83562329796526
              ],
              [
                4.341171730323532,
                50.83588508359633
              ],
              [
                4.341151121214471,
                50.83614942121808
              ],
              [
                4.341171527434591,
                50.8364137651359
              ],
              [
                4.341232753147097,
                50.83667556955237
              ],
              [
                4.341334209374883,
                50.83693231308532
              ],
              [
                4.341474919647326,
                50.83718152305273
              ],
              [
                4.34165352938086,
                50.83742079928972
              ],
              [
                4.341868318903856,
                50.837647837268776
              ],
              [
                4.341869722783423,
                50.83764903647927
              ],
              [
                4.341873318686501,
                50.837652837417735
              ],
              [
                4.342122219832893,
                50.837865450438095
              ],
              [
                4.342402835702099,
                50.8380615907234
              ],
              [
                4.342712463877832,
                50.83823936912102
              ],
              [
                4.343048122404224,
                50.8383970733133
              ],
              [
                4.343406578506294,
                50.838533184316404
              ],
              [
                4.343784379731011,
                50.83864639111682
              ],
              [
                4.344177887208783,
                50.838735603304556
              ],
              [
                4.344583310714573,
                50.83879996158066
              ],
              [
                4.34499674519031,
                50.83883884603808
              ],
              [
                4.345414208376117,
                50.838851882135586
              ],
              [
                4.345684839422974,
                50.838843495185266
              ],
              [
                4.345775861432329,
                50.83900466687047
              ],
              [
                4.345929038538506,
                50.83920983339141
              ],
              [
                4.345598495114543,
                50.83936500093341
              ],
              [
                4.345288743316133,
                50.839542698901695
              ],
              [
                4.345007988047706,
                50.839738764844526
              ],
              [
                4.344758933203287,
                50.83995131075416
              ],
              [
                4.344543977517091,
                50.84017828990354
              ],
              [
                4.344365191454724,
                50.8404175165495
              ],
              [
                4.344299676046151,
                50.84053338045679
              ],
              [
                4.344213350585592,
                50.840536054661506
              ],
              [
                4.343799876366159,
                50.8405748346139
              ],
              [
                4.343394395346104,
                50.84063908756185
              ],
              [
                4.343000811920958,
                50.840728194815824
              ],
              [
                4.342622915980954,
                50.840841298360864
              ],
              [
                4.342264346432816,
                50.84097730911458
              ],
              [
                4.341928556171916,
                50.84113491740906
              ],
              [
                4.34161877884151,
                50.84131260559643
              ],
              [
                4.3413379976986946,
                50.84150866265679
              ],
              [
                4.341088916886614,
                50.84172120066798
              ],
              [
                4.340873935389519,
                50.841948172978974
              ],
              [
                4.34069512392155,
                50.842187393912475
              ],
              [
                4.340554204972153,
                50.84243655980678
              ],
              [
                4.34045253620077,
                50.84269327119488
              ],
              [
                4.340402057802143,
                50.84290835471956
              ],
              [
                4.340334503413457,
                50.842919056950436
              ],
              [
                4.339940895101115,
                50.84300815387843
              ],
              [
                4.339562973472808,
                50.84312124749167
              ],
              [
                4.3392043776825675,
                50.84325724880334
              ],
              [
                4.338868560878408,
                50.843414848236485
              ],
              [
                4.338558756959139,
                50.843592528228584
              ],
              [
                4.338277949437859,
                50.84378857783865
              ],
              [
                4.3380288427117,
                50.84400110921625
              ],
              [
                4.337813836014445,
                50.84422807577429
              ],
              [
                4.3376350003029085,
                50.84446729189088
              ],
              [
                4.337494058300012,
                50.84471645395071
              ],
              [
                4.337392367887231,
                50.84497316252373
              ],
              [
                4.33733090900697,
                50.84523494546777
              ],
              [
                4.337310274201815,
                50.84549928173266
              ],
              [
                4.337310661717687,
                50.845504305992385
              ],
              [
                4.3373102732956745,
                50.84550928173265
              ],
              [
                4.337330661980862,
                50.84577362563615
              ],
              [
                4.337391878493144,
                50.8460354313817
              ],
              [
                4.3374933339443,
                50.84629217757441
              ],
              [
                4.337634051871464,
                50.84654139150661
              ],
              [
                4.337812677617607,
                50.84678067297525
              ],
              [
                4.338027491357119,
                50.84700771740246
              ],
              [
                4.338276424641831,
                50.847220338036266
              ],
              [
                4.338557080308784,
                50.84741648701748
              ],
              [
                4.338866755558513,
                50.847594275109785
              ],
              [
                4.339027339215296,
                50.847669716175346
              ],
              [
                4.3390101062426485,
                50.847713220554425
              ],
              [
                4.338948652789145,
                50.84797500414714
              ],
              [
                4.3389457036470045,
                50.8480127979427
              ],
              [
                4.338936946082188,
                50.848050103729655
              ],
              [
                4.338916319072593,
                50.8483144400705
              ],
              [
                4.338936718006194,
                50.848578783488854
              ],
              [
                4.338997947116731,
                50.84884058819208
              ],
              [
                4.339099417394724,
                50.84909733279531
              ],
              [
                4.339240152234576,
                50.849346544606185
              ],
              [
                4.339418796816424,
                50.849585823442034
              ],
              [
                4.339633631133288,
                50.84981286475039
              ],
              [
                4.339882586538843,
                50.85002548180927
              ],
              [
                4.340163265657087,
                50.85022162679396
              ],
              [
                4.340361610082,
                50.850335487006404
              ],
              [
                4.340298852049583,
                50.85037147650794
              ],
              [
                4.340018011288219,
                50.85056752991538
              ],
              [
                4.33976887650369,
                50.85078006458881
              ],
              [
                4.339553847200082,
                50.851007033909376
              ],
              [
                4.339374994552045,
                50.851246252228606
              ],
              [
                4.339234041445757,
                50.85149541590997
              ],
              [
                4.3391323458698015,
                50.85175212550782
              ],
              [
                4.339070887816497,
                50.85201390887009
              ],
              [
                4.339050259820665,
                50.85227824494257
              ],
              [
                4.339070661227835,
                50.85254258804561
              ],
              [
                4.339131896248038,
                50.85280439238963
              ],
              [
                4.3392333758149935,
                50.853061136593205
              ],
              [
                4.339374123233747,
                50.8533103479678
              ],
              [
                4.339552783563384,
                50.85354962633499
              ],
              [
                4.339767636645336,
                50.85377666714676
              ],
              [
                4.34001661365261,
                50.85398928368595
              ],
              [
                4.340297317001203,
                50.85418542813281
              ],
              [
                4.340607043432436,
                50.85436321129461
              ],
              [
                4.340942810044182,
                50.8545209208078
              ],
              [
                4.341301383020441,
                50.85465703763726
              ],
              [
                4.341679308782428,
                50.854770250713386
              ],
              [
                4.342072947260919,
                50.85485946956565
              ],
              [
                4.342478506968932,
                50.85492383483094
              ],
              [
                4.342892081536289,
                50.85496272653487
              ],
              [
                4.343309687353517,
                50.85497577006638
              ],
              [
                4.343727301961538,
                50.85496283978795
              ],
              [
                4.344140902816555,
                50.85492406024626
              ],
              [
                4.344546506055758,
                50.854859804971944
              ],
              [
                4.344940204889465,
                50.85477069288
              ],
              [
                4.3453182072490595,
                50.854657582305215
              ],
              [
                4.3456768723271875,
                50.854521562730866
              ],
              [
                4.346012745657551,
                50.854363944289844
              ],
              [
                4.346322592395822,
                50.854186245140134
              ],
              [
                4.346603428480666,
                50.853990176836206
              ],
              [
                4.346852549374492,
                50.8537776278375
              ],
              [
                4.3470675561070244,
                50.85355064531336
              ],
              [
                4.347246378371009,
                50.85331141541971
              ],
              [
                4.347387294447906,
                50.85306224223783
              ],
              [
                4.347422105193892,
                50.852974331043875
              ],
              [
                4.347497083333897,
                50.85302671368824
              ],
              [
                4.347806829361037,
                50.853204477896554
              ],
              [
                4.348142611851684,
                50.85336216685162
              ],
              [
                4.348501196836796,
                50.85349826171629
              ],
              [
                4.348879130621836,
                50.85361145163249
              ],
              [
                4.349097439781133,
                50.853660918110954
              ],
              [
                4.3492239135271324,
                50.85369879585584
              ],
              [
                4.349327338945216,
                50.85380805586088
              ],
              [
                4.34957635936157,
                50.854020652105646
              ],
              [
                4.349857102790059,
                50.85421677367279
              ],
              [
                4.350008649775894,
                50.85430373944451
              ],
              [
                4.349707446021474,
                50.854445104344805
              ],
              [
                4.3493976103744645,
                50.85462281242228
              ],
              [
                4.3491167821660275,
                50.85481888738096
              ],
              [
                4.348867665992758,
                50.85503144112629
              ],
              [
                4.348652661179707,
                50.85525842685578
              ],
              [
                4.34847383866587,
                50.85549765876288
              ],
              [
                4.348332921047432,
                50.85574683308016
              ],
              [
                4.3482312659714095,
                50.85600355025953
              ],
              [
                4.3481698530402735,
                50.856265338075865
              ],
              [
                4.348149274354465,
                50.856529675432
              ],
              [
                4.348169728784771,
                50.85679401663588
              ],
              [
                4.348231020030689,
                50.85705581591616
              ],
              [
                4.3483325584845245,
                50.857312551940126
              ],
              [
                4.34847336688424,
                50.857561752097965
              ],
              [
                4.3486520897016305,
                50.85780101631925
              ],
              [
                4.3488670061762855,
                50.85802804019213
              ],
              [
                4.3491160468706145,
                50.85824063716255
              ],
              [
                4.349396813587148,
                50.858436759599236
              ],
              [
                4.349706602456784,
                50.858614518521385
              ],
              [
                4.3500424299758995,
                50.85877220179889
              ],
              [
                4.350401061741721,
                50.8589082906493
              ],
              [
                4.3507790436090845,
                50.859021474272474
              ],
              [
                4.351172734968229,
                50.8591106624816
              ],
              [
                4.3515783438226965,
                50.85917499620868
              ],
              [
                4.351991963328817,
                50.85921385578309
              ],
              [
                4.35240960944416,
                50.85922686690329
              ],
              [
                4.3528272593214155,
                50.859213904243916
              ],
              [
                4.353240890077017,
                50.85917509266354
              ],
              [
                4.353646517560123,
                50.859110806001446
              ],
              [
                4.35404023474754,
                50.859021663474905
              ],
              [
                4.354418249393908,
                50.85890852371189
              ],
              [
                4.354420792315854,
                50.85890755916516
              ],
              [
                4.3547082603533065,
                50.85882151880543
              ],
              [
                4.35506693002943,
                50.85868547068034
              ],
              [
                4.355402801622841,
                50.858527825538324
              ],
              [
                4.35571264030607,
                50.85835010179454
              ],
              [
                4.3559642897527535,
                50.858174381636736
              ],
              [
                4.3560994070140335,
                50.858187071189064
              ],
              [
                4.356517045141082,
                50.85820006769042
              ],
              [
                4.3569346847597625,
                50.85818709040464
              ],
              [
                4.357348303085344,
                50.8581482643312
              ],
              [
                4.357753916086741,
                50.858083963448934
              ],
              [
                4.3581476168802915,
                50.85799480711212
              ],
              [
                4.358525613378588,
                50.857881654081766
              ],
              [
                4.358884264830851,
                50.857745594250005
              ],
              [
                4.35922011690218,
                50.85758793813753
              ],
              [
                4.359529934953193,
                50.85741020426508
              ],
              [
                4.359810735199061,
                50.857214104521596
              ],
              [
                4.360059813447597,
                50.857001527669276
              ],
              [
                4.360113057547854,
                50.85694529936733
              ],
              [
                4.360437092420389,
                50.856822363497336
              ],
              [
                4.360772932685188,
                50.85666470289843
              ],
              [
                4.361082738777778,
                50.85648696487903
              ],
              [
                4.36136352702853,
                50.85629086136791
              ],
              [
                4.3616125933608,
                50.85607828116363
              ],
              [
                4.361827539330053,
                50.855851271736
              ],
              [
                4.362006295214494,
                50.85561201949999
              ],
              [
                4.362147139935107,
                50.85536282875205
              ],
              [
                4.362248717613759,
                50.855106099472025
              ],
              [
                4.362310050610536,
                50.854844304204796
              ],
              [
                4.362330548915562,
                50.85457996424448
              ],
              [
                4.362310015805725,
                50.854315625350516
              ],
              [
                4.36224864971285,
                50.85405383322979
              ],
              [
                4.362147042286286,
                50.85379710902097
              ],
              [
                4.362006172669633,
                50.85354792501691
              ],
              [
                4.3618273980476765,
                50.85330868085907
              ],
              [
                4.36161244055545,
                50.853081680432865
              ],
              [
                4.361363370676331,
                50.85286910968638
              ],
              [
                4.361082587289655,
                50.852673015585886
              ],
              [
                4.3607727945605,
                50.852495286410274
              ],
              [
                4.360666685820913,
                50.85244547300828
              ],
              [
                4.360786845781192,
                50.852232876711376
              ],
              [
                4.36088842412562,
                50.851976148384566
              ],
              [
                4.360949760614686,
                50.85171435359953
              ],
              [
                4.3609702652047835,
                50.85145001364569
              ],
              [
                4.36094974111218,
                50.85118567428246
              ],
              [
                4.360888386681768,
                50.85092388122126
              ],
              [
                4.360786793450502,
                50.85066715560982
              ],
              [
                4.360645940425204,
                50.85041796975453
              ],
              [
                4.36046718463082,
                50.85017872331463
              ],
              [
                4.360252248021027,
                50.84995172019757
              ],
              [
                4.36000320087807,
                50.849739146377345
              ],
              [
                4.359722441862321,
                50.84954304884982
              ],
              [
                4.359597490089066,
                50.849471356364944
              ],
              [
                4.3595582575658405,
                50.84930392836449
              ],
              [
                4.3594566751003505,
                50.849047201485185
              ],
              [
                4.359335878936583,
                50.848833479259774
              ],
              [
                4.359340023218578,
                50.848780072852804
              ],
              [
                4.359319509459353,
                50.84851573300779
              ],
              [
                4.359258167593034,
                50.84825393889927
              ],
              [
                4.359156589035508,
                50.8479972116851
              ],
              [
                4.359116011996569,
                50.84792541723812
              ],
              [
                4.359466591434757,
                50.84779238872322
              ],
              [
                4.359802370440583,
                50.84763473050529
              ],
              [
                4.359906518560978,
                50.84757497014889
              ],
              [
                4.35988056107646,
                50.847685760720196
              ],
              [
                4.359860052000482,
                50.84795010076059
              ],
              [
                4.359880568552573,
                50.848214440552624
              ],
              [
                4.359941913833692,
                50.84847623433849
              ],
              [
                4.360043497715451,
                50.848732960838326
              ],
              [
                4.360184342497993,
                50.848982147533995
              ],
              [
                4.360363092302392,
                50.849221394484665
              ],
              [
                4.36057802610801,
                50.84944839744477
              ],
              [
                4.360827074310041,
                50.84966097006168
              ],
              [
                4.3611078386384285,
                50.84985706493857
              ],
              [
                4.36141761524683,
                50.85003479336012
              ],
              [
                4.36175342074951,
                50.85019244348996
              ],
              [
                4.362112020955595,
                50.85032849686492
              ],
              [
                4.362489962023782,
                50.85044164302654
              ],
              [
                4.36288360373722,
                50.8505307921488
              ],
              [
                4.363289154577624,
                50.85059508554024
              ],
              [
                4.363329149764072,
                50.85059883977059
              ],
              [
                4.363330371499341,
                50.85061456507456
              ],
              [
                4.363391739126799,
                50.85087635688083
              ],
              [
                4.363493347037857,
                50.85113308022089
              ],
              [
                4.363634217301279,
                50.85138226260699
              ],
              [
                4.363812993792756,
                50.85162150413976
              ],
              [
                4.3640279552346355,
                50.85184850062585
              ],
              [
                4.3642770317559325,
                50.85206106577491
              ],
              [
                4.364557824813824,
                50.852257152262084
              ],
              [
                4.364867630285225,
                50.852434871452786
              ],
              [
                4.365203464506368,
                50.85259251159957
              ],
              [
                4.365562093009718,
                50.85272855433541
              ],
              [
                4.365940061681367,
                50.85284168930429
              ],
              [
                4.366333730038533,
                50.85293082678805
              ],
              [
                4.366739306306242,
                50.85299510820727
              ],
              [
                4.367152883954677,
                50.853033914395176
              ],
              [
                4.367570479344616,
                50.85304687156445
              ],
              [
                4.367988070117411,
                50.85303385490936
              ],
              [
                4.368401633958915,
                50.85299498980862
              ],
              [
                4.368807187362961,
                50.852930650617004
              ],
              [
                4.369200824020068,
                50.85284145705774
              ],
              [
                4.3695787524607494,
                50.85272826825037
              ],
              [
                4.369937332589909,
                50.85259217443161
              ],
              [
                4.370273110759782,
                50.852434486449454
              ],
              [
                4.3705828530429365,
                50.85225672313168
              ],
              [
                4.3708635763844494,
                50.852060596650695
              ],
              [
                4.370987196488365,
                50.85195504831947
              ],
              [
                4.370993573407576,
                50.851950593052905
              ],
              [
                4.371242573185342,
                50.85173799214595
              ],
              [
                4.371457452795342,
                50.85151096479935
              ],
              [
                4.371636143154953,
                50.85127169760064
              ],
              [
                4.3717769238162605,
                50.85102249499028
              ],
              [
                4.371878439518068,
                50.85076575706233
              ],
              [
                4.371939713217306,
                50.85050395644492
              ],
              [
                4.371960155475096,
                50.8502396144836
              ],
              [
                4.371939570107985,
                50.84997527695705
              ],
              [
                4.371920342996891,
                50.84989331859064
              ],
              [
                4.371938358585073,
                50.849847755060786
              ],
              [
                4.37199963075393,
                50.849585954345116
              ],
              [
                4.372020072275538,
                50.84932161230578
              ],
              [
                4.372019994583119,
                50.84932061465656
              ],
              [
                4.372020072094281,
                50.84931961230579
              ],
              [
                4.371999486793126,
                50.84905527472203
              ],
              [
                4.37193807360436,
                50.84879348728825
              ],
              [
                4.3718364246306916,
                50.8485367710979
              ],
              [
                4.371695519415622,
                50.84828759836659
              ],
              [
                4.371516715486533,
                50.84804836862714
              ],
              [
                4.3713017352604675,
                50.84782138562608
              ],
              [
                4.371052649439508,
                50.84760883514371
              ],
              [
                4.370771857056303,
                50.84741276395109
              ],
              [
                4.370462062362378,
                50.84723506010653
              ],
              [
                4.370126248782143,
                50.84707743478071
              ],
              [
                4.369767650183487,
                50.846941405785486
              ],
              [
                4.369389719741569,
                50.846828282964395
              ],
              [
                4.368996096695359,
                50.8467391555855
              ],
              [
                4.368983890722757,
                50.84673722102343
              ],
              [
                4.368986505313285,
                50.846732592906
              ],
              [
                4.369088026990839,
                50.8464758570869
              ],
              [
                4.369149310638687,
                50.84621405761505
              ],
              [
                4.369169766722007,
                50.845949715824986
              ],
              [
                4.369149198924063,
                50.84568537749371
              ],
              [
                4.369087806010481,
                50.845423588322724
              ],
              [
                4.368986179888629,
                50.84516686942218
              ],
              [
                4.368845299881871,
                50.844917693033835
              ],
              [
                4.368666523274775,
                50.84467845872575
              ],
              [
                4.368451572221238,
                50.844451470288455
              ],
              [
                4.368202517142394,
                50.84423891355461
              ],
              [
                4.367921756774852,
                50.844042835355516
              ],
              [
                4.367611995061849,
                50.84386512381692
              ],
              [
                4.367276215110236,
                50.84370749018364
              ],
              [
                4.366917650464117,
                50.843571452347526
              ],
              [
                4.3665397539717645,
                50.843458320237254
              ],
              [
                4.3661461645453,
                50.843369183210356
              ],
              [
                4.365740672132793,
                50.84330489956841
              ],
              [
                4.365327181239498,
                50.8432660882965
              ],
              [
                4.364909673348686,
                50.84325312310586
              ],
              [
                4.364492168603166,
                50.84326612883727
              ],
              [
                4.364078687115473,
                50.84330498025959
              ],
              [
                4.363673210278363,
                50.84336930327496
              ],
              [
                4.3632796424471865,
                50.84345847851921
              ],
              [
                4.362901773362173,
                50.84357164732271
              ],
              [
                4.362543241671664,
                50.84370771997463
              ],
              [
                4.362207499906733,
                50.843865386211
              ],
              [
                4.361897781243931,
                50.84404312782602
              ],
              [
                4.361617068375719,
                50.84423923328523
              ],
              [
                4.361368064788106,
                50.84445181420034
              ],
              [
                4.3611531687220095,
                50.84467882350716
              ],
              [
                4.361141223033555,
                50.84469481535234
              ],
              [
                4.361038437402481,
                50.84451295488165
              ],
              [
                4.360859702064104,
                50.84427370864756
              ],
              [
                4.360644790556985,
                50.844046705877595
              ],
              [
                4.360395772921528,
                50.843834132542426
              ],
              [
                4.360115047533875,
                50.84363803563327
              ],
              [
                4.359805318000535,
                50.843460303456084
              ],
              [
                4.359469567118591,
                50.8433026474544
              ],
              [
                4.359111028152338,
                50.84316658573551
              ],
              [
                4.358733153702866,
                50.843053428458056
              ],
              [
                4.358339582470134,
                50.84296426522192
              ],
              [
                4.357934104227097,
                50.84289995458107
              ],
              [
                4.357520623342627,
                50.84286111578053
              ],
              [
                4.357103121203661,
                50.84284812279664
              ],
              [
                4.356685617897637,
                50.842861100737785
              ],
              [
                4.356272133523227,
                50.84289992464042
              ],
              [
                4.356042016087814,
                50.842936413664845
              ],
              [
                4.355833365828841,
                50.842942897765546
              ],
              [
                4.3554198800312305,
                50.84298171866243
              ],
              [
                4.355297353090353,
                50.843001146470954
              ],
              [
                4.355307561664861,
                50.842975348488864
              ],
              [
                4.355368917488375,
                50.8427135559684
              ],
              [
                4.355380426891399,
                50.842565378619554
              ],
              [
                4.355749801182018,
                50.84257687941347
              ],
              [
                4.356167302222278,
                50.84256390480287
              ],
              [
                4.356580783727903,
                50.84252508126625
              ],
              [
                4.356986262985893,
                50.842460782758046
              ],
              [
                4.357379834401005,
                50.84237162860963
              ],
              [
                4.357757707132163,
                50.842258477560875
              ],
              [
                4.358116241620811,
                50.84212241948487
              ],
              [
                4.35845198465868,
                50.841964764885326
              ],
              [
                4.358761702656554,
                50.841787032268456
              ],
              [
                4.359042412793204,
                50.84159093351102
              ],
              [
                4.359291411744183,
                50.84137835736574
              ],
              [
                4.3592935781334035,
                50.84137606884205
              ],
              [
                4.359294411613809,
                50.841375357276405
              ],
              [
                4.359509301555139,
                50.8411483511683
              ],
              [
                4.3596880133338125,
                50.840909101486936
              ],
              [
                4.3598288262952725,
                50.840659912504115
              ],
              [
                4.35993038486688,
                50.840403184182684
              ],
              [
                4.359991711592334,
                50.84014138905833
              ],
              [
                4.360012216521728,
                50.83987704842377
              ],
              [
                4.35999170286772,
                50.83961270804494
              ],
              [
                4.359930368874339,
                50.839350913643074
              ],
              [
                4.359828805881399,
                50.8390941863788
              ],
              [
                4.359687992604221,
                50.83884499857443
              ],
              [
                4.3595092856847,
                50.838605749908055
              ],
              [
                4.3592944066056205,
                50.8383787443085
              ],
              [
                4.359045425095034,
                50.83816616777374
              ],
              [
                4.358764739181152,
                50.8379700673258
              ],
              [
                4.35845505209034,
                50.837792331304726
              ],
              [
                4.358119346210978,
                50.8376346711911
              ],
              [
                4.357760854374034,
                50.837498605131756
              ],
              [
                4.357383028726816,
                50.837385443327214
              ],
              [
                4.356989507499417,
                50.83729627542092
              ],
              [
                4.356584079983356,
                50.837231960011806
              ],
              [
                4.356170650059137,
                50.83719311639086
              ],
              [
                4.355753198623086,
                50.83718011858079
              ],
              [
                4.355335745274514,
                50.837193091736474
              ],
              [
                4.354922309631138,
                50.83723191094044
              ],
              [
                4.354516872644328,
                50.83729620240506
              ],
              [
                4.35412333828573,
                50.83738534706995
              ],
              [
                4.353942484671617,
                50.83743950132484
              ],
              [
                4.353863654356493,
                50.837384418504875
              ],
              [
                4.353785741177907,
                50.837187396008666
              ],
              [
                4.353644965638929,
                50.836938200817904
              ],
              [
                4.353466296716691,
                50.83669894281754
              ],
              [
                4.3532514555280954,
                50.83647192602636
              ],
              [
                4.353002511436361,
                50.83625933655011
              ],
              [
                4.352721862109424,
                50.83606322153547
              ],
              [
                4.352412210421405,
                50.835885469462774
              ],
              [
                4.352076538419855,
                50.83572779196718
              ],
              [
                4.3517180786096,
                50.83559170736295
              ],
              [
                4.351340282829641,
                50.835478526029156
              ],
              [
                4.351031846728738,
                50.835408616885445
              ],
              [
                4.35103380941368,
                50.835383374519466
              ],
              [
                4.351013348195749,
                50.83511903224559
              ],
              [
                4.350952070053164,
                50.834857232826536
              ],
              [
                4.3508505657877885,
                50.8346004974713
              ],
              [
                4.350709813549325,
                50.83435129858016
              ],
              [
                4.350531169391839,
                50.834112035938006
              ],
              [
                4.350316354193729,
                50.833885013608324
              ],
              [
                4.350067437067918,
                50.83367241775021
              ],
              [
                4.349786815422681,
                50.833476295571806
              ],
              [
                4.349477191865594,
                50.833298535622475
              ],
              [
                4.349141548173352,
                50.83314084961323
              ],
              [
                4.3490108978387685,
                50.83309124292191
              ],
              [
                4.349006933414864,
                50.83307430186108
              ],
              [
                4.348905443618392,
                50.832817564696825
              ],
              [
                4.348764707025092,
                50.83256836334928
              ],
              [
                4.348586079538336,
                50.83232909762701
              ],
              [
                4.348371281875969,
                50.83210207162319
              ],
              [
                4.348122382982044,
                50.83188947153229
              ],
              [
                4.347841780089274,
                50.83169334460324
              ]
            ]
          ],
          [
            [
              [
                4.347823751044838,
                50.8624333613824
              ],
              [
                4.347513944122652,
                50.86225559767954
              ],
              [
                4.347178100194407,
                50.86209790731874
              ],
              [
                4.34681945342054,
                50.86196180873811
              ],
              [
                4.346441457440332,
                50.86184861245129
              ],
              [
                4.346047752123974,
                50.861759408433706
              ],
              [
                4.345642128535438,
                50.86169505563205
              ],
              [
                4.345228492442975,
                50.86165617369731
              ],
              [
                4.344810826727795,
                50.86164313702112
              ],
              [
                4.344393153052142,
                50.8616560711326
              ],
              [
                4.343979493154866,
                50.861694851490206
              ],
              [
                4.34357383014628,
                50.8617591046804
              ],
              [
                4.343180070174014,
                50.86184821201136
              ],
              [
                4.342802004828071,
                50.86196131546742
              ],
              [
                4.342727333372368,
                50.86198962687909
              ],
              [
                4.342380104963625,
                50.86206820105272
              ],
              [
                4.342002035922475,
                50.8621813019239
              ],
              [
                4.341643301746012,
                50.86231730996905
              ],
              [
                4.341307356914762,
                50.86247491554636
              ],
              [
                4.341306764805844,
                50.862475255020016
              ],
              [
                4.341305356945991,
                50.86247591550088
              ],
              [
                4.340995436577457,
                50.86265360098337
              ],
              [
                4.340714525320054,
                50.862849655383
              ],
              [
                4.340465328570051,
                50.86306219080318
              ],
              [
                4.340250246428414,
                50.863289160617974
              ],
              [
                4.340071350578829,
                50.863528379174085
              ],
              [
                4.3399303643237745,
                50.86377754283277
              ],
              [
                4.339828645971355,
                50.86403425214857
              ],
              [
                4.339767175733567,
                50.864296034972185
              ],
              [
                4.339746546262923,
                50.86456037025453
              ],
              [
                4.339766956919514,
                50.864824712323625
              ],
              [
                4.339828211824656,
                50.86508651539978
              ],
              [
                4.339929721720904,
                50.86534325811383
              ],
              [
                4.340070509621531,
                50.86559246779154
              ],
              [
                4.340249220196025,
                50.865831744270814
              ],
              [
                4.340464132802156,
                50.86605878302183
              ],
              [
                4.340713178039838,
                50.866271397347205
              ],
              [
                4.340993957668066,
                50.866467539448536
              ],
              [
                4.341303767693566,
                50.86664532015566
              ],
              [
                4.341639624409107,
                50.86680302712862
              ],
              [
                4.341998293130822,
                50.866939141356774
              ],
              [
                4.3423763193576645,
                50.867052351795515
              ],
              [
                4.34277006205264,
                50.86714156799976
              ],
              [
                4.343175728724814,
                50.86720593063186
              ],
              [
                4.34358941197357,
                50.86724481974277
              ],
              [
                4.344007127142415,
                50.867257860746435
              ],
              [
                4.3444248507187995,
                50.867244928029656
              ],
              [
                4.344838559109144,
                50.86720614616258
              ],
              [
                4.345244267414671,
                50.86714188869833
              ],
              [
                4.345638067833541,
                50.867052774572905
              ],
              [
                4.346016167318547,
                50.866939662140766
              ],
              [
                4.346094426218484,
                50.86690999074672
              ],
              [
                4.346440102696629,
                50.866831763586575
              ],
              [
                4.3468181984724845,
                50.86671864856289
              ],
              [
                4.347176951271485,
                50.86658262486441
              ],
              [
                4.347512905782391,
                50.86642500266377
              ],
              [
                4.34782282637899,
                50.8662473001552
              ],
              [
                4.348103728288638,
                50.86605122892553
              ],
              [
                4.348352906339882,
                50.86583867746239
              ],
              [
                4.348567961012116,
                50.86561169295887
              ],
              [
                4.3487468215365945,
                50.86537246158996
              ],
              [
                4.348887765826552,
                50.865123287451176
              ],
              [
                4.348989437045013,
                50.86486657036251
              ],
              [
                4.3490508566513615,
                50.86460478275151
              ],
              [
                4.349071433801826,
                50.86434044583862
              ],
              [
                4.349050971014233,
                50.86407610535397
              ],
              [
                4.348989666043472,
                50.86381430701993
              ],
              [
                4.3488881099506,
                50.863557572035006
              ],
              [
                4.348747281385217,
                50.86330837279595
              ],
              [
                4.348568537137136,
                50.86306910909091
              ],
              [
                4.348353599049248,
                50.86284208499363
              ],
              [
                4.3481045374184095,
                50.86262948668023
              ],
              [
                4.347823751044838,
                50.8624333613824
              ]
            ]
          ],
          [
            [
              [
                4.343572752735563,
                50.87138735467364
              ],
              [
                4.343236749523074,
                50.87154496537002
              ],
              [
                4.342926776635603,
                50.87172265549701
              ],
              [
                4.3426458192135025,
                50.87191871401606
              ],
              [
                4.342396583097696,
                50.87213125299099
              ],
              [
                4.342181468768377,
                50.87235822576156
              ],
              [
                4.342002548219371,
                50.87259744664607
              ],
              [
                4.341861544991224,
                50.8728466119833
              ],
              [
                4.3417598175557295,
                50.873103322311664
              ],
              [
                4.341698346212609,
                50.87336510547209
              ],
              [
                4.341677723625286,
                50.87362944041228
              ],
              [
                4.341698149087832,
                50.87389378146349
              ],
              [
                4.341759426579233,
                50.874155582855856
              ],
              [
                4.341860966624773,
                50.87441232323638
              ],
              [
                4.341881841649445,
                50.87444926418865
              ],
              [
                4.341890961914824,
                50.87447232426564
              ],
              [
                4.342031787576603,
                50.87472153094228
              ],
              [
                4.34221054286704,
                50.874960803812236
              ],
              [
                4.342425506713402,
                50.875187838380356
              ],
              [
                4.342674609222229,
                50.87540044798956
              ],
              [
                4.342955451601003,
                50.875596584886864
              ],
              [
                4.342991156950173,
                50.875617068955584
              ],
              [
                4.342968126872396,
                50.875715151550104
              ],
              [
                4.342947510398131,
                50.87597948653569
              ],
              [
                4.342967944027351,
                50.876243827188084
              ],
              [
                4.343029231660456,
                50.87650562774127
              ],
              [
                4.34313078372512,
                50.8767623668503
              ],
              [
                4.343271622828777,
                50.87701157187569
              ],
              [
                4.343450393148027,
                50.87725084270008
              ],
              [
                4.343665373465431,
                50.87747787484811
              ],
              [
                4.343914493728911,
                50.87769048168597
              ],
              [
                4.344195354974963,
                50.877886615487306
              ],
              [
                4.344505252424264,
                50.87806438716191
              ],
              [
                4.3448412015275535,
                50.87822208445679
              ],
              [
                4.345199966711062,
                50.87835818845448
              ],
              [
                4.345363033729281,
                50.87840700614095
              ],
              [
                4.345512617145467,
                50.87860719202376
              ],
              [
                4.345231166656544,
                50.87869136839638
              ],
              [
                4.344872315749462,
                50.8788273856752
              ],
              [
                4.344536263680874,
                50.87898499975693
              ],
              [
                4.344226246615112,
                50.87916269293803
              ],
              [
                4.344203658487522,
                50.87917845356077
              ],
              [
                4.344170937448779,
                50.879095739488704
              ],
              [
                4.344080847463133,
                50.87893634509095
              ],
              [
                4.343982505154332,
                50.87868774594609
              ],
              [
                4.343841657254174,
                50.8784385418937
              ],
              [
                4.3436628804222215,
                50.878199271746844
              ],
              [
                4.343447896815522,
                50.87797223964126
              ],
              [
                4.343198777169588,
                50.87775963183017
              ],
              [
                4.342917920843575,
                50.87756349563678
              ],
              [
                4.342608032705414,
                50.87738571974534
              ],
              [
                4.342272097079863,
                50.877228016020304
              ],
              [
                4.3419133490104125,
                50.8770919030285
              ],
              [
                4.341535243111746,
                50.87697869142228
              ],
              [
                4.341141420312417,
                50.87688947132461
              ],
              [
                4.340735672807541,
                50.87682510183696
              ],
              [
                4.340321907558396,
                50.87678620277102
              ],
              [
                4.339904108689648,
                50.87677314868333
              ],
              [
                4.339902600814791,
                50.876773195301986
              ],
              [
                4.33990110886187,
                50.87677314868336
              ],
              [
                4.339483299316843,
                50.87678606526003
              ],
              [
                4.3390695021416,
                50.87682482813907
              ],
              [
                4.338663701768062,
                50.87688906407522
              ],
              [
                4.338269805666326,
                50.8769781545428
              ],
              [
                4.337891606736991,
                50.877091241688554
              ],
              [
                4.337532746803994,
                50.877227236588006
              ],
              [
                4.337196681558689,
                50.87738482972598
              ],
              [
                4.336886647292189,
                50.87756250360063
              ],
              [
                4.336605629735834,
                50.87775854732995
              ],
              [
                4.336356335309574,
                50.877971073120136
              ],
              [
                4.336141165055107,
                50.87819803443803
              ],
              [
                4.335962191504834,
                50.878437245712185
              ],
              [
                4.335821138709748,
                50.878686403374004
              ],
              [
                4.335719365619065,
                50.87894310803585
              ],
              [
                4.335657852972287,
                50.87920488759323
              ],
              [
                4.335637193830748,
                50.87946922102859
              ],
              [
                4.335657587840716,
                50.87973356268774
              ],
              [
                4.335718839284263,
                50.87999536679497
              ],
              [
                4.335820358937725,
                50.880252111971174
              ],
              [
                4.335920417635897,
                50.88042920085278
              ],
              [
                4.336011726689831,
                50.88066011853176
              ],
              [
                4.336152539711275,
                50.880909331820156
              ],
              [
                4.336331288600935,
                50.88114861321958
              ],
              [
                4.3365462523479215,
                50.88137565815278
              ],
              [
                4.336795361059912,
                50.881588279862854
              ],
              [
                4.33707621588481,
                50.88178443048026
              ],
              [
                4.337386112105277,
                50.881962220752776
              ],
              [
                4.337722065184001,
                50.88211993824836
              ],
              [
                4.338080839509026,
                50.882256063854925
              ],
              [
                4.338458979562139,
                50.88236928641832
              ],
              [
                4.338852843209911,
                50.882458515376634
              ],
              [
                4.33925863679626,
                50.88252289126934
              ],
              [
                4.339672451697956,
                50.88256179401969
              ],
              [
                4.340090301990206,
                50.882574848910245
              ],
              [
                4.340508162858706,
                50.882561930194015
              ],
              [
                4.340922009387225,
                50.88252316230633
              ],
              [
                4.341049268367271,
                50.882503017936294
              ],
              [
                4.340956169143681,
                50.88273789515715
              ],
              [
                4.340894680712977,
                50.88299967717245
              ],
              [
                4.340880273815168,
                50.88318426239139
              ],
              [
                4.34072342223341,
                50.88320909047412
              ],
              [
                4.34032947703941,
                50.88329818769258
              ],
              [
                4.339951232181861,
                50.88341128126991
              ],
              [
                4.339592329926923,
                50.88354728221968
              ],
              [
                4.33925622637348,
                50.883704880968466
              ],
              [
                4.338946158181557,
                50.883882559960405
              ],
              [
                4.338665111409231,
                50.884078608264204
              ],
              [
                4.338415792757878,
                50.884291138042066
              ],
              [
                4.338200603502586,
                50.884518102722346
              ],
              [
                4.338021616358865,
                50.88475731670129
              ],
              [
                4.33788055550877,
                50.885006476384234
              ],
              [
                4.337778779979255,
                50.885263182364035
              ],
              [
                4.337717270533495,
                50.88552496252355
              ],
              [
                4.337696620202184,
                50.885789295839416
              ],
              [
                4.337717028546931,
                50.88605363665853
              ],
              [
                4.337778299711937,
                50.88631543921333
              ],
              [
                4.337779977384499,
                50.88631968102517
              ],
              [
                4.337571242872311,
                50.88631315613139
              ],
              [
                4.337153347822933,
                50.88632606437797
              ],
              [
                4.336739464676139,
                50.886364818935164
              ],
              [
                4.336333578691518,
                50.886429046637886
              ],
              [
                4.335939598163384,
                50.88651812903975
              ],
              [
                4.335561316805163,
                50.88663120836519
              ],
              [
                4.335202377234414,
                50.88676719576503
              ],
              [
                4.334866235909278,
                50.886924781796296
              ],
              [
                4.334556129853433,
                50.88710244902563
              ],
              [
                4.334275045489518,
                50.88729848663502
              ],
              [
                4.334025689880866,
                50.887511006889646
              ],
              [
                4.333810464658427,
                50.887737963309625
              ],
              [
                4.333631442884072,
                50.88797717037075
              ],
              [
                4.333490349073363,
                50.888226324544995
              ],
              [
                4.333388542570707,
                50.88848302647831
              ],
              [
                4.333327004437608,
                50.888744804092525
              ],
              [
                4.333306327981104,
                50.88900913638882
              ],
              [
                4.333326713014489,
                50.889273477723954
              ],
              [
                4.33338796390657,
                50.88953528232539
              ],
              [
                4.333489491439274,
                50.88979202880924
              ],
              [
                4.333625547712758,
                50.890032801926246
              ],
              [
                4.333449418322298,
                50.89001623758018
              ],
              [
                4.333031503670641,
                50.89000315907641
              ],
              [
                4.3326135745403,
                50.89001605114732
              ],
              [
                4.332199655129445,
                50.8900547896562
              ],
              [
                4.3317937310467824,
                50.890119001592446
              ],
              [
                4.3313997109533915,
                50.890208068661494
              ],
              [
                4.331021388943599,
                50.89032113323543
              ],
              [
                4.330662408026325,
                50.89045710660712
              ],
              [
                4.330326225057774,
                50.89061467946871
              ],
              [
                4.330016077462562,
                50.89079233451367
              ],
              [
                4.329734952063279,
                50.89098836104128
              ],
              [
                4.329485556318375,
                50.89120087142351
              ],
              [
                4.329270292245291,
                50.891427819275535
              ],
              [
                4.329091233280022,
                50.89166701915568
              ],
              [
                4.328950104296305,
                50.89191616760511
              ],
              [
                4.32884826497731,
                50.89217286532493
              ],
              [
                4.3288354460506895,
                50.89222736886419
              ],
              [
                4.328821659672928,
                50.89222213774188
              ],
              [
                4.328443463522956,
                50.89210888445462
              ],
              [
                4.328348796004422,
                50.89208743288002
              ],
              [
                4.328253471862419,
                50.89205888706179
              ],
              [
                4.3278595478415545,
                50.891969622785275
              ],
              [
                4.327453688258726,
                50.89190520766003
              ],
              [
                4.327039801154313,
                50.89186626193723
              ],
              [
                4.326621871826158,
                50.891853160622645
              ],
              [
                4.326203924474391,
                50.89186602986781
              ],
              [
                4.325789983472595,
                50.89190474575581
              ],
              [
                4.325384034637325,
                50.89196893549384
              ],
              [
                4.324989986867935,
                50.892057981001116
              ],
              [
                4.32461163452517,
                50.89217102485731
              ],
              [
                4.324252620909947,
                50.89230697855483
              ],
              [
                4.3239164031932384,
                50.89246453297523
              ],
              [
                4.323606219134174,
                50.8926421709896
              ],
              [
                4.323325055906386,
                50.892838182061254
              ],
              [
                4.32307562133252,
                50.89305067871099
              ],
              [
                4.322860317803864,
                50.89327761468625
              ],
              [
                4.32268121913631,
                50.89351680465977
              ],
              [
                4.322540050585893,
                50.89376594526812
              ],
              [
                4.322438172216798,
                50.89402263728799
              ],
              [
                4.322376565782693,
                50.8942844087367
              ],
              [
                4.3223558252484855,
                50.894548738674885
              ],
              [
                4.322376151044717,
                50.89481308148209
              ],
              [
                4.322383821585309,
                50.894845897325716
              ],
              [
                4.322378992675922,
                50.89490743951704
              ],
              [
                4.322399318757828,
                50.89517178229253
              ],
              [
                4.3224605164206,
                50.895433592142545
              ],
              [
                4.322561996959018,
                50.895690347632765
              ],
              [
                4.322702783670024,
                50.89593957596599
              ],
              [
                4.322881521235463,
                50.89617887680052
              ],
              [
                4.323096488753982,
                50.89640594537197
              ],
              [
                4.323345616297363,
                50.8966185946958
              ],
              [
                4.3236265048325215,
                50.89681477663657
              ],
              [
                4.323936449317762,
                50.89699260164035
              ],
              [
                4.324272464751169,
                50.897150356940585
              ],
              [
                4.3246313149203806,
                50.897286523061105
              ],
              [
                4.3250095435767815,
                50.89739978845747
              ],
              [
                4.325403507733553,
                50.897489062155245
              ],
              [
                4.3258094127664775,
                50.89755348426296
              ],
              [
                4.326223348978758,
                50.897592434258684
              ],
              [
                4.326641329276968,
                50.89760553696992
              ],
              [
                4.327059327594357,
                50.89759266618904
              ],
              [
                4.327473317690523,
                50.89755394588968
              ],
              [
                4.327879311952756,
                50.89748974903188
              ],
              [
                4.328273399824359,
                50.89740069396795
              ],
              [
                4.328651785488904,
                50.89728763848348
              ],
              [
                4.32901082444656,
                50.89715167153115
              ],
              [
                4.329347058629504,
                50.89699410273709
              ],
              [
                4.329657249717538,
                50.89681644978119
              ],
              [
                4.329938410332619,
                50.896620423773115
              ],
              [
                4.330187832811565,
                50.896407912765014
              ],
              [
                4.330378646744049,
                50.896206758243125
              ],
              [
                4.33044502157032,
                50.89615020511311
              ],
              [
                4.330660301614035,
                50.89592325541987
              ],
              [
                4.330839368816209,
                50.89568405344372
              ],
              [
                4.330980499099967,
                50.89543490299723
              ],
              [
                4.331082333837588,
                50.89517820367227
              ],
              [
                4.331100165539729,
                50.89510237583104
              ],
              [
                4.3313967592261235,
                50.895191178926765
              ],
              [
                4.331790716994884,
                50.89528043125032
              ],
              [
                4.332196611697699,
                50.89534483131833
              ],
              [
                4.332610533737257,
                50.89538375882117
              ],
              [
                4.33302849615665,
                50.89539683880296
              ],
              [
                4.333446473061363,
                50.895383945275036
              ],
              [
                4.333860438417286,
                50.89534520243012
              ],
              [
                4.3342664048500685,
                50.895280983445424
              ],
              [
                4.334660462071138,
                50.89519190688639
              ],
              [
                4.335038814559375,
                50.89507883074562
              ],
              [
                4.335397818134588,
                50.894942844174764
              ],
              [
                4.335734015069841,
                50.89478525698891
              ],
              [
                4.336044167403784,
                50.894607587045066
              ],
              [
                4.336325288131723,
                50.89441154561648
              ],
              [
                4.336574669974723,
                50.894199020903855
              ],
              [
                4.336789911449587,
                50.893972059842696
              ],
              [
                4.336968939988756,
                50.89373284838233
              ],
              [
                4.337110031887752,
                50.89348369042659
              ],
              [
                4.337211828888549,
                50.893226985639686
              ],
              [
                4.337273351239809,
                50.8929652063308
              ],
              [
                4.337294007109007,
                50.89270087364048
              ],
              [
                4.3372735982566715,
                50.8924365332583
              ],
              [
                4.337212321919121,
                50.892174730905644
              ],
              [
                4.337110768882518,
                50.89191798781983
              ],
              [
                4.336976360098626,
                50.89168017511181
              ],
              [
                4.337154026297443,
                50.891696877932446
              ],
              [
                4.337571957168623,
                50.89170994175377
              ],
              [
                4.337989900011004,
                50.89169703203703
              ],
              [
                4.338403829118629,
                50.891658273130886
              ],
              [
                4.338809757466368,
                50.89159403836727
              ],
              [
                4.339203775132566,
                50.89150494646357
              ],
              [
                4.339582086977172,
                50.89139185556023
              ],
              [
                4.339941049211552,
                50.89125585495103
              ],
              [
                4.3402772045070295,
                50.89109825458628
              ],
              [
                4.340587315303383,
                50.89092057244996
              ],
              [
                4.340868394996039,
                50.890724519932654
              ],
              [
                4.34111773670133,
                50.890511985341924
              ],
              [
                4.341332939322659,
                50.89028501570834
              ],
              [
                4.341511930666669,
                50.89004579706377
              ],
              [
                4.3416529873870875,
                50.88979663338126
              ],
              [
                4.341754751564649,
                50.88953992438012
              ],
              [
                4.3418162437640655,
                50.88927814241006
              ],
              [
                4.341836872443111,
                50.88901380863728
              ],
              [
                4.34181643962407,
                50.88874946876173
              ],
              [
                4.341755142773957,
                50.88848766849989
              ],
              [
                4.341752262984469,
                50.8884803892621
              ],
              [
                4.341959009149252,
                50.88848684431946
              ],
              [
                4.342376922103108,
                50.88847391897254
              ],
              [
                4.342790819183025,
                50.88843514456212
              ],
              [
                4.343196713672434,
                50.88837089456946
              ],
              [
                4.343590695975871,
                50.88828178785867
              ],
              [
                4.343968971293979,
                50.888168682712774
              ],
              [
                4.344327896190014,
                50.888032668562744
              ],
              [
                4.344664013695004,
                50.88787505548931
              ],
              [
                4.344974086612779,
                50.88769736159882
              ],
              [
                4.345255128703648,
                50.88750129839511
              ],
              [
                4.345504433446139,
                50.88728875428857
              ],
              [
                4.345719600099677,
                50.88706177640148
              ],
              [
                4.345898556817323,
                50.88682255084513
              ],
              [
                4.346039580586281,
                50.88657338165912
              ],
              [
                4.3461413138045994,
                50.886316668615734
              ],
              [
                4.346202777335103,
                50.8860548841036
              ],
              [
                4.346217164196143,
                50.885870298385015
              ],
              [
                4.3463740217605045,
                50.88584546298011
              ],
              [
                4.346767976851924,
                50.885756345540514
              ],
              [
                4.347146224179187,
                50.88564323007346
              ],
              [
                4.347505120575212,
                50.88550720610936
              ],
              [
                4.347841209345584,
                50.885349583823455
              ],
              [
                4.348151253570941,
                50.88517188141078
              ],
              [
                4.348432267287981,
                50.88497581045728
              ],
              [
                4.3486815442485405,
                50.88476325944796
              ],
              [
                4.3488966839796355,
                50.884536275571556
              ],
              [
                4.34907561489362,
                50.88429704499706
              ],
              [
                4.3492166142262,
                50.88404787181235
              ],
              [
                4.349318324610741,
                50.88379115582821
              ],
              [
                4.349374496357169,
                50.883551826607345
              ],
              [
                4.349519053036646,
                50.88350859092604
              ],
              [
                4.349877926250656,
                50.883372559623176
              ],
              [
                4.350213991784567,
                50.8832149304463
              ],
              [
                4.350524012942852,
                50.8830372216568
              ],
              [
                4.350805003984413,
                50.88284114490204
              ],
              [
                4.3510542588795005,
                50.88262858872289
              ],
              [
                4.351269377367654,
                50.88240160035786
              ],
              [
                4.351448288065821,
                50.88216236601916
              ],
              [
                4.35158926840439,
                50.881913189830904
              ],
              [
                4.35169096119963,
                50.88165647163283
              ],
              [
                4.351752387703588,
                50.88139468386317
              ],
              [
                4.351772957006552,
                50.881130347743884
              ],
              [
                4.351752471702419,
                50.880866008997465
              ],
              [
                4.351691129763413,
                50.88060421332947
              ],
              [
                4.351589522607073,
                50.880347481912764
              ],
              [
                4.351448629375177,
                50.88009828710968
              ],
              [
                4.351269807480667,
                50.87985902866566
              ],
              [
                4.351187337013623,
                50.8797719599008
              ],
              [
                4.3512989819285615,
                50.87973856303938
              ],
              [
                4.35165782118631,
                50.8796025261468
              ],
              [
                4.351993853776244,
                50.879444891702676
              ],
              [
                4.352303843320171,
                50.879267178019184
              ],
              [
                4.352584804381498,
                50.87907109679077
              ],
              [
                4.352621776342437,
                50.87903956435922
              ],
              [
                4.352700857747302,
                50.87902166794014
              ],
              [
                4.353079036559584,
                50.87890853313602
              ],
              [
                4.353437864321924,
                50.87877249076868
              ],
              [
                4.35377388500108,
                50.87861485119057
              ],
              [
                4.3540838623336064,
                50.878437132763324
              ],
              [
                4.354364811000546,
                50.878241047227064
              ],
              [
                4.354556479542016,
                50.878077566367224
              ],
              [
                4.3548656153558,
                50.878048566987815
              ],
              [
                4.355271403581099,
                50.87798427505271
              ],
              [
                4.355665275865308,
                50.877895127550886
              ],
              [
                4.356043438468988,
                50.87778198315824
              ],
              [
                4.356402249041269,
                50.877645931683766
              ],
              [
                4.356738251714519,
                50.877488283567665
              ],
              [
                4.357048210398764,
                50.87731055725376
              ],
              [
                4.3573291399546985,
                50.87711446455814
              ],
              [
                4.357578334944818,
                50.87690189417519
              ],
              [
                4.357793395685649,
                50.87667489348021
              ],
              [
                4.3579722513503025,
                50.876435648804126
              ],
              [
                4.358113179899159,
                50.87618646437057
              ],
              [
                4.358214824647195,
                50.87592974009862
              ],
              [
                4.3582455082285225,
                50.875798877714445
              ],
              [
                4.358250512277351,
                50.87578623884876
              ],
              [
                4.3583118945528785,
                50.87552444720572
              ],
              [
                4.358332424377505,
                50.87526010949226
              ],
              [
                4.358311904725166,
                50.87499577144622
              ],
              [
                4.358250533898694,
                50.874733978766336
              ],
              [
                4.358148903593629,
                50.87447725259668
              ],
              [
                4.358007993174477,
                50.874228065249014
              ],
              [
                4.3578291602194845,
                50.87398881639695
              ],
              [
                4.357614127425913,
                50.873761809971136
              ],
              [
                4.357364966002683,
                50.873549231977414
              ],
              [
                4.357084075710997,
                50.87335312945182
              ],
              [
                4.3570773959396885,
                50.87334929856039
              ],
              [
                4.357047075608926,
                50.8733281303885
              ],
              [
                4.356737161948433,
                50.87315039159207
              ],
              [
                4.356401209185532,
                50.87299272812202
              ],
              [
                4.35604245252854,
                50.872856658157474
              ],
              [
                4.35566434667467,
                50.87274349193648
              ],
              [
                4.355270532551919,
                50.872654319144985
              ],
              [
                4.354864802271771,
                50.87258999842894
              ],
              [
                4.354451062629611,
                50.87255114913038
              ],
              [
                4.354033297503533,
                50.87253814532669
              ],
              [
                4.353615529512825,
                50.87255111223046
              ],
              [
                4.353201781304344,
                50.872589924984396
              ],
              [
                4.352796036838628,
                50.87265420986302
              ],
              [
                4.3524022030475855,
                50.87274334786937
              ],
              [
                4.352024072231994,
                50.872856480692434
              ],
              [
                4.351665285560096,
                50.87299251896788
              ],
              [
                4.351329298017996,
                50.873150152762825
              ],
              [
                4.351034303736551,
                50.87331928773019
              ],
              [
                4.350954597333426,
                50.873235124672604
              ],
              [
                4.351253455486503,
                50.873094912545056
              ],
              [
                4.351563405933338,
                50.872917200493816
              ],
              [
                4.351844332110799,
                50.872721120681284
              ],
              [
                4.352093528613804,
                50.87250856167777
              ],
              [
                4.352308595744176,
                50.87228157074897
              ],
              [
                4.352487462613339,
                50.87204233413177
              ],
              [
                4.352628407073605,
                50.87179315597221
              ],
              [
                4.352730072286556,
                50.871536436129
              ],
              [
                4.352791479769614,
                50.87127464705619
              ],
              [
                4.352812038795973,
                50.87101030998829
              ],
              [
                4.352791552058203,
                50.87074597065692
              ],
              [
                4.352730217542038,
                50.87048417477328
              ],
              [
                4.352628626593241,
                50.87022744351231
              ],
              [
                4.3524877581972286,
                50.86997824923481
              ],
              [
                4.352308969527518,
                50.869738991681196
              ],
              [
                4.352308479409327,
                50.86973847414011
              ],
              [
                4.352307969458567,
                50.869737791712794
              ],
              [
                4.352092982796246,
                50.86951077489559
              ],
              [
                4.351843868896339,
                50.869298184922364
              ],
              [
                4.351563027062435,
                50.86910206894455
              ],
              [
                4.351253162022717,
                50.86892431545171
              ],
              [
                4.350917257879353,
                50.86876663609262
              ],
              [
                4.350558549372564,
                50.86863054919945
              ],
              [
                4.3501804907359976,
                50.868517365173254
              ],
              [
                4.349786722443081,
                50.86842817387143
              ],
              [
                4.349381036164092,
                50.868363834118185
              ],
              [
                4.348967338270816,
                50.86832496543886
              ],
              [
                4.348549612239435,
                50.86831194209747
              ],
              [
                4.348131880312866,
                50.86832488949472
              ],
              [
                4.347718164790759,
                50.86836368296115
              ],
              [
                4.347312449318958,
                50.868427948957006
              ],
              [
                4.346918640550204,
                50.86851706866712
              ],
              [
                4.346540530544325,
                50.86863018395669
              ],
              [
                4.346181760269159,
                50.86876620563019
              ],
              [
                4.345845784552867,
                50.868923823914606
              ],
              [
                4.345535838824573,
                50.86910152106594
              ],
              [
                4.345254907963131,
                50.86929758597798
              ],
              [
                4.345005697553709,
                50.86951013065296
              ],
              [
                4.344790607828955,
                50.86973710837576
              ],
              [
                4.3446117105457525,
                50.869976333416965
              ],
              [
                4.344470729020569,
                50.87022550207531
              ],
              [
                4.344369021516158,
                50.87048221485724
              ],
              [
                4.344307568140251,
                50.870743999579986
              ],
              [
                4.344286961383177,
                50.87100833517623
              ],
              [
                4.344286969137885,
                50.87100843546963
              ],
              [
                4.344286961365034,
                50.87100853517623
              ],
              [
                4.344297276800956,
                50.87114194668046
              ],
              [
                4.34393155057921,
                50.8712513410788
              ],
              [
                4.343572752735563,
                50.87138735467364
              ]
            ]
          ],
          [
            [
              [
                4.361457265662219,
                50.865050612618866
              ],
              [
                4.361147389913673,
                50.86487288505137
              ],
              [
                4.3608114815334815,
                50.86471523383628
              ],
              [
                4.360452775302525,
                50.864579177034734
              ],
              [
                4.360074725432427,
                50.86446602475803
              ],
              [
                4.359680972312123,
                50.86437686655784
              ],
              [
                4.359275307465745,
                50.86431256093963
              ],
              [
                4.3588616370586895,
                50.86427372710008
              ],
              [
                4.35844394430249,
                50.86426073896769
              ],
              [
                4.358026251119707,
                50.86427372160417
              ],
              [
                4.3576125794370055,
                50.86431255000074
              ],
              [
                4.357206912478195,
                50.8643768502813
              ],
              [
                4.356813156429004,
                50.864466003300564
              ],
              [
                4.356435102841751,
                50.86457915060295
              ],
              [
                4.35607639214115,
                50.86471520268469
              ],
              [
                4.355740478581842,
                50.86487284947995
              ],
              [
                4.355430596994559,
                50.865050572970155
              ],
              [
                4.355149731640634,
                50.865246661795446
              ],
              [
                4.354900587474536,
                50.865459227727726
              ],
              [
                4.3546855640910955,
                50.86568622384715
              ],
              [
                4.354506732608397,
                50.865925464247084
              ],
              [
                4.354365815709279,
                50.866174645078345
              ],
              [
                4.354264171034139,
                50.86643136673006
              ],
              [
                4.354202778085608,
                50.866693156934
              ],
              [
                4.354182228772006,
                50.866957494569995
              ],
              [
                4.354202721681565,
                50.86722183394328
              ],
              [
                4.354264060143504,
                50.867483629300054
              ],
              [
                4.354365654095669,
                50.86774035934537
              ],
              [
                4.354506525741763,
                50.86798955152698
              ],
              [
                4.3546853189446475,
                50.868228805851196
              ],
              [
                4.354900312266172,
                50.8684558180015
              ],
              [
                4.355149435528712,
                50.86866840153667
              ],
              [
                4.355430289739602,
                50.86886450895476
              ],
              [
                4.355740170187042,
                50.86904225141964
              ],
              [
                4.3560760924853215,
                50.869199916959666
              ],
              [
                4.356434821318697,
                50.8693359869632
              ],
              [
                4.356812901606946,
                50.86944915081162
              ],
              [
                4.357049001549649,
                50.86950261219157
              ],
              [
                4.356956311019458,
                50.86958169156912
              ],
              [
                4.356741278701631,
                50.869808691190094
              ],
              [
                4.35656244199565,
                50.870047934443036
              ],
              [
                4.356421523634768,
                50.87029711745128
              ],
              [
                4.356319881273573,
                50.87055384058301
              ],
              [
                4.356258494392537,
                50.870815631555715
              ],
              [
                4.356237954841675,
                50.87107996924182
              ],
              [
                4.356258461115323,
                50.87134430794604
              ],
              [
                4.356319816414112,
                50.87160610192104
              ],
              [
                4.356421430513847,
                50.87186282988516
              ],
              [
                4.356562325424286,
                50.87211201930616
              ],
              [
                4.356741144784312,
                50.87235127021697
              ],
              [
                4.356956166903914,
                50.87257827833386
              ],
              [
                4.357205321328149,
                50.872790857254486
              ],
              [
                4.35748620876425,
                50.87298695952136
              ],
              [
                4.357796124180408,
                50.873164696347914
              ],
              [
                4.358132082854097,
                50.87332235581681
              ],
              [
                4.358490849119188,
                50.87345841937488
              ],
              [
                4.35886896753488,
                50.87357157646556
              ],
              [
                4.359262796175989,
                50.87366073715758
              ],
              [
                4.35966854172353,
                50.87372504264796
              ],
              [
                4.360082296016958,
                50.87376387353807
              ],
              [
                4.360500073715311,
                50.87377685580264
              ],
              [
                4.360917850703625,
                50.87376386439423
              ],
              [
                4.361331602873773,
                50.87372502444833
              ],
              [
                4.36173734490526,
                50.87366071007747
              ],
              [
                4.362131168671421,
                50.87357154076584
              ],
              [
                4.362509280900251,
                50.87345837539935
              ],
              [
                4.362868039726187,
                50.87332230398909
              ],
              [
                4.363203989780115,
                50.8731646371672
              ],
              [
                4.36351389547896,
                50.872986893557666
              ],
              [
                4.363794772193828,
                50.872790785143145
              ],
              [
                4.364043914996212,
                50.87257820076941
              ],
              [
                4.364258924705312,
                50.87235118794649
              ],
              [
                4.364437730985749,
                50.87211193312202
              ],
              [
                4.364578612273513,
                50.87186274061741
              ],
              [
                4.364680212338707,
                50.87160601042941
              ],
              [
                4.364741553326277,
                50.871344215111684
              ],
              [
                4.364762045149865,
                50.87107987595879
              ],
              [
                4.3647414911492675,
                50.8708155387224
              ],
              [
                4.364680089957975,
                50.870553749093396
              ],
              [
                4.364578433563805,
                50.870297028186464
              ],
              [
                4.364437501582351,
                50.87004784826263
              ],
              [
                4.3642586517993465,
                50.869808608924004
              ],
              [
                4.364043607073944,
                50.86958161400956
              ],
              [
                4.36379443872981,
                50.869369049414324
              ],
              [
                4.363513546594651,
                50.86917296204524
              ],
              [
                4.363203635880854,
                50.868995240116384
              ],
              [
                4.362867691130236,
                50.86883759497259
              ],
              [
                4.362508947473872,
                50.8687015446165
              ],
              [
                4.362130859483723,
                50.86858839909732
              ],
              [
                4.361894758353166,
                50.86853494792868
              ],
              [
                4.361987438506659,
                50.868455864626796
              ],
              [
                4.362202439287681,
                50.86822885530537
              ],
              [
                4.362381240352228,
                50.86798960333371
              ],
              [
                4.362522120186415,
                50.867740413005734
              ],
              [
                4.362623722574228,
                50.86748368429721
              ],
              [
                4.3626850696381165,
                50.867221889747576
              ],
              [
                4.36270557123308,
                50.866957550644
              ],
              [
                4.362685030604684,
                50.86669321273767
              ],
              [
                4.362623646257525,
                50.866431421726
              ],
              [
                4.362522010017093,
                50.86617469873693
              ],
              [
                4.362381101304803,
                50.865925516051576
              ],
              [
                4.362202277682226,
                50.865686273298664
              ],
              [
                4.361987261756524,
                50.86545927435007
              ],
              [
                4.3617381245739875,
                50.86524670513968
              ],
              [
                4.361457265662219,
                50.865050612618866
              ]
            ]
          ],
          [
            [
              [
                4.357018199803291,
                50.894578427760976
              ],
              [
                4.356639904288129,
                50.89469157474385
              ],
              [
                4.356280964161631,
                50.89482762627307
              ],
              [
                4.356143364559562,
                50.8948921614908
              ],
              [
                4.35597227575654,
                50.89491925996923
              ],
              [
                4.3555782612653795,
                50.89500840806151
              ],
              [
                4.355199958816972,
                50.89512155039045
              ],
              [
                4.354841011232108,
                50.89525759750024
              ],
              [
                4.354504875046314,
                50.89541523937296
              ],
              [
                4.354194787234051,
                50.89559295803746
              ],
              [
                4.353913734042601,
                50.895789042180425
              ],
              [
                4.353664422235475,
                50.8960016036189
              ],
              [
                4.3534492530222195,
                50.89622859547634
              ],
              [
                4.3532702989257395,
                50.89646783188722
              ],
              [
                4.353129283810267,
                50.89671700904079
              ],
              [
                4.353027566262754,
                50.89697372736165
              ],
              [
                4.352966126488412,
                50.89723551461366
              ],
              [
                4.352945556847376,
                50.89749984970513
              ],
              [
                4.352966056124534,
                50.89776418696576
              ],
              [
                4.353027427588673,
                50.89802598066215
              ],
              [
                4.353129080860682,
                50.89828270951531
              ],
              [
                4.353130466955635,
                50.89828515994831
              ],
              [
                4.35313108054638,
                50.8982867095839
              ],
              [
                4.3532720372821,
                50.89853590105035
              ],
              [
                4.35345094050605,
                50.89877515514531
              ],
              [
                4.353589190803832,
                50.89892104369542
              ],
              [
                4.353708922979994,
                50.89908116329531
              ],
              [
                4.353924052844302,
                50.89930817521136
              ],
              [
                4.354173335376392,
                50.89952075892408
              ],
              [
                4.354454370050025,
                50.89971686692979
              ],
              [
                4.354764450415551,
                50.899894610386625
              ],
              [
                4.355100590161872,
                50.90005227731335
              ],
              [
                4.355459551878853,
                50.900188349084935
              ],
              [
                4.355837878243063,
                50.90030151506569
              ],
              [
                4.356231925326208,
                50.90039068523866
              ],
              [
                4.3563129585155895,
                50.90040352290762
              ],
              [
                4.356316931805568,
                50.90045470787984
              ],
              [
                4.356378325469409,
                50.90071649961769
              ],
              [
                4.356480002888086,
                50.900973225366634
              ],
              [
                4.3566209854623175,
                50.901222412615795
              ],
              [
                4.3567999159873985,
                50.90146166141894
              ],
              [
                4.357015071703277,
                50.90168866751266
              ],
              [
                4.357264380868811,
                50.90190124451402
              ],
              [
                4.357545442701235,
                50.90209734498398
              ],
              [
                4.357855550489294,
                50.90227508015323
              ],
              [
                4.358191717657729,
                50.90243273812037
              ],
              [
                4.358550706532244,
                50.90256880034663
              ],
              [
                4.35892905952778,
                50.902681956288255
              ],
              [
                4.359323132459479,
                50.902771116025
              ],
              [
                4.359729129655041,
                50.902835420763054
              ],
              [
                4.360143140529656,
                50.90287425111102
              ],
              [
                4.360561177270526,
                50.90288723304883
              ],
              [
                4.360979213267111,
                50.902874241532196
              ],
              [
                4.3613932219160425,
                50.902835401697665
              ],
              [
                4.361799215425973,
                50.902771087656674
              ],
              [
                4.362193283247611,
                50.90268191889026
              ],
              [
                4.362571629757899,
                50.902568754279166
              ],
              [
                4.362930610834475,
                50.90243268382717
              ],
              [
                4.363266768967424,
                50.90227501815724
              ],
              [
                4.363576866569513,
                50.90209727588235
              ],
              [
                4.363857917163632,
                50.901901168972294
              ],
              [
                4.364107214146803,
                50.901688586258416
              ],
              [
                4.364322356853633,
                50.901461575234805
              ],
              [
                4.364501273668309,
                50.901222322331805
              ],
              [
                4.364642241962856,
                50.90097313185235
              ],
              [
                4.364743904670123,
                50.90071640377374
              ],
              [
                4.364805283332528,
                50.90045461062929
              ],
              [
                4.364825787501709,
                50.90019027369269
              ],
              [
                4.364805220399417,
                50.89992593869422
              ],
              [
                4.364783843206787,
                50.89983485317984
              ],
              [
                4.3647966402361495,
                50.899669874750444
              ],
              [
                4.364776073525889,
                50.89940553970647
              ],
              [
                4.3647146347560755,
                50.89914375226026
              ],
              [
                4.364612916277234,
                50.89888703350543
              ],
              [
                4.364471898303607,
                50.898637855682274
              ],
              [
                4.364292939449729,
                50.89839861837263
              ],
              [
                4.364077763625701,
                50.89817162539594
              ],
              [
                4.363828443418136,
                50.89795906262847
              ],
              [
                4.363547380117509,
                50.8977629769596
              ],
              [
                4.3634321660387645,
                50.89769694715899
              ],
              [
                4.363432520933427,
                50.8976960509498
              ],
              [
                4.36349390295904,
                50.897434258258805
              ],
              [
                4.363514413191544,
                50.89716992131694
              ],
              [
                4.36349385479421,
                50.896905585854604
              ],
              [
                4.363432426443635,
                50.89664379754563
              ],
              [
                4.363330720389938,
                50.896387077491944
              ],
              [
                4.363189716727648,
                50.89613789794633
              ],
              [
                4.363010773933433,
                50.89589865850727
              ],
              [
                4.362795615762698,
                50.895671663014696
              ],
              [
                4.362546314632034,
                50.89545909736913
              ],
              [
                4.362265271648197,
                50.89526300848763
              ],
              [
                4.361955193476429,
                50.895085284598785
              ],
              [
                4.361619066271206,
                50.89492763706625
              ],
              [
                4.3612601269205395,
                50.89479158391567
              ],
              [
                4.360881831880694,
                50.8946784352231
              ],
              [
                4.3604878239011455,
                50.89458928050568
              ],
              [
                4.360081896959764,
                50.89452497823533
              ],
              [
                4.360019869099205,
                50.89451915961738
              ],
              [
                4.359887854238773,
                50.89448928675584
              ],
              [
                4.3594819289833096,
                50.89442498240923
              ],
              [
                4.359067993146381,
                50.89438614963389
              ],
              [
                4.358650032494905,
                50.89437316234809
              ],
              [
                4.358232071530542,
                50.89438614560538
              ],
              [
                4.357818134757953,
                50.894424974391015
              ],
              [
                4.357412207953068,
                50.8944892748251
              ],
              [
                4.357018199803291,
                50.894578427760976
              ]
            ]
          ],
          [
            [
              [
                4.375838710978067,
                50.80147261005146
              ],
              [
                4.375529199610487,
                50.80129491738105
              ],
              [
                4.375193696919632,
                50.80113730460443
              ],
              [
                4.3748354337796584,
                50.80100128941265
              ],
              [
                4.374457860135627,
                50.80088818151644
              ],
              [
                4.374064611791132,
                50.80079907004015
              ],
              [
                4.373659475410309,
                50.800734813039405
              ],
              [
                4.373246352070663,
                50.80069602924278
              ],
              [
                4.372829219716874,
                50.80068309209697
              ],
              [
                4.372412094876351,
                50.80069612617271
              ],
              [
                4.371998994004192,
                50.800735005965954
              ],
              [
                4.3715938948288535,
                50.80079935710561
              ],
              [
                4.3712006980697655,
                50.800888559956675
              ],
              [
                4.37082318989459,
                50.80100175558366
              ],
              [
                4.370465005476812,
                50.80113785401737
              ],
              [
                4.370129594003798,
                50.801295544745535
              ],
              [
                4.369820185471709,
                50.801473309326425
              ],
              [
                4.369539759586546,
                50.80166943600435
              ],
              [
                4.369291017070538,
                50.801882036186605
              ],
              [
                4.369076353650119,
                50.80210906262337
              ],
              [
                4.368897836976091,
                50.80234832911592
              ],
              [
                4.368757186698536,
                50.80259753156366
              ],
              [
                4.3686557578888685,
                50.80285427014741
              ],
              [
                4.3685945279692975,
                50.80311607243578
              ],
              [
                4.3685802146291275,
                50.803301176867095
              ],
              [
                4.368537122841049,
                50.803377524076964
              ],
              [
                4.368435691149195,
                50.8036342624173
              ],
              [
                4.368374458990111,
                50.80389606453669
              ],
              [
                4.368354016721945,
                50.80416040920009
              ],
              [
                4.368374561900216,
                50.80442475064494
              ],
              [
                4.368435897348904,
                50.80468654309748
              ],
              [
                4.3685374330330395,
                50.80494326529064
              ],
              [
                4.368678191715729,
                50.805192444747746
              ],
              [
                4.368856818346142,
                50.80543168159771
              ],
              [
                4.369071593088939,
                50.80565867169224
              ],
              [
                4.369320447870429,
                50.80587122880262
              ],
              [
                4.36960098628278,
                50.80606730568146
              ],
              [
                4.369910506655058,
                50.806245013786786
              ],
              [
                4.3702460280691975,
                50.80640264147797
              ],
              [
                4.370604319070469,
                50.80653867050799
              ],
              [
                4.370981928795848,
                50.80665179065294
              ],
              [
                4.37137522022019,
                50.80674091233747
              ],
              [
                4.371780405199578,
                50.80680517713437
              ],
              [
                4.372193580973666,
                50.80684396603702
              ],
              [
                4.372610767774769,
                50.80685690542461
              ],
              [
                4.373027947180513,
                50.80684387066272
              ],
              [
                4.3734411008397975,
                50.80680498730442
              ],
              [
                4.373846249198055,
                50.806740629880345
              ],
              [
                4.37423948984786,
                50.80665141828929
              ],
              [
                4.3746170351345945,
                50.80653821182445
              ],
              [
                4.374975248654077,
                50.80640210089257
              ],
              [
                4.375310680289915,
                50.8062443965064
              ],
              [
                4.375620099452471,
                50.8060666176516
              ],
              [
                4.375900526198874,
                50.805870476650206
              ],
              [
                4.376149259934091,
                50.80565786266167
              ],
              [
                4.376363905416507,
                50.805430823481096
              ],
              [
                4.376542395817719,
                50.80519154580992
              ],
              [
                4.3766830126147305,
                50.80494233418941
              ],
              [
                4.376784402123464,
                50.804685588800304
              ],
              [
                4.37684558851501,
                50.80442378234254
              ],
              [
                4.3768598696798335,
                50.80423867695767
              ],
              [
                4.376902948751552,
                50.80416232670491
              ],
              [
                4.377004335379364,
                50.80390558107249
              ],
              [
                4.377065519532833,
                50.80364377444586
              ],
              [
                4.377085912634168,
                50.803379428228375
              ],
              [
                4.377065318971962,
                50.80311508823966
              ],
              [
                4.377003937559667,
                50.80285330019707
              ],
              [
                4.3769023601926556,
                50.80259658519995
              ],
              [
                4.376761565723583,
                50.802347415452395
              ],
              [
                4.376582910612185,
                50.80210819045852
              ],
              [
                4.376368115841385,
                50.8018812139192
              ],
              [
                4.3761192503265125,
                50.80166867155252
              ],
              [
                4.375838710978067,
                50.80147261005146
              ]
            ]
          ],
          [
            [
              [
                4.368524813213497,
                50.8205248633718
              ],
              [
                4.368111520286522,
                50.820486061675304
              ],
              [
                4.367694213837283,
                50.820473106316875
              ],
              [
                4.367276912069254,
                50.82048612204267
              ],
              [
                4.366863633140857,
                50.820524983525296
              ],
              [
                4.366458356494744,
                50.82058931657001
              ],
              [
                4.366064984558931,
                50.820678501716046
              ],
              [
                4.365687305187619,
                50.8207916801984
              ],
              [
                4.365328955202562,
                50.82092776221303
              ],
              [
                4.364993385385275,
                50.82108543740578
              ],
              [
                4.364683827256602,
                50.821263187484554
              ],
              [
                4.364403261963089,
                50.82145930083337
              ],
              [
                4.364154391569504,
                50.82167188898789
              ],
              [
                4.364038475532906,
                50.821794409816555
              ],
              [
                4.363889119978244,
                50.82188016739044
              ],
              [
                4.363608547690642,
                50.822076278804424
              ],
              [
                4.3633596704403175,
                50.82228886523627
              ],
              [
                4.3631448852513355,
                50.82251587956859
              ],
              [
                4.362966260947379,
                50.82275513571929
              ],
              [
                4.362825518215364,
                50.8230043296874
              ],
              [
                4.3627240130174805,
                50.82326106173545
              ],
              [
                4.362662723512073,
                50.82352285949505
              ],
              [
                4.362642240610083,
                50.82378720177319
              ],
              [
                4.362642356813694,
                50.82378869860996
              ],
              [
                4.362642240338493,
                50.82379020177317
              ],
              [
                4.362653770950087,
                50.82393872889436
              ],
              [
                4.362646218068033,
                50.824036201918034
              ],
              [
                4.362666739847873,
                50.82430054295665
              ],
              [
                4.3627280694455415,
                50.82456233700298
              ],
              [
                4.362829616883004,
                50.82481906277471
              ],
              [
                4.362970404810738,
                50.825068247760676
              ],
              [
                4.363149077896787,
                50.82530749203653
              ],
              [
                4.363363915858867,
                50.82553449138251
              ],
              [
                4.36361285001482,
                50.82574705948077
              ],
              [
                4.3638934831926655,
                50.82594314897808
              ],
              [
                4.364203112808989,
                50.82612087121092
              ],
              [
                4.364538756893689,
                50.826278514402574
              ],
              [
                4.364897182810587,
                50.826414560156735
              ],
              [
                4.365274938397166,
                50.82652769808834
              ],
              [
                4.365668385223271,
                50.82661683845072
              ],
              [
                4.366073733647997,
                50.82668112263677
              ],
              [
                4.366487079336467,
                50.82671993145308
              ],
              [
                4.366904440884102,
                50.826732891087
              ],
              [
                4.367321798185051,
                50.82671987670912
              ],
              [
                4.367735131174399,
                50.82668101367616
              ],
              [
                4.368140458569943,
                50.826616676322985
              ],
              [
                4.368533876239467,
                50.826527484355104
              ],
              [
                4.368911594823039,
                50.82641429687668
              ],
              [
                4.369269976247083,
                50.82627820411164
              ],
              [
                4.369605568777827,
                50.82612051689777
              ],
              [
                4.369731093781473,
                50.82604843790919
              ],
              [
                4.369880929820448,
                50.82601446597294
              ],
              [
                4.3702586410416036,
                50.82590127413866
              ],
              [
                4.370617014658115,
                50.82576517723677
              ],
              [
                4.370952599011428,
                50.82560748614493
              ],
              [
                4.37126216204091,
                50.82542971972079
              ],
              [
                4.37154272241804,
                50.82523359016667
              ],
              [
                4.3717915782608205,
                50.82502098653184
              ],
              [
                4.372006333151762,
                50.824793956511726
              ],
              [
                4.372184919208994,
                50.82455468671959
              ],
              [
                4.372325616988599,
                50.8243054816208
              ],
              [
                4.372427072026979,
                50.82404874133337
              ],
              [
                4.372488307864601,
                50.82378693850813
              ],
              [
                4.372508735426466,
                50.82352259451191
              ],
              [
                4.37248815866987,
                50.82325825514292
              ],
              [
                4.372426776446054,
                50.822996466112606
              ],
              [
                4.372426048032126,
                50.822994625530114
              ],
              [
                4.3724257761908945,
                50.8229934661478
              ],
              [
                4.37232418031557,
                50.82273674856394
              ],
              [
                4.3721833498107205,
                50.8224875746563
              ],
              [
                4.372004641483634,
                50.82224834396907
              ],
              [
                4.371789776830167,
                50.82202136025792
              ],
              [
                4.371540825439014,
                50.82180880931
              ],
              [
                4.371260185047959,
                50.821612737900935
              ],
              [
                4.3709556629867325,
                50.82143796375546
              ],
              [
                4.370704885166069,
                50.821262751980285
              ],
              [
                4.370395262964781,
                50.82108504668692
              ],
              [
                4.370059636313367,
                50.82092742004193
              ],
              [
                4.3697012372797115,
                50.820791389869896
              ],
              [
                4.369323517117417,
                50.82067826602572
              ],
              [
                4.368930113040834,
                50.82058913778735
              ],
              [
                4.368524813213497,
                50.8205248633718
              ]
            ]
          ],
          [
            [
              [
                4.368195905047761,
                50.83777915762199
              ],
              [
                4.367790458043005,
                50.8377148809683
              ],
              [
                4.36737701461876,
                50.837676076863865
              ],
              [
                4.366959555801294,
                50.837663118950886
              ],
              [
                4.366542101260972,
                50.83767613200009
              ],
              [
                4.366128670626993,
                50.8377149907099
              ],
              [
                4.3657232448025285,
                50.83777932091222
              ],
              [
                4.365329727651815,
                50.837868503173716
              ],
              [
                4.3649519084271535,
                50.837981678757174
              ],
              [
                4.364593425296833,
                50.83811775788646
              ],
              [
                4.364257730324378,
                50.83827543023523
              ],
              [
                4.363948056235788,
                50.838453177538824
              ],
              [
                4.3636673852943035,
                50.83864928820798
              ],
              [
                4.3634184205821755,
                50.83886187380423
              ],
              [
                4.36320355996592,
                50.83908888721826
              ],
              [
                4.363024872995857,
                50.83932814237686
              ],
              [
                4.362884080962717,
                50.83957733528861
              ],
              [
                4.362782540303865,
                50.839834066226274
              ],
              [
                4.362721229519583,
                50.840095862832115
              ],
              [
                4.362700739726206,
                50.84036020392424
              ],
              [
                4.3627212689379915,
                50.84062454377457
              ],
              [
                4.362782620133753,
                50.840886336624635
              ],
              [
                4.362884203127913,
                50.841143061203624
              ],
              [
                4.36302504022894,
                50.84139224501189
              ],
              [
                4.363203775631681,
                50.841631488136365
              ],
              [
                4.363418688454011,
                50.8418584863684
              ],
              [
                4.36341951988024,
                50.84185919608744
              ],
              [
                4.363421688323651,
                50.841861486457766
              ],
              [
                4.3636707091921485,
                50.842074053483636
              ],
              [
                4.36395144007168,
                50.84227014196614
              ],
              [
                4.364261177437957,
                50.84244786325145
              ],
              [
                4.364596938283139,
                50.842605505572024
              ],
              [
                4.364955488846441,
                50.842741550539856
              ],
              [
                4.365333375764706,
                50.84285468777749
              ],
              [
                4.365726959342678,
                50.842943827544886
              ],
              [
                4.366132448622085,
                50.84300811124066
              ],
              [
                4.3665459379111216,
                50.84304691967611
              ],
              [
                4.3669634444217955,
                50.84305987904228
              ],
              [
                4.367380946651709,
                50.84304686451229
              ],
              [
                4.367794423139723,
                50.84300800144435
              ],
              [
                4.3681998912212086,
                50.842943664173674
              ],
              [
                4.368593445408642,
                50.842854472404994
              ],
              [
                4.368971295026982,
                50.842741285240535
              ],
              [
                4.369329800740413,
                50.84260519290127
              ],
              [
                4.369665509617963,
                50.84244750622086
              ],
              [
                4.369975188399596,
                50.842269744014544
              ],
              [
                4.370255854641962,
                50.842073618444005
              ],
              [
                4.37050480544355,
                50.841861018520206
              ],
              [
                4.370719643472484,
                50.84163399190287
              ],
              [
                4.370898300046441,
                50.841394725172435
              ],
              [
                4.371039055042686,
                50.84114552276492
              ],
              [
                4.371140553446958,
                50.84088878477236
              ],
              [
                4.371201818382512,
                50.84062698382354
              ],
              [
                4.371222260494586,
                50.8403626412672
              ],
              [
                4.371201683600837,
                50.840098302887746
              ],
              [
                4.371140286554324,
                50.83983651438705
              ],
              [
                4.3710386613020455,
                50.8395797968689
              ],
              [
                4.370897787158831,
                50.83933062256165
              ],
              [
                4.370719021352628,
                50.83909139101335
              ],
              [
                4.370504085933179,
                50.838864405987934
              ],
              [
                4.370503254452972,
                50.83886369631857
              ],
              [
                4.370501085802856,
                50.83886140607729
              ],
              [
                4.370252051070077,
                50.83864885336805
              ],
              [
                4.369971315536346,
                50.83845277977318
              ],
              [
                4.369661582905688,
                50.83827507337413
              ],
              [
                4.369325836004848,
                50.8381174453662
              ],
              [
                4.368967308059649,
                50.837981413587094
              ],
              [
                4.368589451564955,
                50.837868287907156
              ],
              [
                4.368195905047761,
                50.83777915762199
              ]
            ]
          ],
          [
            [
              [
                4.377536479555793,
                50.84274604451448
              ],
              [
                4.377118972921732,
                50.84273312278808
              ],
              [
                4.3767014761773,
                50.84274617198682
              ],
              [
                4.3762880093580145,
                50.84278506646101
              ],
              [
                4.375882553715447,
                50.84284943169823
              ],
              [
                4.375489013400954,
                50.84293864792773
              ],
              [
                4.375111177889922,
                50.84305185608525
              ],
              [
                4.374752685507539,
                50.84318796608102
              ],
              [
                4.3744169884065265,
                50.84334566729142
              ],
              [
                4.374107319333522,
                50.84352344117389
              ],
              [
                4.373826660503636,
                50.843719575883206
              ],
              [
                4.37357771488268,
                50.843932182749384
              ],
              [
                4.373362880153538,
                50.844159214458266
              ],
              [
                4.373184225617456,
                50.84439848476042
              ],
              [
                4.373043472253049,
                50.844647689518546
              ],
              [
                4.372941976125517,
                50.844904428891276
              ],
              [
                4.372880715306501,
                50.84516623043963
              ],
              [
                4.372860280431338,
                50.84543057293405
              ],
              [
                4.372880868985561,
                50.845694910632815
              ],
              [
                4.372942283376615,
                50.84595669779824
              ],
              [
                4.3730439328104005,
                50.84621341321413
              ],
              [
                4.3730755344471035,
                50.84626929618594
              ],
              [
                4.373100923355184,
                50.84633341516893
              ],
              [
                4.37324183016215,
                50.84658258634706
              ],
              [
                4.37342063729512,
                50.84682181355393
              ],
              [
                4.373635623181122,
                50.84704879273408
              ],
              [
                4.373884717713537,
                50.847261337763825
              ],
              [
                4.374165522175869,
                50.84745740151205
              ],
              [
                4.374475332335016,
                50.84763509556318
              ],
              [
                4.3748111644818986,
                50.84779270841189
              ],
              [
                4.375169784168828,
                50.84792872195403
              ],
              [
                4.3755477373667135,
                50.84804182611482
              ],
              [
                4.375941383741743,
                50.8481309314728
              ],
              [
                4.376346931730641,
                50.84819517975804
              ],
              [
                4.3767604750759705,
                50.84823395212285
              ],
              [
                4.377178030468947,
                50.84824687510573
              ],
              [
                4.3771795231502635,
                50.848246828452886
              ],
              [
                4.377181030641063,
                50.848246875105716
              ],
              [
                4.377598576107525,
                50.848233824219555
              ],
              [
                4.378012089768982,
                50.848194925183456
              ],
              [
                4.378417588602712,
                50.84813055267905
              ],
              [
                4.37881116682499,
                50.848041326750476
              ],
              [
                4.379189033529306,
                50.84792810682899
              ],
              [
                4.37954754921535,
                50.84779198345102
              ],
              [
                4.379883260856201,
                50.847634267749235
              ],
              [
                4.380192935165351,
                50.84745647881839
              ],
              [
                4.380473589742694,
                50.847260329077535
              ],
              [
                4.380722521799266,
                50.84704770777042
              ],
              [
                4.38093733418394,
                50.846820662762674
              ],
              [
                4.381115958461603,
                50.84658138081186
              ],
              [
                4.38125667482079,
                50.84633216650047
              ],
              [
                4.381358128619578,
                50.84607542003522
              ],
              [
                4.381419343411018,
                50.84581361412642
              ],
              [
                4.381439730323466,
                50.8455492701705
              ],
              [
                4.381419093706352,
                50.84528493396529
              ],
              [
                4.381395096340132,
                50.84518272111192
              ],
              [
                4.381600279930587,
                50.84521521911488
              ],
              [
                4.382013801393008,
                50.84525397298899
              ],
              [
                4.382431331759889,
                50.84526687728024
              ],
              [
                4.382848849298995,
                50.845253807692266
              ],
              [
                4.383219508457792,
                50.84521892083072
              ],
              [
                4.383005595029788,
                50.8453417481359
              ],
              [
                4.382724962471776,
                50.845537904039965
              ],
              [
                4.38247604746724,
                50.845750529686164
              ],
              [
                4.382261247404382,
                50.845977577579525
              ],
              [
                4.382082631250765,
                50.846216861314694
              ],
              [
                4.381941919615523,
                50.84646607662501
              ],
              [
                4.381840468162125,
                50.846722823567426
              ],
              [
                4.381779254532099,
                50.84698462962999
              ],
              [
                4.381758868906431,
                50.84724897353965
              ],
              [
                4.381779508296421,
                50.84751330954103
              ],
              [
                4.381840974619971,
                50.847775091912666
              ],
              [
                4.381942360702515,
                50.84803100217036
              ],
              [
                4.381761284994963,
                50.8480140334396
              ],
              [
                4.381343730410992,
                50.848001126772715
              ],
              [
                4.3809261880517605,
                50.84801419099247
              ],
              [
                4.380512678391936,
                50.84805310030455
              ],
              [
                4.38010718309554,
                50.84811748005367
              ],
              [
                4.379713606695721,
                50.848206710329364
              ],
              [
                4.379335739015315,
                50.8483199319321
              ],
              [
                4.378977218689282,
                50.84845605464265
              ],
              [
                4.378641498139453,
                50.84861376771499
              ],
              [
                4.378331810338321,
                50.84879155249228
              ],
              [
                4.378051137681419,
                50.848987697024434
              ],
              [
                4.377802183267818,
                50.84920031254684
              ],
              [
                4.377587344865196,
                50.84942735166198
              ],
              [
                4.377408691810321,
                50.84966662804913
              ],
              [
                4.377267945067701,
                50.84991583751234
              ],
              [
                4.377166460638934,
                50.85017258016493
              ],
              [
                4.3771052164831685,
                50.85043438353631
              ],
              [
                4.377084803075437,
                50.850698726379335
              ],
              [
                4.377105417694692,
                50.85096306294894
              ],
              [
                4.377166862497502,
                50.85122484751824
              ],
              [
                4.377268546397011,
                50.851481558896026
              ],
              [
                4.377409490730061,
                50.85173072470974
              ],
              [
                4.377588338658857,
                50.85196994521954
              ],
              [
                4.377803368217574,
                50.85219691643449
              ],
              [
                4.378052508879006,
                50.85240945230753
              ],
              [
                4.3783333614823805,
                50.852605505795765
              ],
              [
                4.378643221330906,
                50.85278318858239
              ],
              [
                4.378979104236875,
                50.852940789270605
              ],
              [
                4.379337775263646,
                50.85307678987332
              ],
              [
                4.379715779887555,
                50.853189880440404
              ],
              [
                4.380109477279375,
                50.8532789716813
              ],
              [
                4.380131841968612,
                50.85328251357466
              ],
              [
                4.380215182494775,
                50.85330137277856
              ],
              [
                4.38062078093751,
                50.853365606193385
              ],
              [
                4.381034373299656,
                50.85340436343308
              ],
              [
                4.381451975800198,
                50.853417271181776
              ],
              [
                4.38186956601198,
                50.85340420510981
              ],
              [
                4.38228312162627,
                50.85336529107185
              ],
              [
                4.382688659216196,
                50.853300903894066
              ],
              [
                4.383082272624692,
                50.853211663761854
              ],
              [
                4.383460170606319,
                50.85309843024337
              ],
              [
                4.3838187133595135,
                50.852962294005984
              ],
              [
                4.384154447596685,
                50.852804566306226
              ],
              [
                4.384464139813737,
                50.8526267663544
              ],
              [
                4.384744807438172,
                50.85243060667573
              ],
              [
                4.384993747555463,
                50.85221797660964
              ],
              [
                4.385208562936978,
                50.851990924106126
              ],
              [
                4.385387185118881,
                50.85175163599494
              ],
              [
                4.3855278943100515,
                50.85150241691792
              ],
              [
                4.385629335937764,
                50.851245667127614
              ],
              [
                4.385690533672456,
                50.850983859366345
              ],
              [
                4.3857108988069164,
                50.850719515048404
              ],
              [
                4.3856902359004675,
                50.85045517997505
              ],
              [
                4.385628744634792,
                50.85019339981626
              ],
              [
                4.385527017864485,
                50.84993669559536
              ],
              [
                4.3855200107651,
                50.84992431207875
              ],
              [
                4.385602717988494,
                50.849932059638945
              ],
              [
                4.386020290893979,
                50.849944951136415
              ],
              [
                4.386437848987126,
                50.849931868788694
              ],
              [
                4.386823832505568,
                50.849895531145336
              ],
              [
                4.387097948289421,
                50.84995754766761
              ],
              [
                4.387503527282431,
                50.850021757343114
              ],
              [
                4.38791709589551,
                50.85006049035088
              ],
              [
                4.388334670576421,
                50.85007337360844
              ],
              [
                4.388752229166006,
                50.85006028302203
              ],
              [
                4.389165749660187,
                50.85002134468246
              ],
              [
                4.389571248970446,
                50.84995693364995
              ],
              [
                4.389964821308521,
                50.84986767033971
              ],
              [
                4.390342675824658,
                50.8497544145431
              ],
              [
                4.390701173136053,
                50.84961825714205
              ],
              [
                4.391036860392902,
                50.84946050959698
              ],
              [
                4.3913465045437095,
                50.84928269130925
              ],
              [
                4.391627123479014,
                50.849086514980705
              ],
              [
                4.391876014753311,
                50.84887387011114
              ],
              [
                4.392090781608449,
                50.84864680479305
              ],
              [
                4.392269356047992,
                50.84840750597957
              ],
              [
                4.39241001874064,
                50.84815827841564
              ],
              [
                4.39251141556148,
                50.84790152243546
              ],
              [
                4.392572570612439,
                50.84763971084092
              ],
              [
                4.392592895597314,
                50.8473753650832
              ],
              [
                4.392572195462008,
                50.84711103097739
              ],
              [
                4.392510670246623,
                50.8468492541841
              ],
              [
                4.392408913132582,
                50.84659255569423
              ],
              [
                4.392267904704605,
                50.84634340755278
              ],
              [
                4.3920890034837825,
                50.84610420905571
              ],
              [
                4.391873932823801,
                50.845877263648575
              ],
              [
                4.391624764297305,
                50.84566475674958
              ],
              [
                4.391343897733061,
                50.845468734709996
              ],
              [
                4.3910340380966115,
                50.845291085114766
              ],
              [
                4.3906981694374245,
                50.84513351861214
              ],
              [
                4.390545599119198,
                50.845075677522786
              ],
              [
                4.390501761319878,
                50.84503828797127
              ],
              [
                4.390220903181237,
                50.84484226320832
              ],
              [
                4.38991105191783,
                50.84466461061529
              ],
              [
                4.3895751914985075,
                50.84450704086933
              ],
              [
                4.389216556241922,
                50.84437107124705
              ],
              [
                4.388838599675985,
                50.84425801102027
              ],
              [
                4.3884449612910235,
                50.84416894885428
              ],
              [
                4.388039431506326,
                50.84410474232986
              ],
              [
                4.3876259151868435,
                50.84406600968949
              ],
              [
                4.387208394060575,
                50.84405312388728
              ],
              [
                4.3867908883977265,
                50.84406620899958
              ],
              [
                4.3863774183196895,
                50.844105139030894
              ],
              [
                4.385971965109432,
                50.844169539126455
              ],
              [
                4.3858101191936045,
                50.84420624472578
              ],
              [
                4.385972464484131,
                50.844067550427766
              ],
              [
                4.386187237895653,
                50.843840495617556
              ],
              [
                4.38636582412812,
                50.843601205474116
              ],
              [
                4.3865065037364825,
                50.843351984658845
              ],
              [
                4.386508421650453,
                50.84334712930152
              ],
              [
                4.386508503336185,
                50.84334698459039
              ],
              [
                4.386609922010738,
                50.843090233370525
              ],
              [
                4.3866711036683315,
                50.842828424504845
              ],
              [
                4.38669145975636,
                50.84256407941828
              ],
              [
                4.3866707949210335,
                50.84229974391947
              ],
              [
                4.386609308862368,
                50.842037963682515
              ],
              [
                4.38650759438458,
                50.841781259731476
              ],
              [
                4.3863666316617085,
                50.84153210416401
              ],
              [
                4.38618777877464,
                50.8412928963476
              ],
              [
                4.385972758611573,
                50.8410659398176
              ],
              [
                4.385723642258873,
                50.84085342009932
              ],
              [
                4.385442829042906,
                50.84065738366756
              ],
              [
                4.385133023415538,
                50.84047971824585
              ],
              [
                4.385015853082097,
                50.84042473537138
              ],
              [
                4.385048865111248,
                50.840283483324676
              ],
              [
                4.3850692292185265,
                50.840019138334114
              ],
              [
                4.385048574622501,
                50.83975480236393
              ],
              [
                4.384987100924507,
                50.83949302109278
              ],
              [
                4.384885400809658,
                50.83923631555469
              ],
              [
                4.384744454313619,
                50.83898715786262
              ],
              [
                4.384565619360963,
                50.8387479474045
              ],
              [
                4.384350618667147,
                50.83852098774115
              ],
              [
                4.38410152313103,
                50.83830846442805
              ],
              [
                4.383820731878507,
                50.83811242397464
              ],
              [
                4.38351094914995,
                50.8379347541432
              ],
              [
                4.3831751582543195,
                50.83777716577683
              ],
              [
                4.382816592840887,
                50.8376411763315
              ],
              [
                4.382438705765135,
                50.837528095269924
              ],
              [
                4.38204513584838,
                50.83743901145803
              ],
              [
                4.381639672850752,
                50.83737478268504
              ],
              [
                4.381226220994235,
                50.837336027407666
              ],
              [
                4.380808761386239,
                50.83732311879797
              ],
              [
                4.380391313704725,
                50.83733618115196
              ],
              [
                4.379977897512873,
                50.83737508869323
              ],
              [
                4.379572493574856,
                50.837439466783586
              ],
              [
                4.37917900554426,
                50.83752869552851
              ],
              [
                4.378801222393116,
                50.83764191574321
              ],
              [
                4.378442781942508,
                50.8377780372218
              ],
              [
                4.378107135845164,
                50.8379357492301
              ],
              [
                4.377797516356641,
                50.83811353312152
              ],
              [
                4.3775169052146055,
                50.83830967695447
              ],
              [
                4.3772680049256625,
                50.83852229197109
              ],
              [
                4.377267286416912,
                50.83852305145074
              ],
              [
                4.377267004882183,
                50.83852329194127
              ],
              [
                4.377052212683265,
                50.83875033074697
              ],
              [
                4.376873597475831,
                50.83898960702617
              ],
              [
                4.376732879859692,
                50.83923881658398
              ],
              [
                4.3766314155556945,
                50.83949555953279
              ],
              [
                4.376570182328892,
                50.83975736339914
              ],
              [
                4.376549770548762,
                50.84002170693111
              ],
              [
                4.376570377478271,
                50.840286044377045
              ],
              [
                4.3766318053477296,
                50.84054783000158
              ],
              [
                4.376733463233067,
                50.840804542603394
              ],
              [
                4.37687437272138,
                50.8410537097981
              ],
              [
                4.3770531773102155,
                50.84129293183261
              ],
              [
                4.377268155450944,
                50.841519904701286
              ],
              [
                4.377517237111402,
                50.84173244234119
              ],
              [
                4.37779802369895,
                50.841928497692415
              ],
              [
                4.378107811152541,
                50.84210618242023
              ],
              [
                4.378224919140974,
                50.842161144736096
              ],
              [
                4.378190943411406,
                50.84230642217419
              ],
              [
                4.378170539637801,
                50.84257076580237
              ],
              [
                4.378190202725931,
                50.84282287048624
              ],
              [
                4.377949975948787,
                50.84278481274372
              ],
              [
                4.377536479555793,
                50.84274604451448
              ]
            ]
          ],
          [
            [
              [
                4.382219248292096,
                50.8762235355369
              ],
              [
                4.3819382382770184,
                50.87602749266284
              ],
              [
                4.381628212653598,
                50.875849819748765
              ],
              [
                4.381292157069932,
                50.87569222766749
              ],
              [
                4.380933307724095,
                50.87555623391063
              ],
              [
                4.380555120205494,
                50.87544314798241
              ],
              [
                4.380161236228197,
                50.875354058795565
              ],
              [
                4.379755448576069,
                50.87528982419102
              ],
              [
                4.379341664596729,
                50.875251062681635
              ],
              [
                4.378923868595057,
                50.875238147499445
              ],
              [
                4.3785060834875615,
                50.87525120300376
              ],
              [
                4.37809233208591,
                50.875290103484126
              ],
              [
                4.377686598381453,
                50.875354474370354
              ],
              [
                4.377292789202609,
                50.87544369583732
              ],
              [
                4.376914696613358,
                50.875556908770356
              ],
              [
                4.3765559614141125,
                50.875693023033705
              ],
              [
                4.376220038095636,
                50.87585072796276
              ],
              [
                4.375910161582914,
                50.876028504979146
              ],
              [
                4.375629316088759,
                50.87622464220754
              ],
              [
                4.375380206376788,
                50.8764372509537
              ],
              [
                4.37537659227585,
                50.87644106779674
              ],
              [
                4.375375206158923,
                50.87644225080484
              ],
              [
                4.3751602314455695,
                50.87666928372711
              ],
              [
                4.3750145825368225,
                50.87686422564458
              ],
              [
                4.374848669063153,
                50.876801338894026
              ],
              [
                4.374470486169426,
                50.87668823339852
              ],
              [
                4.374076603293111,
                50.87659912382188
              ],
              [
                4.373670813207513,
                50.8765348682014
              ],
              [
                4.373257023283708,
                50.876496085252256
              ],
              [
                4.372839217883821,
                50.87648314841297
              ],
              [
                4.372421420014847,
                50.87649618225136
              ],
              [
                4.372007652611305,
                50.8765350612656
              ],
              [
                4.371601899818584,
                50.876599411092194
              ],
              [
                4.371208068648849,
                50.876688612108794
              ],
              [
                4.370829951377763,
                50.87680180539767
              ],
              [
                4.370471189043326,
                50.87693790101223
              ],
              [
                4.3701352363975134,
                50.87709558846744
              ],
              [
                4.36982532864763,
                50.877273349353196
              ],
              [
                4.3695444503072,
                50.87746947194953
              ],
              [
                4.369295306456062,
                50.877682067703134
              ],
              [
                4.369293858750374,
                50.87768359629638
              ],
              [
                4.3692933063689265,
                50.8776840676436
              ],
              [
                4.369078296580419,
                50.87791108934359
              ],
              [
                4.368899491861763,
                50.87815035084139
              ],
              [
                4.368758614638481,
                50.87839954808452
              ],
              [
                4.368657022169319,
                50.87865628130403
              ],
              [
                4.368595693454574,
                50.87891807812026
              ],
              [
                4.368586622059833,
                50.8790352008952
              ],
              [
                4.368567675730757,
                50.87911607712286
              ],
              [
                4.368547201816612,
                50.87938041633189
              ],
              [
                4.368567780980188,
                50.879644752253284
              ],
              [
                4.368629215720365,
                50.8799065391664
              ],
              [
                4.368730915048054,
                50.880163255857546
              ],
              [
                4.368871900152327,
                50.88041242990297
              ],
              [
                4.369050813803497,
                50.880651661483576
              ],
              [
                4.369265933403451,
                50.88087864650181
              ],
              [
                4.369515187558375,
                50.881091198777696
              ],
              [
                4.369796176014887,
                50.88128727111029
              ],
              [
                4.370106192768096,
                50.88146497500134
              ],
              [
                4.370442252119295,
                50.88162259885066
              ],
              [
                4.370801117432481,
                50.88175862444813
              ],
              [
                4.371179332312648,
                50.881871741602815
              ],
              [
                4.371573253905279,
                50.88196086076805
              ],
              [
                4.371979087995879,
                50.88202512354086
              ],
              [
                4.37239292557086,
                50.88206391093404
              ],
              [
                4.372810780486915,
                50.88207684934132
              ],
              [
                4.373228627885164,
                50.882063814137624
              ],
              [
                4.373642442979177,
                50.882024930880384
              ],
              [
                4.374048239842296,
                50.88196057409925
              ],
              [
                4.374442109819696,
                50.88187136368691
              ],
              [
                4.374820259194284,
                50.88175815892525
              ],
              [
                4.37517904574279,
                50.881622050204676
              ],
              [
                4.375515013829197,
                50.88146434851678
              ],
              [
                4.375824927696922,
                50.881286572821345
              ],
              [
                4.376105802638602,
                50.88109043541005
              ],
              [
                4.376354933743058,
                50.880877825407914
              ],
              [
                4.376569921942437,
                50.88065079057176
              ],
              [
                4.376748697108831,
                50.880411517561235
              ],
              [
                4.37682060307514,
                50.88028428604102
              ],
              [
                4.376911488410116,
                50.880318730006486
              ],
              [
                4.377289706409757,
                50.88043182751799
              ],
              [
                4.377683627518537,
                50.880520926212554
              ],
              [
                4.378089457526585,
                50.880585167884355
              ],
              [
                4.378503287459612,
                50.88062393374942
              ],
              [
                4.3789211312479175,
                50.88063685040884
              ],
              [
                4.379338964139817,
                50.88062379344707
              ],
              [
                4.379752761488635,
                50.88058488863107
              ],
              [
                4.380158537538688,
                50.880520510698155
              ],
              [
                4.380552383835679,
                50.88043127974475
              ],
              [
                4.380930506890679,
                50.88031805525058
              ],
              [
                4.381289264734002,
                50.88018192779613
              ],
              [
                4.3816252020062,
                50.880024208553394
              ],
              [
                4.381935083247566,
                50.879846416651255
              ],
              [
                4.3822159240650675,
                50.879650264537446
              ],
              [
                4.382465019876266,
                50.8794376414786
              ],
              [
                4.382468633631783,
                50.87943382442057
              ],
              [
                4.382470019658339,
                50.87943264132971
              ],
              [
                4.382684971688327,
                50.879205595198876
              ],
              [
                4.382863710206753,
                50.87896631277541
              ],
              [
                4.3830045143025815,
                50.87871709864638
              ],
              [
                4.383106028489692,
                50.87846035301676
              ],
              [
                4.38316727574042,
                50.87819854858883
              ],
              [
                4.383187666871438,
                50.877934206744776
              ],
              [
                4.3831670061925,
                50.877669873262064
              ],
              [
                4.383105493364637,
                50.87740809379535
              ],
              [
                4.383003721450877,
                50.87715138936134
              ],
              [
                4.382862671179348,
                50.87690223206229
              ],
              [
                4.38268370147492,
                50.87666302128238
              ],
              [
                4.382468536351516,
                50.87643606058545
              ],
              [
                4.382219248292096,
                50.8762235355369
              ]
            ]
          ],
          [
            [
              [
                4.378846794947209,
                50.88675607334484
              ],
              [
                4.378428896740354,
                50.88674315644352
              ],
              [
                4.37801100915667,
                50.8867562101423
              ],
              [
                4.377597155994384,
                50.886795108748146
              ],
              [
                4.377191322224532,
                50.886859477708946
              ],
              [
                4.376797415638915,
                50.886948697218074
              ],
              [
                4.376419229239326,
                50.88706190817977
              ],
              [
                4.376060404729399,
                50.88719802047726
              ],
              [
                4.375724397459842,
                50.88735572346486
              ],
              [
                4.375414443164029,
                50.88753349858294
              ],
              [
                4.375133526803823,
                50.887729633974445
              ],
              [
                4.374884353825343,
                50.88794224096288
              ],
              [
                4.37466932410145,
                50.88816927223297
              ],
              [
                4.374490508811927,
                50.88840854153956
              ],
              [
                4.374349630484373,
                50.888657744755015
              ],
              [
                4.374248046388465,
                50.888914482052826
              ],
              [
                4.374186735444182,
                50.88917628101401
              ],
              [
                4.374166288770839,
                50.88944062043395
              ],
              [
                4.374166405136556,
                50.889442112518
              ],
              [
                4.374166288498484,
                50.88944362043394
              ],
              [
                4.374186903697843,
                50.88970795460031
              ],
              [
                4.37424838292333,
                50.88996973780962
              ],
              [
                4.37435013475769,
                50.8902264488838
              ],
              [
                4.37449117988454,
                50.890475615453106
              ],
              [
                4.374670160496304,
                50.89071483777048
              ],
              [
                4.374885353350111,
                50.89094181182751
              ],
              [
                4.375134686346718,
                50.891154351549744
              ],
              [
                4.37531686035197,
                50.891281424987916
              ],
              [
                4.375328055012168,
                50.89142491571702
              ],
              [
                4.375389542846419,
                50.8916866981979
              ],
              [
                4.37549130463876,
                50.89194340815463
              ],
              [
                4.375632360976939,
                50.8921925732283
              ],
              [
                4.375811353945438,
                50.892431793686185
              ],
              [
                4.376026560182397,
                50.89265876553778
              ],
              [
                4.376275907459691,
                50.89287130272991
              ],
              [
                4.3765569946271015,
                50.89306735820687
              ],
              [
                4.376867114729003,
                50.89324504363266
              ],
              [
                4.377203281071226,
                50.89340264758497
              ],
              [
                4.377562255987165,
                50.89353865204529
              ],
              [
                4.377940582026007,
                50.89365174702621
              ],
              [
                4.378334615262394,
                50.89374084319466
              ],
              [
                4.378740560406295,
                50.89380508236915
              ],
              [
                4.379154507374254,
                50.893843845789746
              ],
              [
                4.379572468969083,
                50.893856760081064
              ],
              [
                4.379990419304166,
                50.89384370085041
              ],
              [
                4.380404332601402,
                50.89380479388655
              ],
              [
                4.380810221988092,
                50.89374041394752
              ],
              [
                4.381204177918106,
                50.89365118114907
              ],
              [
                4.381582405846399,
                50.8935379549887
              ],
              [
                4.381941262793057,
                50.89340182606299
              ],
              [
                4.382277292444043,
                50.89324410555812
              ],
              [
                4.382587258449892,
                50.89306631261509
              ],
              [
                4.382868175601213,
                50.89287015969173
              ],
              [
                4.383117338580485,
                50.89265753606248
              ],
              [
                4.383332348013106,
                50.89243048961538
              ],
              [
                4.383511133566952,
                50.89219120712191
              ],
              [
                4.383651973878266,
                50.89194199316985
              ],
              [
                4.383753513112467,
                50.89168524796249
              ],
              [
                4.383802867773328,
                50.891474326735825
              ],
              [
                4.383875986649747,
                50.89146745105031
              ],
              [
                4.384281851075709,
                50.89140305906521
              ],
              [
                4.384675780801733,
                50.89131381455674
              ],
              [
                4.385053981535225,
                50.89120057713516
              ],
              [
                4.385412810558267,
                50.89106443750553
              ],
              [
                4.38574881182583,
                50.890906706957104
              ],
              [
                4.3860587492618786,
                50.89072890472763
              ],
              [
                4.3863396379322355,
                50.89053274336439
              ],
              [
                4.386588772793726,
                50.89032011222304
              ],
              [
                4.386803754742577,
                50.89009305926401
              ],
              [
                4.386982513711375,
                50.889853771321455
              ],
              [
                4.3871233285923985,
                50.889604553035646
              ],
              [
                4.387224843795958,
                50.88934780465153
              ],
              [
                4.387286082284917,
                50.889085998897905
              ],
              [
                4.387294361360002,
                50.88897857571634
              ],
              [
                4.387307267713058,
                50.888923398144314
              ],
              [
                4.387327640199028,
                50.88865905639998
              ],
              [
                4.387306951501759,
                50.88839472446484
              ],
              [
                4.387245401552419,
                50.88813294797862
              ],
              [
                4.3871435837718185,
                50.887876247929256
              ],
              [
                4.387002479330049,
                50.88762709637681
              ],
              [
                4.386823447673863,
                50.887387892650025
              ],
              [
                4.386608213413956,
                50.88716094024484
              ],
              [
                4.386358849699187,
                50.886948424646754
              ],
              [
                4.386077758238537,
                50.88675239229084
              ],
              [
                4.3857676461636395,
                50.88657473086129
              ],
              [
                4.38543149995506,
                50.886417151120284
              ],
              [
                4.385072556683472,
                50.88628117044064
              ],
              [
                4.384694272842625,
                50.88616809820055
              ],
              [
                4.384300291073963,
                50.886079023181
              ],
              [
                4.383894405102841,
                50.88601480308645
              ],
              [
                4.38348052322343,
                50.885976056290055
              ],
              [
                4.383062630683117,
                50.885963155882195
              ],
              [
                4.382644751327809,
                50.88597622607985
              ],
              [
                4.382230908876524,
                50.88601514103114
              ],
              [
                4.381825088197192,
                50.88607952602651
              ],
              [
                4.381431196955605,
                50.886168761105026
              ],
              [
                4.381053028005858,
                50.88628198702093
              ],
              [
                4.380694222883615,
                50.886418113513464
              ],
              [
                4.380358236752955,
                50.88657582980026
              ],
              [
                4.380048305143765,
                50.88675361719361
              ],
              [
                4.379840849304539,
                50.88689848338764
              ],
              [
                4.3796665662522605,
                50.88685907257274
              ],
              [
                4.379260679876765,
                50.88679483647046
              ],
              [
                4.378846794947209,
                50.88675607334484
              ]
            ]
          ],
          [
            [
              [
                4.40301905458468,
                50.79484423971325
              ],
              [
                4.402660758956347,
                50.79470830938699
              ],
              [
                4.4022831689511746,
                50.7945952909786
              ],
              [
                4.401889920530043,
                50.79450627275076
              ],
              [
                4.401484800357642,
                50.794442111861194
              ],
              [
                4.401071709355298,
                50.794403426113014
              ],
              [
                4.400654625156296,
                50.79439058800882
              ],
              [
                4.400237563824417,
                50.79440372116567
              ],
              [
                4.399824541203373,
                50.79444269912547
              ],
              [
                4.399419534268344,
                50.79450714657191
              ],
              [
                4.399026442850842,
                50.794596442942606
              ],
              [
                4.398649052104503,
                50.79470972840157
              ],
              [
                4.39829099607242,
                50.79484591211455
              ],
              [
                4.398168642899604,
                50.794903488463156
              ],
              [
                4.398116399729652,
                50.794887849011715
              ],
              [
                4.397723156746205,
                50.794798816804146
              ],
              [
                4.397318039736951,
                50.79473464151064
              ],
              [
                4.396904949592782,
                50.79469594107301
              ],
              [
                4.396487863938731,
                50.79468308813531
              ],
              [
                4.396070798852591,
                50.79469620645746
              ],
              [
                4.395657770214215,
                50.79473516972416
              ],
              [
                4.3952527550567,
                50.7947996027606
              ],
              [
                4.3948596532907045,
                50.79488888514315
              ],
              [
                4.394482250169467,
                50.7950021571705
              ],
              [
                4.394124179855195,
                50.795138328137774
              ],
              [
                4.3937888904368485,
                50.7952960868342
              ],
              [
                4.393479610735603,
                50.79547391416351
              ],
              [
                4.393199319217204,
                50.795670097765736
              ],
              [
                4.392950715310274,
                50.79588274849992
              ],
              [
                4.3927361934067335,
                50.79610981862937
              ],
              [
                4.392557819794804,
                50.79634912153446
              ],
              [
                4.39241731274703,
                50.79659835276387
              ],
              [
                4.392360023710588,
                50.796743579380895
              ],
              [
                4.392353500236672,
                50.796755150578
              ],
              [
                4.392252212759572,
                50.79701190996951
              ],
              [
                4.392191121720421,
                50.797273724978
              ],
              [
                4.392170816118243,
                50.79753807424415
              ],
              [
                4.392191492192241,
                50.79780241196097
              ],
              [
                4.392252951505562,
                50.798064192390406
              ],
              [
                4.392354602830037,
                50.79832089438109
              ],
              [
                4.392495467814712,
                50.798570045650784
              ],
              [
                4.392674190384583,
                50.79880924659974
              ],
              [
                4.392889049779895,
                50.79903619342537
              ],
              [
                4.393137977111227,
                50.79924870031557
              ],
              [
                4.393418575271572,
                50.79944472050657
              ],
              [
                4.393728142014135,
                50.79962236600236
              ],
              [
                4.394063695973855,
                50.79977992576524
              ],
              [
                4.394422005382204,
                50.7999158822025
              ],
              [
                4.394799619198593,
                50.80002892578935
              ],
              [
                4.395192900358258,
                50.80011796768786
              ],
              [
                4.395598060816006,
                50.80018215023931
              ],
              [
                4.396011198047614,
                50.800220855229284
              ],
              [
                4.396428332656637,
                50.80023370984522
              ],
              [
                4.396845446723488,
                50.80022059026924
              ],
              [
                4.3971536609016235,
                50.8001915151094
              ],
              [
                4.397399277981373,
                50.800183788313404
              ],
              [
                4.397812353002717,
                50.800144818962586
              ],
              [
                4.398217410662275,
                50.800080377167625
              ],
              [
                4.39861054942648,
                50.79999108364
              ],
              [
                4.398987982622368,
                50.79987779846207
              ],
              [
                4.3993460749257265,
                50.7997416127987
              ],
              [
                4.399478378295502,
                50.79967935854107
              ],
              [
                4.3998321066926644,
                50.79973538047216
              ],
              [
                4.400245243483664,
                50.79977407053709
              ],
              [
                4.400662375287988,
                50.799786910080556
              ],
              [
                4.40107948421307,
                50.799773775429834
              ],
              [
                4.4014925525868325,
                50.79973479310016
              ],
              [
                4.401897601676405,
                50.79967033857546
              ],
              [
                4.402290730030799,
                50.79958103268984
              ],
              [
                4.402668151077356,
                50.79946773564464
              ],
              [
                4.403026229608928,
                50.79933153871911
              ],
              [
                4.403361516809685,
                50.799173753754175
              ],
              [
                4.403670783481537,
                50.79899590051163
              ],
              [
                4.40395105115072,
                50.798799692029824
              ],
              [
                4.4041996207547,
                50.798587018118106
              ],
              [
                4.404414098632971,
                50.79835992714862
              ],
              [
                4.40459241957161,
                50.79812060632145
              ],
              [
                4.404732866679911,
                50.797871360593376
              ],
              [
                4.404834087908159,
                50.79761459047346
              ],
              [
                4.404895109048141,
                50.797352768899714
              ],
              [
                4.404915343091946,
                50.79708841741927
              ],
              [
                4.404894595859843,
                50.796824081902244
              ],
              [
                4.404833067844016,
                50.79656230802282
              ],
              [
                4.404731352251377,
                50.79630561674376
              ],
              [
                4.404590429265371,
                50.79605648004064
              ],
              [
                4.4044116565829485,
                50.79581729709915
              ],
              [
                4.40419675631879,
                50.79559037121516
              ],
              [
                4.403947798403642,
                50.79537788761879
              ],
              [
                4.40394740739137,
                50.79537761452109
              ],
              [
                4.40394479833813,
                50.79537538770189
              ],
              [
                4.403664180599211,
                50.795179392512814
              ],
              [
                4.403354605578603,
                50.795001773063944
              ],
              [
                4.40301905458468,
                50.79484423971325
              ]
            ]
          ],
          [
            [
              [
                4.384342981278004,
                50.81109039656901
              ],
              [
                4.384033374514481,
                50.81091272681742
              ],
              [
                4.383697774744515,
                50.81075513879449
              ],
              [
                4.383339413776953,
                50.81061914995284
              ],
              [
                4.382961742498715,
                50.81050606974945
              ],
              [
                4.382568397653367,
                50.81041698704202
              ],
              [
                4.382163166834084,
                50.81035275960912
              ],
              [
                4.38174995202754,
                50.81031400589461
              ],
              [
                4.381332732058977,
                50.81030109905553
              ],
              [
                4.380915524299287,
                50.810314163370776
              ],
              [
                4.380502346001862,
                50.81035307304515
              ],
              [
                4.380097175640578,
                50.81041745341984
              ],
              [
                4.379703914620255,
                50.81050668457832
              ],
              [
                4.379326349727307,
                50.81061990731255
              ],
              [
                4.378968116681385,
                50.81075603139233
              ],
              [
                4.378632665138178,
                50.810913746058404
              ],
              [
                4.37863152210912,
                50.810914402782444
              ],
              [
                4.378631522109117,
                50.810914402782444
              ],
              [
                4.378628665200553,
                50.810915745967336
              ],
              [
                4.378319225513918,
                50.81109353253684
              ],
              [
                4.378038777717692,
                50.81128967905387
              ],
              [
                4.377790022745303,
                50.81150229673467
              ],
              [
                4.377575356443378,
                50.811729338160895
              ],
              [
                4.377396846490744,
                50.81196861698945
              ],
              [
                4.3772562124730525,
                50.81221782900091
              ],
              [
                4.377154809305442,
                50.81247457428396
              ],
              [
                4.377093614163499,
                50.81273638034267
              ],
              [
                4.377073217049168,
                50.813000725904
              ],
              [
                4.377093815083386,
                50.813265065196724
              ],
              [
                4.377155210581343,
                50.81352685246771
              ],
              [
                4.377256812929962,
                50.81378356649976
              ],
              [
                4.377397644250486,
                50.81403273489476
              ],
              [
                4.3775763487926405,
                50.814271957888046
              ],
              [
                4.377791205970792,
                50.81449893146482
              ],
              [
                4.378040146917332,
                50.814711469555355
              ],
              [
                4.378320774394532,
                50.81490752509539
              ],
              [
                4.3786303858735796,
                50.815085209748474
              ],
              [
                4.378965999558813,
                50.81524281209982
              ],
              [
                4.379324383106651,
                50.815378814146456
              ],
              [
                4.379702084762533,
                50.815491905924304
              ],
              [
                4.380095466615685,
                50.81558099813127
              ],
              [
                4.380500739651003,
                50.81564523262407
              ],
              [
                4.380914000259817,
                50.815683990687944
              ],
              [
                4.381331267857135,
                50.815696898999114
              ],
              [
                4.381748523242204,
                50.8156838332225
              ],
              [
                4.382161747331955,
                50.81564491920992
              ],
              [
                4.3825669598933406,
                50.81558053178727
              ],
              [
                4.382960257900467,
                50.81549129114233
              ],
              [
                4.383337853146239,
                50.815378056848104
              ],
              [
                4.383696108745305,
                50.81524191957939
              ],
              [
                4.38403157417604,
                50.81508419060263
              ],
              [
                4.384032717231024,
                50.81508353382666
              ],
              [
                4.384035574238403,
                50.81508219051154
              ],
              [
                4.384345018557513,
                50.81490438903861
              ],
              [
                4.384625461607666,
                50.814708227620855
              ],
              [
                4.384874202637002,
                50.81449559561444
              ],
              [
                4.38508884633389,
                50.81426854098793
              ],
              [
                4.385267325887386,
                50.814029250591524
              ],
              [
                4.385407922879255,
                50.813780029088996
              ],
              [
                4.3855092838164556,
                50.81352327675624
              ],
              [
                4.38557043314554,
                50.813261466360025
              ],
              [
                4.385590782624413,
                50.81299711933999
              ],
              [
                4.385570136962067,
                50.81273278152344
              ],
              [
                4.385508695673012,
                50.812470998606756
              ],
              [
                4.385407051129485,
                50.81221429163985
              ],
              [
                4.385266182831267,
                50.81196513274946
              ],
              [
                4.385087447949227,
                50.81172592133507
              ],
              [
                4.384872568234574,
                50.81149896096676
              ],
              [
                4.38462361342069,
                50.81128643720682
              ],
              [
                4.384342981278004,
                50.81109039656901
              ]
            ]
          ],
          [
            [
              [
                4.413318057765883,
                50.87524018692457
              ],
              [
                4.412904246573859,
                50.87520154375628
              ],
              [
                4.412486441827984,
                50.87518874806035
              ],
              [
                4.412068666528922,
                50.87520192304549
              ],
              [
                4.411654943393942,
                50.87524094185083
              ],
              [
                4.411249256142352,
                50.87530542876679
              ],
              [
                4.4108555111555035,
                50.87539476285102
              ],
              [
                4.41082803255771,
                50.87540300050521
              ],
              [
                4.410741816216991,
                50.87542256128788
              ],
              [
                4.410363804443131,
                50.87553588197416
              ],
              [
                4.4100051663540425,
                50.87567209847132
              ],
              [
                4.409669355505813,
                50.875829899130274
              ],
              [
                4.409359605740877,
                50.87600776445076
              ],
              [
                4.409078900052013,
                50.87620398170707
              ],
              [
                4.408829941857056,
                50.87641666143422
              ],
              [
                4.40861512896089,
                50.876643755616406
              ],
              [
                4.408436530455525,
                50.87688307740244
              ],
              [
                4.408295866781081,
                50.87713232215916
              ],
              [
                4.408194493140151,
                50.87738908965982
              ],
              [
                4.40813338642591,
                50.8776509071944
              ],
              [
                4.408113135790688,
                50.87791525337922
              ],
              [
                4.4081339369467,
                50.878179582436836
              ],
              [
                4.408195590254802,
                50.87844134871251
              ],
              [
                4.408297502620718,
                50.87869803119106
              ],
              [
                4.408438693181461,
                50.878947157778036
              ],
              [
                4.408617802728185,
                50.879186329111235
              ],
              [
                4.4088331067756,
                50.879413241673134
              ],
              [
                4.409082532152891,
                50.87962570998147
              ],
              [
                4.409363676956995,
                50.8798216876439
              ],
              [
                4.409673833676572,
                50.87999928707384
              ],
              [
                4.41001001526423,
                50.880156797677145
              ],
              [
                4.410368983906074,
                50.88029270233444
              ],
              [
                4.410747282211358,
                50.880405692019565
              ],
              [
                4.41114126652159,
                50.88049467841364
              ],
              [
                4.411547142017842,
                50.88055880439251
              ],
              [
                4.411960999287453,
                50.88059745228657
              ],
              [
                4.41237885199728,
                50.88061024983321
              ],
              [
                4.412796675309658,
                50.88059707376421
              ],
              [
                4.4132104446702325,
                50.880558050993784
              ],
              [
                4.4136161745930425,
                50.8804935573954
              ],
              [
                4.413693424780947,
                50.88047603064142
              ],
              [
                4.413730380247823,
                50.88047015620581
              ],
              [
                4.414124162309707,
                50.88038081260621
              ],
              [
                4.414502203999679,
                50.880267479965354
              ],
              [
                4.414860864132123,
                50.88013124990536
              ],
              [
                4.415196688289156,
                50.879973434586475
              ],
              [
                4.415506442101028,
                50.87979555406286
              ],
              [
                4.415787142402545,
                50.87959932163578
              ],
              [
                4.4160360859651355,
                50.87938662734529
              ],
              [
                4.416250875527774,
                50.87915951975988
              ],
              [
                4.416429442876159,
                50.878920186239725
              ],
              [
                4.416570068748199,
                50.87867093186387
              ],
              [
                4.416671399374563,
                50.878414157224725
              ],
              [
                4.416732459495666,
                50.878152335303774
              ],
              [
                4.416752661730523,
                50.8778879876515
              ],
              [
                4.416752506284414,
                50.877886016936905
              ],
              [
                4.416752661367563,
                50.8778839876515
              ],
              [
                4.416731811846938,
                50.87761966010079
              ],
              [
                4.416670112052162,
                50.87735789824931
              ],
              [
                4.416568156846678,
                50.8771012229439
              ],
              [
                4.416426928723513,
                50.87685210600615
              ],
              [
                4.41624778831995,
                50.87661294643134
              ],
              [
                4.416032461293353,
                50.8763860472901
              ],
              [
                4.415783021685347,
                50.87617359355493
              ],
              [
                4.415782854381917,
                50.87617347694445
              ],
              [
                4.415782521675536,
                50.87617319356875
              ],
              [
                4.415501371929855,
                50.875977231077655
              ],
              [
                4.415191219734492,
                50.875799646843106
              ],
              [
                4.414855051955878,
                50.87564215088387
              ],
              [
                4.414496105871988,
                50.87550625976595
              ],
              [
                4.414117838003324,
                50.87539328200514
              ],
              [
                4.413723890837285,
                50.875304305472625
              ],
              [
                4.413318057765883,
                50.87524018692457
              ]
            ]
          ],
          [
            [
              [
                4.422742298143234,
                50.88721145145053
              ],
              [
                4.422432044385703,
                50.887033886927775
              ],
              [
                4.422095771919872,
                50.88687641222003
              ],
              [
                4.421736719031682,
                50.88674054368863
              ],
              [
                4.421358343269946,
                50.88662758963188
              ],
              [
                4.4209642881608175,
                50.88653863769266
              ],
              [
                4.42055834813552,
                50.88647454439032
              ],
              [
                4.420144432008462,
                50.88643592687706
              ],
              [
                4.419726525356643,
                50.88642315699843
              ],
              [
                4.419308652161792,
                50.88643635771459
              ],
              [
                4.4188948360836555,
                50.886475401916854
              ],
              [
                4.4184890617363575,
                50.88653991365115
              ],
              [
                4.418095236339799,
                50.886629271736126
              ],
              [
                4.417717152114375,
                50.886742615741596
              ],
              [
                4.417358449780327,
                50.88687885426968
              ],
              [
                4.417022583512424,
                50.88703667545915
              ],
              [
                4.417022006498374,
                50.887037006781505
              ],
              [
                4.417020583543495,
                50.88703767541364
              ],
              [
                4.416710787703758,
                50.88721555956121
              ],
              [
                4.416430045742665,
                50.88741179376567
              ],
              [
                4.416181061427544,
                50.88762448839882
              ],
              [
                4.415966232815054,
                50.88785159530128
              ],
              [
                4.4157876291488405,
                50.888090927499384
              ],
              [
                4.415646970919042,
                50.88834018025965
              ],
              [
                4.415545613276154,
                50.88859695327827
              ],
              [
                4.41548453295964,
                50.88885877379203
              ],
              [
                4.4154643188679605,
                50.88912312038851
              ],
              [
                4.415485166361737,
                50.88938744728628
              ],
              [
                4.415546875355881,
                50.88964920885138
              ],
              [
                4.415648852220107,
                50.88990588411391
              ],
              [
                4.4157901154705,
                50.89015500104887
              ],
              [
                4.415969305198337,
                50.89039416038698
              ],
              [
                4.4161846961462485,
                50.89062105872621
              ],
              [
                4.41643421430655,
                50.89083351072121
              ],
              [
                4.416715456882595,
                50.89102947013672
              ],
              [
                4.417025715421338,
                50.891207049561864
              ],
              [
                4.417362001894648,
                50.89136453859519
              ],
              [
                4.417721077478294,
                50.89150042032497
              ],
              [
                4.418099483751345,
                50.891613385945895
              ],
              [
                4.418493576015209,
                50.89170234737085
              ],
              [
                4.418899558410958,
                50.891766447716165
              ],
              [
                4.419313520496082,
                50.89180506955914
              ],
              [
                4.419731474927645,
                50.89181784088806
              ],
              [
                4.42014939588801,
                50.89180463868728
              ],
              [
                4.420563257882101,
                50.89176559012268
              ],
              [
                4.42096907453157,
                50.891701071316206
              ],
              [
                4.421362936991196,
                50.891611703721196
              ],
              [
                4.421741051616623,
                50.89149834813349
              ],
              [
                4.422099776519724,
                50.89136209639623
              ],
              [
                4.422435656658803,
                50.89120426087847
              ],
              [
                4.42243623368586,
                50.891203929529915
              ],
              [
                4.4224376566898655,
                50.89120326083295
              ],
              [
                4.422747457141894,
                50.89102536177809
              ],
              [
                4.423028194306484,
                50.89082911267165
              ],
              [
                4.423277164600222,
                50.890616403714304
              ],
              [
                4.42349197050487,
                50.890389283615825
              ],
              [
                4.423670543649019,
                50.89014993985685
              ],
              [
                4.423811164715075,
                50.88990067761505
              ],
              [
                4.423912479980333,
                50.88964389755858
              ],
              [
                4.4239735143334995,
                50.889382072721
              ],
              [
                4.423993680642105,
                50.88911772468091
              ],
              [
                4.423972785381463,
                50.88885339927517
              ],
              [
                4.423911030472007,
                50.888591642080456
              ],
              [
                4.42380901130824,
                50.888334973898694
              ],
              [
                4.42366771099937,
                50.88808586648283
              ],
              [
                4.423488490878038,
                50.887846718736434
              ],
              [
                4.423273077369437,
                50.88761983361613
              ],
              [
                4.423023545348099,
                50.887407395959364
              ],
              [
                4.422742298143234,
                50.88721145145053
              ]
            ]
          ],
          [
            [
              [
                4.387970286385094,
                50.89228477908154
              ],
              [
                4.387556345885569,
                50.8922460467268
              ],
              [
                4.387138396432805,
                50.89223316085253
              ],
              [
                4.386720462420618,
                50.89224624553578
              ],
              [
                4.386306568094224,
                50.89228517478519
              ],
              [
                4.385900698820985,
                50.89234957375354
              ],
              [
                4.385506762734552,
                50.892438822345326
              ],
              [
                4.385128553120804,
                50.89255206118469
              ],
              [
                4.384769711906967,
                50.89268819988646
              ],
              [
                4.384433694604678,
                50.892845927550695
              ],
              [
                4.384123737044044,
                50.8930237253801
              ],
              [
                4.383842824218515,
                50.89321988129895
              ],
              [
                4.3835936615403455,
                50.893432506433044
              ],
              [
                4.383378648783401,
                50.89365955329236
              ],
              [
                4.383199856964284,
                50.89389883548157
              ],
              [
                4.383059008384788,
                50.89414804874898
              ],
              [
                4.382957460028328,
                50.89440479317121
              ],
              [
                4.38289619047091,
                50.89466659626064
              ],
              [
                4.382875790433473,
                50.89493093677283
              ],
              [
                4.382896457067511,
                50.895195268985184
              ],
              [
                4.382957992029945,
                50.89545704721266
              ],
              [
                4.383059803366848,
                50.895713750325136
              ],
              [
                4.383200911188862,
                50.895962906029546
              ],
              [
                4.383379957084644,
                50.89620211468338
              ],
              [
                4.383595217182578,
                50.896429072409774
              ],
              [
                4.3838446187357585,
                50.89664159329152
              ],
              [
                4.3841257600711545,
                50.89683763043004
              ],
              [
                4.384435933711347,
                50.897015295665895
              ],
              [
                4.384563634770673,
                50.8970751480179
              ],
              [
                4.38472330649318,
                50.89728845730108
              ],
              [
                4.384938578063944,
                50.89751541249229
              ],
              [
                4.385187991466886,
                50.89772793045283
              ],
              [
                4.385469144914843,
                50.89792396431218
              ],
              [
                4.385648461566484,
                50.89802666972527
              ],
              [
                4.385320536279625,
                50.89797480222932
              ],
              [
                4.384906547806157,
                50.89793606059613
              ],
              [
                4.3844885484352565,
                50.897923165309756
              ],
              [
                4.384070563041317,
                50.89793624053787
              ],
              [
                4.3836566163642186,
                50.897975160380135
              ],
              [
                4.383250694275312,
                50.89803955007992
              ],
              [
                4.382856705416724,
                50.89812878963098
              ],
              [
                4.382478443582396,
                50.898242019744515
              ],
              [
                4.3821195512023206,
                50.89837815011939
              ],
              [
                4.381783484280777,
                50.898535869935834
              ],
              [
                4.3814734791256305,
                50.89871366047217
              ],
              [
                4.38119252118863,
                50.89890980972289
              ],
              [
                4.380943316316446,
                50.89912242887803
              ],
              [
                4.380728264689295,
                50.89934947050514
              ],
              [
                4.380549437698158,
                50.899588748259355
              ],
              [
                4.380408557983621,
                50.899837957931624
              ],
              [
                4.380306982829047,
                50.90009469963327
              ],
              [
                4.380245691068644,
                50.90035650090285
              ],
              [
                4.380225273637327,
                50.90062084051353
              ],
              [
                4.380245927854263,
                50.900885172751316
              ],
              [
                4.380307455496128,
                50.90114695193104
              ],
              [
                4.38040926467967,
                50.901403656913345
              ],
              [
                4.380550375536443,
                50.901652815387216
              ],
              [
                4.380729429626036,
                50.90189202768343
              ],
              [
                4.380944702998067,
                50.90211898989009
              ],
              [
                4.381194122777916,
                50.90233151604684
              ],
              [
                4.381475287117114,
                50.90252755920425
              ],
              [
                4.38178548831677,
                50.90270523114497
              ],
              [
                4.382121738901577,
                50.902862820576516
              ],
              [
                4.38248080039346,
                50.902998809620215
              ],
              [
                4.3828592145076195,
                50.90311188843715
              ],
              [
                4.383253336470236,
                50.90320096784991
              ],
              [
                4.383659370136525,
                50.90326518983839
              ],
              [
                4.384073404570221,
                50.90330393580821
              ],
              [
                4.384491451731498,
                50.90331683255203
              ],
              [
                4.3849094849094055,
                50.903303755846196
              ],
              [
                4.385323477527752,
                50.90326483164779
              ],
              [
                4.385729441949691,
                50.903200434880866
              ],
              [
                4.386123467906263,
                50.90311118582326
              ],
              [
                4.386501760177867,
                50.90299794412911
              ],
              [
                4.386860675164827,
                50.90286180054458
              ],
              [
                4.387196755994093,
                50.90270406639708
              ],
              [
                4.387506765823332,
                50.90252626095902
              ],
              [
                4.387787719021175,
                50.90233009680856
              ],
              [
                4.3880369099230725,
                50.90211746332829
              ],
              [
                4.388251938885681,
                50.90189040850112
              ],
              [
                4.388430735389002,
                50.901651119179235
              ],
              [
                4.38857157796408,
                50.90140190001619
              ],
              [
                4.388673110754803,
                50.90114515126538
              ],
              [
                4.388734356554978,
                50.90088334565916
              ],
              [
                4.388754726195919,
                50.90061900459104
              ],
              [
                4.388734024195014,
                50.90035467383099
              ],
              [
                4.388672450611902,
                50.90009289900742
              ],
              [
                4.388570599095326,
                50.89983620109222
              ],
              [
                4.388429451140571,
                50.8995870521249
              ],
              [
                4.388250366613701,
                50.8993478514093
              ],
              [
                4.3880350706347855,
                50.899120902412314
              ],
              [
                4.387785636947215,
                50.898908390586605
              ],
              [
                4.387504467933923,
                50.89871236233094
              ],
              [
                4.387325144604169,
                50.898609659773044
              ],
              [
                4.387653076538858,
                50.89866152166063
              ],
              [
                4.388067073674167,
                50.89870025360156
              ],
              [
                4.388485080944932,
                50.898713136145204
              ],
              [
                4.388903072024499,
                50.89870004520469
              ],
              [
                4.389317020742247,
                50.898661106874194
              ],
              [
                4.389722939884269,
                50.8985966962139
              ],
              [
                4.390116919617829,
                50.89850743363549
              ],
              [
                4.390495165168632,
                50.89839417892326
              ],
              [
                4.390854033387092,
                50.89825802294884
              ],
              [
                4.391190067850696,
                50.89810027715888
              ],
              [
                4.391500032163745,
                50.897922460937984
              ],
              [
                4.391780941133306,
                50.89772628696812
              ],
              [
                4.392030089520832,
                50.89751364472643
              ],
              [
                4.392033821561204,
                50.89750970311486
              ],
              [
                4.392199533040918,
                50.897393975378016
              ],
              [
                4.392448677769673,
                50.897181332227376
              ],
              [
                4.392663662795746,
                50.896954268992594
              ],
              [
                4.392842418022279,
                50.8967149726068
              ],
              [
                4.392983222377806,
                50.896465747791524
              ],
              [
                4.393084720374228,
                50.896208994854625
              ],
              [
                4.39314593514035,
                50.895947186568705
              ],
              [
                4.393166277806246,
                50.89568284435307
              ],
              [
                4.393145553148954,
                50.8954185139887
              ],
              [
                4.393083961446149,
                50.89515674110018
              ],
              [
                4.392982096520917,
                50.894900046640785
              ],
              [
                4.39284093999751,
                50.89465090261666
              ],
              [
                4.392661851824346,
                50.89441170828404
              ],
              [
                4.392446557156453,
                50.89418476704832
              ],
              [
                4.392197129724459,
                50.89397226428749
              ],
              [
                4.391915971850928,
                50.89377624631292
              ],
              [
                4.391605791307001,
                50.89359860067029
              ],
              [
                4.391269575232507,
                50.89344103796975
              ],
              [
                4.390910561370802,
                50.89330507541996
              ],
              [
                4.390532206895266,
                50.89319202222462
              ],
              [
                4.390332795512271,
                50.893146955690696
              ],
              [
                4.39015399503925,
                50.893022291126165
              ],
              [
                4.389843826140477,
                50.89284464078936
              ],
              [
                4.389507621375593,
                50.892687073008304
              ],
              [
                4.3891486183790756,
                50.89255110504065
              ],
              [
                4.388770274219705,
                50.892438046142225
              ],
              [
                4.388376232119647,
                50.89234898496546
              ],
              [
                4.387970286385094,
                50.89228477908154
              ]
            ]
          ],
          [
            [
              [
                4.4017344272252,
                50.89306379387273
              ],
              [
                4.4014242142484665,
                50.892886174135214
              ],
              [
                4.4010879703352135,
                50.89272863952119
              ],
              [
                4.40072893349673,
                50.89259270696884
              ],
              [
                4.400350561127523,
                50.89247968539295
              ],
              [
                4.399956496721267,
                50.89239066308659
              ],
              [
                4.399550534798838,
                50.89232649724667
              ],
              [
                4.399136584385556,
                50.89228780572389
              ],
              [
                4.398718631388564,
                50.8922749610764
              ],
              [
                4.398300700235788,
                50.892288086984266
              ],
              [
                4.39788681514493,
                50.89232705705918
              ],
              [
                4.397480961394464,
                50.892391496060846
              ],
              [
                4.397087046968653,
                50.89248078350823
              ],
              [
                4.396708864944909,
                50.892594059651366
              ],
              [
                4.396350056984914,
                50.89273023374582
              ],
              [
                4.396014078280246,
                50.89288799455089
              ],
              [
                4.3957041642895,
                50.89306582295011
              ],
              [
                4.395423299586736,
                50.893262006573345
              ],
              [
                4.395174189120978,
                50.89347465627959
              ],
              [
                4.394959232163464,
                50.89370172434215
              ],
              [
                4.3947804991936055,
                50.8939410241615
              ],
              [
                4.394639711946615,
                50.89419025131606
              ],
              [
                4.394538226815379,
                50.89444700574872
              ],
              [
                4.394477021767112,
                50.894708814875344
              ],
              [
                4.3944566869015596,
                50.894973157393316
              ],
              [
                4.394477418742597,
                50.89523748756062
              ],
              [
                4.394539018319144,
                50.89549925971189
              ],
              [
                4.394640893054947,
                50.89575595277545
              ],
              [
                4.394782062449977,
                50.89600509455492
              ],
              [
                4.394961167499774,
                50.89624428554186
              ],
              [
                4.3951764837628735,
                50.8964712220295
              ],
              [
                4.395425937951274,
                50.89668371830516
              ],
              [
                4.395707127884837,
                50.89687972770717
              ],
              [
                4.3960173456179,
                50.897057362343254
              ],
              [
                4.396353603515683,
                50.89721491128022
              ],
              [
                4.39671266302948,
                50.89735085702941
              ],
              [
                4.397091065893385,
                50.897463890168886
              ],
              [
                4.397485167441825,
                50.89755292196123
              ],
              [
                4.3978911717265765,
                50.89761709484496
              ],
              [
                4.398305168094357,
                50.897655790698714
              ],
              [
                4.398723168872017,
                50.8976686367979
              ],
              [
                4.399141147795447,
                50.89765550940664
              ],
              [
                4.399555078811147,
                50.89761653497024
              ],
              [
                4.399960974875774,
                50.89755208889667
              ],
              [
                4.400354926378958,
                50.89746279193867
              ],
              [
                4.400733138818422,
                50.89734950421173
              ],
              [
                4.401091969363628,
                50.897213316905415
              ],
              [
                4.401427961955058,
                50.897055541768175
              ],
              [
                4.401737880600459,
                50.89687769846725
              ],
              [
                4.402018740546893,
                50.896681499945416
              ],
              [
                4.402267837028121,
                50.89646883591627
              ],
              [
                4.402482771310322,
                50.896241754656856
              ],
              [
                4.402661473785483,
                50.8960024432739
              ],
              [
                4.402802223890288,
                50.89575320663336
              ],
              [
                4.402903666659202,
                50.895496445156894
              ],
              [
                4.402964825752971,
                50.8952346316993
              ],
              [
                4.402985112837854,
                50.894970287729635
              ],
              [
                4.402964333226163,
                50.89470595904572
              ],
              [
                4.402902687724775,
                50.894444191255914
              ],
              [
                4.402800770674812,
                50.894187505264284
              ],
              [
                4.402659564202409,
                50.893938372995414
              ],
              [
                4.402480428736891,
                50.89369919359229
              ],
              [
                4.402265089888582,
                50.89347227031651
              ],
              [
                4.402015621813418,
                50.893259788373015
              ],
              [
                4.4017344272252,
                50.89306379387273
              ]
            ]
          ],
          [
            [
              [
                4.404716856111407,
                50.90477383379119
              ],
              [
                4.404322680237769,
                50.90468482646176
              ],
              [
                4.4039166060443256,
                50.90462067595117
              ],
              [
                4.4035025436372734,
                50.90458199996251
              ],
              [
                4.403084480001945,
                50.90456917090434
              ],
              [
                4.402666440631406,
                50.904582312306644
              ],
              [
                4.402252450785201,
                50.90462129763191
              ],
              [
                4.401846496750338,
                50.90468575149296
              ],
              [
                4.401452487476587,
                50.904775053265745
              ],
              [
                4.401074216954573,
                50.904888343062325
              ],
              [
                4.400715327698096,
                50.90502453000684
              ],
              [
                4.4003792756815665,
                50.90518230273484
              ],
              [
                4.400069297069585,
                50.90536014201507
              ],
              [
                4.399788377058596,
                50.90555633537262
              ],
              [
                4.399539221130389,
                50.90576899357276
              ],
              [
                4.39932422899421,
                50.90599606880699
              ],
              [
                4.3991454714685085,
                50.90623537440674
              ],
              [
                4.399004670525272,
                50.906484605894754
              ],
              [
                4.398903182689622,
                50.90674136317215
              ],
              [
                4.398841985955176,
                50.90700317362744
              ],
              [
                4.398821670341983,
                50.90726751594515
              ],
              [
                4.398842432188874,
                50.90753184438518
              ],
              [
                4.398904072236152,
                50.90779361329879
              ],
              [
                4.399005997518126,
                50.9080503016454
              ],
              [
                4.399147227048265,
                50.90829943727408
              ],
              [
                4.399326401243201,
                50.908538620735584
              ],
              [
                4.399326416622658,
                50.908538636938665
              ],
              [
                4.3993294010041,
                50.90854262083013
              ],
              [
                4.399544794789483,
                50.90876954848435
              ],
              [
                4.399794334100279,
                50.90898203470852
              ],
              [
                4.400075615936601,
                50.909178032937746
              ],
              [
                4.4003859314676665,
                50.909355655387316
              ],
              [
                4.400722292116731,
                50.90951319124139
              ],
              [
                4.4010814583453515,
                50.90964912313731
              ],
              [
                4.401459970859659,
                50.90976214178653
              ],
              [
                4.401854183937798,
                50.909851158591195
              ],
              [
                4.402260300557114,
                50.909915316134175
              ],
              [
                4.4026744089821275,
                50.909953996441864
              ],
              [
                4.403092520460147,
                50.90996682693939
              ],
              [
                4.403510607660587,
                50.90995368404115
              ],
              [
                4.40392464348683,
                50.90991469434184
              ],
              [
                4.404330639885825,
                50.90985023339644
              ],
              [
                4.404724686280649,
                50.90976092210093
              ],
              [
                4.4051029872549385,
                50.90964762070893
              ],
              [
                4.405461899125347,
                50.90951142054161
              ],
              [
                4.4057979650490555,
                50.90935363347135
              ],
              [
                4.406107948327553,
                50.9091757792803
              ],
              [
                4.406388863585495,
                50.90897957101613
              ],
              [
                4.406638005524078,
                50.90876689848628
              ],
              [
                4.406852974971889,
                50.90853981004972
              ],
              [
                4.407031701982491,
                50.90830049288225
              ],
              [
                4.407172465756571,
                50.908051251905526
              ],
              [
                4.407273911197285,
                50.90779448758299
              ],
              [
                4.407335061940005,
                50.90753267279681
              ],
              [
                4.407355329731787,
                50.90726832902883
              ],
              [
                4.407334520071112,
                50.90700400207492
              ],
              [
                4.4072728340545995,
                50.90674223752672
              ],
              [
                4.4071708664138765,
                50.90648555625707
              ],
              [
                4.407029599762575,
                50.90623643014505
              ],
              [
                4.406850395109804,
                50.905997258274304
              ],
              [
                4.406850379728581,
                50.90599724207219
              ],
              [
                4.40684739487075,
                50.90599325836886
              ],
              [
                4.406631978526165,
                50.905766343922664
              ],
              [
                4.4063824253615795,
                50.905553872025735
              ],
              [
                4.406101138910279,
                50.90535788869222
              ],
              [
                4.4057908281814475,
                50.905180281134186
              ],
              [
                4.40545448156837,
                50.90502275959493
              ],
              [
                4.405095338071208,
                50.90488684088678
              ],
              [
                4.404716856111407,
                50.90477383379119
              ]
            ]
          ]
        ]
      },
      "properties": {
        "type": "buffer_union_300m",
        "buffer_m": 300
      }
    },
    {
      "type": "Feature",
      "geometry": {
        "type": "MultiPolygon",
        "coordinates": [
          [
            [
              [
                4.3479853514250975,
                50.83061050611694
              ],
              [
                4.347507473269884,
                50.83042904280383
              ],
              [
                4.347003814782767,
                50.83027811578622
              ],
              [
                4.3464792256931455,
                50.83015917827764
              ],
              [
                4.345938757133654,
                50.830073375468146
              ],
              [
                4.345387613031387,
                50.83002153350503
              ],
              [
                4.344831100032756,
                50.8300041515434
              ],
              [
                4.344274576442632,
                50.830021396943316
              ],
              [
                4.34372340066779,
                50.830073103659615
              ],
              [
                4.343182879659393,
                50.830158773839344
              ],
              [
                4.342658217849197,
                50.830277582612304
              ],
              [
                4.342154467069576,
                50.83042838602797
              ],
              [
                4.3416764779380195,
                50.83060973206299
              ],
              [
                4.341228853172925,
                50.8308198745937
              ],
              [
                4.340815903289134,
                50.831056790199185
              ],
              [
                4.340441605099005,
                50.831318197633884
              ],
              [
                4.340109563418189,
                50.83160157978253
              ],
              [
                4.339822976344707,
                50.83190420788681
              ],
              [
                4.339584604445876,
                50.83222316781054
              ],
              [
                4.3393967441503705,
                50.83255538809159
              ],
              [
                4.33926120560251,
                50.83289766951021
              ],
              [
                4.339179295193205,
                50.83324671589
              ],
              [
                4.339151802937173,
                50.83359916583491
              ],
              [
                4.339178994819605,
                50.83395162509703
              ],
              [
                4.339260610187711,
                50.83430069926366
              ],
              [
                4.33939586421407,
                50.8346430264487
              ],
              [
                4.339583455409847,
                50.83497530967381
              ],
              [
                4.339821578117292,
                50.83529434862694
              ],
              [
                4.339878000761711,
                50.835353995116606
              ],
              [
                4.339840894927709,
                50.8354476975404
              ],
              [
                4.3397589843794115,
                50.83579674408148
              ],
              [
                4.3397314949776575,
                50.83614919391613
              ],
              [
                4.339758692680283,
                50.836501652797544
              ],
              [
                4.339840316778577,
                50.83685072631665
              ],
              [
                4.339975582361163,
                50.837193052593605
              ],
              [
                4.340163187828023,
                50.83752533465877
              ],
              [
                4.3404013273840585,
                50.837844372211315
              ],
              [
                4.3406877083934345,
                50.83814709244913
              ],
              [
                4.340689112257796,
                50.8381482916736
              ],
              [
                4.340692708103615,
                50.83815209264774
              ],
              [
                4.341024573204611,
                50.838435579857105
              ],
              [
                4.341398726648758,
                50.83869710354722
              ],
              [
                4.341811565254666,
                50.83893414472076
              ],
              [
                4.342259113041326,
                50.83914442016026
              ],
              [
                4.342737059523571,
                50.839325904431604
              ],
              [
                4.343240801238053,
                50.839476849404036
              ],
              [
                4.343499325479616,
                50.83953545999598
              ],
              [
                4.343319444647646,
                50.83972539696652
              ],
              [
                4.342982557274272,
                50.83977878011453
              ],
              [
                4.342457787604473,
                50.83989758767766
              ],
              [
                4.3419539331069545,
                50.84004838983435
              ],
              [
                4.341475845397745,
                50.840229734573484
              ],
              [
                4.341028128144356,
                50.84043987578384
              ],
              [
                4.340615092752189,
                50.84067679005722
              ],
              [
                4.340240716857038,
                50.840938196160955
              ],
              [
                4.339908606022941,
                50.84122157699263
              ],
              [
                4.339621959014039,
                50.84152420380659
              ],
              [
                4.339383536975091,
                50.841843162479165
              ],
              [
                4.339195636817961,
                50.84217538156024
              ],
              [
                4.339167473601504,
                50.842246488232746
              ],
              [
                4.33889400976465,
                50.84232832200868
              ],
              [
                4.338415887067231,
                50.84250965415851
              ],
              [
                4.337968134423969,
                50.84271978355378
              ],
              [
                4.337555063580959,
                50.842956686900116
              ],
              [
                4.337180652515294,
                50.84321808307003
              ],
              [
                4.336848507129633,
                50.843501455056796
              ],
              [
                4.336561826520806,
                50.84380407419998
              ],
              [
                4.336323372157126,
                50.84412302644979
              ],
              [
                4.336135441261756,
                50.84445524041799
              ],
              [
                4.335999844659344,
                50.844797516945704
              ],
              [
                4.335917889300395,
                50.84514655990366
              ],
              [
                4.335890365633077,
                50.84549900792881
              ],
              [
                4.335890752997192,
                50.84550403219323
              ],
              [
                4.33589036442489,
                50.84550900792879
              ],
              [
                4.33591753874328,
                50.845861466790794
              ],
              [
                4.335999150570234,
                50.84621054208177
              ],
              [
                4.336134415113055,
                50.84655287190485
              ],
              [
                4.336322030782234,
                50.84688515925628
              ],
              [
                4.336560191684873,
                50.8472042037843
              ],
              [
                4.336846604979967,
                50.84750693261966
              ],
              [
                4.3371785129297695,
                50.84779042998037
              ],
              [
                4.337518653860332,
                50.848028156790335
              ],
              [
                4.337496325458435,
                50.84831418571057
              ],
              [
                4.337523513440157,
                50.848666643925846
              ],
              [
                4.337605142063701,
                50.849015717827214
              ],
              [
                4.337740426374735,
                50.84935804553114
              ],
              [
                4.337928064593473,
                50.849690330054266
              ],
              [
                4.338166250609935,
                50.85000937107207
              ],
              [
                4.338452691341305,
                50.85031209574908
              ],
              [
                4.338511094082887,
                50.85036197517798
              ],
              [
                4.338301641446606,
                50.85058305170822
              ],
              [
                4.33806316449859,
                50.85090200689486
              ],
              [
                4.337875218796009,
                50.851234223025145
              ],
              [
                4.337739615306423,
                50.85157650091934
              ],
              [
                4.337657661046999,
                50.85192554443504
              ],
              [
                4.337630146455673,
                50.8522779922038
              ],
              [
                4.337657337733702,
                50.85263044999869
              ],
              [
                4.337738974235094,
                50.85297952342115
              ],
              [
                4.337874270929846,
                50.853321850592245
              ],
              [
                4.338061925919089,
                50.85365413453375
              ],
              [
                4.338300132931491,
                50.85397317492672
              ],
              [
                4.338586598682165,
                50.854275898941715
              ],
              [
                4.338918564928303,
                50.85455939084315
              ],
              [
                4.339292835010311,
                50.85482092008234
              ],
              [
                4.339705804623665,
                50.8550579676085
              ],
              [
                4.34015349652567,
                50.85526825014295
              ],
              [
                4.340631598843071,
                50.855449742183204
              ],
              [
                4.34113550661141,
                50.85560069552361
              ],
              [
                4.341660366145551,
                50.855719656104704
              ],
              [
                4.34220112181322,
                50.855805478027754
              ],
              [
                4.3427525647599445,
                50.85585733459996
              ],
              [
                4.343309383114748,
                50.855874726302815
              ],
              [
                4.343866213191503,
                50.855857485606926
              ],
              [
                4.344417691191089,
                50.855805778587055
              ],
              [
                4.344958504904649,
                50.855720103321154
              ],
              [
                4.345483444918199,
                50.85560128508938
              ],
              [
                4.345987454823738,
                50.855450468419214
              ],
              [
                4.346465679951679,
                50.85526910605379
              ],
              [
                4.346913514153906,
                50.85505894494973
              ],
              [
                4.347326644185728,
                50.85482200944
              ],
              [
                4.347579070857561,
                50.85464577316147
              ],
              [
                4.347400260086885,
                50.85483454229711
              ],
              [
                4.347161823314565,
                50.855153515601344
              ],
              [
                4.3469739249259725,
                50.85548574591342
              ],
              [
                4.346838375433364,
                50.85582803391701
              ],
              [
                4.346756481334231,
                50.85617708337221
              ],
              [
                4.3467290324874295,
                50.85652953285331
              ],
              [
                4.3467562944613105,
                50.85688198811682
              ],
              [
                4.346838005929235,
                50.85723105478842
              ],
              [
                4.346973381139356,
                50.85757337105414
              ],
              [
                4.347161117436713,
                50.857905640040656
              ],
              [
                4.347399407766916,
                50.85822466157301
              ],
              [
                4.347685958042584,
                50.85852736300329
              ],
              [
                4.348018009206734,
                50.85881082881337
              ],
              [
                4.348392363781738,
                50.85907232870584
              ],
              [
                4.348805416649082,
                50.85930934391247
              ],
              [
                4.349253189763968,
                50.859519591465855
              ],
              [
                4.349731370470665,
                50.85970104620038
              ],
              [
                4.3502353530494124,
                50.859851960269765
              ],
              [
                4.350760283094237,
                50.85997087999274
              ],
              [
                4.351301104293445,
                50.86005665986419
              ],
              [
                4.351852607161121,
                50.86010847359633
              ],
              [
                4.352409479248919,
                50.86012582208326
              ],
              [
                4.352966356352982,
                50.86010853821198
              ],
              [
                4.353517874221101,
                50.86005678847307
              ],
              [
                4.354058720260334,
                50.85997107135599
              ],
              [
                4.354583684745333,
                50.85985221254407
              ],
              [
                4.35508771103244,
                50.859701356955675
              ],
              [
                4.355090253983544,
                50.85970039239465
              ],
              [
                4.35537772564504,
                50.859614350413665
              ],
              [
                4.355855956902158,
                50.85943294998014
              ],
              [
                4.356303788786418,
                50.85922275327441
              ],
              [
                4.35651963813135,
                50.859098940963676
              ],
              [
                4.35707385694288,
                50.85908171975974
              ],
              [
                4.357625358236849,
                50.85902995069639
              ],
              [
                4.358166184966172,
                50.85894421461881
              ],
              [
                4.358691127591574,
                50.85882533739293
              ],
              [
                4.359195129680047,
                50.85867446411451
              ],
              [
                4.359673336637517,
                50.85849304807194
              ],
              [
                4.360121142491164,
                50.85828283673882
              ],
              [
                4.36053423426968,
                50.85804585493193
              ],
              [
                4.360908633553223,
                50.857784385296966
              ],
              [
                4.361107136629036,
                50.85761496907994
              ],
              [
                4.361226173422463,
                50.85756980706823
              ],
              [
                4.361673963533523,
                50.85735958975322
              ],
              [
                4.362087039366991,
                50.85712260241704
              ],
              [
                4.362461422656643,
                50.85686112775864
              ],
              [
                4.362793508007153,
                50.85657768430325
              ],
              [
                4.363080097611382,
                50.85627500213302
              ],
              [
                4.363318432033309,
                50.855955996580605
              ],
              [
                4.363506216760659,
                50.855623740140096
              ],
              [
                4.3636416442723895,
                50.855281432865674
              ],
              [
                4.363723411409633,
                50.85493237154414
              ],
              [
                4.3637507318842435,
                50.854579917938025
              ],
              [
                4.36372334380606,
                50.85422746640576
              ],
              [
                4.3636415121581225,
                50.85387841121068
              ],
              [
                4.363506026197831,
                50.85353611383386
              ],
              [
                4.363318191810854,
                50.85320387060551
              ],
              [
                4.36307981889317,
                50.852884880966464
              ],
              [
                4.362793203884357,
                50.8525822166651
              ],
              [
                4.362461107621732,
                50.85229879218619
              ],
              [
                4.3622745296182215,
                50.8521684919702
              ],
              [
                4.3622812529539425,
                50.85215149808488
              ],
              [
                4.36236302474904,
                50.85180243740614
              ],
              [
                4.362364538679363,
                50.85178291275509
              ],
              [
                4.362560613221301,
                50.85204531201029
              ],
              [
                4.3628472234584255,
                50.85234797692536
              ],
              [
                4.3631793223968405,
                50.85263140030719
              ],
              [
                4.363553712098257,
                50.85289285226698
              ],
              [
                4.363966787105343,
                50.85312981449807
              ],
              [
                4.3644145691596155,
                50.85334000454331
              ],
              [
                4.364892745518865,
                50.85352139779097
              ],
              [
                4.365396710504912,
                50.85367224698701
              ],
              [
                4.365921609881027,
                50.85379109907503
              ],
              [
                4.366462387630802,
                50.8538768092014
              ],
              [
                4.367013834686816,
                50.85392855175019
              ],
              [
                4.367570639138378,
                50.85394582830118
              ],
              [
                4.368127437433282,
                50.85392847243427
              ],
              [
                4.3686788660786595,
                50.85387665133362
              ],
              [
                4.369219613341292,
                50.85379086417606
              ],
              [
                4.36974447044762,
                50.853671937319554
              ],
              [
                4.370248381788672,
                50.85352101633791
              ],
              [
                4.370726493644774,
                50.853339554978966
              ],
              [
                4.371174200959434,
                50.85312930115282
              ],
              [
                4.371587191710755,
                50.852892280085484
              ],
              [
                4.37196148845223,
                50.852630774800744
              ],
              [
                4.372085107590283,
                50.85252522532924
              ],
              [
                4.372091484482781,
                50.85252077000369
              ],
              [
                4.3724234810918805,
                50.85223729894509
              ],
              [
                4.372709982215596,
                50.8519345928834
              ],
              [
                4.372948229270198,
                50.85161556738133
              ],
              [
                4.373135928584908,
                50.851283295124986
              ],
              [
                4.373271273461278,
                50.850940976320814
              ],
              [
                4.373352961536217,
                50.85059190786656
              ],
              [
                4.373380207282869,
                50.850239451593325
              ],
              [
                4.373355305870265,
                50.84991981547279
              ],
              [
                4.37341285158455,
                50.849673905067476
              ],
              [
                4.373440096350037,
                50.84932144869021
              ],
              [
                4.3734400186274796,
                50.84932045104194
              ],
              [
                4.373440096108361,
                50.84931944869023
              ],
              [
                4.373412638444398,
                50.84896699890577
              ],
              [
                4.3733307440050275,
                50.84861794996074
              ],
              [
                4.373195202652009,
                50.84827566327593
              ],
              [
                4.373046569005601,
                50.8480128374047
              ],
              [
                4.373161641925415,
                50.84809318460757
              ],
              [
                4.373574723185356,
                50.84833011331905
              ],
              [
                4.3740225024759525,
                50.84854026696649
              ],
              [
                4.374500667081381,
                50.84872162128874
              ],
              [
                4.375004611436491,
                50.84887242940669
              ],
              [
                4.375529481503158,
                50.84899123865962
              ],
              [
                4.376070221547232,
                50.849076904606505
              ],
              [
                4.376266495216441,
                50.849095306846486
              ],
              [
                4.376096627467695,
                50.84932280797768
              ],
              [
                4.375908956910304,
                50.84965508515312
              ],
              [
                4.375773634945791,
                50.84999740712332
              ],
              [
                4.375691965880603,
                50.85034647732109
              ],
              [
                4.375664737406389,
                50.85069893412063
              ],
              [
                4.375692212968979,
                50.851051383207654
              ],
              [
                4.375774129184363,
                50.85140043026707
              ],
              [
                4.375909698328292,
                50.85174271367346
              ],
              [
                4.376097615877403,
                50.85207493686972
              ],
              [
                4.376336073030906,
                50.85239390012165
              ],
              [
                4.376622774093892,
                50.85269653134244
              ],
              [
                4.376954958556223,
                50.852979915689964
              ],
              [
                4.377329427655535,
                50.853241323651304
              ],
              [
                4.377742575169401,
                50.85347823734354
              ],
              [
                4.378190422140602,
                50.853688374776965
              ],
              [
                4.378668655201305,
                50.85386971184658
              ],
              [
                4.379172668126852,
                50.854020501839415
              ],
              [
                4.379697606218467,
                50.85413929226935
              ],
              [
                4.379719971286041,
                50.85414283424037
              ],
              [
                4.379803313172432,
                50.85416169373237
              ],
              [
                4.380344120490935,
                50.854247339851796
              ],
              [
                4.380895587166541,
                50.85429901713509
              ],
              [
                4.381452401099467,
                50.85431622779076
              ],
              [
                4.382009198646127,
                50.85429880603344
              ],
              [
                4.382560616320888,
                50.85424691968197
              ],
              [
                4.383101342496297,
                50.85416106854174
              ],
              [
                4.3836261686020785,
                50.854042079587025
              ],
              [
                4.384130039328086,
                50.85389109898978
              ],
              [
                4.384608101346135,
                50.85370958107206
              ],
              [
                4.385055750080095,
                50.85349927428873
              ],
              [
                4.385468674072668,
                50.85326220437586
              ],
              [
                4.385842896520728,
                50.85300065482765
              ],
              [
                4.386174813578691,
                50.85271714489056
              ],
              [
                4.386461229060847,
                50.852414405286886
              ],
              [
                4.386699385208652,
                50.85209535190229
              ],
              [
                4.386886989227178,
                50.85176305769134
              ],
              [
                4.3870222353360395,
                50.851420723071804
              ],
              [
                4.387103822123567,
                50.85107164509357
              ],
              [
                4.387118098311418,
                50.85088626490161
              ],
              [
                4.387227015629754,
                50.850903508054316
              ],
              [
                4.38777845063906,
                50.850955153027755
              ],
              [
                4.388335227477827,
                50.85097233102796
              ],
              [
                4.388891982859857,
                50.85095487658412
              ],
              [
                4.389443353705781,
                50.85090295782993
              ],
              [
                4.389984028839368,
                50.8508170748829
              ],
              [
                4.390508800182163,
                50.8506980550237
              ],
              [
                4.391012612951698,
                50.850547044721935
              ],
              [
                4.391490614378225,
                50.8503654985858
              ],
              [
                4.391938200469429,
                50.850155165341924
              ],
              [
                4.392351060371562,
                50.84991807098121
              ],
              [
                4.392725217898967,
                50.84965649923333
              ],
              [
                4.393057069831491,
                50.849372969558495
              ],
              [
                4.393343420610785,
                50.84907021286909
              ],
              [
                4.393581513101546,
                50.848751145215246
              ],
              [
                4.393769055121964,
                50.84841883968891
              ],
              [
                4.393904241488738,
                50.848076496816766
              ],
              [
                4.393985771365499,
                50.84772741372812
              ],
              [
                4.394012860748978,
                50.84737495239486
              ],
              [
                4.393985249974272,
                50.84702250724949
              ],
              [
                4.393903206168636,
                50.84667347249354
              ],
              [
                4.3937675206320135,
                50.84633120941096
              ],
              [
                4.393579501171302,
                50.84599901400143
              ],
              [
                4.393340959463914,
                50.84568008524497
              ],
              [
                4.393054193573952,
                50.84537749430354
              ],
              [
                4.392721965790743,
                50.84509415495521
              ],
              [
                4.392347476004319,
                50.8448327955461
              ],
              [
                4.391934330875091,
                50.844595932728865
              ],
              [
                4.391486509095186,
                50.84438584724068
              ],
              [
                4.391475955884416,
                50.84438184644507
              ],
              [
                4.39122448327,
                50.84420633354373
              ],
              [
                4.390811349304481,
                50.84396946672944
              ],
              [
                4.390363538510671,
                50.84375937691683
              ],
              [
                4.389885363194342,
                50.84357808701912
              ],
              [
                4.3893814278662315,
                50.84342734261941
              ],
              [
                4.388856584920352,
                50.8433085951727
              ],
              [
                4.388315887932692,
                50.843222988039045
              ],
              [
                4.388018963349589,
                50.84319517648345
              ],
              [
                4.388084148779663,
                50.84291619861735
              ],
              [
                4.388111279636346,
                50.842563738178434
              ],
              [
                4.38808371593028,
                50.84221129117521
              ],
              [
                4.3880017243351945,
                50.84186225182715
              ],
              [
                4.387866095648032,
                50.84151998146252
              ],
              [
                4.387678137128071,
                50.84118777615112
              ],
              [
                4.387439659865759,
                50.84086883496848
              ],
              [
                4.38715296130455,
                50.84056622919619
              ],
              [
                4.386820803085414,
                50.84028287275527
              ],
              [
                4.38648660398613,
                50.840049571297804
              ],
              [
                4.386488972254944,
                50.8400188167347
              ],
              [
                4.386461422202381,
                50.83966636910285
              ],
              [
                4.386379447089159,
                50.83931732837571
              ],
              [
                4.386243837553379,
                50.838975055894835
              ],
              [
                4.386055900669787,
                50.838642847750485
              ],
              [
                4.385817447320396,
                50.83832390304543
              ],
              [
                4.385530774718322,
                50.83802129309522
              ],
              [
                4.385198644254516,
                50.83773793186112
              ],
              [
                4.384824254881899,
                50.837476547899996
              ],
              [
                4.384411212294051,
                50.837239658101026
              ],
              [
                4.3839634941958545,
                50.83702954346124
              ],
              [
                4.383485412000674,
                50.83684822713294
              ],
              [
                4.3829815693227925,
                50.83669745495375
              ],
              [
                4.382456817664334,
                50.8365786786462
              ],
              [
                4.381916209722549,
                50.8364930418482
              ],
              [
                4.381364950766006,
                50.836441369108556
              ],
              [
                4.3808083485465605,
                50.83642415795302
              ],
              [
                4.380251762227878,
                50.8364415740971
              ],
              [
                4.379700550820628,
                50.836493449851574
              ],
              [
                4.379160021619157,
                50.83657928573597
              ],
              [
                4.3786353791343915,
                50.83669825528458
              ],
              [
                4.378131675013083,
                50.836849212998814
              ],
              [
                4.377653759424085,
                50.83703070536963
              ],
              [
                4.377206234378427,
                50.837240984864216
              ],
              [
                4.376793409431638,
                50.837478026742744
              ],
              [
                4.376419260194015,
                50.837739548543645
              ],
              [
                4.376087390047928,
                50.83802303205022
              ],
              [
                4.376086671527738,
                50.838023791522765
              ],
              [
                4.376086389989959,
                50.83802403201049
              ],
              [
                4.375799995370162,
                50.83832674748565
              ],
              [
                4.375561835004829,
                50.8386457799546
              ],
              [
                4.375374203286583,
                50.83897805725626
              ],
              [
                4.3752389081594325,
                50.8393203796215
              ],
              [
                4.375157253670867,
                50.83966945047925
              ],
              [
                4.375130027371616,
                50.84002190819738
              ],
              [
                4.375157492686008,
                50.84037435845278
              ],
              [
                4.3752393863281736,
                50.840723406919054
              ],
              [
                4.375374920790732,
                50.8410656919573
              ],
              [
                4.375562791883835,
                50.84139791699471
              ],
              [
                4.375801191253672,
                50.84171688227937
              ],
              [
                4.375982157531424,
                50.841907951321524
              ],
              [
                4.375470101809073,
                50.84198923895366
              ],
              [
                4.374945389615009,
                50.84210819181522
              ],
              [
                4.37444161568289,
                50.84225913345335
              ],
              [
                4.37396363085361,
                50.84244061051377
              ],
              [
                4.373516037804783,
                50.842650875611156
              ],
              [
                4.373103146746645,
                50.84288790414433
              ],
              [
                4.372728933926033,
                50.84314941378022
              ],
              [
                4.372397003337564,
                50.84343288641934
              ],
              [
                4.372110552010579,
                50.84373559243181
              ],
              [
                4.37187233920631,
                50.84405461693106
              ],
              [
                4.371684659822483,
                50.84438688783281
              ],
              [
                4.371549322262291,
                50.84472920542961
              ],
              [
                4.371467630982071,
                50.84507827319636
              ],
              [
                4.371440373887107,
                50.84543072953072
              ],
              [
                4.371467814698579,
                50.84578318012293
              ],
              [
                4.371549690366885,
                50.84613223064345
              ],
              [
                4.371685213558051,
                50.846474519433556
              ],
              [
                4.371716813755052,
                50.8465304027674
              ],
              [
                4.371742200950872,
                50.84659452203987
              ],
              [
                4.371890822819919,
                50.84685734966759
              ],
              [
                4.371775755097466,
                50.84677700119032
              ],
              [
                4.371362696552488,
                50.846540066040866
              ],
              [
                4.370914948205798,
                50.84632990212234
              ],
              [
                4.370570380458476,
                50.84619919659882
              ],
              [
                4.3705896889495,
                50.84594958671826
              ],
              [
                4.370562254624591,
                50.84559713593687
              ],
              [
                4.370480387220022,
                50.84524808467527
              ],
              [
                4.370344876337052,
                50.844905794376615
              ],
              [
                4.370157028100867,
                50.844573561302894
              ],
              [
                4.369918652540329,
                50.844254584797085
              ],
              [
                4.369632046120007,
                50.84395193648106
              ],
              [
                4.369299969594093,
                50.84366853068566
              ],
              [
                4.369267500580383,
                50.84364585539978
              ],
              [
                4.369640771857298,
                50.84353403899715
              ],
              [
                4.370118784490451,
                50.84335257961105
              ],
              [
                4.370566399414201,
                50.843142327520795
              ],
              [
                4.370979305496558,
                50.84290530793563
              ],
              [
                4.371353526106457,
                50.842643803865045
              ],
              [
                4.371685457415488,
                50.84236033411753
              ],
              [
                4.37197190310008,
                50.84205762902833
              ],
              [
                4.372210105110145,
                50.841738604150784
              ],
              [
                4.372397770208366,
                50.841406332164965
              ],
              [
                4.372533092025403,
                50.84106401327472
              ],
              [
                4.372614768419773,
                50.84071494437856
              ],
              [
                4.3726420139766065,
                50.84036248731193
              ],
              [
                4.372614567526535,
                50.840010036466424
              ],
              [
                4.372532694613981,
                50.839660986098735
              ],
              [
                4.372397184892952,
                50.83931869764334
              ],
              [
                4.372209344477154,
                50.83898646734447
              ],
              [
                4.371970983319865,
                50.838667494518404
              ],
              [
                4.371684397746705,
                50.838364850751574
              ],
              [
                4.371683566257516,
                50.83836414109046
              ],
              [
                4.3716813975729485,
                50.838361850870704
              ],
              [
                4.371349348176418,
                50.83807845044136
              ],
              [
                4.370975033091555,
                50.83781702229151
              ],
              [
                4.37056205729697,
                50.83758008373587
              ],
              [
                4.370114397854743,
                50.83736991624104
              ],
              [
                4.369636365613779,
                50.837188543468294
              ],
              [
                4.36913256370767,
                50.837037711798736
              ],
              [
                4.36860784324623,
                50.83691887352778
              ],
              [
                4.368067256626539,
                50.83683317288996
              ],
              [
                4.3675160089120215,
                50.83678143504876
              ],
              [
                4.366959407746384,
                50.83676415815674
              ],
              [
                4.366402812283166,
                50.836781508562375
              ],
              [
                4.3658515816210475,
                50.83683331920936
              ],
              [
                4.365311023239655,
                50.83691909124418
              ],
              [
                4.364786341930705,
                50.83703799881582
              ],
              [
                4.364282589714541,
                50.837188897022514
              ],
              [
                4.363804617222833,
                50.837370332928174
              ],
              [
                4.363357027014204,
                50.837580559543746
              ],
              [
                4.362944129271293,
                50.83781755263861
              ],
              [
                4.362569900305007,
                50.83807903022098
              ],
              [
                4.362237944265095,
                50.83836247450006
              ],
              [
                4.36195145842561,
                50.83866515611906
              ],
              [
                4.361713202379741,
                50.83898416042642
              ],
              [
                4.361525471441225,
                50.83931641553236
              ],
              [
                4.361410916664547,
                50.83960602972421
              ],
              [
                4.361404593232008,
                50.83952457667538
              ],
              [
                4.361322804389577,
                50.83917551843848
              ],
              [
                4.361187377679676,
                50.83883321698738
              ],
              [
                4.360999618416723,
                50.83850096869158
              ],
              [
                4.360761335772665,
                50.83818197304075
              ],
              [
                4.360474825317268,
                50.837879301841205
              ],
              [
                4.360142846880648,
                50.83759586964423
              ],
              [
                4.35976859795241,
                50.837334405690164
              ],
              [
                4.359355682874402,
                50.83709742763858
              ],
              [
                4.358908078124341,
                50.836887217336425
              ],
              [
                4.358430094024779,
                50.836705798857174
              ],
              [
                4.357926333246019,
                50.83655491902212
              ],
              [
                4.357401646502097,
                50.83643603059041
              ],
              [
                4.356861085865629,
                50.83635027827958
              ],
              [
                4.356309856150004,
                50.83629848775066
              ],
              [
                4.355753264825719,
                50.8362811576635
              ],
              [
                4.3551966709515995,
                50.83629845487876
              ],
              [
                4.354765899630895,
                50.83633890202621
              ],
              [
                4.3547183504905576,
                50.836275230252376
              ],
              [
                4.354431890554685,
                50.835972544130385
              ],
              [
                4.35409996200846,
                50.83568909467787
              ],
              [
                4.353725761861177,
                50.83542761130146
              ],
              [
                4.353312893985085,
                50.835190611847736
              ],
              [
                4.352865334403531,
                50.83498037836974
              ],
              [
                4.352387393004287,
                50.83479893516419
              ],
              [
                4.352370616344203,
                50.834793909224594
              ],
              [
                4.352344405977442,
                50.83468194401808
              ],
              [
                4.3522090575715415,
                50.83433963177826
              ],
              [
                4.352021379693483,
                50.8340073686994
              ],
              [
                4.35178318073144,
                50.83368835441362
              ],
              [
                4.351496755449356,
                50.83338566090677
              ],
              [
                4.3511648628572335,
                50.83310220294497
              ],
              [
                4.350790699618161,
                50.832840710016825
              ],
              [
                4.3503778692490265,
                50.832603700060886
              ],
              [
                4.350258846984136,
                50.83254778399946
              ],
              [
                4.350076237666093,
                50.83222445505882
              ],
              [
                4.349838060931772,
                50.83190543666609
              ],
              [
                4.349551659030568,
                50.831602738260266
              ],
              [
                4.349219790747328,
                50.83131927465468
              ],
              [
                4.348845652511066,
                50.831057775392246
              ],
              [
                4.3484328475979375,
                50.830820758472576
              ],
              [
                4.3479853514250975,
                50.83061050611694
              ]
            ],
            [
              [
                4.3611190090762815,
                50.843002363430635
              ],
              [
                4.360706037408873,
                50.84276539050435
              ],
              [
                4.360258372656484,
                50.842555185684894
              ],
              [
                4.359816197442805,
                50.84238738596922
              ],
              [
                4.3601399369768865,
                50.84216122395974
              ],
              [
                4.360471932488248,
                50.84187778591662
              ],
              [
                4.3604740988430155,
                50.84187549737143
              ],
              [
                4.360474932314408,
                50.84187478579749
              ],
              [
                4.360761447218465,
                50.841572108053484
              ],
              [
                4.360999722837442,
                50.84125310590739
              ],
              [
                4.361187465224825,
                50.84092085182042
              ],
              [
                4.361302024581664,
                50.84063123795178
              ],
              [
                4.3613083479853465,
                50.8407126909813
              ],
              [
                4.361390139394616,
                50.84106174908047
              ],
              [
                4.361525574000264,
                50.841404050087185
              ],
              [
                4.361713348574345,
                50.84173629727505
              ],
              [
                4.36195165569289,
                50.84205529067889
              ],
              [
                4.362238201105928,
                50.842357957921664
              ],
              [
                4.362239032523167,
                50.84235866764896
              ],
              [
                4.3622412009321065,
                50.84236095804081
              ],
              [
                4.3625732256679335,
                50.84264438392482
              ],
              [
                4.362605690761027,
                50.842667061070266
              ],
              [
                4.362232409636973,
                50.842778855107646
              ],
              [
                4.361754372400056,
                50.84296028237678
              ],
              [
                4.361338408361969,
                50.843155619956384
              ],
              [
                4.3611190090762815,
                50.843002363430635
              ]
            ]
          ],
          [
            [
              [
                4.348828280380789,
                50.8617977977458
              ],
              [
                4.348415205525578,
                50.86156078278581
              ],
              [
                4.347967416710552,
                50.86135053215489
              ],
              [
                4.347489226030883,
                50.861169070314865
              ],
              [
                4.346985238146071,
                50.86101814450448
              ],
              [
                4.346460305956778,
                50.860899207925506
              ],
              [
                4.345919483898635,
                50.86081340575908
              ],
              [
                4.34536797930171,
                50.86076156414619
              ],
              [
                4.344811102282641,
                50.86074418223858
              ],
              [
                4.344254214650417,
                50.8607614273958
              ],
              [
                4.343702678316142,
                50.860813133574986
              ],
              [
                4.343161803701827,
                50.860898802928425
              ],
              [
                4.342636798643236,
                50.86101761059388
              ],
              [
                4.342132718277167,
                50.86116841263156
              ],
              [
                4.342118124512239,
                50.86117394579251
              ],
              [
                4.341836845028915,
                50.86123759598251
              ],
              [
                4.341332759736145,
                50.86138839457372
              ],
              [
                4.34085445252722,
                50.86156973570102
              ],
              [
                4.340406529183014,
                50.86177987328803
              ],
              [
                4.340405937076345,
                50.86178021275723
              ],
              [
                4.340404529224654,
                50.8617808732274
              ],
              [
                4.339991303116113,
                50.86201778389381
              ],
              [
                4.339616753734082,
                50.862279186449385
              ],
              [
                4.339284488313456,
                50.86256256382594
              ],
              [
                4.338997707107435,
                50.86286518731118
              ],
              [
                4.338759172553674,
                50.863184142813516
              ],
              [
                4.338571182648308,
                50.8635163589134
              ],
              [
                4.338435548785101,
                50.86385863643147
              ],
              [
                4.338353578274314,
                50.86420767922892
              ],
              [
                4.338326061711013,
                50.86456012594422
              ],
              [
                4.3383532653160835,
                50.864912582360596
              ],
              [
                4.338434928325455,
                50.86526165409272
              ],
              [
                4.338570265454446,
                50.865603979277964
              ],
              [
                4.338757974415337,
                50.86593626095717
              ],
              [
                4.338996248417505,
                50.86625529883319
              ],
              [
                4.339282793531299,
                50.86655802010078
              ],
              [
                4.3396148507498875,
                50.86684150905074
              ],
              [
                4.339989222537725,
                50.86710303516286
              ],
              [
                4.340402303610844,
                50.86734007941636
              ],
              [
                4.340850115653048,
                50.86755035856409
              ],
              [
                4.341328345633856,
                50.86773184713613
              ],
              [
                4.3418323873590206,
                50.86788279696024
              ],
              [
                4.342357385852902,
                50.86800175401073
              ],
              [
                4.342898284144462,
                50.868087572422944
              ],
              [
                4.343449872005099,
                50.86813942553784
              ],
              [
                4.344006836167621,
                50.86815681387017
              ],
              [
                4.34456381154105,
                50.86813956992307
              ],
              [
                4.3451154329263435,
                50.86808785980258
              ],
              [
                4.345311387537852,
                50.868056824139344
              ],
              [
                4.34494476604975,
                50.86822881777324
              ],
              [
                4.344531506127187,
                50.8684657439979
              ],
              [
                4.3441569306048535,
                50.86872716056995
              ],
              [
                4.3438246469695745,
                50.8690105502862
              ],
              [
                4.343537855650205,
                50.869313184315516
              ],
              [
                4.343299319182092,
                50.869632148464746
              ],
              [
                4.343111335580134,
                50.869964371231134
              ],
              [
                4.342975716177746,
                50.87030665337098
              ],
              [
                4.342908617687219,
                50.87059244970359
              ],
              [
                4.342783720533755,
                50.870639795301194
              ],
              [
                4.342335719348561,
                50.87084993971341
              ],
              [
                4.341922423214624,
                50.87108685657227
              ],
              [
                4.34154781227871,
                50.87134826462025
              ],
              [
                4.341215494368625,
                50.8716316467363
              ],
              [
                4.340928670243267,
                50.87193427416246
              ],
              [
                4.34069010275391,
                50.87225323276926
              ],
              [
                4.340502090214223,
                50.87258545110724
              ],
              [
                4.34036644423636,
                50.87292772997546
              ],
              [
                4.340284472247699,
                50.8732767732221
              ],
              [
                4.340256964858011,
                50.87362921948133
              ],
              [
                4.340284188200315,
                50.873981674540715
              ],
              [
                4.340365881320922,
                50.87433074402799
              ],
              [
                4.340501258645599,
                50.874673066102126
              ],
              [
                4.34052213271697,
                50.87471000729352
              ],
              [
                4.340531252365552,
                50.87473306747445
              ],
              [
                4.340719011671806,
                50.87506534515252
              ],
              [
                4.340957345293035,
                50.87538437821636
              ],
              [
                4.341243958725679,
                50.875687093907025
              ],
              [
                4.341530402425481,
                50.87593157960173
              ],
              [
                4.341526680553281,
                50.87597928097751
              ],
              [
                4.341530251343238,
                50.876025493018346
              ],
              [
                4.341013209574722,
                50.875943467357175
              ],
              [
                4.3404615327750475,
                50.8758916029032
              ],
              [
                4.339904478224578,
                50.87587419778074
              ],
              [
                4.339902970378575,
                50.87587424439941
              ],
              [
                4.339901478454202,
                50.87587419778078
              ],
              [
                4.3393444096697795,
                50.87589141955867
              ],
              [
                4.338792690305192,
                50.87594310243341
              ],
              [
                4.338251632544328,
                50.87602874878168
              ],
              [
                4.337726445985976,
                50.87614753396277
              ],
              [
                4.337222187514165,
                50.876298314253376
              ],
              [
                4.336743712634092,
                50.87647963785296
              ],
              [
                4.336295628740908,
                50.876689758854006
              ],
              [
                4.335882250770252,
                50.876926654042975
              ],
              [
                4.335507559656799,
                50.8771880423711
              ],
              [
                4.335175164000334,
                50.87747140690725
              ],
              [
                4.334888265308395,
                50.8777740190628
              ],
              [
                4.334649627150341,
                50.87809296485535
              ],
              [
                4.334461548520458,
                50.878425172958956
              ],
              [
                4.334325841667492,
                50.87876744427126
              ],
              [
                4.334243814605257,
                50.8791164827133
              ],
              [
                4.334216258474149,
                50.87946892696554
              ],
              [
                4.334243439876873,
                50.879821382834976
              ],
              [
                4.33432509826397,
                50.8801704559416
              ],
              [
                4.334460448396055,
                50.880512784409554
              ],
              [
                4.3345605025226845,
                50.8806898744372
              ],
              [
                4.3346518053981065,
                50.880920793156776
              ],
              [
                4.334839547847336,
                50.881253079650186
              ],
              [
                4.335077872931108,
                50.881572124086425
              ],
              [
                4.335364486228438,
                50.88187485359707
              ],
              [
                4.335696628076341,
                50.882158352393525
              ],
              [
                4.3360711001246015,
                50.882419889860714
              ],
              [
                4.336484296123899,
                50.882656946868465
              ],
              [
                4.3369322366512835,
                50.88286724004677
              ],
              [
                4.337410607438787,
                50.8830487437905
              ],
              [
                4.337914800935851,
                50.88319970978129
              ],
              [
                4.337992811489716,
                50.883217383127146
              ],
              [
                4.3379415986373795,
                50.88324672918456
              ],
              [
                4.337566868568431,
                50.88350812361189
              ],
              [
                4.3372344406104455,
                50.883791493464805
              ],
              [
                4.336947516582201,
                50.884094110103526
              ],
              [
                4.336708860297273,
                50.88441305950246
              ],
              [
                4.336520770924785,
                50.884745270300925
              ],
              [
                4.336385060817234,
                50.88508754337063
              ],
              [
                4.336303038020106,
                50.885436582615654
              ],
              [
                4.336297359336585,
                50.885509244623975
              ],
              [
                4.335921468451693,
                50.885568725527605
              ],
              [
                4.335396169328584,
                50.885687499954436
              ],
              [
                4.334891800954858,
                50.88583826981792
              ],
              [
                4.334413219893752,
                50.88601958341792
              ],
              [
                4.333965034562691,
                50.886229694943204
              ],
              [
                4.333551560874002,
                50.88646658127159
              ],
              [
                4.333176780684049,
                50.88672796143958
              ],
              [
                4.332844303450444,
                50.887011318594695
              ],
              [
                4.33255733146643,
                50.88731392421941
              ],
              [
                4.332318629007372,
                50.887632864394284
              ],
              [
                4.33213049568707,
                50.88796506784749
              ],
              [
                4.331994744281303,
                50.888307335521475
              ],
              [
                4.331912683233359,
                50.888656371372356
              ],
              [
                4.331885104011386,
                50.88900881410561
              ],
              [
                4.331898067105494,
                50.889176978514875
              ],
              [
                4.331381671591257,
                50.88925866546627
              ],
              [
                4.330856319716594,
                50.88937741944961
              ],
              [
                4.330351897142845,
                50.88952816964462
              ],
              [
                4.329873260954978,
                50.889709464540566
              ],
              [
                4.329425020101101,
                50.889919558506314
              ],
              [
                4.3290114910280515,
                50.89015642858879
              ],
              [
                4.328636656125409,
                50.89041779398098
              ],
              [
                4.328304125377568,
                50.89070113797267
              ],
              [
                4.328017101593054,
                50.8910037321732
              ],
              [
                4.327973479512184,
                50.89106200393673
              ],
              [
                4.327731563478274,
                50.89102360844473
              ],
              [
                4.327179724210348,
                50.89097168178283
              ],
              [
                4.326622495720438,
                50.89095421369239
              ],
              [
                4.3260652432008815,
                50.890971372362756
              ],
              [
                4.325513332075215,
                50.891022992583785
              ],
              [
                4.32497207637321,
                50.89110857733548
              ],
              [
                4.324446687599033,
                50.8912273025702
              ],
              [
                4.323942224583276,
                50.89137802514189
              ],
              [
                4.323463544800164,
                50.89155929380582
              ],
              [
                4.323015257617417,
                50.89176936318347
              ],
              [
                4.322601679927813,
                50.89200621055851
              ],
              [
                4.322226794588914,
                50.89226755534264
              ],
              [
                4.321894212070644,
                50.89255088102415
              ],
              [
                4.321607135679929,
                50.89285345938869
              ],
              [
                4.321368330697445,
                50.893172376779376
              ],
              [
                4.321180097724253,
                50.893504562143875
              ],
              [
                4.321044250495836,
                50.893846816598995
              ],
              [
                4.320962098378391,
                50.894195844228236
              ],
              [
                4.320934433717287,
                50.894548283816356
              ],
              [
                4.320959820378082,
                50.89487857448001
              ],
              [
                4.320957590287169,
                50.89490698493898
              ],
              [
                4.320984681111797,
                50.89525944229573
              ],
              [
                4.3210662677833795,
                50.89560852305837
              ],
              [
                4.3212015657540945,
                50.89595086527746
              ],
              [
                4.321389273115011,
                50.89628317182993
              ],
              [
                4.321627583092504,
                50.896602242179135
              ],
              [
                4.321914201411913,
                50.89690500320717
              ],
              [
                4.322246368362653,
                50.89718853882195
              ],
              [
                4.322620885353408,
                50.89745011805385
              ],
              [
                4.323034145702558,
                50.8976872213704
              ],
              [
                4.323482169367796,
                50.897897564955585
              ],
              [
                4.323960641280686,
                50.89807912271878
              ],
              [
                4.324464952916804,
                50.89823014582124
              ],
              [
                4.324990246700558,
                50.89834917953141
              ],
              [
                4.325531462816242,
                50.89843507724615
              ],
              [
                4.326083387973312,
                50.898487011542485
              ],
              [
                4.326640705654871,
                50.89850448215318
              ],
              [
                4.32719804736384,
                50.89848732078878
              ],
              [
                4.327750044371526,
                50.89843569275984
              ],
              [
                4.328291379468448,
                50.898350095383464
              ],
              [
                4.32881683821719,
                50.898231353189594
              ],
              [
                4.329321359211972,
                50.898080609973384
              ],
              [
                4.329800082859301,
                50.897899317770516
              ],
              [
                4.330248398208506,
                50.89768922286193
              ],
              [
                4.330661987380014,
                50.89745234894314
              ],
              [
                4.33103686716263,
                50.89719097762091
              ],
              [
                4.331369427378704,
                50.896907626425445
              ],
              [
                4.331560238280114,
                50.89670647001267
              ],
              [
                4.33162661238968,
                50.896649916222934
              ],
              [
                4.331913647425851,
                50.896347313696445
              ],
              [
                4.331998518239385,
                50.896233937793866
              ],
              [
                4.332470700994828,
                50.89627834429411
              ],
              [
                4.333027994837147,
                50.89629578459832
              ],
              [
                4.333585307994703,
                50.89627859290396
              ],
              [
                4.334137272013907,
                50.89622693481375
              ],
              [
                4.3346785700031445,
                50.896141307934364
              ],
              [
                4.3352039878825686,
                50.89602253707994
              ],
              [
                4.33570846464022,
                50.89587176632168
              ],
              [
                4.336187141108867,
                50.895690447960554
              ],
              [
                4.3366354067924355,
                50.89548032852944
              ],
              [
                4.337048944289896,
                50.89524343196004
              ],
              [
                4.337423770887927,
                50.89498204007725
              ],
              [
                4.337756276921273,
                50.89469867060927
              ],
              [
                4.338043260531173,
                50.89439605292588
              ],
              [
                4.338281958487325,
                50.89407710173887
              ],
              [
                4.338470072777045,
                50.893744889019025
              ],
              [
                4.338605792706438,
                50.89340261439974
              ],
              [
                4.338687812301862,
                50.89305357435358
              ],
              [
                4.3387153428455285,
                50.89270113043849
              ],
              [
                4.338702629549565,
                50.89253652979232
              ],
              [
                4.339221973492342,
                50.89245434783089
              ],
              [
                4.339747338629813,
                50.89233555651667
              ],
              [
                4.340251761193884,
                50.89218476607475
              ],
              [
                4.340730382539478,
                50.892003428995736
              ],
              [
                4.341178592701611,
                50.891793291992734
              ],
              [
                4.341592074814153,
                50.891556379166715
              ],
              [
                4.341966846697339,
                50.89129497249912
              ],
              [
                4.342299299212977,
                50.891011589860526
              ],
              [
                4.3425862310178,
                50.890708960747475
              ],
              [
                4.3428248793804585,
                50.89038999998189
              ],
              [
                4.343012946765875,
                50.89005777962669
              ],
              [
                4.343148622931816,
                50.8897154993888
              ],
              [
                4.343230602326004,
                50.88936645579485
              ],
              [
                4.343236555606626,
                50.889290142001826
              ],
              [
                4.343608981768296,
                50.889231189434376
              ],
              [
                4.344134299753491,
                50.88911237837708
              ],
              [
                4.344638673613661,
                50.888961568944914
              ],
              [
                4.345117245172992,
                50.88878021381133
              ],
              [
                4.3455654049461785,
                50.88857005986337
              ],
              [
                4.345978836552551,
                50.888333131365165
              ],
              [
                4.346353558298908,
                50.888071710449125
              ],
              [
                4.34668596153003,
                50.88778831512298
              ],
              [
                4.346972845377377,
                50.887485675005486
              ],
              [
                4.347211447571506,
                50.88716670502449
              ],
              [
                4.34739947102197,
                50.886834477331654
              ],
              [
                4.347522567233106,
                50.88652383428774
              ],
              [
                4.347815944124997,
                50.88643609875934
              ],
              [
                4.348294477682968,
                50.88625473054025
              ],
              [
                4.348742599142124,
                50.88604456430894
              ],
              [
                4.349155992490918,
                50.88580762444787
              ],
              [
                4.349530676404708,
                50.885546193198834
              ],
              [
                4.349863042592714,
                50.88526278866914
              ],
              [
                4.3501498905432054,
                50.884960140566086
              ],
              [
                4.350388458332472,
                50.88464116389445
              ],
              [
                4.350576449201408,
                50.88430893087028
              ],
              [
                4.3506484409595325,
                50.884127211611656
              ],
              [
                4.350667285246993,
                50.88412006855888
              ],
              [
                4.351115375723265,
                50.88390989313959
              ],
              [
                4.351528738315191,
                50.883672944776094
              ],
              [
                4.351903391994425,
                50.88341150579213
              ],
              [
                4.352235728761429,
                50.883128094369425
              ],
              [
                4.352522548387855,
                50.882825440281685
              ],
              [
                4.352761089222787,
                50.88250645859127
              ],
              [
                4.352949054766691,
                50.88217422156259
              ],
              [
                4.353084635758013,
                50.881831929063
              ],
              [
                4.3531665275608535,
                50.88148287773713
              ],
              [
                4.353193942687694,
                50.88113042925138
              ],
              [
                4.353166618338167,
                50.880777977914974
              ],
              [
                4.353084818882985,
                50.88042891798947
              ],
              [
                4.352956492233912,
                50.88010469838793
              ],
              [
                4.3533085121428865,
                50.879902886594074
              ],
              [
                4.353483593765447,
                50.87978069668797
              ],
              [
                4.3537487606240575,
                50.87970136951082
              ],
              [
                4.354227202667506,
                50.879519976753954
              ],
              [
                4.354675233335854,
                50.879309787466404
              ],
              [
                4.355088537492212,
                50.879072826252646
              ],
              [
                4.355336879874431,
                50.87889949575575
              ],
              [
                4.35568380164787,
                50.87884453008094
              ],
              [
                4.356208972934913,
                50.87872566463491
              ],
              [
                4.356713196503508,
                50.87857480287327
              ],
              [
                4.357191615625884,
                50.878393397973454
              ],
              [
                4.357639622285395,
                50.878183197301844
              ],
              [
                4.358052901576481,
                50.87794622557256
              ],
              [
                4.358427473273269,
                50.87768476533428
              ],
              [
                4.358759730165945,
                50.87740133497347
              ],
              [
                4.359046472795513,
                50.87709866444619
              ],
              [
                4.3592849402526275,
                50.87677966897307
              ],
              [
                4.359472836744403,
                50.87644742095116
              ],
              [
                4.359608353674197,
                50.876105120353664
              ],
              [
                4.3596390334882935,
                50.87597425761174
              ],
              [
                4.359644037180896,
                50.87596161868727
              ],
              [
                4.359725870014497,
                50.875612562197496
              ],
              [
                4.35975323250602,
                50.875260111586805
              ],
              [
                4.3597258623617225,
                50.8749076611848
              ],
              [
                4.359661243788019,
                50.87463204998001
              ],
              [
                4.359943050750355,
                50.87465849726316
              ],
              [
                4.360500098288962,
                50.874675807275224
              ],
              [
                4.3610571448807764,
                50.87465848507114
              ],
              [
                4.361608824640598,
                50.87460669751075
              ],
              [
                4.36214982341573,
                50.87452094344787
              ],
              [
                4.36267493000935,
                50.87440204892171
              ],
              [
                4.363179086408798,
                50.87425115919466
              ],
              [
                4.3636574365334875,
                50.8740697277136
              ],
              [
                4.364105373031554,
                50.87385950210085
              ],
              [
                4.3645185816734005,
                50.87362250731077
              ],
              [
                4.364893082913779,
                50.87336102611413
              ],
              [
                4.365225270221601,
                50.873077577099195
              ],
              [
                4.365511944808149,
                50.87277489040165
              ],
              [
                4.365750346419452,
                50.87245588139782
              ],
              [
                4.365938179896774,
                50.87212362261501
              ],
              [
                4.3660736372503015,
                50.87178131413
              ],
              [
                4.366155415034572,
                50.871432252741215
              ],
              [
                4.366182726859752,
                50.87107980021186
              ],
              [
                4.3661553109198445,
                50.87072735088994
              ],
              [
                4.366073432467061,
                50.87037829901748
              ],
              [
                4.36593788121036,
                50.870036006043534
              ],
              [
                4.365749963664974,
                50.869703768255874
              ],
              [
                4.365511490528355,
                50.86938478504288
              ],
              [
                4.365224759205729,
                50.86908212809098
              ],
              [
                4.364892531654915,
                50.86879871181413
              ],
              [
                4.364518007764943,
                50.868537265299324
              ],
              [
                4.364104794525699,
                50.868300306038044
              ],
              [
                4.36379477536705,
                50.86815482829717
              ],
              [
                4.363881557111183,
                50.8680013191362
              ],
              [
                4.364017017563462,
                50.8676590126237
              ],
              [
                4.364098803451451,
                50.86730995225889
              ],
              [
                4.36412612830705,
                50.86695749979511
              ],
              [
                4.364098730198549,
                50.86660504957977
              ],
              [
                4.364016874206226,
                50.86625599586354
              ],
              [
                4.363881349822548,
                50.865913700113204
              ],
              [
                4.363693463303785,
                50.865581458643334
              ],
              [
                4.363455025048465,
                50.86526247087777
              ],
              [
                4.363168332125802,
                50.86495980854683
              ],
              [
                4.362836146123762,
                50.86467638611629
              ],
              [
                4.36246166653124,
                50.86441493273239
              ],
              [
                4.362048499911559,
                50.86417796595282
              ],
              [
                4.361600625164692,
                50.8639677675159
              ],
              [
                4.361122355212912,
                50.863786361380775
              ],
              [
                4.360618295478692,
                50.86363549424983
              ],
              [
                4.3600932995542045,
                50.86351661875981
              ],
              [
                4.3595524224884965,
                50.863430879503575
              ],
              [
                4.3590008721410545,
                50.86337910201647
              ],
              [
                4.358443959068857,
                50.86336178483272
              ],
              [
                4.357887045427925,
                50.86337909468872
              ],
              [
                4.35733549337975,
                50.86343086491866
              ],
              [
                4.356794613497675,
                50.863516597058144
              ],
              [
                4.356269613668284,
                50.86363546564038
              ],
              [
                4.355765548978201,
                50.86378632613899
              ],
              [
                4.355287273067284,
                50.863967725981105
              ],
              [
                4.354839391415354,
                50.864177918524966
              ],
              [
                4.354426217011132,
                50.864414879868136
              ],
              [
                4.354051728829509,
                50.86467632832468
              ],
              [
                4.353719533516477,
                50.86495974638434
              ],
              [
                4.3534328306505525,
                50.865262404942975
              ],
              [
                4.353194381915413,
                50.86558138957117
              ],
              [
                4.353006484481162,
                50.865913628568826
              ],
              [
                4.352870948851414,
                50.86625592253588
              ],
              [
                4.352789081390726,
                50.86660497517501
              ],
              [
                4.352761671701991,
                50.86695742502978
              ],
              [
                4.352788984977008,
                50.867309877853025
              ],
              [
                4.352870759395603,
                50.867658939293875
              ],
              [
                4.353006208600141,
                50.86800124758868
              ],
              [
                4.353194029223445,
                50.868333505940775
              ],
              [
                4.353432413399312,
                50.868652514277585
              ],
              [
                4.35371906613677,
                50.868955200078204
              ],
              [
                4.354051227392151,
                50.869238647974974
              ],
              [
                4.354425698627556,
                50.86950012784297
              ],
              [
                4.354838873600824,
                50.86973712110674
              ],
              [
                4.355148875467829,
                50.86988262244346
              ],
              [
                4.355062061717943,
                50.87003612506264
              ],
              [
                4.354926529171528,
                50.87037842100318
              ],
              [
                4.354844669798872,
                50.870727474667476
              ],
              [
                4.354817273125207,
                50.871079924589225
              ],
              [
                4.354844604217206,
                50.871432376520595
              ],
              [
                4.354904032386602,
                50.8716859805624
              ],
              [
                4.354590406225538,
                50.871656531385725
              ],
              [
                4.354139722595199,
                50.871642503127745
              ],
              [
                4.354205316976154,
                50.871362828668346
              ],
              [
                4.354232718405394,
                50.871010378917894
              ],
              [
                4.354205392148953,
                50.870657926801634
              ],
              [
                4.354123602595374,
                50.87030886658864
              ],
              [
                4.353988138597579,
                50.869966559808354
              ],
              [
                4.3538003058306325,
                50.86963430288165
              ],
              [
                4.353561914175773,
                50.8693152953813
              ],
              [
                4.353561424048202,
                50.86931477784538
              ],
              [
                4.353560914083842,
                50.86931409542345
              ],
              [
                4.353274260175649,
                50.86901140926736
              ],
              [
                4.352942105213863,
                50.8687279591529
              ],
              [
                4.352567648388821,
                50.868466474492976
              ],
              [
                4.35215449604493,
                50.86822947314647
              ],
              [
                4.351706626944984,
                50.86801923718455
              ],
              [
                4.351228353957124,
                50.867837790927766
              ],
              [
                4.350724282533248,
                50.86768688146479
              ],
              [
                4.35019926637823,
                50.86756796184
              ],
              [
                4.349658360735988,
                50.86748217707122
              ],
              [
                4.349106773741187,
                50.86743035313196
              ],
              [
                4.3485498163036285,
                50.86741298900376
              ],
              [
                4.3479928510064205,
                50.86743025187499
              ],
              [
                4.347606424174752,
                50.86746648680116
              ],
              [
                4.347965985237348,
                50.867330155557745
              ],
              [
                4.348413927681477,
                50.867119989440575
              ],
              [
                4.348827156191176,
                50.866883049452085
              ],
              [
                4.349201691029378,
                50.86662161783524
              ],
              [
                4.349533925340875,
                50.86633821270084
              ],
              [
                4.349820659883683,
                50.866035563762004
              ],
              [
                4.350059133825794,
                50.86571658603145
              ],
              [
                4.350247051311264,
                50.86538435173544
              ],
              [
                4.3503826035406306,
                50.86504206071503
              ],
              [
                4.3504644861541735,
                50.86469300960058
              ],
              [
                4.350491911752005,
                50.86434056005648
              ],
              [
                4.350464617432038,
                50.86398810640219
              ],
              [
                4.350382867274914,
                50.86363904292159
              ],
              [
                4.350247449753851,
                50.86329673117569
              ],
              [
                4.350059670096065,
                50.862964467633205
              ],
              [
                4.349821337671136,
                50.862645451930646
              ],
              [
                4.349534748529334,
                50.86234275606751
              ],
              [
                4.349202663259491,
                50.862059294832555
              ],
              [
                4.348828280380789,
                50.8617977977458
              ]
            ]
          ],
          [
            [
              [
                4.356474304883514,
                50.893747898238345
              ],
              [
                4.35596991763151,
                50.89389875831041
              ],
              [
                4.3555284656019735,
                50.89406608406243
              ],
              [
                4.355034386832178,
                50.89417787197261
              ],
              [
                4.354529990336291,
                50.894328725839515
              ],
              [
                4.354051398586542,
                50.894510119051795
              ],
              [
                4.35360322010366,
                50.89472030503165
              ],
              [
                4.353189770734512,
                50.894957259939886
              ],
              [
                4.352815032101852,
                50.895218702152626
              ],
              [
                4.352482613263768,
                50.895502114219845
              ],
              [
                4.352195715951868,
                50.895804767095186
              ],
              [
                4.351957103723169,
                50.89612374640404
              ],
              [
                4.351769075323285,
                50.896455980497585
              ],
              [
                4.351633442518314,
                50.89679827002309
              ],
              [
                4.3515515126100475,
                50.89714731872603
              ],
              [
                4.351524075804304,
                50.89749976518789
              ],
              [
                4.351551397555617,
                50.897852215194234
              ],
              [
                4.351633215963774,
                50.898201274421325
              ],
              [
                4.35176874424904,
                50.89854358112678
              ],
              [
                4.351770130280704,
                50.89854603157566
              ],
              [
                4.351770743829962,
                50.898547581218224
              ],
              [
                4.351958677895155,
                50.898879838617155
              ],
              [
                4.352197208756702,
                50.89919884664873
              ],
              [
                4.352335456406619,
                50.89934473665688
              ],
              [
                4.352455185387825,
                50.89950485751528
              ],
              [
                4.352742020175477,
                50.89980754300417
              ],
              [
                4.353074393785921,
                50.90009099113832
              ],
              [
                4.3534491056366615,
                50.90035247179048
              ],
              [
                4.353862547168472,
                50.90058946637757
              ],
              [
                4.354310736593125,
                50.90079969213067
              ],
              [
                4.35478935724481,
                50.900981124094045
              ],
              [
                4.355050321907596,
                50.901059185208624
              ],
              [
                4.3551196069446965,
                50.901234135594194
              ],
              [
                4.355307575460904,
                50.901566387370316
              ],
              [
                4.355546142723925,
                50.901885388346386
              ],
              [
                4.35583301198061,
                50.90218806607233
              ],
              [
                4.356165421102848,
                50.90247150525813
              ],
              [
                4.356540169166089,
                50.9027329758627
              ],
              [
                4.356953647262266,
                50.90296995939969
              ],
              [
                4.357401873250903,
                50.90318017320665
              ],
              [
                4.357880530113928,
                50.903361592442835
              ],
              [
                4.35838500754462,
                50.903512469603804
              ],
              [
                4.358910446369656,
                50.903631351363664
              ],
              [
                4.359451785375572,
                50.9037170925829
              ],
              [
                4.3600038100875524,
                50.903768867346024
              ],
              [
                4.360561203029341,
                50.90378617692247
              ],
              [
                4.361118594978673,
                50.90376885457402
              ],
              [
                4.361670616722852,
                50.903717067161914
              ],
              [
                4.3622119508142285,
                50.90363131353855
              ],
              [
                4.362737382825356,
                50.90351241973894
              ],
              [
                4.363241851608454,
                50.90336153101855
              ],
              [
                4.363720498073546,
                50.90318010081459
              ],
              [
                4.364168712014128,
                50.90296987673718
              ],
              [
                4.364582176528242,
                50.902732883725946
              ],
              [
                4.364956909606304,
                50.902471404534616
              ],
              [
                4.365289302484653,
                50.9021879577322
              ],
              [
                4.365576154395258,
                50.90188527343318
              ],
              [
                4.365814703377143,
                50.901566266990805
              ],
              [
                4.366002652853279,
                50.9012340109078
              ],
              [
                4.366138193717901,
                50.900891705234976
              ],
              [
                4.36622002172263,
                50.90054264674373
              ],
              [
                4.366247349995443,
                50.900190197169344
              ],
              [
                4.366219916573458,
                50.899837750831416
              ],
              [
                4.366208827487524,
                50.89979050779204
              ],
              [
                4.3662181869747405,
                50.899669798580064
              ],
              [
                4.366190754075697,
                50.89931735218145
              ],
              [
                4.3661088255057985,
                50.89896830321956
              ],
              [
                4.365973191458092,
                50.8986260131154
              ],
              [
                4.365785159246449,
                50.898293778129045
              ],
              [
                4.365546540673775,
                50.89797479762187
              ],
              [
                4.365259634546875,
                50.89767214325419
              ],
              [
                4.364927204507726,
                50.89738872941502
              ],
              [
                4.364919334457114,
                50.89738323894948
              ],
              [
                4.36493588425048,
                50.89716986067054
              ],
              [
                4.364908462436431,
                50.89681741371399
              ],
              [
                4.364826547759834,
                50.896468363601606
              ],
              [
                4.364690930279815,
                50.896126071765494
              ],
              [
                4.364502917150599,
                50.89579383448244
              ],
              [
                4.364264319991243,
                50.895474851135916
              ],
              [
                4.363977437402276,
                50.895172193413636
              ],
              [
                4.363645032798974,
                50.89488877573689
              ],
              [
                4.363270307775915,
                50.89462732720608
              ],
              [
                4.362856871260182,
                50.89439036533207
              ],
              [
                4.36240870475081,
                50.894180171805836
              ],
              [
                4.361930123979422,
                50.89399877053923
              ],
              [
                4.361425737361083,
                50.89384790818762
              ],
              [
                4.360900401635018,
                50.89372903734166
              ],
              [
                4.360373414649933,
                50.89364555824553
              ],
              [
                4.360300442084585,
                50.8936290456751
              ],
              [
                4.359759217818844,
                50.89354330811466
              ],
              [
                4.359207313578001,
                50.89349153204667
              ],
              [
                4.358650043325711,
                50.89347421599176
              ],
              [
                4.358092772656266,
                50.89349152667543
              ],
              [
                4.357540867167972,
                50.89354329742389
              ],
              [
                4.356999640836489,
                50.89362902976775
              ],
              [
                4.356474304883514,
                50.893747898238345
              ]
            ]
          ],
          [
            [
              [
                4.376841560432488,
                50.800836796021
              ],
              [
                4.376428879655369,
                50.80059987576935
              ],
              [
                4.375981545823202,
                50.80038972858197
              ],
              [
                4.375503866649466,
                50.80020837792469
              ],
              [
                4.375000441868262,
                50.800057569965794
              ],
              [
                4.374476118958556,
                50.7999387567724
              ],
              [
                4.373935946490155,
                50.79985308233765
              ],
              [
                4.373385125539587,
                50.799801371572805
              ],
              [
                4.372828959642375,
                50.79978412236972
              ],
              [
                4.372272803762085,
                50.79980150081028
              ],
              [
                4.371722012765907,
                50.799853339568266
              ],
              [
                4.371181889901144,
                50.79993913951944
              ],
              [
                4.370657635767039,
                50.80005807454398
              ],
              [
                4.370154298271619,
                50.80020899947567
              ],
              [
                4.369676724053939,
                50.80039046112106
              ],
              [
                4.369229511838103,
                50.800600712243124
              ],
              [
                4.368816968167216,
                50.80083772837517
              ],
              [
                4.368443065942663,
                50.80109922730345
              ],
              [
                4.368111406167491,
                50.801382691031485
              ],
              [
                4.367825183262189,
                50.801685390015116
              ],
              [
                4.367587154287011,
                50.802004409435376
              ],
              [
                4.367399612367803,
                50.8023366772569
              ],
              [
                4.367264364582118,
                50.802678993801834
              ],
              [
                4.367182714519717,
                50.803028062555164
              ],
              [
                4.3671749677822245,
                50.80312820711935
              ],
              [
                4.367044275596871,
                50.80345898349449
              ],
              [
                4.366962622548133,
                50.80380805202251
              ],
              [
                4.366935355614536,
                50.80416051124854
              ],
              [
                4.366962738609853,
                50.80451296683503
              ],
              [
                4.367044509039161,
                50.80486202440436
              ],
              [
                4.367179880579978,
                50.80520432223005
              ],
              [
                4.367367550609958,
                50.80553656361627
              ],
              [
                4.367605712710368,
                50.805855548653746
              ],
              [
                4.367892074026505,
                50.80615820504605
              ],
              [
                4.36822387731929,
                50.80644161770879
              ],
              [
                4.368597927496803,
                50.806703056856485
              ],
              [
                4.369010622371112,
                50.806940004306
              ],
              [
                4.36945798734469,
                50.80715017774263
              ],
              [
                4.369935713692586,
                50.80733155271477
              ],
              [
                4.370439200071462,
                50.807482382144464
              ],
              [
                4.370963596855235,
                50.80760121316582
              ],
              [
                4.371503852869496,
                50.807686901128214
              ],
              [
                4.372054764073462,
                50.807738620629266
              ],
              [
                4.372611023719252,
                50.8077558734708
              ],
              [
                4.373167273503813,
                50.80773849346112
              ],
              [
                4.373718155219146,
                50.807686648016926
              ],
              [
                4.374258362401619,
                50.807600836549526
              ],
              [
                4.374782691481142,
                50.80748188565095
              ],
              [
                4.375286091935897,
                50.807330941126544
              ],
              [
                4.375763714967977,
                50.8071494569508
              ],
              [
                4.376210960229817,
                50.80693918125347
              ],
              [
                4.376623520150194,
                50.8067021394711
              ],
              [
                4.376997421432145,
                50.8064406148269
              ],
              [
                4.377329063322561,
                50.8061571263273
              ],
              [
                4.377615252284762,
                50.8058544044881
              ],
              [
                4.377853232740309,
                50.80553536502384
              ],
              [
                4.378040713584522,
                50.80520308075496
              ],
              [
                4.378175890221189,
                50.80486075200345
              ],
              [
                4.378257461905417,
                50.80451167576276
              ],
              [
                4.378265185282421,
                50.80441153050363
              ],
              [
                4.378395801228072,
                50.80408074170022
              ],
              [
                4.378477369928515,
                50.8037316652344
              ],
              [
                4.37850455015418,
                50.80337920328684
              ],
              [
                4.378477081362972,
                50.803026750296105
              ],
              [
                4.378395229312536,
                50.80267770053948
              ],
              [
                4.378259783454066,
                50.80233541544553
              ],
              [
                4.378072049284445,
                50.80200319122614
              ],
              [
                4.377833835732134,
                50.80168422713899
              ],
              [
                4.377547437699864,
                50.80138159468643
              ],
              [
                4.377215613933665,
                50.80109820804654
              ],
              [
                4.376841560432488,
                50.800836796021
              ]
            ]
          ],
          [
            [
              [
                4.368801496870029,
                50.8196431494367
              ],
              [
                4.368250449811157,
                50.819591414805906
              ],
              [
                4.367694051795433,
                50.81957414131987
              ],
              [
                4.367137660020847,
                50.81959149529424
              ],
              [
                4.366586631625335,
                50.8196433096384
              ],
              [
                4.366046272141452,
                50.81972908546316
              ],
              [
                4.365521784446225,
                50.819847996881066
              ],
              [
                4.365018218696099,
                50.819998898953216
              ],
              [
                4.364540423727558,
                50.82018033870631
              ],
              [
                4.364093000390027,
                50.82039056911419
              ],
              [
                4.363680257259367,
                50.820627565909696
              ],
              [
                4.363306169157597,
                50.82088904706533
              ],
              [
                4.362974338877799,
                50.821172494755835
              ],
              [
                4.362930711085813,
                50.82121860734297
              ],
              [
                4.362885547556312,
                50.82124453911751
              ],
              [
                4.362511450129292,
                50.821506017693366
              ],
              [
                4.36217961070731,
                50.821789463086915
              ],
              [
                4.361893225441073,
                50.82209214593064
              ],
              [
                4.361655052954786,
                50.822411151561084
              ],
              [
                4.36146738775691,
                50.82274340807572
              ],
              [
                4.361332038112936,
                50.82308571590571
              ],
              [
                4.3612503085944185,
                50.82343477862006
              ],
              [
                4.361222987473721,
                50.82378723466519
              ],
              [
                4.361223103632163,
                50.82378873150336
              ],
              [
                4.361222987111602,
                50.82379023466517
              ],
              [
                4.361234513241138,
                50.82393876192592
              ],
              [
                4.361226957417648,
                50.82403623485815
              ],
              [
                4.361254309205957,
                50.8243886899025
              ],
              [
                4.361336071824833,
                50.82473774959655
              ],
              [
                4.361471459028057,
                50.82508005219341
              ],
              [
                4.36165916804345,
                50.82541230095131
              ],
              [
                4.361897392077745,
                50.82573129589002
              ],
              [
                4.3621838376805835,
                50.826033964617736
              ],
              [
                4.362515746801815,
                50.82631739193126
              ],
              [
                4.362889923330815,
                50.826578847903974
              ],
              [
                4.363302763863105,
                50.82681581419066
              ],
              [
                4.363750292398478,
                50.827026008295185
              ],
              [
                4.364228198636673,
                50.82720740556678
              ],
              [
                4.364731879501588,
                50.8273582587127
              ],
              [
                4.365256483493622,
                50.827477114638555
              ],
              [
                4.365796957442156,
                50.8275628284538
              ],
              [
                4.3663480952067575,
                50.827614574506995
              ],
              [
                4.366904587856705,
                50.827631854344204
              ],
              [
                4.367461074843978,
                50.82761450151368
              ],
              [
                4.368012195675135,
                50.82756268317029
              ],
              [
                4.368552641582683,
                50.82747689846432
              ],
              [
                4.36907720669648,
                50.827357973730074
              ],
              [
                4.369580838220645,
                50.82720705452088
              ],
              [
                4.370058685131149,
                50.82702559456745
              ],
              [
                4.370476334947811,
                50.826829349015874
              ],
              [
                4.3709278998455074,
                50.82669402420328
              ],
              [
                4.371405736345517,
                50.826512558734
              ],
              [
                4.3718531852343885,
                50.82630230076215
              ],
              [
                4.372265936979432,
                50.826065275553596
              ],
              [
                4.3726400164360655,
                50.82580376617195
              ],
              [
                4.3729718211352155,
                50.82552029147679
              ],
              [
                4.3732581559724215,
                50.825217581850964
              ],
              [
                4.373496263964738,
                50.82489855289147
              ],
              [
                4.373683852779765,
                50.82456627731764
              ],
              [
                4.373819116782161,
                50.82422395536781
              ],
              [
                4.373900754386474,
                50.82387488397002
              ],
              [
                4.373927980550578,
                50.823522424983665
              ],
              [
                4.373900534290995,
                50.823169972818896
              ],
              [
                4.373818681149437,
                50.82282092174504
              ],
              [
                4.3738179526837575,
                50.8228190811711
              ],
              [
                4.373817680809229,
                50.82281792179196
              ],
              [
                4.373682210264366,
                50.8224756332489
              ],
              [
                4.3734944280391765,
                50.8221434034827
              ],
              [
                4.373256143525828,
                50.82182443180447
              ],
              [
                4.372969652311226,
                50.82152178978969
              ],
              [
                4.372637714039425,
                50.82123839170848
              ],
              [
                4.372263525812576,
                50.82097696647267
              ],
              [
                4.371959004139347,
                50.82080219490375
              ],
              [
                4.371708225970863,
                50.820626985245084
              ],
              [
                4.371295397414884,
                50.820390048163326
              ],
              [
                4.370847898303165,
                50.820179882485334
              ],
              [
                4.370370037940775,
                50.819998511854976
              ],
              [
                4.369866417806428,
                50.81984768263279
              ],
              [
                4.369341887259921,
                50.81972884709057
              ],
              [
                4.368801496870029,
                50.8196431494367
              ]
            ]
          ],
          [
            [
              [
                4.383317277717148,
                50.875653026648195
              ],
              [
                4.382942596658912,
                50.87539163946037
              ],
              [
                4.3825292302124055,
                50.87515474555212
              ],
              [
                4.382081159201313,
                50.87494462595996
              ],
              [
                4.381602698437223,
                50.87476330388381
              ],
              [
                4.381098455179369,
                50.87461252521651
              ],
              [
                4.380573284786468,
                50.87449374174301
              ],
              [
                4.380032243986923,
                50.87440809717018
              ],
              [
                4.37948054221624,
                50.87435641612159
              ],
              [
                4.3789234914889406,
                50.874339196202996
              ],
              [
                4.378366455286103,
                50.87435660321427
              ],
              [
                4.377814796949053,
                50.8744084695541
              ],
              [
                4.3772738280744,
                50.87449429583274
              ],
              [
                4.3767487574055925,
                50.87461325567699
              ],
              [
                4.376244640711457,
                50.87476420368178
              ],
              [
                4.375766332132845,
                50.87494568643161
              ],
              [
                4.375318437464507,
                50.87515595648644
              ],
              [
                4.374905269821005,
                50.87539298919743
              ],
              [
                4.374530808112736,
                50.87565450219137
              ],
              [
                4.37444088762967,
                50.875731245871094
              ],
              [
                4.373947730152844,
                50.87565315584899
              ],
              [
                4.373396020456242,
                50.8756014462146
              ],
              [
                4.372838957198383,
                50.87558419742041
              ],
              [
                4.372281903980975,
                50.875601575544316
              ],
              [
                4.371730224309118,
                50.87565341326316
              ],
              [
                4.37118922998477,
                50.875739211462744
              ],
              [
                4.370664129996318,
                50.87585814404026
              ],
              [
                4.370159980394779,
                50.87600906585316
              ],
              [
                4.36968163563772,
                50.876190523738174
              ],
              [
                4.369233701868102,
                50.87640077049468
              ],
              [
                4.368820492576843,
                50.87663778169818
              ],
              [
                4.368445987075225,
                50.87689927518264
              ],
              [
                4.368113792176576,
                50.877182733004176
              ],
              [
                4.36811234444783,
                50.87718426158307
              ],
              [
                4.368111792060399,
                50.87718473292478
              ],
              [
                4.367825107314794,
                50.877487425591234
              ],
              [
                4.367586694258334,
                50.8778064383505
              ],
              [
                4.367398849718288,
                50.87813869923147
              ],
              [
                4.36726338368967,
                50.87848100862328
              ],
              [
                4.367181601867523,
                50.87883007007992
              ],
              [
                4.367172526964074,
                50.87894719274851
              ],
              [
                4.3671535782358974,
                50.87902806874993
              ],
              [
                4.367126269073759,
                50.87938052070332
              ],
              [
                4.367153697348925,
                50.87973296892536
              ],
              [
                4.36723560013431,
                50.88008201910934
              ],
              [
                4.36737118983652,
                50.88042430959982
              ],
              [
                4.367559161735656,
                50.8807565437715
              ],
              [
                4.367797706508847,
                50.88107552178453
              ],
              [
                4.368084527618526,
                50.881378171409914
              ],
              [
                4.3684168633993945,
                50.88166157762828
              ],
              [
                4.368791513632515,
                50.88192301071602
              ],
              [
                4.369204870351468,
                50.88215995254817
              ],
              [
                4.369652952584412,
                50.88237012086394
              ],
              [
                4.370131444697645,
                50.882551491260834
              ],
              [
                4.370635737971235,
                50.88270231670479
              ],
              [
                4.371160975005769,
                50.88282114436816
              ],
              [
                4.371702096531722,
                50.88290682963255
              ],
              [
                4.372253890169497,
                50.88295854712143
              ],
              [
                4.372811040669136,
                50.88297579865601
              ],
              [
                4.373368181144268,
                50.88295841805712
              ],
              [
                4.373919944805152,
                50.882906572747146
              ],
              [
                4.374461016690784,
                50.8828207621362
              ],
              [
                4.374986184900055,
                50.88270181280815
              ],
              [
                4.375490390826836,
                50.88255087055331
              ],
              [
                4.375968777913607,
                50.882369389324495
              ],
              [
                4.376416738452691,
                50.88215911722325
              ],
              [
                4.376829957983226,
                50.881922079651666
              ],
              [
                4.377204456855465,
                50.88166055979258
              ],
              [
                4.3774910345159,
                50.88141598790256
              ],
              [
                4.377812589248877,
                50.881466888758986
              ],
              [
                4.378364372697264,
                50.88151857754319
              ],
              [
                4.378921508359422,
                50.88153580008009
              ],
              [
                4.379478629491929,
                50.88151839046988
              ],
              [
                4.380030369491418,
                50.881466516414385
              ],
              [
                4.380571413624891,
                50.881380677600575
              ],
              [
                4.3810965502586665,
                50.88126170088403
              ],
              [
                4.381600721090892,
                50.88111073231887
              ],
              [
                4.38207906990223,
                50.88092922611131
              ],
              [
                4.382526989353831,
                50.8807189306035
              ],
              [
                4.382940165380746,
                50.88048187142294
              ],
              [
                4.383314618752397,
                50.88022033196061
              ],
              [
                4.383646743399341,
                50.87993683136584
              ],
              [
                4.383650357097236,
                50.87993301427198
              ],
              [
                4.383651743108757,
                50.87993183116733
              ],
              [
                4.383938340783692,
                50.879629100059915
              ],
              [
                4.384176652039584,
                50.87931005425833
              ],
              [
                4.384364382588567,
                50.87897776664414
              ],
              [
                4.384499725432747,
                50.878635437571695
              ],
              [
                4.384581378230051,
                50.878286364037514
              ],
              [
                4.384608555794858,
                50.877933907921545
              ],
              [
                4.38458099761459,
                50.87758146360621
              ],
              [
                4.384498970311606,
                50.8772324252851
              ],
              [
                4.384363265028539,
                50.87689015427657
              ],
              [
                4.384175189764007,
                50.87655794665669
              ],
              [
                4.383936556734276,
                50.87623900152312
              ],
              [
                4.383649664884184,
                50.875936390195484
              ],
              [
                4.383317277717148,
                50.875653026648195
              ]
            ]
          ],
          [
            [
              [
                4.377871356182747,
                50.885861612726664
              ],
              [
                4.377319562169889,
                50.88591347656712
              ],
              [
                4.376778459879382,
                50.88599930027842
              ],
              [
                4.376253259339003,
                50.8861182575121
              ],
              [
                4.375749017567838,
                50.88626920288825
              ],
              [
                4.375270589910904,
                50.886450683016726
              ],
              [
                4.3748225833094425,
                50.88666095048273
              ],
              [
                4.374409311955802,
                50.88689798066238
              ],
              [
                4.374034755759092,
                50.88715949120689
              ],
              [
                4.373702522021098,
                50.88744296400811
              ],
              [
                4.373415810691364,
                50.88774566943472
              ],
              [
                4.373177383536218,
                50.888064692605866
              ],
              [
                4.372989537519189,
                50.88839696145016
              ],
              [
                4.372854082650048,
                50.888739276280035
              ],
              [
                4.372772324516926,
                50.88908834059705
              ],
              [
                4.372745051671153,
                50.889440792832126
              ],
              [
                4.372745167991718,
                50.88944228491759
              ],
              [
                4.372745051308014,
                50.88944379283211
              ],
              [
                4.372772527626503,
                50.88979623871467
              ],
              [
                4.37285448972173,
                50.89014528396078
              ],
              [
                4.372990149429566,
                50.89048756696248
              ],
              [
                4.373178201356297,
                50.8908197911666
              ],
              [
                4.373416835408632,
                50.89113875682912
              ],
              [
                4.373703754189386,
                50.89144139184001
              ],
              [
                4.373945073953951,
                50.89164710547831
              ],
              [
                4.373995602949446,
                50.89186225781076
              ],
              [
                4.374131275934057,
                50.89220453932269
              ],
              [
                4.374319342808834,
                50.89253676153269
              ],
              [
                4.374557993336572,
                50.89285572471601
              ],
              [
                4.3748449299614505,
                50.893158356786415
              ],
              [
                4.3751773899057875,
                50.89344174289353
              ],
              [
                4.3755521717548485,
                50.893703153507396
              ],
              [
                4.375965666274518,
                50.89394007071942
              ],
              [
                4.3764138911655746,
                50.89415021250592
              ],
              [
                4.376892529420048,
                50.894331554719855
              ],
              [
                4.377396970910099,
                50.894482350598636
              ],
              [
                4.377922356808344,
                50.89460114759933
              ],
              [
                4.378463626411001,
                50.894686801398876
              ],
              [
                4.379015565911764,
                50.894738486923806
              ],
              [
                4.379572858655279,
                50.89475570630323
              ],
              [
                4.380130136384655,
                50.89473829366773
              ],
              [
                4.3806820309877255,
                50.89468641674829
              ],
              [
                4.381223226241918,
                50.89460057525946
              ],
              [
                4.381490670721386,
                50.8945399981209
              ],
              [
                4.38148159787585,
                50.89457876092114
              ],
              [
                4.38145438720856,
                50.89493121461335
              ],
              [
                4.381481932104387,
                50.89528365789129
              ],
              [
                4.381563968513886,
                50.89563269649574
              ],
              [
                4.38169970755743,
                50.895974968882626
              ],
              [
                4.381887843077375,
                50.89630717860088
              ],
              [
                4.382126564175421,
                50.89662612604594
              ],
              [
                4.382413572616046,
                50.89692873928311
              ],
              [
                4.382735000470115,
                50.89720264115068
              ],
              [
                4.382312312400689,
                50.897298380721466
              ],
              [
                4.381807970051746,
                50.89744935163288
              ],
              [
                4.381329451902136,
                50.897630855864044
              ],
              [
                4.380881365764497,
                50.8978411457681
              ],
              [
                4.380468026597176,
                50.89807819650514
              ],
              [
                4.380093414962507,
                50.89833972552839
              ],
              [
                4.3797611386964315,
                50.89862321455181
              ],
              [
                4.379474398158424,
                50.89892593378781
              ],
              [
                4.379235955396556,
                50.89924496822258
              ],
              [
                4.379048107525185,
                50.899577245676234
              ],
              [
                4.3789126645725185,
                50.89991956637824
              ],
              [
                4.378830932012539,
                50.90026863377359
              ],
              [
                4.37880369815091,
                50.90062108626349
              ],
              [
                4.378831226487953,
                50.90097352957516
              ],
              [
                4.378913253133996,
                50.90132256944906
              ],
              [
                4.379048989303755,
                50.9016648443289
              ],
              [
                4.379237128867563,
                50.90199705773964
              ],
              [
                4.379475860888461,
                50.90231601004118
              ],
              [
                4.379762887025992,
                50.90261862925205
              ],
              [
                4.380095443640506,
                50.902902000645675
              ],
              [
                4.3804703283862745,
                50.90316339483373
              ],
              [
                4.380883931038112,
                50.90340029406582
              ],
              [
                4.381332268255216,
                50.903610416491375
              ],
              [
                4.381811021947557,
                50.903791738149806
              ],
              [
                4.382315580875186,
                50.903942512476505
              ],
              [
                4.382841085079292,
                50.90406128713608
              ],
              [
                4.383382472716257,
                50.90414691802065
              ],
              [
                4.383934528842527,
                50.904198580277516
              ],
              [
                4.384491935679058,
                50.90421577625985
              ],
              [
                4.385049323869672,
                50.90419834032365
              ],
              [
                4.385601324237925,
                50.90414644042433
              ],
              [
                4.386142619542239,
                50.904060576497834
              ],
              [
                4.386667995729065,
                50.90394157564164
              ],
              [
                4.387172392188723,
                50.903790584142456
              ],
              [
                4.387650950528349,
                50.903609056427456
              ],
              [
                4.388099061390827,
                50.90339874104596
              ],
              [
                4.388512408867648,
                50.903161663816974
              ],
              [
                4.388887012077147,
                50.902900108305296
              ],
              [
                4.389219263507158,
                50.90261659381497
              ],
              [
                4.389505963752643,
                50.90231385111222
              ],
              [
                4.38974435231395,
                50.90199479611266
              ],
              [
                4.389932134159617,
                50.90166250178651
              ],
              [
                4.390067501798768,
                50.90132016855269
              ],
              [
                4.390149152651678,
                50.90097109344777
              ],
              [
                4.390176301552639,
                50.90061863836685
              ],
              [
                4.39014868826632,
                50.90026619768227
              ],
              [
                4.390066579946946,
                50.89991716555262
              ],
              [
                4.389930768518463,
                50.899574903236555
              ],
              [
                4.3898863299843205,
                50.89949646642534
              ],
              [
                4.390136150120606,
                50.89945682494322
              ],
              [
                4.3906614646744035,
                50.89933780605907
              ],
              [
                4.391165798837445,
                50.899186797202326
              ],
              [
                4.391644294817074,
                50.89900525296738
              ],
              [
                4.392092343856964,
                50.89879492206262
              ],
              [
                4.3925056306441865,
                50.89855783045656
              ],
              [
                4.392880174881706,
                50.898296261852494
              ],
              [
                4.393137929572757,
                50.8980762701893
              ],
              [
                4.393298764090981,
                50.89796394639904
              ],
              [
                4.393630953956241,
                50.8976804190151
              ],
              [
                4.393917595619623,
                50.89737766510248
              ],
              [
                4.394133319986947,
                50.8970888684687
              ],
              [
                4.394327563880443,
                50.897254337000035
              ],
              [
                4.394702482756349,
                50.897515686180896
              ],
              [
                4.395116107456547,
                50.89775253567323
              ],
              [
                4.395564454427452,
                50.89796260410551
              ],
              [
                4.396043205484739,
                50.89814386803722
              ],
              [
                4.396547749413559,
                50.898294581459716
              ],
              [
                4.39707322639937,
                50.89841329262431
              ],
              [
                4.3976145748606115,
                50.89849885803473
              ],
              [
                4.398166580231054,
                50.898550453468914
              ],
              [
                4.398723925220605,
                50.89856758192379
              ],
              [
                4.399281241068956,
                50.898550078405755
              ],
              [
                4.3998331592966995,
                50.898498111521285
              ],
              [
                4.400374363453737,
                50.89841218185152
              ],
              [
                4.4008996403647975,
                50.89829311712723
              ],
              [
                4.40140393037681,
                50.89814206425029
              ],
              [
                4.401882376122614,
                50.89796047823907
              ],
              [
                4.4023303693299844,
                50.89775010820436
              ],
              [
                4.4027435952240355,
                50.89751298049155
              ],
              [
                4.403118074094507,
                50.89725137915163
              ],
              [
                4.403450199627125,
                50.89696782392993
              ],
              [
                4.403736773629676,
                50.896665045984925
              ],
              [
                4.403975036818575,
                50.89634596157155
              ],
              [
                4.404162695369938,
                50.89601364394313
              ],
              [
                4.404297942980352,
                50.89567129374291
              ],
              [
                4.4043794782259935,
                50.89532220817077
              ],
              [
                4.404406517054371,
                50.89496974922239
              ],
              [
                4.404378800289961,
                50.894617311307265
              ],
              [
                4.4042965960832,
                50.894268288557136
              ],
              [
                4.404160697281061,
                50.89392604214022
              ],
              [
                4.4039724137463345,
                50.89359386789551
              ],
              [
                4.403733559701313,
                50.8932749645991
              ],
              [
                4.40344643621939,
                50.8929724031675
              ],
              [
                4.403113809034567,
                50.8926890970945
              ],
              [
                4.402738881883718,
                50.89242777440556
              ],
              [
                4.4023252656392176,
                50.89219095139963
              ],
              [
                4.401876943529698,
                50.89198090843032
              ],
              [
                4.4013982327840795,
                50.89179966795965
              ],
              [
                4.400893743068053,
                50.891648975094654
              ],
              [
                4.400368332112796,
                50.89153028079403
              ],
              [
                4.399827058962349,
                50.89144472790596
              ],
              [
                4.399275135288793,
                50.89139314017127
              ],
              [
                4.398717875242653,
                50.89137601429717
              ],
              [
                4.39816064431991,
                50.89139351517806
              ],
              [
                4.397608807736328,
                50.891445474308824
              ],
              [
                4.397067678804467,
                50.891531391406296
              ],
              [
                4.396542467808735,
                50.891650439222836
              ],
              [
                4.396038231869115,
                50.891801471506334
              ],
              [
                4.395559826274796,
                50.891983034029806
              ],
              [
                4.395111857755002,
                50.89219337858509
              ],
              [
                4.394698640135893,
                50.89243047980595
              ],
              [
                4.394324152809725,
                50.8926920546595
              ],
              [
                4.393992002415719,
                50.89297558441821
              ],
              [
                4.393705388101498,
                50.893278338902206
              ],
              [
                4.393489678606979,
                50.89356713507147
              ],
              [
                4.393295452917128,
                50.89340166497561
              ],
              [
                4.392920574716357,
                50.893140310987576
              ],
              [
                4.392507001712823,
                50.89290345344157
              ],
              [
                4.392058716719044,
                50.892693373023846
              ],
              [
                4.391580036606798,
                50.892512092557055
              ],
              [
                4.391157868021838,
                50.892385948275454
              ],
              [
                4.3907450481586645,
                50.8921495069333
              ],
              [
                4.390296778243783,
                50.89193941974162
              ],
              [
                4.389818112617845,
                50.891758132051045
              ],
              [
                4.389313660512352,
                50.89160738942331
              ],
              [
                4.388788279296568,
                50.891488643296256
              ],
              [
                4.388247027728371,
                50.89140303701713
              ],
              [
                4.387695117272178,
                50.891351394840804
              ],
              [
                4.3871378619513335,
                50.89133421399872
              ],
              [
                4.387105794747471,
                50.89133521803143
              ],
              [
                4.387438637265492,
                50.89110277038782
              ],
              [
                4.387770813976919,
                50.890819259016276
              ],
              [
                4.388057451540295,
                50.89051651880454
              ],
              [
                4.388295790059296,
                50.89019746564423
              ],
              [
                4.388483534983966,
                50.88986517248779
              ],
              [
                4.388618879178493,
                50.889522839742895
              ],
              [
                4.388700520288364,
                50.88917376444139
              ],
              [
                4.388708796143699,
                50.889066341162845
              ],
              [
                4.388721700859115,
                50.88901116343672
              ],
              [
                4.388748853558896,
                50.88865870745408
              ],
              [
                4.388721258016124,
                50.88830626520256
              ],
              [
                4.388639181213527,
                50.88795723085585
              ],
              [
                4.388503414770942,
                50.88761496569399
              ],
              [
                4.388315267276415,
                50.88728276573666
              ],
              [
                4.388076551642174,
                50.886963830007694
              ],
              [
                4.387789567608833,
                50.88666122973609
              ],
              [
                4.387457079567727,
                50.88637787878977
              ],
              [
                4.387082289916104,
                50.88611650562641
              ],
              [
                4.386668808202625,
                50.88587962703106
              ],
              [
                4.386220616360866,
                50.88566952389274
              ],
              [
                4.3857420303657895,
                50.88548821925286
              ],
              [
                4.385237658682284,
                50.885337458836396
              ],
              [
                4.384712357905414,
                50.88521869425249
              ],
              [
                4.384171186018732,
                50.885133069026104
              ],
              [
                4.383619353719625,
                50.88508140759456
              ],
              [
                4.3830621742790985,
                50.88506420737469
              ],
              [
                4.382505012417238,
                50.88508163397669
              ],
              [
                4.381953232684989,
                50.88513351961067
              ],
              [
                4.381412147847568,
                50.88521936470107
              ],
              [
                4.380886967764777,
                50.88533834269361
              ],
              [
                4.380382749258813,
                50.88548930800846
              ],
              [
                4.379904347450783,
                50.88567080706348
              ],
              [
                4.379456369033142,
                50.88588109226165
              ],
              [
                4.379419775976268,
                50.88590208320875
              ],
              [
                4.378985716010984,
                50.88586143033348
              ],
              [
                4.378428529015293,
                50.88584420812275
              ],
              [
                4.377871356182747,
                50.885861612726664
              ]
            ]
          ],
          [
            [
              [
                4.403806356072229,
                50.79409647540903
              ],
              [
                4.403328633586357,
                50.79391523790444
              ],
              [
                4.4028251869946455,
                50.79376454926094
              ],
              [
                4.402300863985606,
                50.793645860396815
              ],
              [
                4.401760713129675,
                50.79356031410804
              ],
              [
                4.401209935295098,
                50.79350873407201
              ],
              [
                4.400653833602213,
                50.793491616921926
              ],
              [
                4.400097762396503,
                50.79350912746816
              ],
              [
                4.399547075730109,
                50.79356109711259
              ],
              [
                4.399007075846162,
                50.793647025470655
              ],
              [
                4.398482962160254,
                50.793766085186206
              ],
              [
                4.3979866912805985,
                50.79391505565625
              ],
              [
                4.397594032296208,
                50.793852853639756
              ],
              [
                4.397043255605645,
                50.79380125401818
              ],
              [
                4.3964871519727104,
                50.79378411709045
              ],
              [
                4.3959310757615695,
                50.79380160785746
              ],
              [
                4.395380381072539,
                50.793853557911426
              ],
              [
                4.3948403702259595,
                50.79393946705648
              ],
              [
                4.394316242742918,
                50.79405850812146
              ],
              [
                4.393813045312463,
                50.794209534919084
              ],
              [
                4.393335623225543,
                50.794391093274996
              ],
              [
                4.392888573741997,
                50.79460143502092
              ],
              [
                4.3924762018385675,
                50.79483853481747
              ],
              [
                4.392102478763228,
                50.795100109645155
              ],
              [
                4.39177100379447,
                50.7953836407765
              ],
              [
                4.391484969573649,
                50.79568639801813
              ],
              [
                4.391247131344423,
                50.79600546598992
              ],
              [
                4.391059780396059,
                50.79633777218873
              ],
              [
                4.39100248748745,
                50.79648299815184
              ],
              [
                4.390995963715858,
                50.79649456927414
              ],
              [
                4.390860904372745,
                50.79683691356467
              ],
              [
                4.390779439484804,
                50.79718599928024
              ],
              [
                4.390752354774838,
                50.79753846464541
              ],
              [
                4.390779912301439,
                50.79789091526329
              ],
              [
                4.390861847888434,
                50.79823995680381
              ],
              [
                4.3909973736222225,
                50.79858222769469
              ],
              [
                4.391185185394823,
                50.79891443149923
              ],
              [
                4.3914234754216785,
                50.79923336866996
              ],
              [
                4.391709949615259,
                50.79953596737125
              ],
              [
                4.392041849648558,
                50.79981931307422
              ],
              [
                4.39241597949714,
                50.80008067663821
              ],
              [
                4.392828736204983,
                50.80031754060795
              ],
              [
                4.393276144578321,
                50.80052762347278
              ],
              [
                4.393753895473587,
                50.80070890165341
              ],
              [
                4.39425738731051,
                50.80085962900418
              ],
              [
                4.394781770410056,
                50.80097835364242
              ],
              [
                4.395321993729369,
                50.801063931942274
              ],
              [
                4.395872853542471,
                50.801115539557664
              ],
              [
                4.396429043596507,
                50.801132679368195
              ],
              [
                4.396985206258895,
                50.801115186270984
              ],
              [
                4.397293426210407,
                50.80108611075034
              ],
              [
                4.39753904793685,
                50.80107838366316
              ],
              [
                4.39808982479669,
                50.80102642356023
              ],
              [
                4.398629911041616,
                50.80094049959647
              ],
              [
                4.39915410426692,
                50.800821439447525
              ],
              [
                4.399657355259909,
                50.80067038997105
              ],
              [
                4.399749635479687,
                50.80063529505096
              ],
              [
                4.4001069807968,
                50.80066875996869
              ],
              [
                4.400663167111157,
                50.800685879682206
              ],
              [
                4.40121932291753,
                50.80066836648494
              ],
              [
                4.401770090913442,
                50.80061638907655
              ],
              [
                4.402310165731062,
                50.800530448139526
              ],
              [
                4.402834345075806,
                50.80041137151298
              ],
              [
                4.403337579868754,
                50.80026030621329
              ],
              [
                4.403815022908367,
                50.8000787073783
              ],
              [
                4.404262075581488,
                50.799868324242084
              ],
              [
                4.4046744321726266,
                50.79963118327593
              ],
              [
                4.405048121343944,
                50.799369568658264
              ],
              [
                4.405379544385958,
                50.79908600026199
              ],
              [
                4.405665509870395,
                50.79878320937224
              ],
              [
                4.4059032643716725,
                50.79846411236836
              ],
              [
                4.406090518961654,
                50.79813178262475
              ],
              [
                4.40622547122338,
                50.79778942090116
              ],
              [
                4.406306822572921,
                50.797440324508244
              ],
              [
                4.406333790723932,
                50.797087855545875
              ],
              [
                4.406306117176477,
                50.7967354085199
              ],
              [
                4.406224069659701,
                50.79638637764983
              ],
              [
                4.406088439506661,
                50.7960441241821
              ],
              [
                4.4059005339883806,
                50.79571194402378
              ],
              [
                4.405662163682663,
                50.79539303600798
              ],
              [
                4.4053756250009455,
                50.79509047109688
              ],
              [
                4.4050436780428255,
                50.79480716281801
              ],
              [
                4.405043287028935,
                50.79480688972392
              ],
              [
                4.405040677955482,
                50.7948046629288
              ],
              [
                4.404666519941877,
                50.79454333931933
              ],
              [
                4.404253754301695,
                50.794306516696
              ],
              [
                4.403806356072229,
                50.79409647540903
              ]
            ]
          ],
          [
            [
              [
                4.385345920810244,
                50.81045451137578
              ],
              [
                4.384933112841386,
                50.8102176216827
              ],
              [
                4.384485649573997,
                50.81000750750022
              ],
              [
                4.384007839967672,
                50.80982619197627
              ],
              [
                4.383504285012166,
                50.809675420940835
              ],
              [
                4.38297983343956,
                50.80955664610546
              ],
              [
                4.3824395350581895,
                50.80947101109393
              ],
              [
                4.381888592156623,
                50.80941934043791
              ],
              [
                4.381332309444274,
                50.80940213164306
              ],
              [
                4.380776043009179,
                50.809419550402204
              ],
              [
                4.3802251487827615,
                50.80947142900091
              ],
              [
                4.379684931006088,
                50.809557267931325
              ],
              [
                4.379160591192148,
                50.809676240698366
              ],
              [
                4.378657178073905,
                50.80982720177241
              ],
              [
                4.378179539018599,
                50.810008697612005
              ],
              [
                4.377732273374769,
                50.81021898065086
              ],
              [
                4.377731130350023,
                50.81021963736624
              ],
              [
                4.3777311303500195,
                50.81021963736624
              ],
              [
                4.37772827345794,
                50.81022098052942
              ],
              [
                4.377315688245662,
                50.81045802597934
              ],
              [
                4.376941756803507,
                50.81071955135961
              ],
              [
                4.376610080416237,
                50.81100303841906
              ],
              [
                4.376323853664733,
                50.811305757388794
              ],
              [
                4.3760858336467745,
                50.81162479325737
              ],
              [
                4.375898313402479,
                50.81195707383098
              ],
              [
                4.375763099801224,
                50.812299399308884
              ],
              [
                4.375681496104128,
                50.812648473090015
              ],
              [
                4.3756542893714245,
                50.813000933514054
              ],
              [
                4.375681742837608,
                50.81335338623182
              ],
              [
                4.375763593329511,
                50.813702436893216
              ],
              [
                4.37589905375396,
                50.814044723838215
              ],
              [
                4.376086820632884,
                50.81437695047566
              ],
              [
                4.376325086615014,
                50.814695917038264
              ],
              [
                4.376611557845278,
                50.81499855140741
              ],
              [
                4.376943476026027,
                50.81528193871077
              ],
              [
                4.377317644958766,
                50.81554334940702
              ],
              [
                4.377730461311644,
                50.81578026558699
              ],
              [
                4.378177949316898,
                50.81599040523714
              ],
              [
                4.378655799064304,
                50.816171744231205
              ],
              [
                4.37915940802165,
                50.81632253583778
              ],
              [
                4.37968392538184,
                50.81644132755527
              ],
              [
                4.3802242988087094,
                50.81652697511158
              ],
              [
                4.380775323130189,
                50.81657865349354
              ],
              [
                4.381331690508488,
                50.816595864899114
              ],
              [
                4.3818880416025445,
                50.816578443535676
              ],
              [
                4.382439017228264,
                50.8165265572183
              ],
              [
                4.382979310017249,
                50.81644070575203
              ],
              [
                4.383503715574704,
                50.816321716114174
              ],
              [
                4.384007182642111,
                50.81617073448327
              ],
              [
                4.384484861779979,
                50.81598921519124
              ],
              [
                4.38493215210045,
                50.81577890670605
              ],
              [
                4.38493329515974,
                50.81577824992142
              ],
              [
                4.384936152183596,
                50.81577690658459
              ],
              [
                4.385348745643948,
                50.81553983464443
              ],
              [
                4.385722668661352,
                50.8152782827783
              ],
              [
                4.3860543202737095,
                50.814994770254906
              ],
              [
                4.386340506851118,
                50.81469202782132
              ],
              [
                4.38657847283858,
                50.81437297139041
              ],
              [
                4.386765927271264,
                50.814040673945975
              ],
              [
                4.386901065807853,
                50.813698335936884
              ],
              [
                4.386982588070921,
                50.81334925444562
              ],
              [
                4.387009710128739,
                50.812996791428716
              ],
              [
                4.386982171999928,
                50.812644341335
              ],
              [
                4.386900240110362,
                50.81229529841368
              ],
              [
                4.386764704680524,
                50.811953024027474
              ],
              [
                4.386576872070233,
                50.81162081428502
              ],
              [
                4.3863385521561895,
                50.81130186830451
              ],
              [
                4.386052040865552,
                50.81099925741383
              ],
              [
                4.385720098035076,
                50.810715895583364
              ],
              [
                4.385345920810244,
                50.81045451137578
              ]
            ]
          ],
          [
            [
              [
                4.413594222952153,
                50.874358380820794
              ],
              [
                4.413042484900657,
                50.874306857557485
              ],
              [
                4.412485422515335,
                50.87428979695086
              ],
              [
                4.411928399389431,
                50.87430736326691
              ],
              [
                4.411376778738449,
                50.8743593873705
              ],
              [
                4.410835871796383,
                50.874445368352795
              ],
              [
                4.410310886710765,
                50.87456447835109
              ],
              [
                4.410283408503105,
                50.87457271587972
              ],
              [
                4.410197193459343,
                50.87459227626691
              ],
              [
                4.409693184511626,
                50.874743367940816
              ],
              [
                4.4092150054047465,
                50.87492498700099
              ],
              [
                4.408767260687544,
                50.875135384694815
              ],
              [
                4.408354262031528,
                50.875372535144315
              ],
              [
                4.4079799867207585,
                50.87563415484243
              ],
              [
                4.407648039352991,
                50.87591772462977
              ],
              [
                4.4073616171207695,
                50.87622051394081
              ],
              [
                4.40712347900696,
                50.87653960708668
              ],
              [
                4.406935919191948,
                50.876871931321844
              ],
              [
                4.406800744929469,
                50.87721428642501
              ],
              [
                4.406719259105258,
                50.87756337550953
              ],
              [
                4.406692247647908,
                50.8779158367675
              ],
              [
                4.406719971914773,
                50.87826827584137
              ],
              [
                4.4068021661279975,
                50.87861729851212
              ],
              [
                4.406938039887127,
                50.87895954338892
              ],
              [
                4.407126285735951,
                50.87929171428543
              ],
              [
                4.407365091712425,
                50.879610611970776
              ],
              [
                4.4076521587623905,
                50.87991316498937
              ],
              [
                4.407984722850818,
                50.88019645925199
              ],
              [
                4.408359581558769,
                50.88045776611313
              ],
              [
                4.408773124910787,
                50.880694568663415
              ],
              [
                4.409221370136354,
                50.88090458598347
              ],
              [
                4.409700000030834,
                50.88108579512507
              ],
              [
                4.410204404546268,
                50.88123645060735
              ],
              [
                4.410729725210958,
                50.881355101239734
              ],
              [
                4.411270901949207,
                50.88144060410905
              ],
              [
                4.411822721849144,
                50.881492135595714
              ],
              [
                4.412379869407584,
                50.88150919931259
              ],
              [
                4.412936977766433,
                50.881491630889755
              ],
              [
                4.413488680445455,
                50.88143959955882
              ],
              [
                4.4140296630713864,
                50.88135360652174
              ],
              [
                4.41410691451941,
                50.881336079499945
              ],
              [
                4.414143870611203,
                50.881330204935615
              ],
              [
                4.414668921592027,
                50.88121107802181
              ],
              [
                4.415172983930074,
                50.881059965259176
              ],
              [
                4.415651202451723,
                50.880878322242815
              ],
              [
                4.416098971073868,
                50.880667898632574
              ],
              [
                4.416511977185194,
                50.880430721289784
              ],
              [
                4.416886243192609,
                50.880169074743364
              ],
              [
                4.417218164832192,
                50.87988547917397
              ],
              [
                4.417504545875507,
                50.87958266612854
              ],
              [
                4.417742628897246,
                50.87926355219994
              ],
              [
                4.417930121808422,
                50.87893121092565
              ],
              [
                4.418065219900423,
                50.87858884317647
              ],
              [
                4.418146623188794,
                50.87823974632116
              ],
              [
                4.418173548891141,
                50.87788728246389
              ],
              [
                4.418173393385427,
                50.87788531175119
              ],
              [
                4.418173548407195,
                50.87788328246389
              ],
              [
                4.418145738438987,
                50.8775308460609
              ],
              [
                4.418063461849617,
                50.87718183122963
              ],
              [
                4.417927512182156,
                50.87683959906189
              ],
              [
                4.417739199788249,
                50.876507445259364
              ],
              [
                4.417500339167142,
                50.8761885684012
              ],
              [
                4.417213231454641,
                50.875886039149236
              ],
              [
                4.416880642232056,
                50.8756027706873
              ],
              [
                4.416880474927934,
                50.875602654078385
              ],
              [
                4.416880142218973,
                50.87560237070574
              ],
              [
                4.416505274862861,
                50.875341090695514
              ],
              [
                4.416091739663351,
                50.87510431502631
              ],
              [
                4.415643519068205,
                50.874894323596
              ],
              [
                4.41516492932853,
                50.8747131383703
              ],
              [
                4.4146605789446856,
                50.87456250392435
              ],
              [
                4.4141353243062165,
                50.87444387065432
              ],
              [
                4.413594222952153,
                50.874358380820794
              ]
            ]
          ],
          [
            [
              [
                4.423746343121366,
                50.88657525118915
              ],
              [
                4.42333267250821,
                50.88633850180254
              ],
              [
                4.422884312333584,
                50.88612853870762
              ],
              [
                4.42240558019242,
                50.88594738359722
              ],
              [
                4.4219010859559935,
                50.88579678075643
              ],
              [
                4.42137568739867,
                50.8856781802771
              ],
              [
                4.420834443444891,
                50.88559272410408
              ],
              [
                4.420282565485499,
                50.885541235046915
              ],
              [
                4.41972536723086,
                50.88552420886276
              ],
              [
                4.419168213582106,
                50.885541809486156
              ],
              [
                4.418616469011185,
                50.88559386745163
              ],
              [
                4.4180754459450196,
                50.88567988152436
              ],
              [
                4.417550353649071,
                50.88579902352297
              ],
              [
                4.417046248100857,
                50.8859501462885
              ],
              [
                4.416567983334559,
                50.8861317947227
              ],
              [
                4.416120164723906,
                50.88634221979012
              ],
              [
                4.4161195877120205,
                50.8863425511081
              ],
              [
                4.416118164765336,
                50.88634321972943
              ],
              [
                4.4157051046746405,
                50.88658039528141
              ],
              [
                4.415330780998293,
                50.88684203757686
              ],
              [
                4.414998798800137,
                50.88712562723881
              ],
              [
                4.414712355608553,
                50.8874284335103
              ],
              [
                4.414474210608748,
                50.88774754053915
              ],
              [
                4.414286658047987,
                50.888079875446095
              ],
              [
                4.414151505110749,
                50.88842223790697
              ],
              [
                4.414070054478026,
                50.888771330964296
              ],
              [
                4.41404309174013,
                50.8891237927718
              ],
              [
                4.414070877785828,
                50.889476228966565
              ],
              [
                4.414153146242857,
                50.889825245357244
              ],
              [
                4.414289105996246,
                50.89016748061337
              ],
              [
                4.414477448762015,
                50.890499638641195
              ],
              [
                4.414716361645053,
                50.89081852033371
              ],
              [
                4.4150035445618165,
                50.891121054389274
              ],
              [
                4.415336232361477,
                50.89140432690122
              ],
              [
                4.415711221433624,
                50.89166560943346
              ],
              [
                4.416124900547138,
                50.89190238531088
              ],
              [
                4.416573285623745,
                50.89211237387096
              ],
              [
                4.417052058111561,
                50.892293552442446
              ],
              [
                4.417556606588883,
                50.892444175838925
              ],
              [
                4.418082071197024,
                50.8925627931788
              ],
              [
                4.418623390473424,
                50.892648261869574
              ],
              [
                4.419175350132858,
                50.8926997586209
              ],
              [
                4.419732633325551,
                50.892716787380216
              ],
              [
                4.420289871886569,
                50.89269918411429
              ],
              [
                4.420841698081197,
                50.892647118390435
              ],
              [
                4.421382796346161,
                50.89256109174187
              ],
              [
                4.421907954526589,
                50.892441932833535
              ],
              [
                4.422412114113531,
                50.89229078947447
              ],
              [
                4.422890418996618,
                50.89210911755457
              ],
              [
                4.423338262260972,
                50.89189866701208
              ],
              [
                4.423338839290194,
                50.89189833565916
              ],
              [
                4.423340262302387,
                50.89189766695139
              ],
              [
                4.42375333059901,
                50.89166046489995
              ],
              [
                4.424127645754612,
                50.8913987961142
              ],
              [
                4.424459603032247,
                50.89111518098894
              ],
              [
                4.424746005860662,
                50.89081235125948
              ],
              [
                4.42498409660524,
                50.890493223679364
              ],
              [
                4.425171583103174,
                50.890160871917494
              ],
              [
                4.425306660708223,
                50.88981849694565
              ],
              [
                4.425388029633864,
                50.88946939620207
              ],
              [
                4.425414907429265,
                50.88911693182835
              ],
              [
                4.425387036469501,
                50.88876449828598
              ],
              [
                4.425304686389621,
                50.8884154896644
              ],
              [
                4.425168651440939,
                50.88807326699557
              ],
              [
                4.424980242796812,
                50.88774112588956
              ],
              [
                4.424741275883726,
                50.88742226480319
              ],
              [
                4.424454052861324,
                50.887119754246335
              ],
              [
                4.42412134042148,
                50.88683650722274
              ],
              [
                4.423746343121366,
                50.88657525118915
              ]
            ]
          ],
          [
            [
              [
                4.405260103030968,
                50.903943106287244
              ],
              [
                4.404734543457651,
                50.90382443195571
              ],
              [
                4.4041931206180385,
                50.90373889950655
              ],
              [
                4.4036410476251655,
                50.90368733248373
              ],
              [
                4.403083640066925,
                50.903670227395054
              ],
              [
                4.402526264859267,
                50.90368774893475
              ],
              [
                4.401974288606871,
                50.903739728398854
              ],
              [
                4.40143302596681,
                50.90382566530837
              ],
              [
                4.400907688510677,
                50.903944732224964
              ],
              [
                4.400403334575931,
                50.904095782712595
              ],
              [
                4.399924820587826,
                50.90427736236906
              ],
              [
                4.3994767543192985,
                50.9044877228212
              ],
              [
                4.399063450537836,
                50.904724838549775
              ],
              [
                4.398688889465567,
                50.90498642638216
              ],
              [
                4.398356678452134,
                50.90526996746593
              ],
              [
                4.398070017229284,
                50.90557273151207
              ],
              [
                4.397831667081949,
                50.90589180307519
              ],
              [
                4.397643924233253,
                50.90622410961769
              ],
              [
                4.397508597700638,
                50.90656645108877
              ],
              [
                4.397426991837492,
                50.90691553073325
              ],
              [
                4.397399893729834,
                50.90726798683419
              ],
              [
                4.397427565571006,
                50.90762042508386
              ],
              [
                4.397509742089597,
                50.90796945127123
              ],
              [
                4.397645633057124,
                50.90831170397169
              ],
              [
                4.397833930853147,
                50.908643886923585
              ],
              [
                4.398072823016725,
                50.90896280077999
              ],
              [
                4.398072838395889,
                50.908962816983234
              ],
              [
                4.398075822697914,
                50.90896680090605
              ],
              [
                4.3983630093898745,
                50.90926937404792
              ],
              [
                4.398695725383231,
                50.90955269219873
              ],
              [
                4.399070766796856,
                50.90981402648285
              ],
              [
                4.399484521896192,
                50.910050859726724
              ],
              [
                4.399933005871636,
                50.910260910715316
              ],
              [
                4.400411899219103,
                50.91044215617604
              ],
              [
                4.400916589352982,
                50.910592850278185
              ],
              [
                4.401442215050177,
                50.910711541459094
              ],
              [
                4.4019837132963655,
                50.91079708641494
              ],
              [
                4.402535868082168,
                50.910848661120745
              ],
              [
                4.403093360677884,
                50.91086576877305
              ],
              [
                4.403650820901021,
                50.91084824457864
              ],
              [
                4.4042028788811365,
                50.91079625734315
              ],
              [
                4.404744216821666,
                50.910710307843786
              ],
              [
                4.405269620258434,
                50.91059122400234
              ],
              [
                4.405774028319449,
                50.91044015290486
              ],
              [
                4.406252582500378,
                50.910258549745215
              ],
              [
                4.406700673484535,
                50.91004816379943
              ],
              [
                4.407113985555337,
                50.90981102156612
              ],
              [
                4.4074885381726805,
                50.909549407236206
              ],
              [
                4.407820724312276,
                50.90926584068009
              ],
              [
                4.408107345198558,
                50.90896305316548
              ],
              [
                4.408345641096855,
                50.90864396103943
              ],
              [
                4.408533317868797,
                50.90831163762958
              ],
              [
                4.408668569036088,
                50.90796928363481
              ],
              [
                4.408750093141283,
                50.90762019629153
              ],
              [
                4.408777106239839,
                50.907267737612436
              ],
              [
                4.408749349404681,
                50.906915302004386
              ],
              [
                4.408667091172774,
                50.90656628357687
              ],
              [
                4.4085311249119545,
                50.90622404345638
              ],
              [
                4.408342761135178,
                50.9058918774213
              ],
              [
                4.408103814837918,
                50.90557298416851
              ],
              [
                4.408103799456401,
                50.905572967966556
              ],
              [
                4.408100814519188,
                50.9055689842946
              ],
              [
                4.407813587707378,
                50.9052664346362
              ],
              [
                4.407480847069578,
                50.904983141959015
              ],
              [
                4.407105797435327,
                50.904721834159446
              ],
              [
                4.406692050856499,
                50.90448502739301
              ],
              [
                4.406243591816709,
                50.90427500185689
              ],
              [
                4.405764738863266,
                50.90409377984523
              ],
              [
                4.405260103030968,
                50.903943106287244
              ]
            ]
          ]
        ]
      },
      "properties": {
        "type": "buffer_union_400m",
        "buffer_m": 400
      }
    },
    {
      "type": "Feature",
      "geometry": {
        "type": "Polygon",
        "coordinates": [
          [
            [
              4.3137681,
              50.8933121
            ],
            [
              4.314818,
              50.8930782
            ],
            [
              4.3166962,
              50.8930127
            ],
            [
              4.3222873,
              50.8940188
            ],
            [
              4.3233659,
              50.8941154
            ],
            [
              4.3244843,
              50.8940735
            ],
            [
              4.3268335,
              50.8938133
            ],
            [
              4.3276456,
              50.8933615
            ],
            [
              4.3260821,
              50.8911454
            ],
            [
              4.3298012,
              50.8905499
            ],
            [
              4.3297021,
              50.8901635
            ],
            [
              4.329944,
              50.8901075
            ],
            [
              4.3275743,
              50.88912
            ],
            [
              4.3274795,
              50.8889236
            ],
            [
              4.3299899,
              50.8851845
            ],
            [
              4.3301941,
              50.8851177
            ],
            [
              4.3304475,
              50.8851636
            ],
            [
              4.3322929,
              50.8857086
            ],
            [
              4.3324042,
              50.8855885
            ],
            [
              4.3329105,
              50.885751
            ],
            [
              4.3338241,
              50.8861649
            ],
            [
              4.3346911,
              50.8867883
            ],
            [
              4.3370387,
              50.8869662
            ],
            [
              4.3376831,
              50.8848906
            ],
            [
              4.3383323,
              50.8848304
            ],
            [
              4.3382676,
              50.884552
            ],
            [
              4.3378212,
              50.8843414
            ],
            [
              4.3392918,
              50.8817556
            ],
            [
              4.339476,
              50.8765944
            ],
            [
              4.3383628,
              50.8763942
            ],
            [
              4.3397768,
              50.8731229
            ],
            [
              4.3402258,
              50.8714962
            ],
            [
              4.3417359,
              50.8708261
            ],
            [
              4.3435871,
              50.8690507
            ],
            [
              4.3430965,
              50.8684206
            ],
            [
              4.3435635,
              50.8679325
            ],
            [
              4.3435764,
              50.8674627
            ],
            [
              4.341688,
              50.8650821
            ],
            [
              4.3417398,
              50.8649629
            ],
            [
              4.3483947,
              50.8628503
            ],
            [
              4.3471076,
              50.8610359
            ],
            [
              4.3456588,
              50.8595598
            ],
            [
              4.3458229,
              50.8594894
            ],
            [
              4.3457485,
              50.8594133
            ],
            [
              4.3466503,
              50.8590294
            ],
            [
              4.3411307,
              50.8533031
            ],
            [
              4.3385236,
              50.8504658
            ],
            [
              4.3380777,
              50.849657
            ],
            [
              4.3378628,
              50.8494763
            ],
            [
              4.337798,
              50.84916
            ],
            [
              4.3374241,
              50.8484961
            ],
            [
              4.335475,
              50.8489189
            ],
            [
              4.3360065,
              50.8464013
            ],
            [
              4.3378781,
              50.8464503
            ],
            [
              4.3383371,
              50.8448078
            ],
            [
              4.3401124,
              50.840252
            ],
            [
              4.3399536,
              50.8402288
            ],
            [
              4.3399949,
              50.840116
            ],
            [
              4.3402982,
              50.8401596
            ],
            [
              4.3428561,
              50.8330899
            ],
            [
              4.3429984,
              50.832973
            ],
            [
              4.3449716,
              50.8326067
            ],
            [
              4.3458608,
              50.8327154
            ],
            [
              4.3484489,
              50.8328316
            ],
            [
              4.3500411,
              50.8334143
            ],
            [
              4.3551663,
              50.8355601
            ],
            [
              4.3571905,
              50.8336532
            ],
            [
              4.3569254,
              50.8328438
            ],
            [
              4.3576044,
              50.8326576
            ],
            [
              4.3576092,
              50.8325498
            ],
            [
              4.3574857,
              50.8324985
            ],
            [
              4.357613,
              50.8324535
            ],
            [
              4.3576209,
              50.8322653
            ],
            [
              4.3583317,
              50.8318773
            ],
            [
              4.3580403,
              50.8314135
            ],
            [
              4.3579072,
              50.8310344
            ],
            [
              4.3622433,
              50.8268283
            ],
            [
              4.3617044,
              50.8265333
            ],
            [
              4.3620993,
              50.8262519
            ],
            [
              4.3626288,
              50.826464
            ],
            [
              4.3633202,
              50.8259866
            ],
            [
              4.3634106,
              50.8254362
            ],
            [
              4.3645569,
              50.8249712
            ],
            [
              4.3649511,
              50.8245105
            ],
            [
              4.3643334,
              50.8241215
            ],
            [
              4.3655881,
              50.8234813
            ],
            [
              4.3650134,
              50.8231477
            ],
            [
              4.367222,
              50.8229941
            ],
            [
              4.3668856,
              50.822574
            ],
            [
              4.3664351,
              50.8209589
            ],
            [
              4.3696418,
              50.8192489
            ],
            [
              4.3702948,
              50.8171819
            ],
            [
              4.3706739,
              50.81527
            ],
            [
              4.3681219,
              50.8148668
            ],
            [
              4.3682844,
              50.8139882
            ],
            [
              4.3678372,
              50.8138956
            ],
            [
              4.3691434,
              50.8105516
            ],
            [
              4.3697512,
              50.8094466
            ],
            [
              4.3706173,
              50.8091116
            ],
            [
              4.3710899,
              50.8088401
            ],
            [
              4.3710725,
              50.8087562
            ],
            [
              4.3724235,
              50.808477
            ],
            [
              4.3729612,
              50.8081753
            ],
            [
              4.3727258,
              50.8078032
            ],
            [
              4.3729811,
              50.8075753
            ],
            [
              4.3727743,
              50.8067097
            ],
            [
              4.3717512,
              50.8066528
            ],
            [
              4.3721931,
              50.8056541
            ],
            [
              4.3724072,
              50.8042529
            ],
            [
              4.3728377,
              50.8030968
            ],
            [
              4.3733593,
              50.803212
            ],
            [
              4.3735712,
              50.8026916
            ],
            [
              4.3732303,
              50.8026393
            ],
            [
              4.3734115,
              50.8023752
            ],
            [
              4.3739376,
              50.8019565
            ],
            [
              4.3756028,
              50.8012414
            ],
            [
              4.3758112,
              50.8009944
            ],
            [
              4.3767904,
              50.8009115
            ],
            [
              4.3778448,
              50.801105
            ],
            [
              4.3779436,
              50.801035
            ],
            [
              4.3779942,
              50.8002817
            ],
            [
              4.3778512,
              50.8001977
            ],
            [
              4.3772929,
              50.8000097
            ],
            [
              4.3753778,
              50.7997349
            ],
            [
              4.4009077,
              50.7963454
            ],
            [
              4.401044,
              50.7974673
            ],
            [
              4.4006711,
              50.7979744
            ],
            [
              4.3988813,
              50.7998573
            ],
            [
              4.3977134,
              50.8008997
            ],
            [
              4.3972386,
              50.8012065
            ],
            [
              4.3968997,
              50.8017554
            ],
            [
              4.3937751,
              50.8007534
            ],
            [
              4.3904636,
              50.8021632
            ],
            [
              4.3875143,
              50.8054221
            ],
            [
              4.3873554,
              50.8058075
            ],
            [
              4.3870386,
              50.8077263
            ],
            [
              4.3868527,
              50.8082693
            ],
            [
              4.3854328,
              50.8104573
            ],
            [
              4.3850973,
              50.8117326
            ],
            [
              4.3839057,
              50.8134409
            ],
            [
              4.3835265,
              50.8147211
            ],
            [
              4.3832361,
              50.8151979
            ],
            [
              4.3828504,
              50.8156333
            ],
            [
              4.3825903,
              50.8158511
            ],
            [
              4.3791217,
              50.8138441
            ],
            [
              4.3772414,
              50.81606
            ],
            [
              4.3736187,
              50.8197294
            ],
            [
              4.3704895,
              50.8239911
            ],
            [
              4.3694843,
              50.8241015
            ],
            [
              4.3685099,
              50.8244626
            ],
            [
              4.3687472,
              50.8247335
            ],
            [
              4.3671131,
              50.8253156
            ],
            [
              4.3675425,
              50.8255933
            ],
            [
              4.3668668,
              50.8259996
            ],
            [
              4.3669596,
              50.8260671
            ],
            [
              4.3667376,
              50.8262057
            ],
            [
              4.3667885,
              50.8262429
            ],
            [
              4.364697,
              50.8276242
            ],
            [
              4.3655129,
              50.8285545
            ],
            [
              4.365161,
              50.8289276
            ],
            [
              4.3664178,
              50.8294105
            ],
            [
              4.3654724,
              50.8304084
            ],
            [
              4.3644094,
              50.8300212
            ],
            [
              4.3642907,
              50.8300829
            ],
            [
              4.3641005,
              50.830042
            ],
            [
              4.3640682,
              50.8302266
            ],
            [
              4.3632804,
              50.830173
            ],
            [
              4.3603714,
              50.8315059
            ],
            [
              4.3606597,
              50.8317112
            ],
            [
              4.3597047,
              50.8322183
            ],
            [
              4.3599428,
              50.8323985
            ],
            [
              4.3587856,
              50.8335269
            ],
            [
              4.3573473,
              50.8337248
            ],
            [
              4.3553981,
              50.8356569
            ],
            [
              4.355961,
              50.835891
            ],
            [
              4.3560899,
              50.8357674
            ],
            [
              4.3615872,
              50.8382111
            ],
            [
              4.3616497,
              50.8381517
            ],
            [
              4.3628989,
              50.8386779
            ],
            [
              4.3659533,
              50.8387406
            ],
            [
              4.3670936,
              50.8393095
            ],
            [
              4.3675734,
              50.8389145
            ],
            [
              4.3683053,
              50.8392961
            ],
            [
              4.3686814,
              50.8400162
            ],
            [
              4.372123,
              50.8392963
            ],
            [
              4.3728194,
              50.8406301
            ],
            [
              4.3750399,
              50.8401612
            ],
            [
              4.375975,
              50.8398028
            ],
            [
              4.3750688,
              50.838052
            ],
            [
              4.3752696,
              50.8380102
            ],
            [
              4.3762291,
              50.8373238
            ],
            [
              4.3760968,
              50.8367362
            ],
            [
              4.3760125,
              50.836692
            ],
            [
              4.3758069,
              50.8360824
            ],
            [
              4.3745789,
              50.8359702
            ],
            [
              4.3746016,
              50.8358777
            ],
            [
              4.3761208,
              50.8357507
            ],
            [
              4.3767997,
              50.8357892
            ],
            [
              4.3767502,
              50.835931
            ],
            [
              4.3775739,
              50.8360607
            ],
            [
              4.3775141,
              50.8362047
            ],
            [
              4.3785363,
              50.8364181
            ],
            [
              4.3785807,
              50.83635
            ],
            [
              4.3786941,
              50.8363831
            ],
            [
              4.3793902,
              50.8368147
            ],
            [
              4.3796095,
              50.8368305
            ],
            [
              4.380029,
              50.8370682
            ],
            [
              4.3802451,
              50.8372625
            ],
            [
              4.3802963,
              50.8375161
            ],
            [
              4.3806583,
              50.8379117
            ],
            [
              4.3807563,
              50.8391155
            ],
            [
              4.3806763,
              50.8394373
            ],
            [
              4.3802624,
              50.8400128
            ],
            [
              4.3857842,
              50.8394257
            ],
            [
              4.3858253,
              50.8395023
            ],
            [
              4.3933307,
              50.8379429
            ],
            [
              4.3960921,
              50.8432532
            ],
            [
              4.3953868,
              50.8447369
            ],
            [
              4.394223,
              50.8460657
            ],
            [
              4.3929979,
              50.8471769
            ],
            [
              4.3911318,
              50.8481983
            ],
            [
              4.3862731,
              50.8512213
            ],
            [
              4.3851159,
              50.8516991
            ],
            [
              4.3813441,
              50.8507014
            ],
            [
              4.3795995,
              50.8500199
            ],
            [
              4.3789652,
              50.8498937
            ],
            [
              4.3789774,
              50.8490338
            ],
            [
              4.378709,
              50.8489741
            ],
            [
              4.3786537,
              50.8490268
            ],
            [
              4.377587,
              50.848756
            ],
            [
              4.377367,
              50.8490307
            ],
            [
              4.375713,
              50.8484705
            ],
            [
              4.3752615,
              50.8476249
            ],
            [
              4.3738815,
              50.8479114
            ],
            [
              4.3738643,
              50.8477817
            ],
            [
              4.3732167,
              50.8472879
            ],
            [
              4.369566,
              50.84712
            ],
            [
              4.3697233,
              50.8474197
            ],
            [
              4.3683811,
              50.8525504
            ],
            [
              4.3552484,
              50.8562056
            ],
            [
              4.3558087,
              50.8569708
            ],
            [
              4.3565816,
              50.8577011
            ],
            [
              4.3567392,
              50.8595372
            ],
            [
              4.3582629,
              50.862525
            ],
            [
              4.3610865,
              50.8688045
            ],
            [
              4.3629282,
              50.8703644
            ],
            [
              4.3637347,
              50.8712579
            ],
            [
              4.3644874,
              50.8709966
            ],
            [
              4.3645907,
              50.8711174
            ],
            [
              4.3652415,
              50.8708919
            ],
            [
              4.3649021,
              50.8705029
            ],
            [
              4.3652093,
              50.8694751
            ],
            [
              4.3669085,
              50.8695938
            ],
            [
              4.3681082,
              50.8705338
            ],
            [
              4.3688369,
              50.8708996
            ],
            [
              4.3698674,
              50.871258
            ],
            [
              4.371218,
              50.8715278
            ],
            [
              4.3725128,
              50.8715661
            ],
            [
              4.3745067,
              50.8752703
            ],
            [
              4.374827,
              50.8754972
            ],
            [
              4.379399,
              50.8779067
            ],
            [
              4.3795117,
              50.8778281
            ],
            [
              4.3796845,
              50.8779019
            ],
            [
              4.3814829,
              50.8789866
            ],
            [
              4.3830668,
              50.879786
            ],
            [
              4.3831411,
              50.8797201
            ],
            [
              4.3842782,
              50.88014
            ],
            [
              4.3883873,
              50.8810629
            ],
            [
              4.3873111,
              50.8819966
            ],
            [
              4.402003,
              50.8859352
            ],
            [
              4.403097,
              50.885257
            ],
            [
              4.4029668,
              50.8850377
            ],
            [
              4.4032371,
              50.8849578
            ],
            [
              4.4033204,
              50.8850244
            ],
            [
              4.4040336,
              50.8847754
            ],
            [
              4.403972,
              50.884694
            ],
            [
              4.4052502,
              50.8839424
            ],
            [
              4.406434,
              50.8828512
            ],
            [
              4.4069923,
              50.8825214
            ],
            [
              4.407339,
              50.8821815
            ],
            [
              4.4086695,
              50.8803595
            ],
            [
              4.4088931,
              50.8792173
            ],
            [
              4.4099264,
              50.8781019
            ],
            [
              4.4106825,
              50.8769742
            ],
            [
              4.4143492,
              50.8782634
            ],
            [
              4.4176504,
              50.8753246
            ],
            [
              4.4186043,
              50.875272
            ],
            [
              4.4203617,
              50.8745052
            ],
            [
              4.4215403,
              50.8736789
            ],
            [
              4.4222116,
              50.8733627
            ],
            [
              4.4244151,
              50.872712
            ],
            [
              4.4257197,
              50.8721324
            ],
            [
              4.4275998,
              50.8750389
            ],
            [
              4.4288105,
              50.876294
            ],
            [
              4.4272386,
              50.8769776
            ],
            [
              4.4273484,
              50.8774674
            ],
            [
              4.4336459,
              50.8783713
            ],
            [
              4.4370662,
              50.8787817
            ],
            [
              4.4340403,
              50.8820576
            ],
            [
              4.4320674,
              50.8843802
            ],
            [
              4.4314585,
              50.8853399
            ],
            [
              4.4305223,
              50.8862521
            ],
            [
              4.4299106,
              50.887065
            ],
            [
              4.4275056,
              50.8892579
            ],
            [
              4.4272125,
              50.8898556
            ],
            [
              4.4270382,
              50.8908911
            ],
            [
              4.4277889,
              50.8916144
            ],
            [
              4.4293165,
              50.8928818
            ],
            [
              4.4310834,
              50.8933794
            ],
            [
              4.4316567,
              50.8936404
            ],
            [
              4.4319636,
              50.8938514
            ],
            [
              4.4318415,
              50.8939291
            ],
            [
              4.4327892,
              50.8947285
            ],
            [
              4.4321585,
              50.8950034
            ],
            [
              4.4312295,
              50.8952566
            ],
            [
              4.4313709,
              50.8956647
            ],
            [
              4.4294914,
              50.8969233
            ],
            [
              4.4284387,
              50.8974209
            ],
            [
              4.4273073,
              50.8976258
            ],
            [
              4.4267591,
              50.8978163
            ],
            [
              4.4259124,
              50.8985109
            ],
            [
              4.4261477,
              50.8986098
            ],
            [
              4.4269886,
              50.8995051
            ],
            [
              4.427235,
              50.8995167
            ],
            [
              4.427788,
              50.8997995
            ],
            [
              4.4278137,
              50.8999577
            ],
            [
              4.4266047,
              50.9003977
            ],
            [
              4.426437,
              50.9003968
            ],
            [
              4.4263915,
              50.9007212
            ],
            [
              4.426063,
              50.9007991
            ],
            [
              4.4260687,
              50.9010302
            ],
            [
              4.425511,
              50.9011315
            ],
            [
              4.4253188,
              50.9013825
            ],
            [
              4.4249456,
              50.901451
            ],
            [
              4.4247581,
              50.9017459
            ],
            [
              4.4244577,
              50.9017924
            ],
            [
              4.4242468,
              50.9020869
            ],
            [
              4.4229629,
              50.9029675
            ],
            [
              4.422699,
              50.9026457
            ],
            [
              4.4224964,
              50.9025751
            ],
            [
              4.4223988,
              50.9026127
            ],
            [
              4.4221178,
              50.9031718
            ],
            [
              4.4211119,
              50.9032025
            ],
            [
              4.4206317,
              50.9035687
            ],
            [
              4.4181458,
              50.9039147
            ],
            [
              4.4174927,
              50.9045037
            ],
            [
              4.4179167,
              50.9054234
            ],
            [
              4.4144357,
              50.9064859
            ],
            [
              4.41292,
              50.9066985
            ],
            [
              4.4127353,
              50.9068228
            ],
            [
              4.4127062,
              50.9069709
            ],
            [
              4.4124763,
              50.9070245
            ],
            [
              4.4125267,
              50.9075105
            ],
            [
              4.4123893,
              50.9084161
            ],
            [
              4.4124252,
              50.9085704
            ],
            [
              4.4127206,
              50.908969
            ],
            [
              4.4132144,
              50.9091121
            ],
            [
              4.4137452,
              50.9095176
            ],
            [
              4.4138004,
              50.9096616
            ],
            [
              4.4137608,
              50.910396
            ],
            [
              4.4144154,
              50.9112525
            ],
            [
              4.414233,
              50.9115304
            ],
            [
              4.4098223,
              50.9125436
            ],
            [
              4.4063356,
              50.9130867
            ],
            [
              4.4034684,
              50.9139045
            ],
            [
              4.4030403,
              50.9130439
            ],
            [
              4.4018459,
              50.9133375
            ],
            [
              4.4009209,
              50.9133553
            ],
            [
              4.3990675,
              50.9132342
            ],
            [
              4.3989196,
              50.9121356
            ],
            [
              4.3976872,
              50.9120564
            ],
            [
              4.3971989,
              50.911857
            ],
            [
              4.3948847,
              50.9101879
            ],
            [
              4.394606,
              50.9103707
            ],
            [
              4.3940039,
              50.9101738
            ],
            [
              4.3929067,
              50.909961
            ],
            [
              4.3915075,
              50.9100432
            ],
            [
              4.3899958,
              50.9099771
            ],
            [
              4.3892597,
              50.9103593
            ],
            [
              4.3889979,
              50.9100012
            ],
            [
              4.3885196,
              50.9102755
            ],
            [
              4.3877622,
              50.9099444
            ],
            [
              4.3871946,
              50.908071
            ],
            [
              4.387038,
              50.9072436
            ],
            [
              4.3861844,
              50.9057582
            ],
            [
              4.3829511,
              50.9017992
            ],
            [
              4.37922,
              50.900797
            ],
            [
              4.3790499,
              50.9003697
            ],
            [
              4.3779209,
              50.8993215
            ],
            [
              4.3780167,
              50.8989236
            ],
            [
              4.3782976,
              50.8985442
            ],
            [
              4.3780955,
              50.8984882
            ],
            [
              4.3783281,
              50.8978458
            ],
            [
              4.3782247,
              50.8972813
            ],
            [
              4.378064,
              50.8971474
            ],
            [
              4.3774577,
              50.897
            ],
            [
              4.3764982,
              50.8975797
            ],
            [
              4.3757814,
              50.8977604
            ],
            [
              4.3755136,
              50.8979602
            ],
            [
              4.3734234,
              50.898422
            ],
            [
              4.370713,
              50.8988822
            ],
            [
              4.3639931,
              50.9011513
            ],
            [
              4.3624981,
              50.9010676
            ],
            [
              4.3573126,
              50.90137
            ],
            [
              4.3532977,
              50.9012678
            ],
            [
              4.3517173,
              50.9013134
            ],
            [
              4.3481023,
              50.9015343
            ],
            [
              4.3443632,
              50.902339
            ],
            [
              4.3428625,
              50.902419
            ],
            [
              4.3415644,
              50.9023925
            ],
            [
              4.3332189,
              50.9014069
            ],
            [
              4.331673,
              50.9011145
            ],
            [
              4.3301767,
              50.9006929
            ],
            [
              4.3245785,
              50.8985833
            ],
            [
              4.3234298,
              50.8980587
            ],
            [
              4.3225603,
              50.8974663
            ],
            [
              4.3205756,
              50.8957252
            ],
            [
              4.3193847,
              50.8949873
            ],
            [
              4.3183361,
              50.894591
            ],
            [
              4.3146138,
              50.8936101
            ],
            [
              4.3137681,
              50.8933121
            ]
          ]
        ]
      },
      "properties": {
        "type": "boundary",
        "gemeente": "Brussel (Bruxelles)"
      }
    }
  ]
}