{
  "type": "FeatureCollection",
  "metadata": {
    "gemeente": "Bütgenbach",
    "slug": "butgenbach",
    "generated_at": "2026-09-25T22:11:36.069584Z",
    "total_points": 15,
    "providers": [
      "bpost",
      "DHL",
      "GLS",
      "InPost",
      "VintedGo",
      "PostNL",
      "DPD",
      "Amazon"
    ],
    "bounds": [
      6.16461,
      50.42111,
      6.20597626,
      50.44493
    ]
  },
  "features": [
    {
      "type": "Feature",
      "geometry": {
        "type": "Point",
        "coordinates": [
          6.16461,
          50.43287
        ]
      },
      "properties": {
        "type": "pakketpunt",
        "locatieNaam": "Bbox 24/7 Bruls Ortho Weywertz",
        "straatNaam": "Weywertz Lindenstrasse",
        "straatNr": "8",
        "vervoerder": "bpost",
        "puntType": "automaat",
        "bezettingsgraad": 50,
        "latitude": 50.43287,
        "longitude": 6.16461,
        "canPickup": true,
        "canDropoff": true,
        "openingstijden": null
      }
    },
    {
      "type": "Feature",
      "geometry": {
        "type": "Point",
        "coordinates": [
          6.20546,
          50.42292
        ]
      },
      "properties": {
        "type": "pakketpunt",
        "locatieNaam": "Butgenbach",
        "straatNaam": "Bullinger Strasse",
        "straatNr": "22",
        "vervoerder": "bpost",
        "puntType": "postkantoor",
        "bezettingsgraad": 50,
        "latitude": 50.42292,
        "longitude": 6.20546,
        "canPickup": true,
        "canDropoff": true,
        "openingstijden": null
      }
    },
    {
      "type": "Feature",
      "geometry": {
        "type": "Point",
        "coordinates": [
          6.20355,
          50.42774
        ]
      },
      "properties": {
        "type": "pakketpunt",
        "locatieNaam": "Bbox 24/7 Carrefour Butgenbach",
        "straatNaam": "Monschauer Strasse",
        "straatNr": "9",
        "vervoerder": "bpost",
        "puntType": "automaat",
        "bezettingsgraad": 50,
        "latitude": 50.42774,
        "longitude": 6.20355,
        "canPickup": true,
        "canDropoff": true,
        "openingstijden": null
      }
    },
    {
      "type": "Feature",
      "geometry": {
        "type": "Point",
        "coordinates": [
          6.16461,
          50.43287
        ]
      },
      "properties": {
        "type": "pakketpunt",
        "locatieNaam": "BBOX 24/7 BRULS ORTHO WEYWERTZ",
        "straatNaam": "WEYWERTZ LINDENSTRASSE",
        "straatNr": "8",
        "vervoerder": "DHL",
        "puntType": "packStation",
        "bezettingsgraad": 50,
        "latitude": 50.43287,
        "longitude": 6.16461,
        "canPickup": true,
        "canDropoff": true,
        "openingstijden": {
          "ma": "00:00 - 23:59",
          "di": "00:00 - 23:59",
          "wo": "00:00 - 23:59",
          "do": "00:00 - 23:59",
          "vr": "00:00 - 23:59",
          "za": "00:00 - 23:59",
          "zo": "00:00 - 23:59"
        }
      }
    },
    {
      "type": "Feature",
      "geometry": {
        "type": "Point",
        "coordinates": [
          6.205461,
          50.422918
        ]
      },
      "properties": {
        "type": "pakketpunt",
        "locatieNaam": "BUTGENBACH",
        "straatNaam": "BULLINGER STRASSE",
        "straatNr": "22",
        "vervoerder": "DHL",
        "puntType": "postOffice",
        "bezettingsgraad": 50,
        "latitude": 50.422918,
        "longitude": 6.205461,
        "canPickup": true,
        "canDropoff": true,
        "openingstijden": {
          "ma": "09:00 - 12:00",
          "di": "09:00 - 12:00",
          "wo": "14:00 - 17:00",
          "do": "09:00 - 12:00",
          "vr": "14:00 - 17:00",
          "za": "09:30 - 13:00",
          "zo": "gesloten"
        }
      }
    },
    {
      "type": "Feature",
      "geometry": {
        "type": "Point",
        "coordinates": [
          6.203554,
          50.427742
        ]
      },
      "properties": {
        "type": "pakketpunt",
        "locatieNaam": "BBOX 24/7 CARREFOUR BUTGENBACH",
        "straatNaam": "MONSCHAUER STRASSE",
        "straatNr": "9",
        "vervoerder": "DHL",
        "puntType": "packStation",
        "bezettingsgraad": 50,
        "latitude": 50.427742,
        "longitude": 6.203554,
        "canPickup": true,
        "canDropoff": true,
        "openingstijden": {
          "ma": "00:00 - 23:59",
          "di": "00:00 - 23:59",
          "wo": "00:00 - 23:59",
          "do": "00:00 - 23:59",
          "vr": "00:00 - 23:59",
          "za": "00:00 - 23:59",
          "zo": "00:00 - 23:59"
        }
      }
    },
    {
      "type": "Feature",
      "geometry": {
        "type": "Point",
        "coordinates": [
          6.19166,
          50.42309
        ]
      },
      "properties": {
        "type": "pakketpunt",
        "locatieNaam": "Elektro Linden",
        "straatNaam": "Malmedyer Strasse",
        "straatNr": "57",
        "vervoerder": "GLS",
        "puntType": "parcel_shop",
        "bezettingsgraad": 50,
        "latitude": 50.42309,
        "longitude": 6.19166,
        "canPickup": true,
        "canDropoff": true,
        "openingstijden": "vr: 08:30 - 12:00, 13:00 - 18:30; za: 09:00 - 12:00, 13:00 - 16:00"
      }
    },
    {
      "type": "Feature",
      "geometry": {
        "type": "Point",
        "coordinates": [
          6.1957,
          50.44493
        ]
      },
      "properties": {
        "type": "pakketpunt",
        "locatieNaam": "INGE LENTZ",
        "straatNaam": "DELLENSTRASSE 5",
        "straatNr": "",
        "vervoerder": "InPost",
        "puntType": "servicepunt",
        "bezettingsgraad": 50,
        "latitude": 50.44493,
        "longitude": 6.1957,
        "canPickup": true,
        "canDropoff": true,
        "openingstijden": "L/Ma/Me/J/V/S 7-19,D 7-12:30"
      }
    },
    {
      "type": "Feature",
      "geometry": {
        "type": "Point",
        "coordinates": [
          6.16779,
          50.42119
        ]
      },
      "properties": {
        "type": "pakketpunt",
        "locatieNaam": "",
        "straatNaam": "Bahnhofstraße",
        "straatNr": "84",
        "vervoerder": "InPost",
        "puntType": "automaat",
        "bezettingsgraad": 50,
        "latitude": 50.42119,
        "longitude": 6.16779,
        "canPickup": true,
        "canDropoff": true,
        "openingstijden": "24/7"
      }
    },
    {
      "type": "Feature",
      "geometry": {
        "type": "Point",
        "coordinates": [
          6.20597626,
          50.42976281
        ]
      },
      "properties": {
        "type": "pakketpunt",
        "locatieNaam": "Elektro Linden",
        "straatNaam": "Malmedyer Straße",
        "straatNr": "57",
        "vervoerder": "VintedGo",
        "puntType": "parcel_shop",
        "bezettingsgraad": 50,
        "latitude": 50.42976281,
        "longitude": 6.20597626,
        "canPickup": true,
        "canDropoff": true,
        "openingstijden": null
      }
    },
    {
      "type": "Feature",
      "geometry": {
        "type": "Point",
        "coordinates": [
          6.204158510408,
          50.4273954929
        ]
      },
      "properties": {
        "type": "pakketpunt",
        "locatieNaam": "Fsbau",
        "straatNaam": "Bahnhofstraße",
        "straatNr": "84",
        "vervoerder": "PostNL",
        "puntType": "servicepunt",
        "bezettingsgraad": 50,
        "latitude": 50.4273954929,
        "longitude": 6.204158510408,
        "canPickup": true,
        "canDropoff": true,
        "openingstijden": "08:00 - 18:00"
      }
    },
    {
      "type": "Feature",
      "geometry": {
        "type": "Point",
        "coordinates": [
          6.16807,
          50.42111
        ]
      },
      "properties": {
        "type": "pakketpunt",
        "locatieNaam": "FS BAU",
        "straatNaam": "BAHNHOFSTRASSE",
        "straatNr": "84",
        "vervoerder": "DPD",
        "puntType": "pickup_point",
        "bezettingsgraad": 50,
        "latitude": 50.42111,
        "longitude": 6.16807,
        "canPickup": true,
        "canDropoff": false,
        "openingstijden": {
          "ma": "08:00 - 18:00",
          "di": "08:00 - 18:00",
          "wo": "08:00 - 18:00",
          "do": "08:00 - 18:00",
          "vr": "08:00 - 18:00",
          "za": "08:30 - 12:00",
          "zo": "gesloten"
        }
      }
    },
    {
      "type": "Feature",
      "geometry": {
        "type": "Point",
        "coordinates": [
          6.203554,
          50.427742
        ]
      },
      "properties": {
        "type": "pakketpunt",
        "locatieNaam": "bpost - BBOX 24/7 CARREFOUR BUTGENBACH",
        "straatNaam": "MONSCHAUER STRASSE,9",
        "straatNr": "",
        "vervoerder": "Amazon",
        "puntType": "3p",
        "bezettingsgraad": 50,
        "latitude": 50.427742,
        "longitude": 6.203554,
        "canPickup": true,
        "canDropoff": false,
        "openingstijden": null
      }
    },
    {
      "type": "Feature",
      "geometry": {
        "type": "Point",
        "coordinates": [
          6.205461,
          50.422918
        ]
      },
      "properties": {
        "type": "pakketpunt",
        "locatieNaam": "bpost - BUTGENBACH",
        "straatNaam": "BULLINGER STRASSE,22",
        "straatNr": "",
        "vervoerder": "Amazon",
        "puntType": "3p",
        "bezettingsgraad": 50,
        "latitude": 50.422918,
        "longitude": 6.205461,
        "canPickup": true,
        "canDropoff": false,
        "openingstijden": null
      }
    },
    {
      "type": "Feature",
      "geometry": {
        "type": "Point",
        "coordinates": [
          6.16461,
          50.43287
        ]
      },
      "properties": {
        "type": "pakketpunt",
        "locatieNaam": "bpost - BBOX 24/7 BRULS ORTHO WEYWERTZ",
        "straatNaam": "WEYWERTZ LINDENSTRASSE,8",
        "straatNr": "",
        "vervoerder": "Amazon",
        "puntType": "3p",
        "bezettingsgraad": 50,
        "latitude": 50.43287,
        "longitude": 6.16461,
        "canPickup": true,
        "canDropoff": false,
        "openingstijden": null
      }
    },
    {
      "type": "Feature",
      "geometry": {
        "type": "MultiPolygon",
        "coordinates": [
          [
            [
              [
                6.172078713836556,
                50.42026436125183
              ],
              [
                6.1719296661450915,
                50.42001740174499
              ],
              [
                6.171743450318865,
                50.41978096492125
              ],
              [
                6.171521860121779,
                50.41955732762394
              ],
              [
                6.171267029878374,
                50.419348643408206
              ],
              [
                6.1709814139079695,
                50.419156921808714
              ],
              [
                6.170667762881907,
                50.41898400899464
              ],
              [
                6.170329097331803,
                50.418831569998325
              ],
              [
                6.169968678563992,
                50.41870107268826
              ],
              [
                6.169589977260125,
                50.41859377364056
              ],
              [
                6.169196640065995,
                50.4185107060444
              ],
              [
                6.1687924544898065,
                50.41845266975812
              ],
              [
                6.168381312447319,
                50.41842022361089
              ],
              [
                6.16796717280408,
                50.418413680024585
              ],
              [
                6.16755402327465,
                50.41843310200688
              ],
              [
                6.167145842044712,
                50.41847830254494
              ],
              [
                6.166746559484725,
                50.41854884640517
              ],
              [
                6.166360020322821,
                50.41864405432206
              ],
              [
                6.166213167190953,
                50.418691258501084
              ],
              [
                6.166080031993641,
                50.418724050231596
              ],
              [
                6.165709956985027,
                50.41884300455209
              ],
              [
                6.1653599109642485,
                50.418984560786
              ],
              [
                6.165033264775916,
                50.41914735586363
              ],
              [
                6.164733164036474,
                50.41932982218781
              ],
              [
                6.164462498846532,
                50.41953020272276
              ],
              [
                6.164223875958909,
                50.41974656790693
              ],
              [
                6.16401959367037,
                50.41997683422768
              ],
              [
                6.163851619679034,
                50.4202187842789
              ],
              [
                6.163721572120977,
                50.42047008810855
              ],
              [
                6.1636307039692415,
                50.42072832565153
              ],
              [
                6.163579890946113,
                50.42099101003108
              ],
              [
                6.163569623065909,
                50.42125561150535
              ],
              [
                6.163599999890629,
                50.42151958182814
              ],
              [
                6.163670729545099,
                50.42178037878949
              ],
              [
                6.163781131502147,
                50.42203549069983
              ],
              [
                6.163930143111917,
                50.42228246058153
              ],
              [
                6.164116329813427,
                50.422518909835425
              ],
              [
                6.164337898930873,
                50.42274256115336
              ],
              [
                6.16459271692254,
                50.422951260456635
              ],
              [
                6.164878329916839,
                50.42314299764843
              ],
              [
                6.165191987338076,
                50.42331592598011
              ],
              [
                6.165530668394714,
                50.4234683798447
              ],
              [
                6.165891111175044,
                50.42359889082576
              ],
              [
                6.166269844069947,
                50.42370620184679
              ],
              [
                6.166663219219761,
                50.42378927928471
              ],
              [
                6.167067447662647,
                50.42384732293025
              ],
              [
                6.16747863584527,
                50.42387977369942
              ],
              [
                6.167892823143391,
                50.42388631902127
              ],
              [
                6.168306020030108,
                50.42386689585015
              ],
              [
                6.168714246523184,
                50.42382169127326
              ],
              [
                6.1691135705402385,
                50.423751140707765
              ],
              [
                6.169500145791348,
                50.42365592370453
              ],
              [
                6.1696470110219215,
                50.4236087154068
              ],
              [
                6.169780157462782,
                50.42357591961378
              ],
              [
                6.170150259188261,
                50.42345695241589
              ],
              [
                6.1705003239164045,
                50.42331538184751
              ],
              [
                6.170826980042628,
                50.42315257150487
              ],
              [
                6.171127081525038,
                50.422970089549025
              ],
              [
                6.171397738188882,
                50.422769693595626
              ],
              [
                6.17163634356179,
                50.422553313779886
              ],
              [
                6.171840599971702,
                50.422323034160065
              ],
              [
                6.172008540665943,
                50.422081072639166
              ],
              [
                6.172138548738736,
                50.42182975959817
              ],
              [
                6.172229372685405,
                50.421571515447134
              ],
              [
                6.17228013843413,
                50.42130882731035
              ],
              [
                6.172290357740204,
                50.42104422507044
              ],
              [
                6.172259932862829,
                50.42078025700223
              ],
              [
                6.17218915748042,
                50.42051946523104
              ],
              [
                6.172078713836556,
                50.42026436125183
              ]
            ]
          ],
          [
            [
              [
                6.195519283682345,
                50.42199661870282
              ],
              [
                6.195332942521372,
                50.42176021975786
              ],
              [
                6.1951112318812855,
                50.42153662751501
              ],
              [
                6.194856287246188,
                50.421327995095524
              ],
              [
                6.1945705640366535,
                50.42113633153515
              ],
              [
                6.1942568139563665,
                50.42096348244414
              ],
              [
                6.193918058490454,
                50.42081111224114
              ],
              [
                6.193557559810769,
                50.42068068813219
              ],
              [
                6.193178789368156,
                50.4205734659885
              ],
              [
                6.192785394473896,
                50.4204904782587
              ],
              [
                6.192381163191576,
                50.42043252403207
              ],
              [
                6.191969987876893,
                50.420400161347665
              ],
              [
                6.191555827715668,
                50.42039370182365
              ],
              [
                6.191142670619978,
                50.420413207658314
              ],
              [
                6.190734494848386,
                50.42045849103137
              ],
              [
                6.1903352307188735,
                50.42052911591165
              ],
              [
                6.189948722782249,
                50.420624402253466
              ],
              [
                6.189578692819338,
                50.42074343254158
              ],
              [
                6.18922870401749,
                50.42088506062193
              ],
              [
                6.1889021266706346,
                50.42104792273292
              ],
              [
                6.188602105732645,
                50.4212304506319
              ],
              [
                6.1883315305360345,
                50.42143088669003
              ],
              [
                6.18809300696737,
                50.421647300811074
              ],
              [
                6.187888832367355,
                50.42187760901108
              ],
              [
                6.187720973397406,
                50.42211959348048
              ],
              [
                6.187591047086242,
                50.42237092393574
              ],
              [
                6.187500305239535,
                50.422629180055196
              ],
              [
                6.187449622363419,
                50.422891874783076
              ],
              [
                6.187439487218983,
                50.42315647827773
              ],
              [
                6.187469998089984,
                50.42342044227336
              ],
              [
                6.1875408618103,
                50.42368122462082
              ],
              [
                6.1876513965615345,
                50.42393631377112
              ],
              [
                6.187800538414774,
                50.42418325296577
              ],
              [
                6.18798685155447,
                50.424419663900935
              ],
              [
                6.188208542086829,
                50.42464326963748
              ],
              [
                6.188463475300478,
                50.424851916535594
              ],
              [
                6.188749196213762,
                50.425043595003096
              ],
              [
                6.189062953211242,
                50.4252164588569
              ],
              [
                6.1894017245419635,
                50.42536884311102
              ],
              [
                6.189762247424403,
                50.425499280019416
              ],
              [
                6.190141049477611,
                50.425606513219044
              ],
              [
                6.1905344821755355,
                50.42568950983635
              ],
              [
                6.190938756001812,
                50.42574747044057
              ],
              [
                6.191349976965805,
                50.42577983674753
              ],
              [
                6.191764184127415,
                50.425786296999846
              ],
              [
                6.192177387768367,
                50.42576678897125
              ],
              [
                6.192585607841389,
                50.42572150056633
              ],
              [
                6.192984912326021,
                50.42565086800966
              ],
              [
                6.193371455120629,
                50.425555571641915
              ],
              [
                6.193741513104818,
                50.425436529363566
              ],
              [
                6.194091522014394,
                50.42529488778953
              ],
              [
                6.1944181107826966,
                50.42513201119991
              ],
              [
                6.194718134016935,
                50.42494946839379
              ],
              [
                6.194988702296355,
                50.42474901757288
              ],
              [
                6.195227210000209,
                50.42453258940071
              ],
              [
                6.195431360397472,
                50.42430226840126
              ],
              [
                6.195599187756823,
                50.42406027287592
              ],
              [
                6.195729076264323,
                50.423808933533124
              ],
              [
                6.195819775567073,
                50.423550671036104
              ],
              [
                6.19587041279388,
                50.42328797268567
              ],
              [
                6.195880500937931,
                50.42302336846272
              ],
              [
                6.19584994352167,
                50.42275940666101
              ],
              [
                6.195779035499924,
                50.42249862934539
              ],
              [
                6.195668460393568,
                50.422243547871496
              ],
              [
                6.195519283682345,
                50.42199661870282
              ]
            ]
          ],
          [
            [
              [
                6.200791344458674,
                50.4256982063065
              ],
              [
                6.200491339861671,
                50.42588076476816
              ],
              [
                6.200220788381179,
                50.42608122836397
              ],
              [
                6.1999822956756026,
                50.42629766673247
              ],
              [
                6.199778158788665,
                50.42652799565617
              ],
              [
                6.199610344018842,
                50.42676999712592
              ],
              [
                6.19948046796943,
                50.42702134069442
              ],
              [
                6.199389781962285,
                50.42727960591362
              ],
              [
                6.199339159965992,
                50.427542305640095
              ],
              [
                6.199329090155515,
                50.427806909983985
              ],
              [
                6.199359670185553,
                50.428070870671235
              ],
              [
                6.199430606224042,
                50.4283316455845
              ],
              [
                6.199541215756177,
                50.428586723246305
              ],
              [
                6.199690434132864,
                50.42883364700874
              ],
              [
                6.199876824801545,
                50.42907003871656
              ],
              [
                6.200098593121686,
                50.429293621615734
              ],
              [
                6.2003536036326325,
                50.42950224228635
              ],
              [
                6.2006394006081385,
                50.42969389138878
              ],
              [
                6.200953231700033,
                50.429866723022755
              ],
              [
                6.200955237771595,
                50.429867624992625
              ],
              [
                6.200957231769889,
                50.42986872311148
              ],
              [
                6.201296074540552,
                50.43002107258959
              ],
              [
                6.201656665492393,
                50.43015147251158
              ],
              [
                6.201813545844101,
                50.43019585961304
              ],
              [
                6.201856720799232,
                50.43035454138588
              ],
              [
                6.201967348096926,
                50.43060961666105
              ],
              [
                6.202116585468958,
                50.430856537233474
              ],
              [
                6.202302996179846,
                50.431092924978614
              ],
              [
                6.202524785396037,
                50.43131650318056
              ],
              [
                6.202779817455624,
                50.431525118464656
              ],
              [
                6.203065636424806,
                50.43171676154317
              ],
              [
                6.203379489743557,
                50.431889586573774
              ],
              [
                6.203718354733011,
                50.4320419289444
              ],
              [
                6.204078967709351,
                50.43217232131241
              ],
              [
                6.20445785542365,
                50.43227950774369
              ],
              [
                6.2048513685245705,
                50.432362455815195
              ],
              [
                6.205255716721117,
                50.43242036656369
              ],
              [
                6.2056670053061405,
                50.432452682185264
              ],
              [
                6.206081272688068,
                50.432459091410664
              ],
              [
                6.206494528568465,
                50.432439532505235
              ],
              [
                6.206902792396815,
                50.43239419386352
              ],
              [
                6.20730213173118,
                50.43232351219402
              ],
              [
                6.207688700134275,
                50.43222816831045
              ],
              [
                6.208058774239115,
                50.432109080570996
              ],
              [
                6.2084087896263505,
                50.431967396028405
              ],
              [
                6.208735375167096,
                50.43180447937665
              ],
              [
                6.20903538549985,
                50.43162189980068
              ],
              [
                6.209305931328355,
                50.431421415856306
              ],
              [
                6.209544407248369,
                50.43120495852606
              ],
              [
                6.209748516835272,
                50.430974612614705
              ],
              [
                6.20991629475109,
                50.43073259666354
              ],
              [
                6.2100461256583745,
                50.43048124157763
              ],
              [
                6.210136759759258,
                50.43022296817177
              ],
              [
                6.21018732481076,
                50.42996026385176
              ],
              [
                6.210197334501403,
                50.429695658655916
              ],
              [
                6.210166693109383,
                50.42943170088727
              ],
              [
                6.210095696398412,
                50.429170932571786
              ],
              [
                6.209985028743582,
                50.428915864978286
              ],
              [
                6.209835756515953,
                50.42866895443653
              ],
              [
                6.209649317790486,
                50.42843257868556
              ],
              [
                6.209427508477321,
                50.42820901398038
              ],
              [
                6.209172465010681,
                50.42800041317693
              ],
              [
                6.208886643762733,
                50.42780878500651
              ],
              [
                6.2085727973810725,
                50.4276359747385
              ],
              [
                6.208371162964704,
                50.42754533099362
              ],
              [
                6.208379376811612,
                50.42732840754315
              ],
              [
                6.208348747065702,
                50.42706444920128
              ],
              [
                6.2082777638925295,
                50.42680367968262
              ],
              [
                6.208167111536756,
                50.42654861026759
              ],
              [
                6.2080178562220665,
                50.426301697303515
              ],
              [
                6.207831435860512,
                50.42606531855279
              ],
              [
                6.207609646185363,
                50.42584175029926
              ],
              [
                6.207354623441717,
                50.42563314543312
              ],
              [
                6.207068823802187,
                50.42544151272474
              ],
              [
                6.207030380790917,
                50.425420343214164
              ],
              [
                6.2071721662653765,
                50.425385368453846
              ],
              [
                6.207542188280338,
                50.42526628223604
              ],
              [
                6.207892154717741,
                50.42512459910289
              ],
              [
                6.208218694920181,
                50.42496168373473
              ],
              [
                6.208518663962832,
                50.424779105304154
              ],
              [
                6.208789172947084,
                50.42457862235594
              ],
              [
                6.209027616823483,
                50.42436216586303
              ],
              [
                6.209231699475931,
                50.42413182062208
              ],
              [
                6.209399455825745,
                50.42388980516797
              ],
              [
                6.209529270743023,
                50.42363845040093
              ],
              [
                6.209529340869089,
                50.42363825054638
              ],
              [
                6.209530270586597,
                50.42363645036614
              ],
              [
                6.209620894418043,
                50.42337817709706
              ],
              [
                6.209671455030162,
                50.42311547273161
              ],
              [
                6.209681466154043,
                50.422850867308526
              ],
              [
                6.209650832053882,
                50.422586909133074
              ],
              [
                6.20957984842297,
                50.422326140235064
              ],
              [
                6.209469199510255,
                50.42207107188902
              ],
              [
                6.209319951506136,
                50.42182416043191
              ],
              [
                6.209133542252149,
                50.42158778361161
              ],
              [
                6.2089117673745,
                50.42136421769342
              ],
              [
                6.208656762975702,
                50.421155615545
              ],
              [
                6.208370985051641,
                50.42096398591059
              ],
              [
                6.20805718583268,
                50.42079117407366
              ],
              [
                6.207718387276933,
                50.42063884409414
              ],
              [
                6.2073578519709915,
                50.42050846279072
              ],
              [
                6.206979051718222,
                50.42040128562238
              ],
              [
                6.206585634116808,
                50.4203183446047
              ],
              [
                6.206181387448873,
                50.42026043837713
              ],
              [
                6.205770204218184,
                50.42022812451655
              ],
              [
                6.205356043686739,
                50.42022171417103
              ],
              [
                6.204942893770176,
                50.420241269065286
              ],
              [
                6.204534732657958,
                50.42028660090666
              ],
              [
                6.204135490526979,
                50.420357273197276
              ],
              [
                6.203749011716326,
                50.4204526054349
              ],
              [
                6.203379017726495,
                50.420571679662416
              ],
              [
                6.2030290713986,
                50.420713349302595
              ],
              [
                6.202702542617756,
                50.420876250193665
              ],
              [
                6.202402575870365,
                50.42105881371948
              ],
              [
                6.202132059967301,
                50.42125928190812
              ],
              [
                6.2018936002243565,
                50.42147572435393
              ],
              [
                6.20168949336779,
                50.421706056800105
              ],
              [
                6.201521705406829,
                50.42194806120355
              ],
              [
                6.201391852686517,
                50.42219940708872
              ],
              [
                6.201391782528296,
                50.422199606938385
              ],
              [
                6.201390852530108,
                50.42220140705391
              ],
              [
                6.201300186138275,
                50.42245967394958
              ],
              [
                6.201249579865261,
                50.42272237469736
              ],
              [
                6.201239521734483,
                50.42298697939751
              ],
              [
                6.2012701092880205,
                50.423250939772565
              ],
              [
                6.201341048621216,
                50.42351171370816
              ],
              [
                6.201451657187388,
                50.423766789736234
              ],
              [
                6.201600870346614,
                50.42401371122461
              ],
              [
                6.201787251596455,
                50.42425010003994
              ],
              [
                6.202009006386976,
                50.42447367945603
              ],
              [
                6.20226399938773,
                50.42468229608653
              ],
              [
                6.202549775041038,
                50.424873940630754
              ],
              [
                6.202588215609757,
                50.42489511162495
              ],
              [
                6.202446428221113,
                50.42493008079603
              ],
              [
                6.202076396036521,
                50.42504915079722
              ],
              [
                6.2017264127855425,
                50.42519081642057
              ],
              [
                6.201399848708807,
                50.425353713543
              ],
              [
                6.2010998486325795,
                50.42553627358467
              ],
              [
                6.201066613427608,
                50.425560899736354
              ],
              [
                6.200791344458674,
                50.4256982063065
              ]
            ]
          ],
          [
            [
              [
                6.168470702887488,
                50.43177751856293
              ],
              [
                6.168284458131261,
                50.43154107661368
              ],
              [
                6.168062829299695,
                50.431317433115176
              ],
              [
                6.167807951089602,
                50.43110874168229
              ],
              [
                6.167522278282387,
                50.43091701191917
              ],
              [
                6.167208562096846,
                50.430744090073595
              ],
              [
                6.166869823692126,
                50.430591641264854
              ],
              [
                6.16650932507614,
                50.43046113345596
              ],
              [
                6.166130537699402,
                50.43035382332406
              ],
              [
                6.165737109036455,
                50.43027074416509
              ],
              [
                6.165332827476165,
                50.430212695948676
              ],
              [
                6.164921585858395,
                50.43018023761892
              ],
              [
                6.1645073440073475,
                50.43017368171495
              ],
              [
                6.164094090621563,
                50.43019309136305
              ],
              [
                6.163685804886582,
                50.430238279669155
              ],
              [
                6.163286418178964,
                50.43030881151748
              ],
              [
                6.162899776229519,
                50.43040400775815
              ],
              [
                6.1625296021091485,
                50.43052295174359
              ],
              [
                6.162179460392955,
                50.43066449815073
              ],
              [
                6.1618527228469535,
                50.43082728400455
              ],
              [
                6.161552535967275,
                50.4310097417967
              ],
              [
                6.161281790684032,
                50.43121011457356
              ],
              [
                6.161043094521372,
                50.43142647284836
              ],
              [
                6.160838746481804,
                50.43165673317503
              ],
              [
                6.160670714896785,
                50.43189867820514
              ],
              [
                6.160540618457227,
                50.43214997803511
              ],
              [
                6.160449710607166,
                50.43240821263835
              ],
              [
                6.160398867451477,
                50.43267089516642
              ],
              [
                6.160388579294982,
                50.43293549589533
              ],
              [
                6.160418945895282,
                50.4331994665861
              ],
              [
                6.1604896754760095,
                50.43346026502523
              ],
              [
                6.160600087511036,
                50.433715379508904
              ],
              [
                6.160749119253764,
                50.43396235303477
              ],
              [
                6.16093533594961,
                50.434198806968524
              ],
              [
                6.161156944634149,
                50.434422463956956
              ],
              [
                6.161411811384813,
                50.434631169866755
              ],
              [
                6.161697481860571,
                50.43482291453745
              ],
              [
                6.162011204932229,
                50.43499585114838
              ],
              [
                6.162349959176006,
                50.43514831401279
              ],
              [
                6.162710481975307,
                50.435278834627574
              ],
              [
                6.163089300950263,
                50.43538615582342
              ],
              [
                6.163482767412033,
                50.43546924387923
              ],
              [
                6.163887091519158,
                50.43552729848347
              ],
              [
                6.1642983787967305,
                50.435559760446566
              ],
              [
                6.164712667665864,
                50.435566317089766
              ],
              [
                6.165125967621138,
                50.43554690525834
              ],
              [
                6.165534297687375,
                50.43550171193028
              ],
              [
                6.16593372478439,
                50.43543117241439
              ],
              [
                6.166320401629228,
                50.43533596615516
              ],
              [
                6.166690603809982,
                50.43521701018521
              ],
              [
                6.1670407656732,
                50.43507545028815
              ],
              [
                6.167367514678632,
                50.43491264995743
              ],
              [
                6.167667703889766,
                50.4347301772577
              ],
              [
                6.167938442286894,
                50.4345297897155
              ],
              [
                6.1681771226104924,
                50.434313417384985
              ],
              [
                6.168381446466746,
                50.434083144252455
              ],
              [
                6.1685494464535475,
                50.43384118815839
              ],
              [
                6.168679505094283,
                50.43358987943157
              ],
              [
                6.1687703703975085,
                50.433331638440514
              ],
              [
                6.1688211678933955,
                50.433068952279115
              ],
              [
                6.168831409031806,
                50.43280435081098
              ],
              [
                6.168800995862017,
                50.43254038230352
              ],
              [
                6.1687302219500335,
                50.432279588886345
              ],
              [
                6.168619769525611,
                50.432024482070254
              ],
              [
                6.168470702887488,
                50.43177751856293
              ]
            ]
          ],
          [
            [
              [
                6.1995609681354225,
                50.44383648815984
              ],
              [
                6.199374520994551,
                50.443600096479535
              ],
              [
                6.199152689175931,
                50.443376512688296
              ],
              [
                6.198897609330882,
                50.4431678898259
              ],
              [
                6.198611738182202,
                50.44297623683607
              ],
              [
                6.198297828858268,
                50.44280339922717
              ],
              [
                6.197958904377649,
                50.442651041307265
              ],
              [
                6.197598228539614,
                50.44252063016408
              ],
              [
                6.197219274500762,
                50.442413421543954
              ],
              [
                6.19682569134003,
                50.442330447765265
              ],
              [
                6.196421268933567,
                50.44227250778294
              ],
              [
                6.1960099014771055,
                50.44224015949882
              ],
              [
                6.195595550006273,
                50.442233714392465
              ],
              [
                6.195182204274937,
                50.4422532345233
              ],
              [
                6.194773844357717,
                50.44229853193339
              ],
              [
                6.194374402345454,
                50.442369170456416
              ],
              [
                6.193987724501569,
                50.442464469915336
              ],
              [
                6.193617534242772,
                50.44258351266865
              ],
              [
                6.193267396299838,
                50.44272515244226
              ],
              [
                6.192940682402809,
                50.442888025361995
              ],
              [
                6.1926405388205294,
                50.44307056308115
              ],
              [
                6.192369856066684,
                50.44327100787636
              ],
              [
                6.192131241063843,
                50.44348742956728
              ],
              [
                6.191926992033552,
                50.44371774409704
              ],
              [
                6.191759076354413,
                50.44395973359515
              ],
              [
                6.191629111601761,
                50.44421106772967
              ],
              [
                6.191538349952026,
                50.44446932614346
              ],
              [
                6.191487666102651,
                50.444732021758675
              ],
              [
                6.191477548824722,
                50.44499662472512
              ],
              [
                6.191508096230558,
                50.44526058678203
              ],
              [
                6.191579014802796,
                50.44552136579891
              ],
              [
                6.191689622195345,
                50.44577645025881
              ],
              [
                6.191838853780217,
                50.4460233834484
              ],
              [
                6.19202527287811,
                50.44625978712161
              ],
              [
                6.19224708457511,
                50.446483384409206
              ],
              [
                6.192502152993158,
                50.44669202175271
              ],
              [
                6.192788021848591,
                50.44688368965194
              ],
              [
                6.19310193810116,
                50.44705654202554
              ],
              [
                6.193440878466034,
                50.447208913998054
              ],
              [
                6.193801578533518,
                50.44733933794168
              ],
              [
                6.19418056421589,
                50.44744655761828
              ],
              [
                6.194574185218173,
                50.44752954028448
              ],
              [
                6.194978650209985,
                50.447587486643855
              ],
              [
                6.1953900633590635,
                50.44761983854946
              ],
              [
                6.195804461873839,
                50.447626284382594
              ],
              [
                6.1962178541925725,
                50.447606762055926
              ],
              [
                6.1966262584503164,
                50.447561459611705
              ],
              [
                6.197025740852248,
                50.44749081340977
              ],
              [
                6.197412453582795,
                50.44739550392224
              ],
              [
                6.197782671884571,
                50.44727644917601
              ],
              [
                6.1981328299491265,
                50.44713479590606
              ],
              [
                6.198459555273155,
                50.44697190850519
              ],
              [
                6.198759701148683,
                50.44678935587665
              ],
              [
                6.199030376973892,
                50.44658889631675
              ],
              [
                6.199268976092478,
                50.44637246057322
              ],
              [
                6.19947320089332,
                50.44614213324297
              ],
              [
                6.1996410849289365,
                50.44590013268843
              ],
              [
                6.199771011840038,
                50.44564878966639
              ],
              [
                6.199861730904424,
                50.44539052487556
              ],
              [
                6.199912369061184,
                50.44512782563883
              ],
              [
                6.19992243929517,
                50.444863221945624
              ],
              [
                6.199891845301936,
                50.44459926208456
              ],
              [
                6.199820882389175,
                50.444338488101785
              ],
              [
                6.199710234606957,
                50.4440834113208
              ],
              [
                6.1995609681354225,
                50.44383648815984
              ]
            ]
          ]
        ]
      },
      "properties": {
        "type": "buffer_union_300m",
        "buffer_m": 300
      }
    },
    {
      "type": "Feature",
      "geometry": {
        "type": "MultiPolygon",
        "coordinates": [
          [
            [
              [
                6.173414920021477,
                50.419982450919306
              ],
              [
                6.173216182017394,
                50.4196531738035
              ],
              [
                6.17296788801869,
                50.419337927368616
              ],
              [
                6.172672429949936,
                50.41903974730331
              ],
              [
                6.1723326537489935,
                50.41876150489931
              ],
              [
                6.171951831939298,
                50.41850587941251
              ],
              [
                6.171533632102409,
                50.418275332274526
              ],
              [
                6.171082081554936,
                50.41807208340242
              ],
              [
                6.170601528570063,
                50.41789808983423
              ],
              [
                6.170096600516875,
                50.417755026895364
              ],
              [
                6.16957215932006,
                50.41764427207702
              ],
              [
                6.169033254667968,
                50.417566891780965
              ],
              [
                6.168485075418521,
                50.41752363105831
              ],
              [
                6.16793289966949,
                50.417514906440516
              ],
              [
                6.167382043972402,
                50.417540801931494
              ],
              [
                6.166837812177457,
                50.41760106819949
              ],
              [
                6.166305444400326,
                50.41769512497589
              ],
              [
                6.165790066600529,
                50.41782206663884
              ],
              [
                6.1656432154459875,
                50.417869270103374
              ],
              [
                6.165510082161485,
                50.417902061184925
              ],
              [
                6.165016655048279,
                50.41806066428257
              ],
              [
                6.164549931494847,
                50.418249402930286
              ],
              [
                6.164114405788715,
                50.418466459817004
              ],
              [
                6.163714271987314,
                50.41870974493677
              ],
              [
                6.1633533835381815,
                50.418976915702444
              ],
              [
                6.163035216170447,
                50.41926539949144
              ],
              [
                6.162762834414921,
                50.4195724184069
              ],
              [
                6.162538862075421,
                50.41989501601665
              ],
              [
                6.162365456936343,
                50.42023008581253
              ],
              [
                6.162244289950967,
                50.420574401116966
              ],
              [
                6.162176529112115,
                50.42092464614889
              ],
              [
                6.162162828161917,
                50.42127744795016
              ],
              [
                6.162203320251023,
                50.421629408865535
              ],
              [
                6.162297616610065,
                50.42197713926312
              ],
              [
                6.16244481024792,
                50.42231729018052
              ],
              [
                6.162643484642929,
                50.422646585582235
              ],
              [
                6.162891727345062,
                50.42296185391709
              ],
              [
                6.163187148359511,
                50.42326005867185
              ],
              [
                6.163526903136052,
                50.42353832762642
              ],
              [
                6.163907719943783,
                50.42379398052807
              ],
              [
                6.164325931368405,
                50.424024554917956
              ],
              [
                6.164777509629119,
                50.424227829860705
              ],
              [
                6.165258105375118,
                50.424401847347646
              ],
              [
                6.16576308958779,
                50.424544931167475
              ],
              [
                6.166287598184475,
                50.42465570306153
              ],
              [
                6.166826578893328,
                50.424733096008175
              ],
              [
                6.1673748399466275,
                50.424776364507544
              ],
              [
                6.167927100122198,
                50.424785091767355
              ],
              [
                6.1684780396493855,
                50.42475919372037
              ],
              [
                6.169022351487599,
                50.424698919834945
              ],
              [
                6.169554792481834,
                50.4246048507101
              ],
              [
                6.170070233900718,
                50.42447789247926
              ],
              [
                6.17021710110886,
                50.42443068346696
              ],
              [
                6.170350249462767,
                50.42439788702491
              ],
              [
                6.170843724662076,
                50.424239261431005
              ],
              [
                6.171310482106784,
                50.42405049767534
              ],
              [
                6.171746026152185,
                50.42383341400144
              ],
              [
                6.172146161978033,
                50.42359010141438
              ],
              [
                6.172507035998203,
                50.42332290352899
              ],
              [
                6.1728251729751165,
                50.42303439398493
              ],
              [
                6.173097509481373,
                50.42272735164662
              ],
              [
                6.173321423386644,
                50.42240473382743
              ],
              [
                6.173494759086414,
                50.42206964779641
              ],
              [
                6.173615848230538,
                50.42172532084296
              ],
              [
                6.173683525753179,
                50.421375069187285
              ],
              [
                6.173697141051175,
                50.42102226603723
              ],
              [
                6.173656564204809,
                50.420670309098824
              ],
              [
                6.173562187182766,
                50.42032258785383
              ],
              [
                6.173414920021477,
                50.419982450919306
              ]
            ]
          ],
          [
            [
              [
                6.196805672041008,
                50.42163212975392
              ],
              [
                6.196557210934126,
                50.421316933825324
              ],
              [
                6.196261592280334,
                50.421018813833605
              ],
              [
                6.19592166356337,
                50.420740640491786
              ],
              [
                6.19554069877476,
                50.420485092390635
              ],
              [
                6.195122366872271,
                50.42025463021646
              ],
              [
                6.194670696443605,
                50.420051473068135
              ],
              [
                6.194190036915712,
                50.419877577100365
              ],
              [
                6.193685016683037,
                50.41973461669881
              ],
              [
                6.193160498557372,
                50.41962396836728
              ],
              [
                6.1926215329674,
                50.41954669748224
              ],
              [
                6.192073309357488,
                50.419503548041284
              ],
              [
                6.191521106252337,
                50.41949493550444
              ],
              [
                6.190970240466793,
                50.41952094279648
              ],
              [
                6.190426015948228,
                50.41958131950914
              ],
              [
                6.189893672742396,
                50.419675484310446
              ],
              [
                6.189378336572493,
                50.419802530538355
              ],
              [
                6.188884969515326,
                50.41996123492486
              ],
              [
                6.188418322248081,
                50.42015006936688
              ],
              [
                6.187982888324268,
                50.42036721563086
              ],
              [
                6.187582860918133,
                50.42061058285019
              ],
              [
                6.187222092453333,
                50.42087782764707
              ],
              [
                6.186904057504266,
                50.42116637668592
              ],
              [
                6.186631819327242,
                50.42147345144142
              ],
              [
                6.186408000344048,
                50.421796094943495
              ],
              [
                6.186234756862816,
                50.42213120024185
              ],
              [
                6.186113758280511,
                50.422475540316846
              ],
              [
                6.186046170968562,
                50.42282579914859
              ],
              [
                6.18603264699822,
                50.423178603645844
              ],
              [
                6.186073317815857,
                50.42353055612714
              ],
              [
                6.186167792930835,
                50.42387826704154
              ],
              [
                6.186315163630341,
                50.424218387614104
              ],
              [
                6.186514011687203,
                50.42454764210133
              ],
              [
                6.186762422978483,
                50.42486285934584
              ],
              [
                6.187058005885204,
                50.42516100332636
              ],
              [
                6.18739791429737,
                50.425439202407944
              ],
              [
                6.187778875003758,
                50.42569477701069
              ],
              [
                6.188197219203477,
                50.425925265429804
              ],
              [
                6.18864891783625,
                50.426128447557886
              ],
              [
                6.189129620391259,
                50.42630236628024
              ],
              [
                6.18963469682055,
                50.426445346336806
              ],
              [
                6.190159282152728,
                50.42655601046837
              ],
              [
                6.1906983233764015,
                50.42663329269135
              ],
              [
                6.191246628140642,
                50.426676448572366
              ],
              [
                6.191798914802033,
                50.426685062403976
              ],
              [
                6.192349863334709,
                50.4266590512116
              ],
              [
                6.192894166611373,
                50.426598665553435
              ],
              [
                6.193426581559641,
                50.42650448710519
              ],
              [
                6.193941979699294,
                50.42637742305337
              ],
              [
                6.194435396572065,
                50.426218697350926
              ],
              [
                6.194902079586379,
                50.42602983892014
              ],
              [
                6.195337533814987,
                50.42581266691637
              ],
              [
                6.195737565303345,
                50.425569273195464
              ],
              [
                6.196098321470914,
                50.42530200215363
              ],
              [
                6.196416328215873,
                50.42501342813504
              ],
              [
                6.196688523365783,
                50.42470633062493
              ],
              [
                6.19691228615236,
                50.42438366746787
              ],
              [
                6.197085462427078,
                50.42404854636946
              ],
              [
                6.197206385375683,
                50.423704194956564
              ],
              [
                6.197273891533305,
                50.42335392968473
              ],
              [
                6.1972873319474076,
                50.42300112389271
              ],
              [
                6.1972465783826385,
                50.42264917531174
              ],
              [
                6.197152024509563,
                50.42230147334284
              ],
              [
                6.197004582067621,
                50.4219613664172
              ],
              [
                6.196805672041008,
                50.42163212975392
              ]
            ]
          ],
          [
            [
              [
                6.199871845387833,
                50.42501759372088
              ],
              [
                6.199471839766434,
                50.42526100169031
              ],
              [
                6.199111102919513,
                50.42552828320416
              ],
              [
                6.198793109117387,
                50.42581686457319
              ],
              [
                6.198520921220541,
                50.42612396696078
              ],
              [
                6.198297161166988,
                50.426446633130624
              ],
              [
                6.198123984697782,
                50.42678175591406
              ],
              [
                6.198003060564943,
                50.42712610812296
              ],
              [
                6.197935554423289,
                50.42747637362051
              ],
              [
                6.1979221175626815,
                50.42782917925113
              ],
              [
                6.197962880590831,
                50.4281811273223
              ],
              [
                6.198057452129239,
                50.42852882832547
              ],
              [
                6.1982049225365765,
                50.42886893358103
              ],
              [
                6.198403872625434,
                50.429198167492835
              ],
              [
                6.1986523872901635,
                50.42951335910159
              ],
              [
                6.198948073916077,
                50.429811472632835
              ],
              [
                6.19928808539406,
                50.43008963674476
              ],
              [
                6.199669147519989,
                50.43034517219424
              ],
              [
                6.200087590515876,
                50.43057561765355
              ],
              [
                6.20008959660096,
                50.430576519638244
              ],
              [
                6.200091590609015,
                50.43057761777183
              ],
              [
                6.200543384498889,
                50.43078075353165
              ],
              [
                6.200590167150136,
                50.43079767169693
              ],
              [
                6.2006310123187305,
                50.430891854799974
              ],
              [
                6.200829987734511,
                50.43122108445861
              ],
              [
                6.201078529122201,
                50.431536270783965
              ],
              [
                6.201374243609754,
                50.431834378052365
              ],
              [
                6.201714283819705,
                50.43211253498237
              ],
              [
                6.202095375271173,
                50.43236806239999
              ],
              [
                6.202513847903677,
                50.43259849905481
              ],
              [
                6.20296567141955,
                50.432801625337966
              ],
              [
                6.203446494104733,
                50.432975484672575
              ],
              [
                6.2039516847537755,
                50.43311840237059
              ],
              [
                6.204476377294715,
                50.43322900177347
              ],
              [
                6.205015517683131,
                50.433306217521064
              ],
              [
                6.205563912612582,
                50.43334930582035
              ],
              [
                6.206116279570863,
                50.43335785161484
              ],
              [
                6.20666729775845,
                50.433331772585376
              ],
              [
                6.207211659376962,
                50.433271319943564
              ],
              [
                6.207744120791988,
                50.43317707601037
              ],
              [
                6.20825955307576,
                50.43304994860309
              ],
              [
                6.2087529914412425,
                50.43289116228495
              ],
              [
                6.209219683090048,
                50.43270224656208
              ],
              [
                6.209655133012046,
                50.432485021141694
              ],
              [
                6.210055147294536,
                50.4322415783941
              ],
              [
                6.210415873523132,
                50.43197426318767
              ],
              [
                6.210733837884847,
                50.431685650291925
              ],
              [
                6.211005978615969,
                50.4313785195665
              ],
              [
                6.211229675472872,
                50.43105582917573
              ],
              [
                6.211402774942537,
                50.430720687087465
              ],
              [
                6.211523610950937,
                50.43037632113053
              ],
              [
                6.211591020870986,
                50.43002604790049
              ],
              [
                6.21160435667741,
                50.42967324081255
              ],
              [
                6.211563491142649,
                50.4293212976103
              ],
              [
                6.211468819015864,
                50.4289736076428
              ],
              [
                6.211321253175507,
                50.42863351922554
              ],
              [
                6.2111222157942185,
                50.42830430739918
              ],
              [
                6.210873624602834,
                50.42798914239681
              ],
              [
                6.210577874387328,
                50.42769105912263
              ],
              [
                6.210237813898171,
                50.42741292793601
              ],
              [
                6.209856718395561,
                50.42715742702166
              ],
              [
                6.209763100321138,
                50.427105879855624
              ],
              [
                6.209745479618904,
                50.426954067730456
              ],
              [
                6.209650825543327,
                50.42660637615855
              ],
              [
                6.209503280102347,
                50.42626628531243
              ],
              [
                6.209304265272073,
                50.42593707025617
              ],
              [
                6.20909053238442,
                50.425666068917614
              ],
              [
                6.209138312667489,
                50.42564223029001
              ],
              [
                6.209538271896508,
                50.425398789069774
              ],
              [
                6.209898949000019,
                50.42513147519171
              ],
              [
                6.21021687063807,
                50.42484286341253
              ],
              [
                6.210488975458267,
                50.424535733581095
              ],
              [
                6.210712643562631,
                50.42421304385315
              ],
              [
                6.210885721714803,
                50.42387790219007
              ],
              [
                6.210885791835508,
                50.42387770233472
              ],
              [
                6.210886721506231,
                50.4238759021437
              ],
              [
                6.211007543824838,
                50.423531536369175
              ],
              [
                6.211074947828675,
                50.42318126307852
              ],
              [
                6.211088285549104,
                50.42282845568757
              ],
              [
                6.211047429739784,
                50.42247651194281
              ],
              [
                6.210952775055873,
                50.42212882119857
              ],
              [
                6.210805234207514,
                50.42178873177778
              ],
              [
                6.210606229126375,
                50.42145951873081
              ],
              [
                6.210357677231977,
                50.42114435230251
              ],
              [
                6.210061972931648,
                50.42084626741084
              ],
              [
                6.209721964533539,
                50.42056813443075
              ],
              [
                6.209340926796113,
                50.420312631564265
              ],
              [
                6.208922529379226,
                50.42008221906203
              ],
              [
                6.208470801501079,
                50.4198791155446
              ],
              [
                6.207990093141472,
                50.41970527665021
              ],
              [
                6.207485033164749,
                50.41956237621497
              ],
              [
                6.206960484765132,
                50.41945179016527
              ],
              [
                6.206421498662598,
                50.41937458327786
              ],
              [
                6.205873264498879,
                50.41933149893416
              ],
              [
                6.205321060900215,
                50.419322951967395
              ],
              [
                6.204770204686193,
                50.419349024671014
              ],
              [
                6.204225999712078,
                50.419409466006925
              ],
              [
                6.20369368583556,
                50.419503694020946
              ],
              [
                6.203178388497617,
                50.419630801442395
              ],
              [
                6.2026850694013875,
                50.41978956441402
              ],
              [
                6.2022184787625365,
                50.419978454268616
              ],
              [
                6.201783109589618,
                50.42019565223905
              ],
              [
                6.201383154433725,
                50.42043906696078
              ],
              [
                6.201022465023157,
                50.42070635459854
              ],
              [
                6.200704515171417,
                50.42099494140415
              ],
              [
                6.200432367315695,
                50.42130204848853
              ],
              [
                6.200208643008322,
                50.42162471857017
              ],
              [
                6.200035497645972,
                50.42195984444271
              ],
              [
                6.2000354274823914,
                50.42196004429158
              ],
              [
                6.2000344974374295,
                50.4219618443963
              ],
              [
                6.199913599460031,
                50.4223061988407
              ],
              [
                6.199846114284681,
                50.422656465700165
              ],
              [
                6.199832692999102,
                50.42300927180598
              ],
              [
                6.199873466060767,
                50.42336121946106
              ],
              [
                6.199968041994297,
                50.4237089191608
              ],
              [
                6.200115511115785,
                50.42404902223812
              ],
              [
                6.200314454249963,
                50.424378253117915
              ],
              [
                6.200528131194369,
                50.4246492706446
              ],
              [
                6.200480347584707,
                50.42467310573615
              ],
              [
                6.200106996035364,
                50.42490029991016
              ],
              [
                6.199871845387833,
                50.42501759372088
              ]
            ]
          ],
          [
            [
              [
                6.1697575643243345,
                50.43141332955164
              ],
              [
                6.169509231748422,
                50.43109807628275
              ],
              [
                6.169213722163928,
                50.43079988794929
              ],
              [
                6.168873882005194,
                50.43052163592259
              ],
              [
                6.1684929844118574,
                50.43026599955118
              ],
              [
                6.168074697695459,
                50.43003544037151
              ],
              [
                6.167623050009327,
                50.42983217841655
              ],
              [
                6.1671423905620495,
                50.429658170850274
              ],
              [
                6.166637347747792,
                50.4295150931329
              ],
              [
                6.166112784596136,
                50.42940432289787
              ],
              [
                6.165573751969512,
                50.42932692669538
              ],
              [
                6.165025439957813,
                50.429283649729705
              ],
              [
                6.164473127936833,
                50.42927490868866
              ],
              [
                6.163922133769878,
                50.429300787734334
              ],
              [
                6.163377762640088,
                50.429361037693255
              ],
              [
                6.162845256004396,
                50.4294550784539
              ],
              [
                6.162329741159043,
                50.42958200454863
              ],
              [
                6.161836181900618,
                50.42974059386615
              ],
              [
                6.1613693307563135,
                50.4299293194114
              ],
              [
                6.16093368324208,
                50.4301463639995
              ],
              [
                6.160533434588179,
                50.43038963774296
              ],
              [
                6.160172439348108,
                50.430656798164264
              ],
              [
                6.15985417427944,
                50.43094527274043
              ],
              [
                6.159581704854,
                50.43125228366339
              ],
              [
                6.159357655720128,
                50.43157487457799
              ],
              [
                6.159184185402115,
                50.43190993904055
              ],
              [
                6.159062965481366,
                50.43225425042495
              ],
              [
                6.15899516446099,
                50.432604492987885
              ],
              [
                6.158981436470637,
                50.43295729379509
              ],
              [
                6.159021914921958,
                50.43330925520083
              ],
              [
                6.159116211177524,
                50.4336569875686
              ],
              [
                6.159263418247803,
                50.43399714191703
              ],
              [
                6.159462119482337,
                50.4343264421776
              ],
              [
                6.1597104021731255,
                50.434641716752274
              ],
              [
                6.160005875940685,
                50.43493992906782
              ],
              [
                6.160345695727097,
                50.43521820683127
              ],
              [
                6.160726589175625,
                50.43547386970502
              ],
              [
                6.161144888134007,
                50.4357044551342
              ],
              [
                6.161596563978464,
                50.435907742077056
              ],
              [
                6.162077266418302,
                50.43608177240933
              ],
              [
                6.162582365407169,
                50.436224869795964
              ],
              [
                6.163106995756731,
                50.4363356558476
              ],
              [
                6.1636461040221775,
                50.436413063406214
              ],
              [
                6.164194497206855,
                50.43645634683116
              ],
              [
                6.164746892815544,
                50.43646508918635
              ],
              [
                6.165297969772701,
                50.43643920625924
              ],
              [
                6.165842419713614,
                50.436378947372425
              ],
              [
                6.166374998152677,
                50.43628489298052
              ],
              [
                6.166890575034286,
                50.436157949075046
              ],
              [
                6.167384184177835,
                50.43599933845174
              ],
              [
                6.167851071139075,
                50.4358105889244
              ],
              [
                6.168286739025629,
                50.435593518599546
              ],
              [
                6.168686991824338,
                50.43535021835372
              ],
              [
                6.169047974822424,
                50.43508303168294
              ],
              [
                6.169366211732765,
                50.43479453211888
              ],
              [
                6.169638638165647,
                50.43448749842988
              ],
              [
                6.169862631124907,
                50.43416488784608
              ],
              [
                6.1700360342450145,
                50.433829807566894
              ],
              [
                6.170157178526944,
                50.433485484826356
              ],
              [
                6.1702248983743395,
                50.43313523580416
              ],
              [
                6.1702385427769855,
                50.432782433682824
              ],
              [
                6.170197981535462,
                50.4324304761585
              ],
              [
                6.170103606468776,
                50.43208275271864
              ],
              [
                6.169956327595125,
                50.43174261200144
              ],
              [
                6.1697575643243345,
                50.43141332955164
              ]
            ]
          ],
          [
            [
              [
                6.200847917938116,
                50.443471955683194
              ],
              [
                6.200599315519879,
                50.44315676944143
              ],
              [
                6.200303535291624,
                50.44285866071909
              ],
              [
                6.1999634262934915,
                50.442580500120634
              ],
              [
                6.1995822642533565,
                50.44232496611402
              ],
              [
                6.19916372002855,
                50.442094519249764
              ],
              [
                6.1987118242512596,
                50.44189137847922
              ],
              [
                6.198230928518168,
                50.44171749979938
              ],
              [
                6.197725663497825,
                50.441574557429355
              ],
              [
                6.1972008943586125,
                50.441463927699296
              ],
              [
                6.196661673945648,
                50.441386675806505
              ],
              [
                6.19611319415632,
                50.44134354556575
              ],
              [
                6.195560735981371,
                50.4413349522521
              ],
              [
                6.195009618690994,
                50.44136097860528
              ],
              [
                6.1944651486536095,
                50.44142137403347
              ],
              [
                6.193932568278454,
                50.44151555702455
              ],
              [
                6.193417005571907,
                50.441642620741355
              ],
              [
                6.192923424791715,
                50.441801341747514
              ],
              [
                6.192456578672778,
                50.44199019177995
              ],
              [
                6.192020962683302,
                50.44220735245504
              ],
              [
                6.191620771750779,
                50.44245073276744
              ],
              [
                6.191259859873793,
                50.44271798921335
              ],
              [
                6.190941703008174,
                50.443006548345004
              ],
              [
                6.190669365584849,
                50.44331363153997
              ],
              [
                6.1904454709820875,
                50.44363628174688
              ],
              [
                6.190272176237121,
                50.4439713919509
              ],
              [
                6.19015115124158,
                50.44431573508514
              ],
              [
                6.190083562622329,
                50.444665995100245
              ],
              [
                6.190070062464316,
                50.44501879889354
              ],
              [
                6.1901107819857035,
                50.44537074879029
              ],
              [
                6.190205330227887,
                50.445718455264426
              ],
              [
                6.1903527977748025,
                50.4460585695837
              ],
              [
                6.190551765467467,
                50.44638781606474
              ],
              [
                6.190800318031518,
                50.44670302362726
              ],
              [
                6.191096062488001,
                50.447001156343106
              ],
              [
                6.191436151171466,
                50.44727934268579
              ],
              [
                6.191817309134717,
                50.44753490319797
              ],
              [
                6.192235865677098,
                50.44776537631057
              ],
              [
                6.192687789693062,
                50.447968542063514
              ],
              [
                6.193168728500731,
                50.448142443499755
              ],
              [
                6.193674049776224,
                50.448285405525695
              ],
              [
                6.1941988861893,
                50.44839605105576
              ],
              [
                6.194738182309553,
                50.44847331428552
              ],
              [
                6.1952867433302,
                50.4485164509645
              ],
              [
                6.195839285138826,
                50.44852504557022
              ],
              [
                6.196390485251244,
                50.448499015313296
              ],
              [
                6.196935034116227,
                50.44843861093557
              ],
              [
                6.197467686295239,
                50.448344414293096
              ],
              [
                6.197983311022517,
                50.448217332747646
              ],
              [
                6.198476941656894,
                50.448058590420736
              ],
              [
                6.1989438235476015,
                50.447869716394806
              ],
              [
                6.199379459851745,
                50.44765252997549
              ],
              [
                6.199779654861151,
                50.44740912315751
              ],
              [
                6.200140554420561,
                50.44714184046327
              ],
              [
                6.200458683047507,
                50.44685325634919
              ],
              [
                6.200730977396254,
                50.44654615039783
              ],
              [
                6.200954815743866,
                50.44622348053501
              ],
              [
                6.201128043214968,
                50.44588835453096
              ],
              [
                6.2012489925032215,
                50.44554400005977
              ],
              [
                6.2013164998911545,
                50.44519373360645
              ],
              [
                6.201329916415491,
                50.44484092852109
              ],
              [
                6.201289114072064,
                50.44448898252808
              ],
              [
                6.201194487002282,
                50.444141285003475
              ],
              [
                6.201046947651512,
                50.4438011843356
              ],
              [
                6.200847917938116,
                50.443471955683194
              ]
            ]
          ]
        ]
      },
      "properties": {
        "type": "buffer_union_400m",
        "buffer_m": 400
      }
    },
    {
      "type": "Feature",
      "geometry": {
        "type": "Polygon",
        "coordinates": [
          [
            [
              6.1307252,
              50.499841
            ],
            [
              6.1331829,
              50.500036
            ],
            [
              6.133048,
              50.5018439
            ],
            [
              6.1334074,
              50.5027959
            ],
            [
              6.1377526,
              50.5069105
            ],
            [
              6.1383757,
              50.5073341
            ],
            [
              6.1391366,
              50.5077976
            ],
            [
              6.1398348,
              50.5080028
            ],
            [
              6.1397535,
              50.5081967
            ],
            [
              6.1413583,
              50.5084906
            ],
            [
              6.1431715,
              50.5090228
            ],
            [
              6.1446252,
              50.509115
            ],
            [
              6.145284,
              50.5096739
            ],
            [
              6.1460833,
              50.5099469
            ],
            [
              6.1463354,
              50.5103699
            ],
            [
              6.1485627,
              50.5108582
            ],
            [
              6.1497751,
              50.5112198
            ],
            [
              6.1503426,
              50.5115468
            ],
            [
              6.1511151,
              50.5122188
            ],
            [
              6.1512438,
              50.5126964
            ],
            [
              6.1511956,
              50.5130068
            ],
            [
              6.1521987,
              50.5134708
            ],
            [
              6.1534808,
              50.5141974
            ],
            [
              6.1536846,
              50.5142212
            ],
            [
              6.1538724,
              50.5141394
            ],
            [
              6.1540494,
              50.5142144
            ],
            [
              6.1545966,
              50.5142349
            ],
            [
              6.1547532,
              50.5140955
            ],
            [
              6.1550204,
              50.5141974
            ],
            [
              6.1556062,
              50.5142217
            ],
            [
              6.1560057,
              50.5141015
            ],
            [
              6.156619,
              50.5144225
            ],
            [
              6.1570599,
              50.5143582
            ],
            [
              6.1578378,
              50.5145936
            ],
            [
              6.1589525,
              50.5146101
            ],
            [
              6.1599835,
              50.5148937
            ],
            [
              6.1608086,
              50.5153128
            ],
            [
              6.1615821,
              50.51517
            ],
            [
              6.1626325,
              50.5151661
            ],
            [
              6.1633996,
              50.5154185
            ],
            [
              6.1638878,
              50.5157426
            ],
            [
              6.1653319,
              50.5160057
            ],
            [
              6.1656848,
              50.5159711
            ],
            [
              6.1656902,
              50.5158688
            ],
            [
              6.1663822,
              50.5159063
            ],
            [
              6.1668929,
              50.5156544
            ],
            [
              6.1671171,
              50.5156573
            ],
            [
              6.1685076,
              50.5160433
            ],
            [
              6.1690054,
              50.5160632
            ],
            [
              6.1697672,
              50.5163463
            ],
            [
              6.1700193,
              50.5162133
            ],
            [
              6.1711244,
              50.5163327
            ],
            [
              6.171517,
              50.5161524
            ],
            [
              6.1722616,
              50.5162201
            ],
            [
              6.1739257,
              50.5168585
            ],
            [
              6.1752775,
              50.5172405
            ],
            [
              6.1755178,
              50.5172332
            ],
            [
              6.1760392,
              50.5174384
            ],
            [
              6.1763547,
              50.517663
            ],
            [
              6.1770585,
              50.5175987
            ],
            [
              6.1774597,
              50.5176561
            ],
            [
              6.1779801,
              50.5178881
            ],
            [
              6.1783728,
              50.5179193
            ],
            [
              6.1788914,
              50.5181655
            ],
            [
              6.1792633,
              50.5182024
            ],
            [
              6.1800937,
              50.51812
            ],
            [
              6.1805185,
              50.5182297
            ],
            [
              6.1803308,
              50.518448
            ],
            [
              6.1805775,
              50.5185469
            ],
            [
              6.1810593,
              50.5186419
            ],
            [
              6.1814616,
              50.518485
            ],
            [
              6.1825828,
              50.5188193
            ],
            [
              6.1833295,
              50.5192427
            ],
            [
              6.1838563,
              50.5194453
            ],
            [
              6.1849517,
              50.5197021
            ],
            [
              6.1850998,
              50.5196145
            ],
            [
              6.1855761,
              50.5196344
            ],
            [
              6.1857274,
              50.5197407
            ],
            [
              6.1865256,
              50.5196617
            ],
            [
              6.1868271,
              50.5198464
            ],
            [
              6.1871264,
              50.5199141
            ],
            [
              6.1872015,
              50.5198152
            ],
            [
              6.1882583,
              50.5200642
            ],
            [
              6.1885491,
              50.5199965
            ],
            [
              6.1890791,
              50.5200199
            ],
            [
              6.1903773,
              50.5203473
            ],
            [
              6.1908547,
              50.5206611
            ],
            [
              6.1919705,
              50.5209169
            ],
            [
              6.1922624,
              50.5210957
            ],
            [
              6.1930693,
              50.5210727
            ],
            [
              6.194955,
              50.5212477
            ],
            [
              6.1984115,
              50.5212747
            ],
            [
              6.2005362,
              50.5211447
            ],
            [
              6.202028,
              50.5208548
            ],
            [
              6.2058284,
              50.5209997
            ],
            [
              6.2063159,
              50.5211521
            ],
            [
              6.206559,
              50.5214774
            ],
            [
              6.206795,
              50.5224772
            ],
            [
              6.2065775,
              50.5231854
            ],
            [
              6.2059619,
              50.5240556
            ],
            [
              6.2044066,
              50.5253331
            ],
            [
              6.203143,
              50.5261107
            ],
            [
              6.2006944,
              50.5267356
            ],
            [
              6.1989309,
              50.5274114
            ],
            [
              6.1977969,
              50.5285825
            ],
            [
              6.197134,
              50.5294112
            ],
            [
              6.19663,
              50.5302571
            ],
            [
              6.1963868,
              50.5310648
            ],
            [
              6.1969149,
              50.531119
            ],
            [
              6.1970516,
              50.5304054
            ],
            [
              6.1977797,
              50.5291634
            ],
            [
              6.198781,
              50.5279462
            ],
            [
              6.199295,
              50.5274655
            ],
            [
              6.2008856,
              50.5268961
            ],
            [
              6.2009852,
              50.5269483
            ],
            [
              6.2018869,
              50.5267635
            ],
            [
              6.2031081,
              50.5264383
            ],
            [
              6.2043715,
              50.5256694
            ],
            [
              6.2065142,
              50.5239664
            ],
            [
              6.2069656,
              50.5230725
            ],
            [
              6.2073103,
              50.5230842
            ],
            [
              6.2075852,
              50.522554
            ],
            [
              6.2071863,
              50.5223809
            ],
            [
              6.2072242,
              50.5219558
            ],
            [
              6.2068382,
              50.521409
            ],
            [
              6.2068075,
              50.5211479
            ],
            [
              6.2065384,
              50.5206163
            ],
            [
              6.206498,
              50.5203694
            ],
            [
              6.2069768,
              50.5202186
            ],
            [
              6.2071279,
              50.518995
            ],
            [
              6.2080923,
              50.5174682
            ],
            [
              6.2089548,
              50.5168963
            ],
            [
              6.2101178,
              50.5164603
            ],
            [
              6.2115031,
              50.5161846
            ],
            [
              6.2125185,
              50.5155626
            ],
            [
              6.2091254,
              50.5146573
            ],
            [
              6.2093144,
              50.5143488
            ],
            [
              6.210145,
              50.5130906
            ],
            [
              6.2112109,
              50.5131783
            ],
            [
              6.2112956,
              50.513071
            ],
            [
              6.2128527,
              50.5131176
            ],
            [
              6.2132053,
              50.5126076
            ],
            [
              6.2133852,
              50.5118565
            ],
            [
              6.215059,
              50.5097386
            ],
            [
              6.2152652,
              50.5087899
            ],
            [
              6.2155296,
              50.5085017
            ],
            [
              6.2163016,
              50.5079477
            ],
            [
              6.2164063,
              50.5074688
            ],
            [
              6.2166684,
              50.5069941
            ],
            [
              6.217075,
              50.5065955
            ],
            [
              6.2175796,
              50.5062531
            ],
            [
              6.2194652,
              50.5055596
            ],
            [
              6.2198885,
              50.505247
            ],
            [
              6.2200467,
              50.5044756
            ],
            [
              6.2203853,
              50.5036668
            ],
            [
              6.2213047,
              50.5024717
            ],
            [
              6.2220471,
              50.5019903
            ],
            [
              6.2224612,
              50.5016209
            ],
            [
              6.2226564,
              50.5011177
            ],
            [
              6.2226215,
              50.5007915
            ],
            [
              6.2223439,
              50.5000176
            ],
            [
              6.2221248,
              50.4996863
            ],
            [
              6.2216241,
              50.4994192
            ],
            [
              6.2213368,
              50.499633
            ],
            [
              6.2201236,
              50.4987018
            ],
            [
              6.2213045,
              50.4977784
            ],
            [
              6.2216909,
              50.497883
            ],
            [
              6.2244963,
              50.4950615
            ],
            [
              6.2247294,
              50.494949
            ],
            [
              6.2262934,
              50.4946039
            ],
            [
              6.2266176,
              50.4943501
            ],
            [
              6.2270187,
              50.4951803
            ],
            [
              6.2275573,
              50.4949393
            ],
            [
              6.2280764,
              50.4954078
            ],
            [
              6.2279776,
              50.4954505
            ],
            [
              6.2299969,
              50.497207
            ],
            [
              6.2299093,
              50.4974022
            ],
            [
              6.2302936,
              50.4975561
            ],
            [
              6.2304181,
              50.4974434
            ],
            [
              6.2309802,
              50.4973864
            ],
            [
              6.2318511,
              50.4976756
            ],
            [
              6.2317957,
              50.4977768
            ],
            [
              6.2330688,
              50.4979576
            ],
            [
              6.2332778,
              50.4978815
            ],
            [
              6.2333543,
              50.4977545
            ],
            [
              6.2337177,
              50.4976937
            ],
            [
              6.2340571,
              50.4981328
            ],
            [
              6.2340514,
              50.498327
            ],
            [
              6.2342456,
              50.4983019
            ],
            [
              6.2344404,
              50.4984336
            ],
            [
              6.2380632,
              50.4984607
            ],
            [
              6.2381284,
              50.4985798
            ],
            [
              6.2384444,
              50.4986441
            ],
            [
              6.2388874,
              50.4988754
            ],
            [
              6.2389562,
              50.4990685
            ],
            [
              6.239419,
              50.4989759
            ],
            [
              6.240825,
              50.49915
            ],
            [
              6.2411804,
              50.4991172
            ],
            [
              6.241528,
              50.4989144
            ],
            [
              6.2418026,
              50.4993982
            ],
            [
              6.2429239,
              50.4997913
            ],
            [
              6.2439869,
              50.5003254
            ],
            [
              6.2456066,
              50.5013316
            ],
            [
              6.248526,
              50.5025125
            ],
            [
              6.2493421,
              50.5027522
            ],
            [
              6.2492202,
              50.5029444
            ],
            [
              6.2509441,
              50.5032352
            ],
            [
              6.2517039,
              50.5035305
            ],
            [
              6.2534023,
              50.5029083
            ],
            [
              6.2539185,
              50.5025778
            ],
            [
              6.2542718,
              50.5018049
            ],
            [
              6.2547571,
              50.5014211
            ],
            [
              6.2545015,
              50.5010958
            ],
            [
              6.2545743,
              50.5006502
            ],
            [
              6.2543681,
              50.5004608
            ],
            [
              6.2543621,
              50.5000685
            ],
            [
              6.2545114,
              50.5000456
            ],
            [
              6.2546955,
              50.5001813
            ],
            [
              6.2548149,
              50.5000433
            ],
            [
              6.2547691,
              50.4998957
            ],
            [
              6.2545647,
              50.4997331
            ],
            [
              6.2545285,
              50.4994496
            ],
            [
              6.2551251,
              50.4991444
            ],
            [
              6.2562027,
              50.49909
            ],
            [
              6.2569849,
              50.4992001
            ],
            [
              6.2582932,
              50.4992242
            ],
            [
              6.2585087,
              50.4993216
            ],
            [
              6.2597377,
              50.4991696
            ],
            [
              6.2607154,
              50.4988676
            ],
            [
              6.2615536,
              50.4987394
            ],
            [
              6.2624318,
              50.4989914
            ],
            [
              6.2629119,
              50.4994335
            ],
            [
              6.2628721,
              50.4996449
            ],
            [
              6.26334,
              50.4997771
            ],
            [
              6.2634854,
              50.5000984
            ],
            [
              6.2639534,
              50.5003453
            ],
            [
              6.2648243,
              50.5011144
            ],
            [
              6.2657024,
              50.501673
            ],
            [
              6.2658449,
              50.5019819
            ],
            [
              6.2676376,
              50.503202
            ],
            [
              6.2682286,
              50.5034152
            ],
            [
              6.2682956,
              50.5036183
            ],
            [
              6.2692748,
              50.5042015
            ],
            [
              6.2696638,
              50.5045446
            ],
            [
              6.2748497,
              50.5024203
            ],
            [
              6.2779299,
              50.5030787
            ],
            [
              6.2796856,
              50.5032157
            ],
            [
              6.2817281,
              50.5031975
            ],
            [
              6.2820253,
              50.5023348
            ],
            [
              6.2835451,
              50.5002481
            ],
            [
              6.28434,
              50.4993344
            ],
            [
              6.2849839,
              50.4989607
            ],
            [
              6.2854939,
              50.4981392
            ],
            [
              6.288895,
              50.4956481
            ],
            [
              6.2903756,
              50.4950338
            ],
            [
              6.2977034,
              50.4879762
            ],
            [
              6.2979501,
              50.4868089
            ],
            [
              6.2981218,
              50.4863652
            ],
            [
              6.2988835,
              50.485505
            ],
            [
              6.29942,
              50.4850886
            ],
            [
              6.3010186,
              50.4842216
            ],
            [
              6.3011902,
              50.4840373
            ],
            [
              6.3011044,
              50.4837506
            ],
            [
              6.3009113,
              50.4834775
            ],
            [
              6.3015797,
              50.4826508
            ],
            [
              6.3018661,
              50.4816957
            ],
            [
              6.3018876,
              50.480897
            ],
            [
              6.3012331,
              50.4800709
            ],
            [
              6.3006323,
              50.479552
            ],
            [
              6.3005036,
              50.479156
            ],
            [
              6.3004392,
              50.4756944
            ],
            [
              6.3003105,
              50.473803
            ],
            [
              6.3003201,
              50.4709447
            ],
            [
              6.2999092,
              50.4683531
            ],
            [
              6.2997889,
              50.4682329
            ],
            [
              6.293047,
              50.4644953
            ],
            [
              6.2911159,
              50.4632796
            ],
            [
              6.2888092,
              50.4616746
            ],
            [
              6.2875217,
              50.4609712
            ],
            [
              6.2857193,
              50.4603974
            ],
            [
              6.2843889,
              50.4598783
            ],
            [
              6.2822646,
              50.4587445
            ],
            [
              6.2816852,
              50.4585943
            ],
            [
              6.2808484,
              50.4585669
            ],
            [
              6.2803977,
              50.4586352
            ],
            [
              6.2796682,
              50.4589085
            ],
            [
              6.2779945,
              50.4597964
            ],
            [
              6.2775653,
              50.4602472
            ],
            [
              6.2775224,
              50.460575
            ],
            [
              6.2779945,
              50.4620093
            ],
            [
              6.278252,
              50.4622825
            ],
            [
              6.2687098,
              50.4622873
            ],
            [
              6.2608493,
              50.4560444
            ],
            [
              6.2585968,
              50.4538401
            ],
            [
              6.2588328,
              50.4537171
            ],
            [
              6.2563437,
              50.4513808
            ],
            [
              6.2553566,
              50.4503288
            ],
            [
              6.2544769,
              50.4488122
            ],
            [
              6.2541336,
              50.4487575
            ],
            [
              6.2518161,
              50.4447676
            ],
            [
              6.2502868,
              50.443581
            ],
            [
              6.2450511,
              50.4385725
            ],
            [
              6.2412145,
              50.4351216
            ],
            [
              6.2425449,
              50.4328254
            ],
            [
              6.2428882,
              50.4319028
            ],
            [
              6.24209,
              50.4311852
            ],
            [
              6.239809,
              50.4288068
            ],
            [
              6.2383714,
              50.4268999
            ],
            [
              6.2390687,
              50.4267837
            ],
            [
              6.2397339,
              50.4269136
            ],
            [
              6.2400987,
              50.4268247
            ],
            [
              6.2415471,
              50.4269341
            ],
            [
              6.24159,
              50.4266607
            ],
            [
              6.2413754,
              50.426107
            ],
            [
              6.2410214,
              50.4256969
            ],
            [
              6.241214,
              50.4255865
            ],
            [
              6.242856,
              50.4262848
            ],
            [
              6.2438967,
              50.4264488
            ],
            [
              6.2444687,
              50.4264531
            ],
            [
              6.2427165,
              50.4243026
            ],
            [
              6.2390757,
              50.4206493
            ],
            [
              6.2316229,
              50.414151
            ],
            [
              6.2311273,
              50.4123444
            ],
            [
              6.2298151,
              50.4095244
            ],
            [
              6.2295941,
              50.4086485
            ],
            [
              6.2297003,
              50.4063848
            ],
            [
              6.2297459,
              50.4006632
            ],
            [
              6.2289836,
              50.3995112
            ],
            [
              6.2267477,
              50.3970358
            ],
            [
              6.2227931,
              50.3954898
            ],
            [
              6.2194749,
              50.3943483
            ],
            [
              6.2184557,
              50.3948305
            ],
            [
              6.2170019,
              50.3956992
            ],
            [
              6.2162198,
              50.3964248
            ],
            [
              6.2132227,
              50.3958488
            ],
            [
              6.2128713,
              50.3960616
            ],
            [
              6.2120227,
              50.3958185
            ],
            [
              6.210982,
              50.3956544
            ],
            [
              6.2084929,
              50.3954868
            ],
            [
              6.2069115,
              50.3951007
            ],
            [
              6.2027433,
              50.3938251
            ],
            [
              6.2019215,
              50.3942488
            ],
            [
              6.2020288,
              50.3944711
            ],
            [
              6.2023882,
              50.3948541
            ],
            [
              6.2023678,
              50.396431
            ],
            [
              6.1966054,
              50.3984721
            ],
            [
              6.1965088,
              50.3986089
            ],
            [
              6.1971965,
              50.3993171
            ],
            [
              6.195614,
              50.4008695
            ],
            [
              6.1947224,
              50.400664
            ],
            [
              6.1942729,
              50.400678
            ],
            [
              6.1934521,
              50.4008387
            ],
            [
              6.1929157,
              50.4011294
            ],
            [
              6.1909631,
              50.4009413
            ],
            [
              6.1897829,
              50.4005207
            ],
            [
              6.1886027,
              50.4002369
            ],
            [
              6.1878678,
              50.400254
            ],
            [
              6.1873474,
              50.4005344
            ],
            [
              6.1869719,
              50.4008558
            ],
            [
              6.1868539,
              50.401485
            ],
            [
              6.1864301,
              50.4019261
            ],
            [
              6.1851802,
              50.4024082
            ],
            [
              6.1847886,
              50.4026304
            ],
            [
              6.1844185,
              50.4030715
            ],
            [
              6.1828027,
              50.4037003
            ],
            [
              6.1824057,
              50.4039413
            ],
            [
              6.1821699,
              50.4042507
            ],
            [
              6.1826795,
              50.4047687
            ],
            [
              6.1830108,
              50.4049627
            ],
            [
              6.1829907,
              50.4050593
            ],
            [
              6.1817309,
              50.4047071
            ],
            [
              6.1815906,
              50.4048353
            ],
            [
              6.1814457,
              50.4048106
            ],
            [
              6.1813934,
              50.404973
            ],
            [
              6.1815206,
              50.4050885
            ],
            [
              6.1815502,
              50.405367
            ],
            [
              6.1821375,
              50.4065381
            ],
            [
              6.1824068,
              50.4084735
            ],
            [
              6.18216,
              50.4088154
            ],
            [
              6.1817631,
              50.4090547
            ],
            [
              6.1811837,
              50.409923
            ],
            [
              6.1808554,
              50.4102338
            ],
            [
              6.1809745,
              50.4103846
            ],
            [
              6.1809788,
              50.4105893
            ],
            [
              6.1805818,
              50.4110577
            ],
            [
              6.1802385,
              50.4114064
            ],
            [
              6.1791155,
              50.4118746
            ],
            [
              6.1782556,
              50.4133902
            ],
            [
              6.1786624,
              50.4155704
            ],
            [
              6.1788019,
              50.4176487
            ],
            [
              6.1750028,
              50.4183624
            ],
            [
              6.1725138,
              50.4172481
            ],
            [
              6.1708937,
              50.4170498
            ],
            [
              6.1695633,
              50.4175899
            ],
            [
              6.168587,
              50.4182393
            ],
            [
              6.1680184,
              50.4182872
            ],
            [
              6.1671386,
              50.4187589
            ],
            [
              6.1666236,
              50.4191417
            ],
            [
              6.165584,
              50.419597
            ],
            [
              6.1645315,
              50.4204815
            ],
            [
              6.1631475,
              50.4218282
            ],
            [
              6.1628267,
              50.4219348
            ],
            [
              6.162493,
              50.4221836
            ],
            [
              6.1612056,
              50.4221495
            ],
            [
              6.1599932,
              50.4222383
            ],
            [
              6.1576007,
              50.4226553
            ],
            [
              6.1535935,
              50.4236647
            ],
            [
              6.1535827,
              50.4238824
            ],
            [
              6.1520324,
              50.4240123
            ],
            [
              6.1491474,
              50.4248194
            ],
            [
              6.1495015,
              50.4254414
            ],
            [
              6.1507138,
              50.4250723
            ],
            [
              6.151497,
              50.4259267
            ],
            [
              6.1504124,
              50.426319
            ],
            [
              6.1506806,
              50.4267838
            ],
            [
              6.1517213,
              50.4266334
            ],
            [
              6.152247,
              50.4278363
            ],
            [
              6.1520549,
              50.4286538
            ],
            [
              6.1517867,
              50.4292894
            ],
            [
              6.1518082,
              50.429761
            ],
            [
              6.1509597,
              50.4298409
            ],
            [
              6.1510428,
              50.430104
            ],
            [
              6.1509033,
              50.4302868
            ],
            [
              6.1509436,
              50.4304987
            ],
            [
              6.1510384,
              50.4305862
            ],
            [
              6.1510411,
              50.4308887
            ],
            [
              6.1508765,
              50.4315358
            ],
            [
              6.1514961,
              50.4318946
            ],
            [
              6.1512949,
              50.4323303
            ],
            [
              6.150643,
              50.4331264
            ],
            [
              6.1484597,
              50.4349544
            ],
            [
              6.1508844,
              50.4357369
            ],
            [
              6.1508909,
              50.4361611
            ],
            [
              6.1526987,
              50.4369367
            ],
            [
              6.1539912,
              50.4373771
            ],
            [
              6.1543659,
              50.4376337
            ],
            [
              6.1548222,
              50.4382887
            ],
            [
              6.155074,
              50.4389124
            ],
            [
              6.1550968,
              50.4398834
            ],
            [
              6.155519,
              50.4407913
            ],
            [
              6.1559431,
              50.4412513
            ],
            [
              6.1572359,
              50.4419244
            ],
            [
              6.1559913,
              50.4424436
            ],
            [
              6.1555568,
              50.4427101
            ],
            [
              6.1551223,
              50.4428263
            ],
            [
              6.1535945,
              50.4427414
            ],
            [
              6.1532888,
              50.4428951
            ],
            [
              6.1530686,
              50.4431521
            ],
            [
              6.1527237,
              50.4431761
            ],
            [
              6.1528585,
              50.4433729
            ],
            [
              6.1529014,
              50.4436359
            ],
            [
              6.1535881,
              50.4440596
            ],
            [
              6.1537973,
              50.4442509
            ],
            [
              6.153867,
              50.4444729
            ],
            [
              6.1537286,
              50.4456349
            ],
            [
              6.1533306,
              50.4473903
            ],
            [
              6.1533628,
              50.4478582
            ],
            [
              6.1532126,
              50.448784
            ],
            [
              6.1527673,
              50.4494193
            ],
            [
              6.1529122,
              50.4497951
            ],
            [
              6.1531536,
              50.4500717
            ],
            [
              6.1533038,
              50.4506524
            ],
            [
              6.1531482,
              50.4531151
            ],
            [
              6.1531911,
              50.4539929
            ],
            [
              6.1530849,
              50.4547312
            ],
            [
              6.1529068,
              50.4584021
            ],
            [
              6.1530731,
              50.458952
            ],
            [
              6.1530248,
              50.4599594
            ],
            [
              6.1532876,
              50.4622406
            ],
            [
              6.1528827,
              50.46319
            ],
            [
              6.1523429,
              50.4651394
            ],
            [
              6.1482907,
              50.4714788
            ],
            [
              6.146385,
              50.4790015
            ],
            [
              6.1462104,
              50.4813864
            ],
            [
              6.1459325,
              50.4818141
            ],
            [
              6.1458792,
              50.4821928
            ],
            [
              6.1459934,
              50.482881
            ],
            [
              6.146377,
              50.4840851
            ],
            [
              6.1463405,
              50.4846062
            ],
            [
              6.1460105,
              50.4853682
            ],
            [
              6.1462345,
              50.4865457
            ],
            [
              6.1463901,
              50.4868153
            ],
            [
              6.1466637,
              50.4869996
            ],
            [
              6.1464893,
              50.4880117
            ],
            [
              6.1464105,
              50.4883678
            ],
            [
              6.1452732,
              50.490262
            ],
            [
              6.1449353,
              50.4909957
            ],
            [
              6.144475,
              50.4925013
            ],
            [
              6.1419097,
              50.4926339
            ],
            [
              6.1396194,
              50.4926441
            ],
            [
              6.1383534,
              50.4930298
            ],
            [
              6.1363265,
              50.4938527
            ],
            [
              6.1342665,
              50.4948185
            ],
            [
              6.1337883,
              50.4951899
            ],
            [
              6.133386,
              50.4957735
            ],
            [
              6.1323023,
              50.4969371
            ],
            [
              6.1317552,
              50.4974149
            ],
            [
              6.1311015,
              50.4977259
            ],
            [
              6.1307252,
              50.4981349
            ],
            [
              6.1307252,
              50.499841
            ]
          ]
        ]
      },
      "properties": {
        "type": "boundary",
        "gemeente": "Bütgenbach"
      }
    }
  ]
}