{
  "type": "FeatureCollection",
  "metadata": {
    "gemeente": "Chapelle-lez-Herlaimont",
    "slug": "chapelle-lez-herlaimont",
    "generated_at": "2026-09-25T22:11:36.118935Z",
    "total_points": 18,
    "providers": [
      "bpost",
      "DHL",
      "GLS",
      "InPost",
      "VintedGo",
      "PostNL",
      "DPD",
      "Amazon"
    ],
    "bounds": [
      4.269608,
      50.43515,
      4.288234,
      50.49578852158
    ]
  },
  "features": [
    {
      "type": "Feature",
      "geometry": {
        "type": "Point",
        "coordinates": [
          4.28823,
          50.43515
        ]
      },
      "properties": {
        "type": "pakketpunt",
        "locatieNaam": "Bbox 24/7 Gare Piéton",
        "straatNaam": "Place Hubert Moulin",
        "straatNr": "DISTRIB",
        "vervoerder": "bpost",
        "puntType": "automaat",
        "bezettingsgraad": 50,
        "latitude": 50.43515,
        "longitude": 4.28823,
        "canPickup": true,
        "canDropoff": true,
        "openingstijden": null
      }
    },
    {
      "type": "Feature",
      "geometry": {
        "type": "Point",
        "coordinates": [
          4.28365,
          50.46927
        ]
      },
      "properties": {
        "type": "pakketpunt",
        "locatieNaam": "Chapelle-Lez-Herlaimont",
        "straatNaam": "Rue Du Parc",
        "straatNr": "3",
        "vervoerder": "bpost",
        "puntType": "postkantoor",
        "bezettingsgraad": 50,
        "latitude": 50.46927,
        "longitude": 4.28365,
        "canPickup": true,
        "canDropoff": true,
        "openingstijden": null
      }
    },
    {
      "type": "Feature",
      "geometry": {
        "type": "Point",
        "coordinates": [
          4.27638,
          50.467
        ]
      },
      "properties": {
        "type": "pakketpunt",
        "locatieNaam": "Bbox 24/7 Chapelle-L-Ht Intermarche",
        "straatNaam": "Rue De La Hestre",
        "straatNr": "93",
        "vervoerder": "bpost",
        "puntType": "automaat",
        "bezettingsgraad": 50,
        "latitude": 50.467,
        "longitude": 4.27638,
        "canPickup": true,
        "canDropoff": true,
        "openingstijden": null
      }
    },
    {
      "type": "Feature",
      "geometry": {
        "type": "Point",
        "coordinates": [
          4.26961,
          50.4677
        ]
      },
      "properties": {
        "type": "pakketpunt",
        "locatieNaam": "Bbox 24/7 Lidl Chapelle-Lez-Herlaimont",
        "straatNaam": "Rue Des Bureaux",
        "straatNr": "3",
        "vervoerder": "bpost",
        "puntType": "automaat",
        "bezettingsgraad": 50,
        "latitude": 50.4677,
        "longitude": 4.26961,
        "canPickup": true,
        "canDropoff": true,
        "openingstijden": null
      }
    },
    {
      "type": "Feature",
      "geometry": {
        "type": "Point",
        "coordinates": [
          4.288234,
          50.43515
        ]
      },
      "properties": {
        "type": "pakketpunt",
        "locatieNaam": "BBOX 24/7 GARE PIÉTON",
        "straatNaam": "PLACE HUBERT MOULIN",
        "straatNr": "DISTRIB",
        "vervoerder": "DHL",
        "puntType": "packStation",
        "bezettingsgraad": 50,
        "latitude": 50.43515,
        "longitude": 4.288234,
        "canPickup": true,
        "canDropoff": true,
        "openingstijden": {
          "ma": "00:00 - 23:59",
          "di": "00:00 - 23:59",
          "wo": "00:00 - 23:59",
          "do": "00:00 - 23:59",
          "vr": "00:00 - 23:59",
          "za": "00:00 - 23:59",
          "zo": "00:00 - 23:59"
        }
      }
    },
    {
      "type": "Feature",
      "geometry": {
        "type": "Point",
        "coordinates": [
          4.269608,
          50.467701
        ]
      },
      "properties": {
        "type": "pakketpunt",
        "locatieNaam": "BBOX 24/7 LIDL CHAPELLE-LEZ-HERLAIM",
        "straatNaam": "RUE DES BUREAUX",
        "straatNr": "3",
        "vervoerder": "DHL",
        "puntType": "packStation",
        "bezettingsgraad": 50,
        "latitude": 50.467701,
        "longitude": 4.269608,
        "canPickup": true,
        "canDropoff": true,
        "openingstijden": {
          "ma": "00:00 - 23:59",
          "di": "00:00 - 23:59",
          "wo": "00:00 - 23:59",
          "do": "00:00 - 23:59",
          "vr": "00:00 - 23:59",
          "za": "00:00 - 23:59",
          "zo": "00:00 - 23:59"
        }
      }
    },
    {
      "type": "Feature",
      "geometry": {
        "type": "Point",
        "coordinates": [
          4.276382,
          50.467003
        ]
      },
      "properties": {
        "type": "pakketpunt",
        "locatieNaam": "BBOX 24/7 CHAPELLE-L-HT INTERMARCHE",
        "straatNaam": "RUE DE LA HESTRE",
        "straatNr": "93",
        "vervoerder": "DHL",
        "puntType": "packStation",
        "bezettingsgraad": 50,
        "latitude": 50.467003,
        "longitude": 4.276382,
        "canPickup": true,
        "canDropoff": true,
        "openingstijden": {
          "ma": "00:00 - 23:59",
          "di": "00:00 - 23:59",
          "wo": "00:00 - 23:59",
          "do": "00:00 - 23:59",
          "vr": "00:00 - 23:59",
          "za": "00:00 - 23:59",
          "zo": "00:00 - 23:59"
        }
      }
    },
    {
      "type": "Feature",
      "geometry": {
        "type": "Point",
        "coordinates": [
          4.283652,
          50.469267
        ]
      },
      "properties": {
        "type": "pakketpunt",
        "locatieNaam": "CHAPELLE-LEZ-HERLAIMONT",
        "straatNaam": "RUE DU PARC",
        "straatNr": "3",
        "vervoerder": "DHL",
        "puntType": "postOffice",
        "bezettingsgraad": 50,
        "latitude": 50.469267,
        "longitude": 4.283652,
        "canPickup": true,
        "canDropoff": true,
        "openingstijden": {
          "ma": "09:00 - 12:30, 13:30 - 17:00",
          "di": "09:00 - 12:30, 13:30 - 17:00",
          "wo": "09:00 - 12:30, 13:30 - 17:00",
          "do": "09:00 - 12:30, 13:30 - 17:00",
          "vr": "09:00 - 12:30, 13:30 - 17:00",
          "za": "09:00 - 12:30",
          "zo": "gesloten"
        }
      }
    },
    {
      "type": "Feature",
      "geometry": {
        "type": "Point",
        "coordinates": [
          4.2827645,
          50.4672864
        ]
      },
      "properties": {
        "type": "pakketpunt",
        "locatieNaam": "GLS Parcel Locker powered by bbox",
        "straatNaam": "Rue De La Hestre",
        "straatNr": "1",
        "vervoerder": "GLS",
        "puntType": "locker",
        "bezettingsgraad": 50,
        "latitude": 50.4672864,
        "longitude": 4.2827645,
        "canPickup": true,
        "canDropoff": true,
        "openingstijden": "vr: 00:00 - 24:00; ma: 00:00 - 24:00"
      }
    },
    {
      "type": "Feature",
      "geometry": {
        "type": "Point",
        "coordinates": [
          4.2827356,
          50.4707959
        ]
      },
      "properties": {
        "type": "pakketpunt",
        "locatieNaam": "Perse Shop",
        "straatNaam": "Rue Robert",
        "straatNr": "24",
        "vervoerder": "GLS",
        "puntType": "parcel_shop",
        "bezettingsgraad": 50,
        "latitude": 50.4707959,
        "longitude": 4.2827356,
        "canPickup": true,
        "canDropoff": true,
        "openingstijden": "vr: 08:00 - 20:00; za: 08:00 - 20:00"
      }
    },
    {
      "type": "Feature",
      "geometry": {
        "type": "Point",
        "coordinates": [
          4.28821,
          50.47184
        ]
      },
      "properties": {
        "type": "pakketpunt",
        "locatieNaam": "R&D EXPRESS",
        "straatNaam": "2 Rue Emile Vandervelde",
        "straatNr": "",
        "vervoerder": "InPost",
        "puntType": "servicepunt",
        "bezettingsgraad": 50,
        "latitude": 50.47184,
        "longitude": 4.28821,
        "canPickup": true,
        "canDropoff": true,
        "openingstijden": null
      }
    },
    {
      "type": "Feature",
      "geometry": {
        "type": "Point",
        "coordinates": [
          4.2826679,
          50.4671157
        ]
      },
      "properties": {
        "type": "pakketpunt",
        "locatieNaam": "Seven Press",
        "straatNaam": "Rue de la Hestre",
        "straatNr": "1",
        "vervoerder": "VintedGo",
        "puntType": "parcel_shop",
        "bezettingsgraad": 50,
        "latitude": 50.4671157,
        "longitude": 4.2826679,
        "canPickup": true,
        "canDropoff": true,
        "openingstijden": null
      }
    },
    {
      "type": "Feature",
      "geometry": {
        "type": "Point",
        "coordinates": [
          4.2854048558322,
          50.49578852158
        ]
      },
      "properties": {
        "type": "pakketpunt",
        "locatieNaam": "Royal Market",
        "straatNaam": "Rue Ferrer",
        "straatNr": "2",
        "vervoerder": "PostNL",
        "puntType": "servicepunt",
        "bezettingsgraad": 50,
        "latitude": 50.49578852158,
        "longitude": 4.2854048558322,
        "canPickup": true,
        "canDropoff": true,
        "openingstijden": "08:00 - 12:00, 14:00 - 18:00"
      }
    },
    {
      "type": "Feature",
      "geometry": {
        "type": "Point",
        "coordinates": [
          4.2754162,
          50.467718
        ]
      },
      "properties": {
        "type": "pakketpunt",
        "locatieNaam": "SHOP SERVICES CONCEPT",
        "straatNaam": "RUE DE LA STATION",
        "straatNr": "69",
        "vervoerder": "DPD",
        "puntType": "pickup_point",
        "bezettingsgraad": 50,
        "latitude": 50.467718,
        "longitude": 4.2754162,
        "canPickup": true,
        "canDropoff": true,
        "openingstijden": {
          "ma": "08:30 - 18:00",
          "di": "08:30 - 18:00",
          "wo": "08:30 - 18:00",
          "do": "08:30 - 18:00",
          "vr": "08:30 - 18:00",
          "za": "gesloten",
          "zo": "gesloten"
        }
      }
    },
    {
      "type": "Feature",
      "geometry": {
        "type": "Point",
        "coordinates": [
          4.288234,
          50.43515
        ]
      },
      "properties": {
        "type": "pakketpunt",
        "locatieNaam": "bpost - BBOX 24/7 GARE PIÉTON",
        "straatNaam": "PLACE HUBERT MOULIN,DISTRIB",
        "straatNr": "",
        "vervoerder": "Amazon",
        "puntType": "3p",
        "bezettingsgraad": 50,
        "latitude": 50.43515,
        "longitude": 4.288234,
        "canPickup": true,
        "canDropoff": false,
        "openingstijden": null
      }
    },
    {
      "type": "Feature",
      "geometry": {
        "type": "Point",
        "coordinates": [
          4.283652,
          50.469267
        ]
      },
      "properties": {
        "type": "pakketpunt",
        "locatieNaam": "bpost - CHAPELLE-LEZ-HERLAIMONT",
        "straatNaam": "RUE DU PARC,3",
        "straatNr": "",
        "vervoerder": "Amazon",
        "puntType": "3p",
        "bezettingsgraad": 50,
        "latitude": 50.469267,
        "longitude": 4.283652,
        "canPickup": true,
        "canDropoff": false,
        "openingstijden": null
      }
    },
    {
      "type": "Feature",
      "geometry": {
        "type": "Point",
        "coordinates": [
          4.276382,
          50.4670028
        ]
      },
      "properties": {
        "type": "pakketpunt",
        "locatieNaam": "bpost - BBOX 24/7 CHAPELLE-L-HT INTERMARCHE",
        "straatNaam": "RUE DE LA HESTRE,93",
        "straatNr": "",
        "vervoerder": "Amazon",
        "puntType": "3p",
        "bezettingsgraad": 50,
        "latitude": 50.4670028,
        "longitude": 4.276382,
        "canPickup": true,
        "canDropoff": false,
        "openingstijden": null
      }
    },
    {
      "type": "Feature",
      "geometry": {
        "type": "Point",
        "coordinates": [
          4.269608,
          50.467701
        ]
      },
      "properties": {
        "type": "pakketpunt",
        "locatieNaam": "bpost - BBOX 24/7 LIDL CHAPELLE-LEZ-HERLAIMONT",
        "straatNaam": "RUE DES BUREAUX,3",
        "straatNr": "",
        "vervoerder": "Amazon",
        "puntType": "3p",
        "bezettingsgraad": 50,
        "latitude": 50.467701,
        "longitude": 4.269608,
        "canPickup": true,
        "canDropoff": false,
        "openingstijden": null
      }
    },
    {
      "type": "Feature",
      "geometry": {
        "type": "MultiPolygon",
        "coordinates": [
          [
            [
              [
                4.278731482456424,
                50.464759091816994
              ],
              [
                4.278376039302213,
                50.46462277204911
              ],
              [
                4.278001376081592,
                50.46450934530633
              ],
              [
                4.277611100576733,
                50.464419903783714
              ],
              [
                4.27720897083035,
                50.46435530871529
              ],
              [
                4.276798858973838,
                50.46431618208514
              ],
              [
                4.276384713959483,
                50.464302900641215
              ],
              [
                4.275970523554847,
                50.464315592269585
              ],
              [
                4.2755602759643265,
                50.46435413476347
              ],
              [
                4.275157921446523,
                50.46441815699955
              ],
              [
                4.274767334296073,
                50.464507042509595
              ],
              [
                4.2743922755550905,
                50.464619935413545
              ],
              [
                4.2740363568124815,
                50.46475574865687
              ],
              [
                4.273703005438958,
                50.46491317447311
              ],
              [
                4.2733954315919345,
                50.46509069697122
              ],
              [
                4.273116597307592,
                50.46528660672631
              ],
              [
                4.272869187977459,
                50.46549901723436
              ],
              [
                4.27274923882712,
                50.465626415370366
              ],
              [
                4.272739207321928,
                50.465631152537476
              ],
              [
                4.272528495736796,
                50.46575276421424
              ],
              [
                4.272294619942661,
                50.4656171484202
              ],
              [
                4.27196183728734,
                50.465459228922896
              ],
              [
                4.271606408355521,
                50.46532288848637
              ],
              [
                4.271231755803542,
                50.46520943995374
              ],
              [
                4.2708414873109115,
                50.46511997572989
              ],
              [
                4.270439360852878,
                50.46505535726745
              ],
              [
                4.270029248529206,
                50.46501620677575
              ],
              [
                4.2696150992967,
                50.465002901232545
              ],
              [
                4.269200900963536,
                50.465015568755895
              ],
              [
                4.268790641810436,
                50.46505408737117
              ],
              [
                4.268388272207299,
                50.46511808618498
              ],
              [
                4.267997666593969,
                50.465206948954595
              ],
              [
                4.267622586190268,
                50.46531982001894
              ],
              [
                4.267266642793623,
                50.4654556125338
              ],
              [
                4.266933264012057,
                50.46561301893235
              ],
              [
                4.266932733396387,
                50.46561332512914
              ],
              [
                4.26693126404365,
                50.465614018886654
              ],
              [
                4.266623660284428,
                50.46579152345946
              ],
              [
                4.266344793885352,
                50.46598741696006
              ],
              [
                4.266097350547112,
                50.46619981304096
              ],
              [
                4.265883713479721,
                50.466426666417675
              ],
              [
                4.265705940443392,
                50.466665792557954
              ],
              [
                4.265565743918944,
                50.46691488871288
              ],
              [
                4.265464474599184,
                50.46717155608712
              ],
              [
                4.265403108360883,
                50.46743332293535
              ],
              [
                4.2653822368435685,
                50.467697668362646
              ],
              [
                4.265402061726783,
                50.46796204659962
              ],
              [
                4.265462392761826,
                50.468223911518805
              ],
              [
                4.265562649578002,
                50.46848074115601
              ],
              [
                4.265701867246907,
                50.468730062000525
              ],
              [
                4.265878705552178,
                50.46896947282038
              ],
              [
                4.266091461876299,
                50.46919666779267
              ],
              [
                4.266338087581123,
                50.46940945871627
              ],
              [
                4.266616207725018,
                50.46960579609266
              ],
              [
                4.266923143927219,
                50.46978378887169
              ],
              [
                4.267255940159462,
                50.4699417226716
              ],
              [
                4.2676113912166445,
                50.47007807629769
              ],
              [
                4.267986073592214,
                50.470191536400115
              ],
              [
                4.268376378460648,
                50.470281010129575
              ],
              [
                4.2687785464489245,
                50.47034563566832
              ],
              [
                4.2691887038614595,
                50.47038479053529
              ],
              [
                4.269602900008914,
                50.47039809758481
              ],
              [
                4.2700171452804305,
                50.470385428641116
              ],
              [
                4.270427449591739,
                50.470346905733614
              ],
              [
                4.27082986083783,
                50.470282899920896
              ],
              [
                4.2712205029788715,
                50.470194027714804
              ],
              [
                4.271595613391643,
                50.47008114513927
              ],
              [
                4.271951579125853,
                50.469945339481065
              ],
              [
                4.27228497171544,
                50.469787918812266
              ],
              [
                4.272285502343269,
                50.4697876125913
              ],
              [
                4.272286971747025,
                50.4697869187666
              ],
              [
                4.272497701889413,
                50.469665307607016
              ],
              [
                4.272731598243259,
                50.46980092290354
              ],
              [
                4.273064413952652,
                50.46995884008738
              ],
              [
                4.273419881850003,
                50.470095175966414
              ],
              [
                4.273794578266486,
                50.47020861736181
              ],
              [
                4.274184894241272,
                50.47029807160441
              ],
              [
                4.274587070294313,
                50.470362677064166
              ],
              [
                4.274997232652306,
                50.470401811453414
              ],
              [
                4.2754114305782505,
                50.47041509782372
              ],
              [
                4.275825674444151,
                50.47040240819851
              ],
              [
                4.276235974179286,
                50.470363864806416
              ],
              [
                4.2766383777227475,
                50.4702998389033
              ],
              [
                4.27702900910893,
                50.47021094719456
              ],
              [
                4.277404105818256,
                50.47009804589193
              ],
              [
                4.27776005503249,
                50.469962222462584
              ],
              [
                4.278093428444758,
                50.46980478514978
              ],
              [
                4.278401015288362,
                50.46962725036647
              ],
              [
                4.278679853265849,
                50.46943132808359
              ],
              [
                4.278927257080169,
                50.469218905353834
              ],
              [
                4.279040512282785,
                50.4690986034071
              ],
              [
                4.279059230579364,
                50.469089763167
              ],
              [
                4.279366809163923,
                50.46891222580961
              ],
              [
                4.279384468190374,
                50.468899817453845
              ],
              [
                4.2794548050794985,
                50.46896048268072
              ],
              [
                4.279444889882087,
                50.46900283054399
              ],
              [
                4.279436211033617,
                50.469113163126465
              ],
              [
                4.279224305465815,
                50.46929510996508
              ],
              [
                4.279010717286509,
                50.469521987330864
              ],
              [
                4.278832998880232,
                50.46976113340692
              ],
              [
                4.278692862201929,
                50.47001024525227
              ],
              [
                4.278591657368278,
                50.47026692392037
              ],
              [
                4.278530359635202,
                50.470528697557114
              ],
              [
                4.278509559982643,
                50.4707930452021
              ],
              [
                4.278529459398158,
                50.47105742106456
              ],
              [
                4.278589866915327,
                50.47131927903976
              ],
              [
                4.278690201426903,
                50.47157609723031
              ],
              [
                4.278829497256201,
                50.47182540223572
              ],
              [
                4.279006413434046,
                50.47206479297647
              ],
              [
                4.279219246592836,
                50.47229196382296
              ],
              [
                4.279465947354298,
                50.47250472680636
              ],
              [
                4.279744140053758,
                50.47270103269726
              ],
              [
                4.2800511456114725,
                50.472878990748676
              ],
              [
                4.280384007330998,
                50.47303688691331
              ],
              [
                4.280739519376298,
                50.4731732003589
              ],
              [
                4.2811142576532175,
                50.47328661812264
              ],
              [
                4.281504612797631,
                50.473376047763
              ],
              [
                4.28190682495211,
                50.47344062788689
              ],
              [
                4.282317019995537,
                50.47347973645064
              ],
              [
                4.282731246876007,
                50.47349299675465
              ],
              [
                4.283145515686576,
                50.47348028107336
              ],
              [
                4.283555836116218,
                50.47344171188638
              ],
              [
                4.283958255904676,
                50.47337766069807
              ],
              [
                4.284348898929887,
                50.47328874445735
              ],
              [
                4.28458316008619,
                50.473218220405585
              ],
              [
                4.2846937419549285,
                50.47333622901888
              ],
              [
                4.2849404727332,
                50.47354898035726
              ],
              [
                4.285218694242253,
                50.47374527312418
              ],
              [
                4.285525727124797,
                50.473923216699056
              ],
              [
                4.285858614421128,
                50.47408109717401
              ],
              [
                4.28621415004879,
                50.47421739386789
              ],
              [
                4.2865889096864125,
                50.47433079397922
              ],
              [
                4.28697928376406,
                50.47442020523647
              ],
              [
                4.28738151224188,
                50.47448476642364
              ],
              [
                4.287791720841476,
                50.47452385567952
              ],
              [
                4.288205958380335,
                50.474537096490366
              ],
              [
                4.288620234848825,
                50.47452436131846
              ],
              [
                4.289030559862149,
                50.47448577283112
              ],
              [
                4.289432981115911,
                50.474421702718615
              ],
              [
                4.289823622473952,
                50.474332768112134
              ],
              [
                4.2901987213207144,
                50.474219825636624
              ],
              [
                4.290554664817486,
                50.47408396315581
              ],
              [
                4.290888024712603,
                50.47392648928909
              ],
              [
                4.291195590369736,
                50.473748920801484
              ],
              [
                4.291474399695691,
                50.473552967988525
              ],
              [
                4.291721767669589,
                50.47334051819692
              ],
              [
                4.291935312198567,
                50.473113617640145
              ],
              [
                4.292112977051102,
                50.47287445168438
              ],
              [
                4.292253051647378,
                50.472625323794965
              ],
              [
                4.292354187516583,
                50.47236863334636
              ],
              [
                4.292415411263275,
                50.47210685250958
              ],
              [
                4.292436133918717,
                50.47184250243998
              ],
              [
                4.292416156588006,
                50.47157812899471
              ],
              [
                4.292355672339582,
                50.471316278213855
              ],
              [
                4.292255264319898,
                50.47105947180159
              ],
              [
                4.292115900112423,
                50.47081018284303
              ],
              [
                4.291938922396254,
                50.47057081199104
              ],
              [
                4.291726035995189,
                50.4703436643519
              ],
              [
                4.291479291442757,
                50.4701309272921
              ],
              [
                4.291201065222128,
                50.46993464938023
              ],
              [
                4.29089403687166,
                50.469756720665984
              ],
              [
                4.290561163176887,
                50.469598854486186
              ],
              [
                4.290205649697568,
                50.469462570972624
              ],
              [
                4.289830919903922,
                50.46934918242024
              ],
              [
                4.289440582219,
                50.46925978065638
              ],
              [
                4.289038395284102,
                50.469195226532214
              ],
              [
                4.288628231781152,
                50.46915614163755
              ],
              [
                4.288214041159625,
                50.46914290231849
              ],
              [
                4.287869138037797,
                50.46915350501106
              ],
              [
                4.287857953404308,
                50.469005293670115
              ],
              [
                4.287797497625713,
                50.46874344041016
              ],
              [
                4.287697119757913,
                50.468486629956786
              ],
              [
                4.287557787093967,
                50.468237335434104
              ],
              [
                4.287380842009193,
                50.4679979575486
              ],
              [
                4.2871679890131436,
                50.46777080147422
              ],
              [
                4.286960488134182,
                50.46759186674717
              ],
              [
                4.286969476521269,
                50.4675534495452
              ],
              [
                4.286990227562986,
                50.46728910025
              ],
              [
                4.2869702825314695,
                50.46702472567412
              ],
              [
                4.286909834183984,
                50.46676287186862
              ],
              [
                4.286809465321137,
                50.46650606056674
              ],
              [
                4.286670143149229,
                50.46625676490083
              ],
              [
                4.286665154573526,
                50.4662500157139
              ],
              [
                4.286573531180672,
                50.46608606811565
              ],
              [
                4.286396599099182,
                50.46584668864958
              ],
              [
                4.2861837604824045,
                50.46561953069518
              ],
              [
                4.285937065403711,
                50.46540678171836
              ],
              [
                4.285658889869867,
                50.46521049040249
              ],
              [
                4.285351912931175,
                50.465032546926345
              ],
              [
                4.285019090878161,
                50.464874664768914
              ],
              [
                4.28466362877338,
                50.464738364215854
              ],
              [
                4.284288949592441,
                50.46462495772623
              ],
              [
                4.28389866127113,
                50.46453553730007
              ],
              [
                4.2834965219755174,
                50.46447096396829
              ],
              [
                4.283086403928903,
                50.46443185950564
              ],
              [
                4.28267225614315,
                50.46441860044663
              ],
              [
                4.282258066412497,
                50.46443131446178
              ],
              [
                4.281847822934857,
                50.46446987912876
              ],
              [
                4.281445475929253,
                50.46453392311075
              ],
              [
                4.281054899618025,
                50.464622829730104
              ],
              [
                4.280679854938969,
                50.46473574290349
              ],
              [
                4.280323953345653,
                50.46487157538125
              ],
              [
                4.279990622043734,
                50.465029019211684
              ],
              [
                4.279683070997434,
                50.465206558330216
              ],
              [
                4.279606055521282,
                50.465260678924565
              ],
              [
                4.2793712353328734,
                50.465094952036836
              ],
              [
                4.279064282751017,
                50.46491699196586
              ],
              [
                4.278731482456424,
                50.464759091816994
              ]
            ]
          ],
          [
            [
              [
                4.292136877817138,
                50.43412017611728
              ],
              [
                4.2919600369120525,
                50.433880803911165
              ],
              [
                4.291747315106414,
                50.43365365499601
              ],
              [
                4.29150076134811,
                50.433440916750676
              ],
              [
                4.291222750282553,
                50.43324463775521
              ],
              [
                4.290915959375933,
                50.43306670806982
              ],
              [
                4.290583343127172,
                50.43290884104073
              ],
              [
                4.290228104616985,
                50.432772556807905
              ],
              [
                4.289853664667981,
                50.43265916767333
              ],
              [
                4.289463628912514,
                50.43256976546994
              ],
              [
                4.289061753084946,
                50.432505211053204
              ],
              [
                4.288651906871995,
                50.43246612601579
              ],
              [
                4.288238036668462,
                50.43245288670515
              ],
              [
                4.2882359977712845,
                50.43245294943536
              ],
              [
                4.288234036895939,
                50.43245288670528
              ],
              [
                4.287820127822619,
                50.43246562058752
              ],
              [
                4.287410165374348,
                50.43250420506331
              ],
              [
                4.287008097064584,
                50.43256826860502
              ],
              [
                4.286617794432532,
                50.43265719434666
              ],
              [
                4.2862430157810785,
                50.43277012602076
              ],
              [
                4.285887370002461,
                50.43290597619942
              ],
              [
                4.285554281839224,
                50.433063436760484
              ],
              [
                4.285246958914396,
                50.433240991478215
              ],
              [
                4.284968360847943,
                50.43343693061746
              ],
              [
                4.284721170756618,
                50.433649367391105
              ],
              [
                4.284507769411585,
                50.433876256122694
              ],
              [
                4.284330212302784,
                50.43411541193945
              ],
              [
                4.284190209831207,
                50.43436453180651
              ],
              [
                4.284089110820327,
                50.43462121670007
              ],
              [
                4.284027889506085,
                50.43488299470597
              ],
              [
                4.284007136131522,
                50.43514734482171
              ],
              [
                4.284027051237505,
                50.43541172123267
              ],
              [
                4.284087443705483,
                50.43567357782883
              ],
              [
                4.284187732572133,
                50.43593039272607
              ],
              [
                4.284326952599409,
                50.43617969255557
              ],
              [
                4.284503763547297,
                50.43641907628769
              ],
              [
                4.284716463060893,
                50.43664623836036
              ],
              [
                4.284963003048424,
                50.43685899088926
              ],
              [
                4.285241009393165,
                50.43705528474571
              ],
              [
                4.2855478048098705,
                50.43723322929867
              ],
              [
                4.285880434625863,
                50.437391110630884
              ],
              [
                4.2862356952386635,
                50.43752740805301
              ],
              [
                4.286610164975942,
                50.4376408087566
              ],
              [
                4.287000237060322,
                50.437730220464466
              ],
              [
                4.287402154361124,
                50.437794781956306
              ],
              [
                4.287812045597681,
                50.43783387136797
              ],
              [
                4.288225962644863,
                50.43784711218426
              ],
              [
                4.288228001773978,
                50.437847049454284
              ],
              [
                4.288229962872364,
                50.43784711218441
              ],
              [
                4.288643918807022,
                50.4378343768533
              ],
              [
                4.289053926331202,
                50.43779578805791
              ],
              [
                4.289456036199109,
                50.437731717491424
              ],
              [
                4.289846375274325,
                50.437642782289416
              ],
              [
                4.29022118385326,
                50.43752983908249
              ],
              [
                4.290576851893302,
                50.4373939757414
              ],
              [
                4.290909953796086,
                50.437236500893796
              ],
              [
                4.291217281410197,
                50.43705893131406
              ],
              [
                4.29149587493503,
                50.436862977308216
              ],
              [
                4.291743051427888,
                50.43665052623439
              ],
              [
                4.291956430639673,
                50.43642362431839
              ],
              [
                4.292133957930464,
                50.436184456939394
              ],
              [
                4.292273924044574,
                50.43593532757642
              ],
              [
                4.292374981555125,
                50.43567863561811
              ],
              [
                4.292436157820386,
                50.43541685324998
              ],
              [
                4.292456864327885,
                50.435152501642115
              ],
              [
                4.29243690233719,
                50.434888126666465
              ],
              [
                4.2923764647679645,
                50.43462627437788
              ],
              [
                4.292276134316107,
                50.43436946649505
              ],
              [
                4.292136877817138,
                50.43412017611728
              ]
            ]
          ],
          [
            [
              [
                4.289135738828326,
                50.494519428527425
              ],
              [
                4.288922758230404,
                50.494292276667124
              ],
              [
                4.288675901509769,
                50.49407953451219
              ],
              [
                4.28839754623008,
                50.49388325068021
              ],
              [
                4.288090373172723,
                50.493705315277914
              ],
              [
                4.287757340516824,
                50.49354744170645
              ],
              [
                4.287401655352876,
                50.49341115016874
              ],
              [
                4.287026742804237,
                50.493297753037034
              ],
              [
                4.286636213053593,
                50.4932083422212
              ],
              [
                4.286233826591446,
                50.49314377865959
              ],
              [
                4.285823458020696,
                50.493104684032836
              ],
              [
                4.28540905876509,
                50.49309143478075
              ],
              [
                4.284994619039836,
                50.49310415847941
              ],
              [
                4.284584129449617,
                50.49314273261327
              ],
              [
                4.284181542582883,
                50.4932067857543
              ],
              [
                4.283790734971266,
                50.49329570113678
              ],
              [
                4.283415469779505,
                50.49340862259295
              ],
              [
                4.283059360584344,
                50.49354446279344
              ],
              [
                4.282725836590411,
                50.493701913712215
              ],
              [
                4.282418109617469,
                50.49387945921649
              ],
              [
                4.282139143176463,
                50.494075389659926
              ],
              [
                4.281891623931906,
                50.49428781833928
              ],
              [
                4.281677935825342,
                50.49451469965608
              ],
              [
                4.28150013710915,
                50.49475384880905
              ],
              [
                4.281359940512192,
                50.49500296282762
              ],
              [
                4.281258696728782,
                50.495259642744344
              ],
              [
                4.281197381390605,
                50.495521416693045
              ],
              [
                4.281176585647851,
                50.49578576371035
              ],
              [
                4.281196510451138,
                50.4960501380115
              ],
              [
                4.281256964590258,
                50.496311993506815
              ],
              [
                4.281357366509641,
                50.496568808322735
              ],
              [
                4.281496749884038,
                50.49681810909124
              ],
              [
                4.281673772901693,
                50.49705749477358
              ],
              [
                4.281886731166495,
                50.49728465978883
              ],
              [
                4.282133574095626,
                50.4974974162243
              ],
              [
                4.282411924655427,
                50.497693714913574
              ],
              [
                4.282719102245894,
                50.497871665179005
              ],
              [
                4.283052148513694,
                50.49802955304825
              ],
              [
                4.2834078558452395,
                50.498165857768875
              ],
              [
                4.283782798265283,
                50.49827926646211
              ],
              [
                4.2841733644431965,
                50.49836868677372
              ],
              [
                4.284575792488599,
                50.498433257400485
              ],
              [
                4.2849862062005695,
                50.49847235639021
              ],
              [
                4.285400652420609,
                50.49848560713543
              ],
              [
                4.285815139128694,
                50.498472882002716
              ],
              [
                4.286225673914615,
                50.49843430356272
              ],
              [
                4.286628302453078,
                50.49837024340888
              ],
              [
                4.28701914661103,
                50.49828131857654
              ],
              [
                4.287394441819276,
                50.4981683855965
              ],
              [
                4.287750573347556,
                50.498032532241076
              ],
              [
                4.288084111132992,
                50.49787506704176
              ],
              [
                4.288391842825823,
                50.497697506680176
              ],
              [
                4.28867080473372,
                50.49750156137361
              ],
              [
                4.288918310366374,
                50.497289118396495
              ],
              [
                4.289131976305341,
                50.49706222389676
              ],
              [
                4.2893097451501285,
                50.49682306318227
              ],
              [
                4.289449905319817,
                50.496573939667904
              ],
              [
                4.289551107519971,
                50.49631725268606
              ],
              [
                4.289612377716927,
                50.49605547437438
              ],
              [
                4.289633126495248,
                50.49579112586393
              ],
              [
                4.289613154709132,
                50.49552675299684
              ],
              [
                4.28955265537431,
                50.495264901807694
              ],
              [
                4.289452211783197,
                50.49500809400452
              ],
              [
                4.289312791862465,
                50.494758802685915
              ],
              [
                4.289135738828326,
                50.494519428527425
              ]
            ]
          ]
        ]
      },
      "properties": {
        "type": "buffer_union_300m",
        "buffer_m": 300
      }
    },
    {
      "type": "Feature",
      "geometry": {
        "type": "MultiPolygon",
        "coordinates": [
          [
            [
              [
                4.278541796906738,
                50.46367912183068
              ],
              [
                4.278021437649711,
                50.463559868577434
              ],
              [
                4.277485273881804,
                50.46347374338984
              ],
              [
                4.276938468090322,
                50.463421575519675
              ],
              [
                4.276386285160086,
                50.46340386726032
              ],
              [
                4.275834041714058,
                50.46342078911366
              ],
              [
                4.275287054957465,
                50.46347217814964
              ],
              [
                4.274750591516362,
                50.46355753957383
              ],
              [
                4.274229816761533,
                50.463676051488434
              ],
              [
                4.273729745104074,
                50.463826572800656
              ],
              [
                4.27325519173979,
                50.46400765420287
              ],
              [
                4.272810726305714,
                50.46421755211873
              ],
              [
                4.272400628893964,
                50.464454245482024
              ],
              [
                4.272284930962395,
                50.4645355343655
              ],
              [
                4.2722718333042105,
                50.464530510165375
              ],
              [
                4.271772303194677,
                50.464379248024656
              ],
              [
                4.2712519532863125,
                50.464259964503555
              ],
              [
                4.27071579390224,
                50.4641738081245
              ],
              [
                4.270168987487615,
                50.46412160843954
              ],
              [
                4.269616798933295,
                50.4641038680484
              ],
              [
                4.269064544916387,
                50.46412075776234
              ],
              [
                4.268517542743867,
                50.46417211496074
              ],
              [
                4.2679810591901575,
                50.46425744515574
              ],
              [
                4.267460259819599,
                50.464375926750236
              ],
              [
                4.266960159280189,
                50.464526418943386
              ],
              [
                4.266485573045686,
                50.46470747270792
              ],
              [
                4.266041071069471,
                50.46491734473366
              ],
              [
                4.266040540455824,
                50.46491765092642
              ],
              [
                4.266039071111595,
                50.46491834467275
              ],
              [
                4.265628933818846,
                50.46515501413569
              ],
              [
                4.265257110952795,
                50.465416202167425
              ],
              [
                4.264927183486099,
                50.4656993937648
              ],
              [
                4.26464232914794,
                50.46600186200392
              ],
              [
                4.264405291807412,
                50.46632069428777
              ],
              [
                4.264218355026821,
                50.466652820383175
              ],
              [
                4.264083320040413,
                50.466995041977476
              ],
              [
                4.26400148837175,
                50.467344063470655
              ],
              [
                4.263973649258482,
                50.46769652370678
              ],
              [
                4.264000072007216,
                50.46804902833953
              ],
              [
                4.2640805033538145,
                50.46839818252009
              ],
              [
                4.2642141698562845,
                50.46874062359284
              ],
              [
                4.26439978529903,
                50.46907305348372
              ],
              [
                4.264635563038848,
                50.469392270469434
              ],
              [
                4.264919233175327,
                50.46969520002113
              ],
              [
                4.265248064381706,
                50.46997892442495
              ],
              [
                4.265618890187058,
                50.470240710894345
              ],
              [
                4.266028139457555,
                50.47047803790226
              ],
              [
                4.266471870783754,
                50.470688619479354
              ],
              [
                4.26694581044295,
                50.470870427243945
              ],
              [
                4.267445393570813,
                50.471021709950335
              ],
              [
                4.26796580814529,
                50.47114101036729
              ],
              [
                4.268502041358347,
                50.4712271793234
              ],
              [
                4.26904892792784,
                50.47127938678349
              ],
              [
                4.269601199882877,
                50.47129712984936
              ],
              [
                4.270153537341622,
                50.471280237607196
              ],
              [
                4.27070061979083,
                50.47122887277506
              ],
              [
                4.271237177371488,
                50.47114353013445
              ],
              [
                4.271758041674867,
                50.471025031761016
              ],
              [
                4.272258195558103,
                50.47087451910066
              ],
              [
                4.272489907925424,
                50.47078611766597
              ],
              [
                4.272754397958693,
                50.47088756013778
              ],
              [
                4.2732539998090475,
                50.47103881790113
              ],
              [
                4.273774429193043,
                50.47115809233521
              ],
              [
                4.274310673159901,
                50.47124423451887
              ],
              [
                4.274857566323823,
                50.47129641467484
              ],
              [
                4.275409840650354,
                50.471314130167904
              ],
              [
                4.275962176234796,
                50.47129721034988
              ],
              [
                4.276509252581975,
                50.47124581820442
              ],
              [
                4.277045799891694,
                50.47116044877618
              ],
              [
                4.277127203864324,
                50.47114192471868
              ],
              [
                4.277127402215826,
                50.471144560958386
              ],
              [
                4.277207935538348,
                50.47149370588144
              ],
              [
                4.277341705635215,
                50.47183613169309
              ],
              [
                4.277527425293101,
                50.47216854046609
              ],
              [
                4.277763306865004,
                50.47248773068046
              ],
              [
                4.2780470794503245,
                50.47279062806502
              ],
              [
                4.278376010735364,
                50.47307431521568
              ],
              [
                4.27874693328502,
                50.47333605970461
              ],
              [
                4.279156275033355,
                50.473573340408976
              ],
              [
                4.279600093679871,
                50.47378387180544
              ],
              [
                4.280074114660471,
                50.473965625995554
              ],
              [
                4.2805737723272035,
                50.47411685224965
              ],
              [
                4.281094253939734,
                50.47423609388028
              ],
              [
                4.2816305460440205,
                50.47432220228224
              ],
              [
                4.282177482790427,
                50.47437434800363
              ],
              [
                4.282729795724553,
                50.47439202874098
              ],
              [
                4.283282164569711,
                50.47437507418083
              ],
              [
                4.283829268510272,
                50.4743236476416
              ],
              [
                4.284083762967225,
                50.47428314131085
              ],
              [
                4.284221538867309,
                50.47438034694238
              ],
              [
                4.284630917050329,
                50.47461760834466
              ],
              [
                4.285074769800867,
                50.47482811882142
              ],
              [
                4.285548822226198,
                50.47500985067572
              ],
              [
                4.286048508375357,
                50.47516105339299
              ],
              [
                4.286569015233538,
                50.47528027051245
              ],
              [
                4.287105329103417,
                50.47536635366505
              ],
              [
                4.28765228392561,
                50.4754184736421
              ],
              [
                4.288204611071533,
                50.4754361283881
              ],
              [
                4.288756990127563,
                50.475419147839986
              ],
              [
                4.289304100179699,
                50.47536769556644
              ],
              [
                4.289840671103066,
                50.47528226719127
              ],
              [
                4.290361534360541,
                50.47516368561597
              ],
              [
                4.2908616728195454,
                50.47501309308785
              ],
              [
                4.291336269105711,
                50.4748319401903
              ],
              [
                4.291780752026328,
                50.474621971861524
              ],
              [
                4.292190840615364,
                50.47438521057685
              ],
              [
                4.292562585375063,
                50.47412393685719
              ],
              [
                4.292892406316386,
                50.47384066729176
              ],
              [
                4.2931771274317825,
                50.47353813028723
              ],
              [
                4.293414007268485,
                50.473219239777784
              ],
              [
                4.293600765308386,
                50.47288706714923
              ],
              [
                4.293735603901298,
                50.47254481164856
              ],
              [
                4.293817225541481,
                50.47219576956412
              ],
              [
                4.293844845322455,
                50.47184330247357
              ],
              [
                4.293818198451706,
                50.471490804865866
              ],
              [
                4.293737542754617,
                50.47114167144883
              ],
              [
                4.293603656145313,
                50.47079926445785
              ],
              [
                4.293417829090504,
                50.470466881279926
              ],
              [
                4.293181852140646,
                50.470147722704795
              ],
              [
                4.292897998650076,
                50.469844862109035
              ],
              [
                4.2925690028538845,
                50.46956121586905
              ],
              [
                4.292198033513814,
                50.46929951528766
              ],
              [
                4.291788663387815,
                50.4690622803043
              ],
              [
                4.291344834817825,
                50.46885179524114
              ],
              [
                4.290870821767326,
                50.46867008681851
              ],
              [
                4.290371188674126,
                50.46851890465052
              ],
              [
                4.289850746514124,
                50.4683997044082
              ],
              [
                4.289314506498327,
                50.46831363381206
              ],
              [
                4.289070441927212,
                50.46829037699065
              ],
              [
                4.289045463404677,
                50.4682264753321
              ],
              [
                4.288859678407975,
                50.467894084734986
              ],
              [
                4.288623744966373,
                50.46757491678149
              ],
              [
                4.288395552483059,
                50.46733139741638
              ],
              [
                4.288398803522634,
                50.46728996622353
              ],
              [
                4.288372199719334,
                50.46693746710785
              ],
              [
                4.288291591891648,
                50.46658832965743
              ],
              [
                4.288157757492515,
                50.46624591614655
              ],
              [
                4.287971986485714,
                50.465913524025005
              ],
              [
                4.287966997760744,
                50.46590677489352
              ],
              [
                4.287875370528008,
                50.46574282831153
              ],
              [
                4.287639454424509,
                50.46542365825053
              ],
              [
                4.287355664645936,
                50.46512078390081
              ],
              [
                4.2870267348138436,
                50.46483712177122
              ],
              [
                4.2866558330548035,
                50.464575403317674
              ],
              [
                4.286246531476082,
                50.46433814865171
              ],
              [
                4.285802771759669,
                50.46412764228509
              ],
              [
                4.285328827206193,
                50.463945911143284
              ],
              [
                4.284829261594069,
                50.463794705059165
              ],
              [
                4.284308885249609,
                50.46367547993411
              ],
              [
                4.283772708750281,
                50.46358938372821
              ],
              [
                4.283225894705895,
                50.46353724541419
              ],
              [
                4.282673708080694,
                50.463519567000816
              ],
              [
                4.282121465533189,
                50.46353651870265
              ],
              [
                4.281574484259974,
                50.46358793730221
              ],
              [
                4.28103803083435,
                50.463673327720414
              ],
              [
                4.280517270530732,
                50.46379186778033
              ],
              [
                4.280017217621173,
                50.46394241611817
              ],
              [
                4.2796576240547735,
                50.464079657189124
              ],
              [
                4.279515260527482,
                50.46401211167994
              ],
              [
                4.279041341239843,
                50.46383035491864
              ],
              [
                4.278541796906738,
                50.46367912183068
              ]
            ]
          ],
          [
            [
              [
                4.2934377994217865,
                50.43377687233726
              ],
              [
                4.293202004897015,
                50.43345771195597
              ],
              [
                4.292918370874684,
                50.43315484965817
              ],
              [
                4.292589629475401,
                50.432871201836704
              ],
              [
                4.292218947010382,
                50.432609499809736
              ],
              [
                4.291809893474628,
                50.432372263530695
              ],
              [
                4.291366408161317,
                50.43216177733436
              ],
              [
                4.29089276172872,
                50.43198006795201
              ],
              [
                4.290393515084792,
                50.431828885007114
              ],
              [
                4.2898734754848915,
                50.43170968417824
              ],
              [
                4.289337650264596,
                50.43162361319165
              ],
              [
                4.288791198652054,
                50.43157150077723
              ],
              [
                4.288239382122591,
                50.43155384869445
              ],
              [
                4.288237343264065,
                50.43155391142471
              ],
              [
                4.288235382425887,
                50.431553848694634
              ],
              [
                4.287683514073961,
                50.43157082688552
              ],
              [
                4.287136907492602,
                50.43162227189652
              ],
              [
                4.286600825648232,
                50.43170768839427
              ],
              [
                4.28608043023826,
                50.431826253950625
              ],
              [
                4.285580732021983,
                50.43197682695629
              ],
              [
                4.28510654260009,
                50.43215795760572
              ],
              [
                4.284662428105754,
                50.43236790184835
              ],
              [
                4.284252665252196,
                50.432604638171775
              ],
              [
                4.283881200159127,
                50.432865887055875
              ],
              [
                4.283551610354097,
                50.43314913291143
              ],
              [
                4.283267070314524,
                50.43345164829183
              ],
              [
                4.283030320882394,
                50.43377052014591
              ],
              [
                4.282843642846716,
                50.43410267785922
              ],
              [
                4.282708834948991,
                50.43444492281443
              ],
              [
                4.2826271965246185,
                50.43479395918631
              ],
              [
                4.282599514948795,
                50.43514642567543
              ],
              [
                4.282626058009369,
                50.43549892787507
              ],
              [
                4.282706571281826,
                50.43584807095964
              ],
              [
                4.282840280533423,
                50.43619049238024
              ],
              [
                4.283025899135122,
                50.43652289425194
              ],
              [
                4.283261640411628,
                50.436842075121184
              ],
              [
                4.283545234812173,
                50.437144960806854
              ],
              [
                4.283873951738058,
                50.43742863401757
              ],
              [
                4.284244625817875,
                50.43769036245982
              ],
              [
                4.284653687378228,
                50.43792762516541
              ],
              [
                4.285097196816978,
                50.43813813678441
              ],
              [
                4.285570882548221,
                50.438319869608975
              ],
              [
                4.286070182153332,
                50.438471073115295
              ],
              [
                4.286590286341317,
                50.438590290835066
              ],
              [
                4.287126185294226,
                50.43867637439351
              ],
              [
                4.2876727169501985,
                50.43872849457805
              ],
              [
                4.288224616757759,
                50.438746149331216
              ],
              [
                4.288226655925534,
                50.43874608660127
              ],
              [
                4.2882286170611,
                50.43874614933141
              ],
              [
                4.288780568722551,
                50.438729168571115
              ],
              [
                4.289327255440304,
                50.43867771588707
              ],
              [
                4.289863411168216,
                50.43859228690697
              ],
              [
                4.290383871369372,
                50.438473704538126
              ],
              [
                4.290883622794292,
                50.43832311103543
              ],
              [
                4.291357851797145,
                50.43814195699158
              ],
              [
                4.291801990723245,
                50.437931987355704
              ],
              [
                4.292211761919961,
                50.43769522461567
              ],
              [
                4.292583218946384,
                50.4374339493063
              ],
              [
                4.292912784584327,
                50.43715067803202
              ],
              [
                4.29319728528441,
                50.436848139215876
              ],
              [
                4.293433981715708,
                50.436529246809435
              ],
              [
                4.29362059512523,
                50.43619707221667
              ],
              [
                4.293755329254214,
                50.43585481470345
              ],
              [
                4.293836887601321,
                50.43550577057743
              ],
              [
                4.293864485867831,
                50.43515330143595
              ],
              [
                4.293837859466569,
                50.43480080178767
              ],
              [
                4.29375726602393,
                50.43445166636008
              ],
              [
                4.293623482852704,
                50.434109257407975
              ],
              [
                4.2934377994217865,
                50.43377687233726
              ]
            ]
          ],
          [
            [
              [
                4.2903793220633615,
                50.494096370876306
              ],
              [
                4.290095342971274,
                50.49379350465272
              ],
              [
                4.289766197613624,
                50.493509851619635
              ],
              [
                4.28939505619296,
                50.4932481431453
              ],
              [
                4.288985493124674,
                50.49301089924506
              ],
              [
                4.288541452608815,
                50.49280040432692
              ],
              [
                4.288067210649756,
                50.49261868520605
              ],
              [
                4.287567333889327,
                50.492467491599484
              ],
              [
                4.2870466356493715,
                50.49234827928841
              ],
              [
                4.286510129606206,
                50.49226219610947
              ],
              [
                4.285962981541998,
                50.492210070909934
              ],
              [
                4.285410459636357,
                50.49219240557227
              ],
              [
                4.284857883775271,
                50.492209370185165
              ],
              [
                4.284310574363875,
                50.4922608014068
              ],
              [
                4.283773801134249,
                50.49234620403659
              ],
              [
                4.283252732439446,
                50.49246475578006
              ],
              [
                4.28275238552042,
                50.492615315160954
              ],
              [
                4.2822775782231846,
                50.49279643250509
              ],
              [
                4.281832882629852,
                50.49300636389014
              ],
              [
                4.281422581048951,
                50.493243087927645
              ],
              [
                4.2810506247880316,
                50.493504325215994
              ],
              [
                4.2807205961050645,
                50.493787560277774
              ],
              [
                4.280435673704902,
                50.494090065770486
              ],
              [
                4.28019860211324,
                50.494408928738316
              ],
              [
                4.280011665223544,
                50.4947410786526
              ],
              [
                4.2798766642725425,
                50.49508331697117
              ],
              [
                4.279794900457523,
                50.495432347932805
              ],
              [
                4.279767162364186,
                50.4957848102903
              ],
              [
                4.279793718327738,
                50.49613730967674
              ],
              [
                4.279874313802486,
                50.49648645129367
              ],
              [
                4.280008173767017,
                50.49682887260625
              ],
              [
                4.280194010143613,
                50.4971612757306
              ],
              [
                4.280430034162141,
                50.497480459201
              ],
              [
                4.280713973550904,
                50.49778334881118
              ],
              [
                4.2810430943903235,
                50.49806702723187
              ],
              [
                4.281414227420075,
                50.4983287621192
              ],
              [
                4.281823798547221,
                50.498566032442774
              ],
              [
                4.2822678632620175,
                50.49877655277916
              ],
              [
                4.282742144630138,
                50.49895829533639
              ],
              [
                4.283242074495286,
                50.499109509496755
              ],
              [
                4.283762837494831,
                50.499228738689226
              ],
              [
                4.284299417463786,
                50.499314834428404
              ],
              [
                4.284846645779052,
                50.499366967384354
              ],
              [
                4.2853992511770205,
                50.49938463537647
              ],
              [
                4.285951910563138,
                50.49936766821415
              ],
              [
                4.286499300322448,
                50.499316229337126
              ],
              [
                4.287036147635149,
                50.49923081424017
              ],
              [
                4.287557281301214,
                50.49911224569691
              ],
              [
                4.28805768158288,
                50.49896166582918
              ],
              [
                4.2885325285834375,
                50.49878052509846
              ],
              [
                4.288977248694999,
                50.498570568325796
              ],
              [
                4.289387558666812,
                50.498333817875306
              ],
              [
                4.2897595068688705,
                50.49807255416361
              ],
              [
                4.2900895113529005,
                50.4977892936836
              ],
              [
                4.290374394344001,
                50.497486764754534
              ],
              [
                4.290611412830945,
                50.49716788123288
              ],
              [
                4.29079828496105,
                50.496835714437225
              ],
              [
                4.290933211986263,
                50.49649346355842
              ],
              [
                4.291014895550225,
                50.49614442484038
              ],
              [
                4.291042550151236,
                50.4957919598284
              ],
              [
                4.2910159106626535,
                50.4954394629914
              ],
              [
                4.290935234839991,
                50.49509032902985
              ],
              [
                4.290801300792387,
                50.49474792018441
              ],
              [
                4.290615399444529,
                50.494415533859865
              ],
              [
                4.2903793220633615,
                50.494096370876306
              ]
            ]
          ]
        ]
      },
      "properties": {
        "type": "buffer_union_400m",
        "buffer_m": 400
      }
    },
    {
      "type": "Feature",
      "geometry": {
        "type": "Polygon",
        "coordinates": [
          [
            [
              4.2631517,
              50.4253832
            ],
            [
              4.2650805,
              50.4250108
            ],
            [
              4.2667249,
              50.4248057
            ],
            [
              4.2669281,
              50.4246612
            ],
            [
              4.2687679,
              50.4245838
            ],
            [
              4.2692412,
              50.4250966
            ],
            [
              4.2697016,
              50.4252156
            ],
            [
              4.2714558,
              50.4252106
            ],
            [
              4.2726499,
              50.4253312
            ],
            [
              4.2745737,
              50.4253871
            ],
            [
              4.2751062,
              50.4261898
            ],
            [
              4.2760103,
              50.4266891
            ],
            [
              4.281335,
              50.4275703
            ],
            [
              4.2847398,
              50.4280292
            ],
            [
              4.2863981,
              50.4280425
            ],
            [
              4.288971,
              50.4278484
            ],
            [
              4.291351,
              50.4280426
            ],
            [
              4.2936868,
              50.4279945
            ],
            [
              4.2936883,
              50.4277495
            ],
            [
              4.2938065,
              50.427522
            ],
            [
              4.2937201,
              50.4272862
            ],
            [
              4.2937322,
              50.4265424
            ],
            [
              4.2939807,
              50.4258889
            ],
            [
              4.2938486,
              50.425617
            ],
            [
              4.2937929,
              50.4248305
            ],
            [
              4.2939184,
              50.4248406
            ],
            [
              4.294041,
              50.4251139
            ],
            [
              4.2944983,
              50.4254652
            ],
            [
              4.2967785,
              50.4268328
            ],
            [
              4.2975478,
              50.4273768
            ],
            [
              4.2982215,
              50.4281898
            ],
            [
              4.2983505,
              50.4285937
            ],
            [
              4.2989135,
              50.4296057
            ],
            [
              4.2990532,
              50.4300626
            ],
            [
              4.2989869,
              50.4303039
            ],
            [
              4.2980852,
              50.4316618
            ],
            [
              4.2979882,
              50.4320697
            ],
            [
              4.3035035,
              50.4348281
            ],
            [
              4.3036539,
              50.4356309
            ],
            [
              4.3034627,
              50.4368619
            ],
            [
              4.3035501,
              50.4377581
            ],
            [
              4.303434,
              50.4380728
            ],
            [
              4.3031985,
              50.4382882
            ],
            [
              4.3052474,
              50.4384975
            ],
            [
              4.3103213,
              50.4401851
            ],
            [
              4.3143521,
              50.4409294
            ],
            [
              4.3169693,
              50.4414999
            ],
            [
              4.3177615,
              50.4418839
            ],
            [
              4.31867,
              50.4424875
            ],
            [
              4.3204408,
              50.4438627
            ],
            [
              4.3215252,
              50.4445785
            ],
            [
              4.3221211,
              50.4448312
            ],
            [
              4.3226106,
              50.4449301
            ],
            [
              4.3225243,
              50.4460193
            ],
            [
              4.3223337,
              50.446721
            ],
            [
              4.3227296,
              50.4482755
            ],
            [
              4.325072,
              50.4513399
            ],
            [
              4.3252344,
              50.451619
            ],
            [
              4.3254352,
              50.4523202
            ],
            [
              4.3268004,
              50.4541317
            ],
            [
              4.3264318,
              50.4541455
            ],
            [
              4.3259874,
              50.4540282
            ],
            [
              4.3240554,
              50.4532054
            ],
            [
              4.3193116,
              50.452633
            ],
            [
              4.310759,
              50.4494495
            ],
            [
              4.3082383,
              50.4487862
            ],
            [
              4.3040361,
              50.4479554
            ],
            [
              4.2988086,
              50.4470237
            ],
            [
              4.2958776,
              50.4469585
            ],
            [
              4.29521,
              50.4468573
            ],
            [
              4.2954115,
              50.4473844
            ],
            [
              4.2953702,
              50.4479108
            ],
            [
              4.293881,
              50.4477371
            ],
            [
              4.2938485,
              50.4480646
            ],
            [
              4.2937058,
              50.4483064
            ],
            [
              4.2938355,
              50.4483811
            ],
            [
              4.2936966,
              50.4484974
            ],
            [
              4.2937276,
              50.448594
            ],
            [
              4.2935402,
              50.4488857
            ],
            [
              4.293779,
              50.4491849
            ],
            [
              4.2936908,
              50.4492243
            ],
            [
              4.2937201,
              50.4493116
            ],
            [
              4.2934085,
              50.4499432
            ],
            [
              4.2935919,
              50.4503481
            ],
            [
              4.2936883,
              50.451267
            ],
            [
              4.2943964,
              50.4512924
            ],
            [
              4.2942202,
              50.4523806
            ],
            [
              4.2964024,
              50.4550823
            ],
            [
              4.2967966,
              50.4565899
            ],
            [
              4.2972208,
              50.4588947
            ],
            [
              4.2964283,
              50.4608206
            ],
            [
              4.2967436,
              50.461347
            ],
            [
              4.2977586,
              50.4625302
            ],
            [
              4.2973085,
              50.4645094
            ],
            [
              4.297175,
              50.4647942
            ],
            [
              4.2973311,
              50.4675939
            ],
            [
              4.2976596,
              50.4685798
            ],
            [
              4.2983253,
              50.469138
            ],
            [
              4.2978567,
              50.4704175
            ],
            [
              4.2977096,
              50.4705351
            ],
            [
              4.297834,
              50.4707017
            ],
            [
              4.2977437,
              50.4712428
            ],
            [
              4.297823,
              50.4713455
            ],
            [
              4.2980625,
              50.4713522
            ],
            [
              4.2981454,
              50.4714607
            ],
            [
              4.2985373,
              50.4714739
            ],
            [
              4.298461,
              50.4715655
            ],
            [
              4.298694,
              50.4715964
            ],
            [
              4.2985624,
              50.4717304
            ],
            [
              4.2986015,
              50.4718337
            ],
            [
              4.2988382,
              50.4718557
            ],
            [
              4.2989132,
              50.4720858
            ],
            [
              4.2983143,
              50.4722212
            ],
            [
              4.2983153,
              50.4723247
            ],
            [
              4.2982031,
              50.4723619
            ],
            [
              4.2983587,
              50.4724049
            ],
            [
              4.298443,
              50.473221
            ],
            [
              4.2983582,
              50.4734366
            ],
            [
              4.2987422,
              50.4735928
            ],
            [
              4.2987028,
              50.4736844
            ],
            [
              4.2985481,
              50.4737361
            ],
            [
              4.2987121,
              50.4738715
            ],
            [
              4.298607,
              50.4740159
            ],
            [
              4.2983717,
              50.4740477
            ],
            [
              4.2985504,
              50.4743492
            ],
            [
              4.2984452,
              50.4744277
            ],
            [
              4.2989122,
              50.4745801
            ],
            [
              4.2985909,
              50.4748946
            ],
            [
              4.2987659,
              50.4751638
            ],
            [
              4.2990455,
              50.4751387
            ],
            [
              4.2989886,
              50.475264
            ],
            [
              4.2990428,
              50.4754398
            ],
            [
              4.298889,
              50.4755431
            ],
            [
              4.2989942,
              50.4756348
            ],
            [
              4.2989334,
              50.4757917
            ],
            [
              4.2996455,
              50.4773615
            ],
            [
              4.2998095,
              50.4774022
            ],
            [
              4.2998833,
              50.4775657
            ],
            [
              4.2996961,
              50.4777391
            ],
            [
              4.300222,
              50.4778798
            ],
            [
              4.2998934,
              50.4779455
            ],
            [
              4.2999727,
              50.4781647
            ],
            [
              4.2997639,
              50.4782688
            ],
            [
              4.2998885,
              50.478513
            ],
            [
              4.2997975,
              50.4786943
            ],
            [
              4.2999723,
              50.4787808
            ],
            [
              4.2996233,
              50.4790435
            ],
            [
              4.2996157,
              50.4792194
            ],
            [
              4.2992413,
              50.4793439
            ],
            [
              4.2993367,
              50.4794866
            ],
            [
              4.299235,
              50.4796767
            ],
            [
              4.2993274,
              50.479748
            ],
            [
              4.2993148,
              50.4798481
            ],
            [
              4.2996314,
              50.4798721
            ],
            [
              4.2993164,
              50.480088
            ],
            [
              4.2994187,
              50.4801185
            ],
            [
              4.2994947,
              50.4804958
            ],
            [
              4.2993633,
              50.4812497
            ],
            [
              4.2990432,
              50.4812498
            ],
            [
              4.2991245,
              50.4813964
            ],
            [
              4.2989617,
              50.4815301
            ],
            [
              4.2992405,
              50.4815866
            ],
            [
              4.2991589,
              50.4816672
            ],
            [
              4.2989377,
              50.4816875
            ],
            [
              4.2989139,
              50.4818516
            ],
            [
              4.29851,
              50.4821507
            ],
            [
              4.2985568,
              50.4823652
            ],
            [
              4.2988348,
              50.482606
            ],
            [
              4.2987328,
              50.4827972
            ],
            [
              4.2984884,
              50.4828322
            ],
            [
              4.2986296,
              50.482998
            ],
            [
              4.2988221,
              50.4829365
            ],
            [
              4.2989776,
              50.482991
            ],
            [
              4.2990425,
              50.4833525
            ],
            [
              4.2994767,
              50.4833704
            ],
            [
              4.2994681,
              50.4834907
            ],
            [
              4.2991559,
              50.4835365
            ],
            [
              4.2993558,
              50.4837282
            ],
            [
              4.2992737,
              50.4838205
            ],
            [
              4.2995836,
              50.4838117
            ],
            [
              4.2994086,
              50.4839786
            ],
            [
              4.2996863,
              50.484067
            ],
            [
              4.2995186,
              50.4842174
            ],
            [
              4.2997899,
              50.4844432
            ],
            [
              4.2999659,
              50.4844884
            ],
            [
              4.2998625,
              50.484821
            ],
            [
              4.30008,
              50.4848942
            ],
            [
              4.3002453,
              50.4848276
            ],
            [
              4.3000944,
              50.4850524
            ],
            [
              4.3004847,
              50.4850797
            ],
            [
              4.300457,
              50.4853774
            ],
            [
              4.3005756,
              50.4854353
            ],
            [
              4.3005127,
              50.4856129
            ],
            [
              4.3009989,
              50.4860214
            ],
            [
              4.3012523,
              50.4864191
            ],
            [
              4.3018199,
              50.4864973
            ],
            [
              4.3017775,
              50.4867066
            ],
            [
              4.3018664,
              50.486751
            ],
            [
              4.3022789,
              50.4865157
            ],
            [
              4.3023336,
              50.4866287
            ],
            [
              4.3022882,
              50.4867643
            ],
            [
              4.3025224,
              50.4868419
            ],
            [
              4.302291,
              50.4871227
            ],
            [
              4.3026636,
              50.4871702
            ],
            [
              4.3028969,
              50.4873009
            ],
            [
              4.3027549,
              50.4875518
            ],
            [
              4.3031446,
              50.4875355
            ],
            [
              4.3031664,
              50.4876508
            ],
            [
              4.3034623,
              50.487651
            ],
            [
              4.3037367,
              50.4879463
            ],
            [
              4.3039779,
              50.4877944
            ],
            [
              4.304126,
              50.4878043
            ],
            [
              4.3042332,
              50.4879872
            ],
            [
              4.3044507,
              50.4880183
            ],
            [
              4.304532,
              50.4881104
            ],
            [
              4.304161,
              50.4882702
            ],
            [
              4.3044475,
              50.4884189
            ],
            [
              4.3047664,
              50.4883541
            ],
            [
              4.3051399,
              50.4887013
            ],
            [
              4.3054177,
              50.4887612
            ],
            [
              4.3056049,
              50.4889465
            ],
            [
              4.3061199,
              50.4892007
            ],
            [
              4.3060294,
              50.4893347
            ],
            [
              4.3064703,
              50.4896812
            ],
            [
              4.3066886,
              50.4900724
            ],
            [
              4.3088363,
              50.4912166
            ],
            [
              4.3092852,
              50.4916388
            ],
            [
              4.3086415,
              50.4917063
            ],
            [
              4.3069256,
              50.4920916
            ],
            [
              4.3017024,
              50.4940329
            ],
            [
              4.3007372,
              50.4945012
            ],
            [
              4.2996366,
              50.4952721
            ],
            [
              4.2987904,
              50.4962503
            ],
            [
              4.2941507,
              50.5033833
            ],
            [
              4.2932853,
              50.5043302
            ],
            [
              4.2920988,
              50.5052329
            ],
            [
              4.2906593,
              50.5060026
            ],
            [
              4.2896813,
              50.5063889
            ],
            [
              4.2887564,
              50.5066764
            ],
            [
              4.2869708,
              50.5070441
            ],
            [
              4.2868637,
              50.5067337
            ],
            [
              4.2863952,
              50.5060647
            ],
            [
              4.2863154,
              50.5058246
            ],
            [
              4.2866627,
              50.5050635
            ],
            [
              4.2864746,
              50.5047092
            ],
            [
              4.2851668,
              50.5040414
            ],
            [
              4.2839394,
              50.5029527
            ],
            [
              4.2830592,
              50.501864
            ],
            [
              4.2832436,
              50.500959
            ],
            [
              4.2826969,
              50.4988852
            ],
            [
              4.2828747,
              50.4981955
            ],
            [
              4.2832285,
              50.4974946
            ],
            [
              4.2832246,
              50.497103
            ],
            [
              4.2831572,
              50.4969404
            ],
            [
              4.2800952,
              50.4956754
            ],
            [
              4.2806738,
              50.4951778
            ],
            [
              4.2804464,
              50.494676
            ],
            [
              4.2800862,
              50.4941576
            ],
            [
              4.2793198,
              50.4937323
            ],
            [
              4.279274,
              50.4936268
            ],
            [
              4.27936,
              50.4935526
            ],
            [
              4.2791084,
              50.4933809
            ],
            [
              4.2791946,
              50.4933022
            ],
            [
              4.2795007,
              50.4934197
            ],
            [
              4.280111,
              50.4926649
            ],
            [
              4.28013,
              50.4923684
            ],
            [
              4.2789762,
              50.4920688
            ],
            [
              4.2788537,
              50.4922226
            ],
            [
              4.2782481,
              50.4922387
            ],
            [
              4.2770117,
              50.4919471
            ],
            [
              4.2765049,
              50.4919882
            ],
            [
              4.2761592,
              50.492103
            ],
            [
              4.275332,
              50.4918804
            ],
            [
              4.2736714,
              50.4910075
            ],
            [
              4.2703066,
              50.4888486
            ],
            [
              4.2647036,
              50.4867583
            ],
            [
              4.2650596,
              50.486539
            ],
            [
              4.2655365,
              50.4863969
            ],
            [
              4.265621,
              50.486156
            ],
            [
              4.265286,
              50.4857809
            ],
            [
              4.2656208,
              50.4851986
            ],
            [
              4.2658353,
              50.4850706
            ],
            [
              4.265814,
              50.4847889
            ],
            [
              4.2659612,
              50.4846494
            ],
            [
              4.2659415,
              50.4843675
            ],
            [
              4.2657549,
              50.4842077
            ],
            [
              4.2655628,
              50.4841769
            ],
            [
              4.2656603,
              50.4838548
            ],
            [
              4.2655219,
              50.483685
            ],
            [
              4.2655005,
              50.4835006
            ],
            [
              4.2659794,
              50.4829123
            ],
            [
              4.2659006,
              50.4826853
            ],
            [
              4.266049,
              50.4824687
            ],
            [
              4.265873,
              50.4822544
            ],
            [
              4.2659904,
              50.4820334
            ],
            [
              4.2658639,
              50.4818498
            ],
            [
              4.2659521,
              50.4817311
            ],
            [
              4.2659159,
              50.4816356
            ],
            [
              4.2661092,
              50.4814889
            ],
            [
              4.2661367,
              50.4813708
            ],
            [
              4.2660287,
              50.4812096
            ],
            [
              4.2657672,
              50.4811043
            ],
            [
              4.265615,
              50.4808766
            ],
            [
              4.2658171,
              50.4805897
            ],
            [
              4.2657583,
              50.4803637
            ],
            [
              4.2658607,
              50.4801899
            ],
            [
              4.265797,
              50.4799769
            ],
            [
              4.2658476,
              50.4795073
            ],
            [
              4.2659836,
              50.4793886
            ],
            [
              4.2659225,
              50.4791839
            ],
            [
              4.2664071,
              50.4789937
            ],
            [
              4.2662632,
              50.4786093
            ],
            [
              4.266425,
              50.4779375
            ],
            [
              4.2665704,
              50.4778189
            ],
            [
              4.2665775,
              50.4776548
            ],
            [
              4.2664475,
              50.4774917
            ],
            [
              4.266827,
              50.4772895
            ],
            [
              4.2666637,
              50.4770688
            ],
            [
              4.266486,
              50.4770248
            ],
            [
              4.2664146,
              50.4764538
            ],
            [
              4.2669521,
              50.4763
            ],
            [
              4.2674144,
              50.4763914
            ],
            [
              4.2673884,
              50.4762598
            ],
            [
              4.2674925,
              50.476146
            ],
            [
              4.267361,
              50.4760137
            ],
            [
              4.2675419,
              50.4759141
            ],
            [
              4.2674416,
              50.4758389
            ],
            [
              4.2676691,
              50.4755625
            ],
            [
              4.267877,
              50.4754925
            ],
            [
              4.2678001,
              50.4754287
            ],
            [
              4.2678188,
              50.4752399
            ],
            [
              4.2679933,
              50.4750358
            ],
            [
              4.2685812,
              50.4735208
            ],
            [
              4.2684271,
              50.4724238
            ],
            [
              4.2679736,
              50.4717427
            ],
            [
              4.2676574,
              50.4716
            ],
            [
              4.2679467,
              50.4712684
            ],
            [
              4.2679062,
              50.470959
            ],
            [
              4.2679718,
              50.4707452
            ],
            [
              4.2678793,
              50.4706837
            ],
            [
              4.2678127,
              50.4700974
            ],
            [
              4.2676943,
              50.4698265
            ],
            [
              4.2677729,
              50.4695978
            ],
            [
              4.2677328,
              50.4691689
            ],
            [
              4.2674005,
              50.4686
            ],
            [
              4.2672324,
              50.4680509
            ],
            [
              4.2672783,
              50.4679797
            ],
            [
              4.2676171,
              50.4679446
            ],
            [
              4.2676899,
              50.4675978
            ],
            [
              4.2683851,
              50.4666466
            ],
            [
              4.2684293,
              50.463602
            ],
            [
              4.2685944,
              50.463421
            ],
            [
              4.2691107,
              50.4610744
            ],
            [
              4.2696851,
              50.4593615
            ],
            [
              4.2702739,
              50.4588344
            ],
            [
              4.2747395,
              50.4560335
            ],
            [
              4.276722,
              50.455268
            ],
            [
              4.2770032,
              50.4549998
            ],
            [
              4.2779769,
              50.4544144
            ],
            [
              4.2788986,
              50.4535385
            ],
            [
              4.2814277,
              50.4523048
            ],
            [
              4.2831237,
              50.4513416
            ],
            [
              4.2815224,
              50.4509003
            ],
            [
              4.279444,
              50.4506972
            ],
            [
              4.2775895,
              50.4503238
            ],
            [
              4.2785029,
              50.4438391
            ],
            [
              4.274222,
              50.4433919
            ],
            [
              4.2729119,
              50.4429238
            ],
            [
              4.272186,
              50.4429505
            ],
            [
              4.2713938,
              50.4428065
            ],
            [
              4.2714688,
              50.4426194
            ],
            [
              4.2724764,
              50.4414176
            ],
            [
              4.2714595,
              50.4409793
            ],
            [
              4.271427,
              50.4397624
            ],
            [
              4.2711129,
              50.4383137
            ],
            [
              4.2705219,
              50.4383745
            ],
            [
              4.2688375,
              50.4387693
            ],
            [
              4.2686287,
              50.4384976
            ],
            [
              4.2683159,
              50.4372963
            ],
            [
              4.2682797,
              50.4360892
            ],
            [
              4.2676371,
              50.4353359
            ],
            [
              4.2671842,
              50.4349675
            ],
            [
              4.2668936,
              50.4348643
            ],
            [
              4.2664651,
              50.4342592
            ],
            [
              4.2662021,
              50.4341586
            ],
            [
              4.2664026,
              50.4336582
            ],
            [
              4.2667574,
              50.4331799
            ],
            [
              4.2673254,
              50.4328052
            ],
            [
              4.2681908,
              50.4325105
            ],
            [
              4.2682848,
              50.4317873
            ],
            [
              4.2680767,
              50.4311434
            ],
            [
              4.2679995,
              50.4303731
            ],
            [
              4.2681551,
              50.4299159
            ],
            [
              4.2681764,
              50.4294083
            ],
            [
              4.2686582,
              50.4286271
            ],
            [
              4.2683234,
              50.4284419
            ],
            [
              4.268308,
              50.4283544
            ],
            [
              4.2675344,
              50.4282886
            ],
            [
              4.267481,
              50.4281812
            ],
            [
              4.2671797,
              50.4280829
            ],
            [
              4.2668877,
              50.4277393
            ],
            [
              4.2661147,
              50.4276866
            ],
            [
              4.2649676,
              50.4270981
            ],
            [
              4.263617,
              50.4267954
            ],
            [
              4.2619886,
              50.4266261
            ],
            [
              4.2627526,
              50.4256784
            ],
            [
              4.2631517,
              50.4253832
            ]
          ]
        ]
      },
      "properties": {
        "type": "boundary",
        "gemeente": "Chapelle-lez-Herlaimont"
      }
    }
  ]
}