{
  "type": "FeatureCollection",
  "metadata": {
    "gemeente": "Destelbergen",
    "slug": "destelbergen",
    "generated_at": "2026-09-25T22:11:36.782684Z",
    "total_points": 34,
    "providers": [
      "bpost",
      "DHL",
      "GLS",
      "InPost",
      "VintedGo",
      "PostNL",
      "DPD",
      "Amazon"
    ],
    "bounds": [
      3.76112,
      51.02844,
      3.8038,
      51.056276
    ]
  },
  "features": [
    {
      "type": "Feature",
      "geometry": {
        "type": "Point",
        "coordinates": [
          3.76112,
          51.0512
        ]
      },
      "properties": {
        "type": "pakketpunt",
        "locatieNaam": "Bbox 24/7 Lidl Destelbergen",
        "straatNaam": "Dendermondesteenweg",
        "straatNr": "44",
        "vervoerder": "bpost",
        "puntType": "automaat",
        "bezettingsgraad": 50,
        "latitude": 51.0512,
        "longitude": 3.76112,
        "canPickup": true,
        "canDropoff": true,
        "openingstijden": null
      }
    },
    {
      "type": "Feature",
      "geometry": {
        "type": "Point",
        "coordinates": [
          3.76984,
          51.05347
        ]
      },
      "properties": {
        "type": "pakketpunt",
        "locatieNaam": "Bhogal Voeding",
        "straatNaam": "Dendermondesteenweg",
        "straatNr": "192",
        "vervoerder": "bpost",
        "puntType": "servicepunt",
        "bezettingsgraad": 50,
        "latitude": 51.05347,
        "longitude": 3.76984,
        "canPickup": true,
        "canDropoff": true,
        "openingstijden": null
      }
    },
    {
      "type": "Feature",
      "geometry": {
        "type": "Point",
        "coordinates": [
          3.7762,
          51.05369
        ]
      },
      "properties": {
        "type": "pakketpunt",
        "locatieNaam": "Bbox 24/7 Kangeroe Destelbergen",
        "straatNaam": "Dendermondesteenweg",
        "straatNr": "260",
        "vervoerder": "bpost",
        "puntType": "automaat",
        "bezettingsgraad": 50,
        "latitude": 51.05369,
        "longitude": 3.7762,
        "canPickup": true,
        "canDropoff": true,
        "openingstijden": null
      }
    },
    {
      "type": "Feature",
      "geometry": {
        "type": "Point",
        "coordinates": [
          3.78054,
          51.05513
        ]
      },
      "properties": {
        "type": "pakketpunt",
        "locatieNaam": "Totalenergies Destelberg",
        "straatNaam": "Dendermondesteenweg",
        "straatNr": "329",
        "vervoerder": "bpost",
        "puntType": "servicepunt",
        "bezettingsgraad": 50,
        "latitude": 51.05513,
        "longitude": 3.78054,
        "canPickup": true,
        "canDropoff": true,
        "openingstijden": null
      }
    },
    {
      "type": "Feature",
      "geometry": {
        "type": "Point",
        "coordinates": [
          3.79758,
          51.05601
        ]
      },
      "properties": {
        "type": "pakketpunt",
        "locatieNaam": "Imam Gift And Press Shop",
        "straatNaam": "Dendermondesteenweg",
        "straatNr": "459",
        "vervoerder": "bpost",
        "puntType": "servicepunt",
        "bezettingsgraad": 50,
        "latitude": 51.05601,
        "longitude": 3.79758,
        "canPickup": true,
        "canDropoff": true,
        "openingstijden": null
      }
    },
    {
      "type": "Feature",
      "geometry": {
        "type": "Point",
        "coordinates": [
          3.80225,
          51.05592
        ]
      },
      "properties": {
        "type": "pakketpunt",
        "locatieNaam": "Bbox 24/7 Spar Destelbergen",
        "straatNaam": "Dendermondesteenweg",
        "straatNr": "468",
        "vervoerder": "bpost",
        "puntType": "automaat",
        "bezettingsgraad": 50,
        "latitude": 51.05592,
        "longitude": 3.80225,
        "canPickup": true,
        "canDropoff": true,
        "openingstijden": null
      }
    },
    {
      "type": "Feature",
      "geometry": {
        "type": "Point",
        "coordinates": [
          3.80227,
          51.03106
        ]
      },
      "properties": {
        "type": "pakketpunt",
        "locatieNaam": "Hiroshop",
        "straatNaam": "Tramstraat",
        "straatNr": "48",
        "vervoerder": "bpost",
        "puntType": "servicepunt",
        "bezettingsgraad": 50,
        "latitude": 51.03106,
        "longitude": 3.80227,
        "canPickup": true,
        "canDropoff": true,
        "openingstijden": null
      }
    },
    {
      "type": "Feature",
      "geometry": {
        "type": "Point",
        "coordinates": [
          3.8038,
          51.02844
        ]
      },
      "properties": {
        "type": "pakketpunt",
        "locatieNaam": "Heusden Zandakkerlaan",
        "straatNaam": "Zandakkerlaan",
        "straatNr": "31",
        "vervoerder": "bpost",
        "puntType": "postkantoor",
        "bezettingsgraad": 50,
        "latitude": 51.02844,
        "longitude": 3.8038,
        "canPickup": true,
        "canDropoff": true,
        "openingstijden": null
      }
    },
    {
      "type": "Feature",
      "geometry": {
        "type": "Point",
        "coordinates": [
          3.803798,
          51.028442
        ]
      },
      "properties": {
        "type": "pakketpunt",
        "locatieNaam": "HEUSDEN ZANDAKKERLAAN",
        "straatNaam": "ZANDAKKERLAAN",
        "straatNr": "31",
        "vervoerder": "DHL",
        "puntType": "postOffice",
        "bezettingsgraad": 50,
        "latitude": 51.028442,
        "longitude": 3.803798,
        "canPickup": true,
        "canDropoff": true,
        "openingstijden": {
          "ma": "09:30 - 12:30",
          "di": "09:30 - 12:30, 13:45 - 18:00",
          "wo": "09:30 - 12:30, 13:45 - 17:00",
          "do": "13:45 - 18:00",
          "vr": "09:30 - 12:30, 13:45 - 17:00",
          "za": "09:30 - 13:00",
          "zo": "gesloten"
        }
      }
    },
    {
      "type": "Feature",
      "geometry": {
        "type": "Point",
        "coordinates": [
          3.802275,
          51.031065
        ]
      },
      "properties": {
        "type": "pakketpunt",
        "locatieNaam": "HIROSHOP",
        "straatNaam": "TRAMSTRAAT",
        "straatNr": "48",
        "vervoerder": "DHL",
        "puntType": "parcelShop",
        "bezettingsgraad": 50,
        "latitude": 51.031065,
        "longitude": 3.802275,
        "canPickup": true,
        "canDropoff": true,
        "openingstijden": {
          "ma": "08:00 - 18:00",
          "di": "08:00 - 18:00",
          "wo": "08:00 - 18:00",
          "do": "08:00 - 18:00",
          "vr": "08:00 - 18:00",
          "za": "08:00 - 16:00",
          "zo": "gesloten"
        }
      }
    },
    {
      "type": "Feature",
      "geometry": {
        "type": "Point",
        "coordinates": [
          3.802254,
          51.055921
        ]
      },
      "properties": {
        "type": "pakketpunt",
        "locatieNaam": "BBOX 24/7 SPAR DESTELBERGEN",
        "straatNaam": "DENDERMONDESTEENWEG",
        "straatNr": "468",
        "vervoerder": "DHL",
        "puntType": "packStation",
        "bezettingsgraad": 50,
        "latitude": 51.055921,
        "longitude": 3.802254,
        "canPickup": true,
        "canDropoff": true,
        "openingstijden": {
          "ma": "00:00 - 23:59",
          "di": "00:00 - 23:59",
          "wo": "00:00 - 23:59",
          "do": "00:00 - 23:59",
          "vr": "00:00 - 23:59",
          "za": "00:00 - 23:59",
          "zo": "00:00 - 23:59"
        }
      }
    },
    {
      "type": "Feature",
      "geometry": {
        "type": "Point",
        "coordinates": [
          3.797584,
          51.056012
        ]
      },
      "properties": {
        "type": "pakketpunt",
        "locatieNaam": "IMAM GIFT AND PRESS SHOP",
        "straatNaam": "DENDERMONDESTEENWEG",
        "straatNr": "459",
        "vervoerder": "DHL",
        "puntType": "parcelShop",
        "bezettingsgraad": 50,
        "latitude": 51.056012,
        "longitude": 3.797584,
        "canPickup": true,
        "canDropoff": true,
        "openingstijden": {
          "ma": "06:00 - 20:00",
          "di": "06:00 - 20:00",
          "wo": "06:00 - 20:00",
          "do": "06:00 - 20:00",
          "vr": "06:00 - 20:00",
          "za": "06:00 - 20:00",
          "zo": "gesloten"
        }
      }
    },
    {
      "type": "Feature",
      "geometry": {
        "type": "Point",
        "coordinates": [
          3.776197,
          51.053695
        ]
      },
      "properties": {
        "type": "pakketpunt",
        "locatieNaam": "BBOX 24/7 KANGEROE DESTELBERGEN",
        "straatNaam": "DENDERMONDESTEENWEG",
        "straatNr": "260",
        "vervoerder": "DHL",
        "puntType": "packStation",
        "bezettingsgraad": 50,
        "latitude": 51.053695,
        "longitude": 3.776197,
        "canPickup": true,
        "canDropoff": true,
        "openingstijden": {
          "ma": "00:00 - 23:59",
          "di": "00:00 - 23:59",
          "wo": "00:00 - 23:59",
          "do": "00:00 - 23:59",
          "vr": "00:00 - 23:59",
          "za": "00:00 - 23:59",
          "zo": "00:00 - 23:59"
        }
      }
    },
    {
      "type": "Feature",
      "geometry": {
        "type": "Point",
        "coordinates": [
          3.780538,
          51.055132
        ]
      },
      "properties": {
        "type": "pakketpunt",
        "locatieNaam": "TOTALENERGIES DESTELBERG",
        "straatNaam": "DENDERMONDESTEENWEG",
        "straatNr": "329",
        "vervoerder": "DHL",
        "puntType": "parcelShop",
        "bezettingsgraad": 50,
        "latitude": 51.055132,
        "longitude": 3.780538,
        "canPickup": true,
        "canDropoff": true,
        "openingstijden": {
          "ma": "06:30 - 19:00",
          "di": "06:30 - 19:00",
          "wo": "06:30 - 19:00",
          "do": "06:30 - 19:00",
          "vr": "06:30 - 19:00",
          "za": "07:30 - 17:00",
          "zo": "07:30 - 17:00"
        }
      }
    },
    {
      "type": "Feature",
      "geometry": {
        "type": "Point",
        "coordinates": [
          3.769842,
          51.053467
        ]
      },
      "properties": {
        "type": "pakketpunt",
        "locatieNaam": "BHOGAL VOEDING",
        "straatNaam": "DENDERMONDESTEENWEG",
        "straatNr": "192",
        "vervoerder": "DHL",
        "puntType": "parcelShop",
        "bezettingsgraad": 50,
        "latitude": 51.053467,
        "longitude": 3.769842,
        "canPickup": true,
        "canDropoff": true,
        "openingstijden": {
          "ma": "09:00 - 19:00",
          "di": "09:00 - 19:00",
          "wo": "gesloten",
          "do": "09:00 - 19:00",
          "vr": "09:00 - 19:00",
          "za": "09:00 - 19:00",
          "zo": "09:00 - 19:00"
        }
      }
    },
    {
      "type": "Feature",
      "geometry": {
        "type": "Point",
        "coordinates": [
          3.761122,
          51.051203
        ]
      },
      "properties": {
        "type": "pakketpunt",
        "locatieNaam": "BBOX 24/7 LIDL DESTELBERGEN",
        "straatNaam": "DENDERMONDESTEENWEG",
        "straatNr": "44",
        "vervoerder": "DHL",
        "puntType": "packStation",
        "bezettingsgraad": 50,
        "latitude": 51.051203,
        "longitude": 3.761122,
        "canPickup": true,
        "canDropoff": true,
        "openingstijden": {
          "ma": "00:00 - 23:59",
          "di": "00:00 - 23:59",
          "wo": "00:00 - 23:59",
          "do": "00:00 - 23:59",
          "vr": "00:00 - 23:59",
          "za": "00:00 - 23:59",
          "zo": "00:00 - 23:59"
        }
      }
    },
    {
      "type": "Feature",
      "geometry": {
        "type": "Point",
        "coordinates": [
          3.8023658,
          51.0311899
        ]
      },
      "properties": {
        "type": "pakketpunt",
        "locatieNaam": "Hiroshop",
        "straatNaam": "Tramstraat",
        "straatNr": "48",
        "vervoerder": "GLS",
        "puntType": "parcel_shop",
        "bezettingsgraad": 50,
        "latitude": 51.0311899,
        "longitude": 3.8023658,
        "canPickup": true,
        "canDropoff": true,
        "openingstijden": "vr: 09:00 - 18:00; za: 09:00 - 16:00"
      }
    },
    {
      "type": "Feature",
      "geometry": {
        "type": "Point",
        "coordinates": [
          3.7755971,
          51.0544102
        ]
      },
      "properties": {
        "type": "pakketpunt",
        "locatieNaam": "GLS Parcel Locker powered by bbox",
        "straatNaam": "Dendermondesteenweg",
        "straatNr": "260",
        "vervoerder": "GLS",
        "puntType": "locker",
        "bezettingsgraad": 50,
        "latitude": 51.0544102,
        "longitude": 3.7755971,
        "canPickup": true,
        "canDropoff": true,
        "openingstijden": "vr: 00:00 - 24:00; za: 00:00 - 24:00"
      }
    },
    {
      "type": "Feature",
      "geometry": {
        "type": "Point",
        "coordinates": [
          3.7974771,
          51.056276
        ]
      },
      "properties": {
        "type": "pakketpunt",
        "locatieNaam": "Man 2000",
        "straatNaam": "Dendermondesteenweg",
        "straatNr": "459",
        "vervoerder": "GLS",
        "puntType": "parcel_shop",
        "bezettingsgraad": 50,
        "latitude": 51.056276,
        "longitude": 3.7974771,
        "canPickup": true,
        "canDropoff": true,
        "openingstijden": "vr: 06:00 - 19:00; za: 06:00 - 19:00"
      }
    },
    {
      "type": "Feature",
      "geometry": {
        "type": "Point",
        "coordinates": [
          3.80233,
          51.03102
        ]
      },
      "properties": {
        "type": "pakketpunt",
        "locatieNaam": "HIRO SHOP",
        "straatNaam": "Tramstraat 48",
        "straatNr": "",
        "vervoerder": "InPost",
        "puntType": "servicepunt",
        "bezettingsgraad": 50,
        "latitude": 51.03102,
        "longitude": 3.80233,
        "canPickup": true,
        "canDropoff": true,
        "openingstijden": null
      }
    },
    {
      "type": "Feature",
      "geometry": {
        "type": "Point",
        "coordinates": [
          3.77674,
          51.05434
        ]
      },
      "properties": {
        "type": "pakketpunt",
        "locatieNaam": "TOTAL TANKSTATION DESTELBERGEN",
        "straatNaam": "Dendermondsesteenweg 329",
        "straatNr": "",
        "vervoerder": "InPost",
        "puntType": "servicepunt",
        "bezettingsgraad": 50,
        "latitude": 51.05434,
        "longitude": 3.77674,
        "canPickup": true,
        "canDropoff": true,
        "openingstijden": null
      }
    },
    {
      "type": "Feature",
      "geometry": {
        "type": "Point",
        "coordinates": [
          3.80237,
          51.03104
        ]
      },
      "properties": {
        "type": "pakketpunt",
        "locatieNaam": "Hiroshop",
        "straatNaam": "Tramstraat",
        "straatNr": "48",
        "vervoerder": "VintedGo",
        "puntType": "parcel_shop",
        "bezettingsgraad": 50,
        "latitude": 51.03104,
        "longitude": 3.80237,
        "canPickup": true,
        "canDropoff": true,
        "openingstijden": null
      }
    },
    {
      "type": "Feature",
      "geometry": {
        "type": "Point",
        "coordinates": [
          3.780409,
          51.055311
        ]
      },
      "properties": {
        "type": "pakketpunt",
        "locatieNaam": "Total Tankstation Destelbergen",
        "straatNaam": "Dendermondesteenweg",
        "straatNr": "329",
        "vervoerder": "VintedGo",
        "puntType": "parcel_shop",
        "bezettingsgraad": 50,
        "latitude": 51.055311,
        "longitude": 3.780409,
        "canPickup": true,
        "canDropoff": true,
        "openingstijden": null
      }
    },
    {
      "type": "Feature",
      "geometry": {
        "type": "Point",
        "coordinates": [
          3.80245,
          51.031013
        ]
      },
      "properties": {
        "type": "pakketpunt",
        "locatieNaam": "Hiroshop",
        "straatNaam": "Tramstraat",
        "straatNr": "48",
        "vervoerder": "PostNL",
        "puntType": "servicepunt",
        "bezettingsgraad": 50,
        "latitude": 51.031013,
        "longitude": 3.80245,
        "canPickup": true,
        "canDropoff": true,
        "openingstijden": "09:00 - 18:00"
      }
    },
    {
      "type": "Feature",
      "geometry": {
        "type": "Point",
        "coordinates": [
          3.77004,
          51.053322
        ]
      },
      "properties": {
        "type": "pakketpunt",
        "locatieNaam": "BOGHAL VOEDING",
        "straatNaam": "DENDERMONDESTEENWEG",
        "straatNr": "192",
        "vervoerder": "DPD",
        "puntType": "pickup_point",
        "bezettingsgraad": 50,
        "latitude": 51.053322,
        "longitude": 3.77004,
        "canPickup": true,
        "canDropoff": true,
        "openingstijden": {
          "ma": "09:00 - 19:30",
          "di": "09:00 - 19:30",
          "wo": "gesloten",
          "do": "09:00 - 19:30",
          "vr": "09:00 - 19:30",
          "za": "09:00 - 19:30",
          "zo": "09:00 - 19:30"
        }
      }
    },
    {
      "type": "Feature",
      "geometry": {
        "type": "Point",
        "coordinates": [
          3.80237,
          51.03104
        ]
      },
      "properties": {
        "type": "pakketpunt",
        "locatieNaam": "HIRO SHOP",
        "straatNaam": "TRAMSTRAAT",
        "straatNr": "48",
        "vervoerder": "DPD",
        "puntType": "pickup_point",
        "bezettingsgraad": 50,
        "latitude": 51.03104,
        "longitude": 3.80237,
        "canPickup": true,
        "canDropoff": true,
        "openingstijden": {
          "ma": "09:00 - 18:00",
          "di": "09:00 - 18:00",
          "wo": "09:00 - 18:00",
          "do": "09:00 - 18:00",
          "vr": "09:00 - 18:00",
          "za": "09:00 - 16:00",
          "zo": "gesloten"
        }
      }
    },
    {
      "type": "Feature",
      "geometry": {
        "type": "Point",
        "coordinates": [
          3.797584,
          51.056012
        ]
      },
      "properties": {
        "type": "pakketpunt",
        "locatieNaam": "bpost - IMAM GIFT AND PRESS SHOP",
        "straatNaam": "DENDERMONDESTEENWEG,459",
        "straatNr": "",
        "vervoerder": "Amazon",
        "puntType": "3p",
        "bezettingsgraad": 50,
        "latitude": 51.056012,
        "longitude": 3.797584,
        "canPickup": true,
        "canDropoff": false,
        "openingstijden": null
      }
    },
    {
      "type": "Feature",
      "geometry": {
        "type": "Point",
        "coordinates": [
          3.802254,
          51.055921
        ]
      },
      "properties": {
        "type": "pakketpunt",
        "locatieNaam": "bpost - BBOX 24/7 SPAR DESTELBERGEN",
        "straatNaam": "DENDERMONDESTEENWEG,468",
        "straatNr": "",
        "vervoerder": "Amazon",
        "puntType": "3p",
        "bezettingsgraad": 50,
        "latitude": 51.055921,
        "longitude": 3.802254,
        "canPickup": true,
        "canDropoff": false,
        "openingstijden": null
      }
    },
    {
      "type": "Feature",
      "geometry": {
        "type": "Point",
        "coordinates": [
          3.780538,
          51.055132
        ]
      },
      "properties": {
        "type": "pakketpunt",
        "locatieNaam": "bpost - TOTALENERGIES DESTELBERG",
        "straatNaam": "DENDERMONDESTEENWEG,329",
        "straatNr": "",
        "vervoerder": "Amazon",
        "puntType": "3p",
        "bezettingsgraad": 50,
        "latitude": 51.055132,
        "longitude": 3.780538,
        "canPickup": true,
        "canDropoff": false,
        "openingstijden": null
      }
    },
    {
      "type": "Feature",
      "geometry": {
        "type": "Point",
        "coordinates": [
          3.776197,
          51.053695
        ]
      },
      "properties": {
        "type": "pakketpunt",
        "locatieNaam": "bpost - BBOX 24/7 KANGEROE DESTELBERGEN",
        "straatNaam": "DENDERMONDESTEENWEG,260",
        "straatNr": "",
        "vervoerder": "Amazon",
        "puntType": "3p",
        "bezettingsgraad": 50,
        "latitude": 51.053695,
        "longitude": 3.776197,
        "canPickup": true,
        "canDropoff": false,
        "openingstijden": null
      }
    },
    {
      "type": "Feature",
      "geometry": {
        "type": "Point",
        "coordinates": [
          3.769842,
          51.053467
        ]
      },
      "properties": {
        "type": "pakketpunt",
        "locatieNaam": "bpost - BHOGAL VOEDING",
        "straatNaam": "DENDERMONDESTEENWEG,192",
        "straatNr": "",
        "vervoerder": "Amazon",
        "puntType": "3p",
        "bezettingsgraad": 50,
        "latitude": 51.053467,
        "longitude": 3.769842,
        "canPickup": true,
        "canDropoff": false,
        "openingstijden": null
      }
    },
    {
      "type": "Feature",
      "geometry": {
        "type": "Point",
        "coordinates": [
          3.761122,
          51.051203
        ]
      },
      "properties": {
        "type": "pakketpunt",
        "locatieNaam": "bpost - BBOX 24/7 LIDL DESTELBERGEN",
        "straatNaam": "DENDERMONDESTEENWEG,44",
        "straatNr": "",
        "vervoerder": "Amazon",
        "puntType": "3p",
        "bezettingsgraad": 50,
        "latitude": 51.051203,
        "longitude": 3.761122,
        "canPickup": true,
        "canDropoff": false,
        "openingstijden": null
      }
    },
    {
      "type": "Feature",
      "geometry": {
        "type": "Point",
        "coordinates": [
          3.803798,
          51.028442
        ]
      },
      "properties": {
        "type": "pakketpunt",
        "locatieNaam": "bpost - HEUSDEN ZANDAKKERLAAN",
        "straatNaam": "ZANDAKKERLAAN,31",
        "straatNr": "",
        "vervoerder": "Amazon",
        "puntType": "3p",
        "bezettingsgraad": 50,
        "latitude": 51.028442,
        "longitude": 3.803798,
        "canPickup": true,
        "canDropoff": false,
        "openingstijden": null
      }
    },
    {
      "type": "Feature",
      "geometry": {
        "type": "Point",
        "coordinates": [
          3.802275,
          51.031065
        ]
      },
      "properties": {
        "type": "pakketpunt",
        "locatieNaam": "bpost - HIROSHOP",
        "straatNaam": "TRAMSTRAAT,48",
        "straatNr": "",
        "vervoerder": "Amazon",
        "puntType": "3p",
        "bezettingsgraad": 50,
        "latitude": 51.031065,
        "longitude": 3.802275,
        "canPickup": true,
        "canDropoff": false,
        "openingstijden": null
      }
    },
    {
      "type": "Feature",
      "geometry": {
        "type": "MultiPolygon",
        "coordinates": [
          [
            [
              [
                3.76416946666033,
                51.04930852288045
              ],
              [
                3.7638606490331235,
                51.049129233891755
              ],
              [
                3.7635254409495786,
                51.048969886935204
              ],
              [
                3.7631670704554936,
                51.04883201640165
              ],
              [
                3.7627889885365087,
                51.0487169498677
              ],
              [
                3.7623948358954618,
                51.04862579531804
              ],
              [
                3.7619884079070487,
                51.0485594304812
              ],
              [
                3.761573618086694,
                51.04851849438209
              ],
              [
                3.7611544604246174,
                51.04850338119175
              ],
              [
                3.760734970946991,
                51.04851423643387
              ],
              [
                3.7603191888733534,
                51.04855095558419
              ],
              [
                3.759911117743361,
                51.04861318507659
              ],
              [
                3.759514686886225,
                51.048700325705596
              ],
              [
                3.759133713602887,
                51.04881153839359
              ],
              [
                3.758771866424278,
                51.04894575226614
              ],
              [
                3.7584326297986435,
                51.049101674958955
              ],
              [
                3.7581192705473927,
                51.049277805056704
              ],
              [
                3.7578348064119975,
                51.04947244654471
              ],
              [
                3.757581976994543,
                51.049683725134095
              ],
              [
                3.7573632173716858,
                51.04990960630406
              ],
              [
                3.7571806346361885,
                51.05014791488741
              ],
              [
                3.757035987592248,
                51.05039635601122
              ],
              [
                3.7569306698006293,
                51.050652537191276
              ],
              [
                3.7568656961375253,
                51.05091399136755
              ],
              [
                3.75684169299737,
                51.0511782006594
              ],
              [
                3.7568588922348636,
                51.05144262061155
              ],
              [
                3.7569171289055117,
                51.05170470469764
              ],
              [
                3.757015842827481,
                51.05196192884533
              ],
              [
                3.7571540839507414,
                51.05221181574683
              ],
              [
                3.7571554606999484,
                51.05221368960282
              ],
              [
                3.7571560837397526,
                51.05221481581314
              ],
              [
                3.7573325212933533,
                51.05245495878356
              ],
              [
                3.7575454565178434,
                51.05268304495282
              ],
              [
                3.7577928390686046,
                51.052896877537755
              ],
              [
                3.7580722867292446,
                51.05309439700817
              ],
              [
                3.7583811083454806,
                51.05327370092915
              ],
              [
                3.758716329739347,
                51.05343306229084
              ],
              [
                3.7590747223543537,
                51.05357094614867
              ],
              [
                3.759452834355597,
                51.05368602441376
              ],
              [
                3.7598470238850337,
                51.05377718865043
              ],
              [
                3.7602534941512085,
                51.053843560757684
              ],
              [
                3.760668330014818,
                51.05388450143104
              ],
              [
                3.7610875357170412,
                51.053899616323434
              ],
              [
                3.7615070733863436,
                51.05388875984558
              ],
              [
                3.761922901951967,
                51.053852036569005
              ],
              [
                3.7623310160883183,
                51.053789800218254
              ],
              [
                3.762727484814153,
                51.05370265026207
              ],
              [
                3.76310848937388,
                51.05359142613639
              ],
              [
                3.7634703600352006,
                51.05345719915499
              ],
              [
                3.7638096114479453,
                51.05330126218577
              ],
              [
                3.7641229762228794,
                51.05312511719248
              ],
              [
                3.7644074364066196,
                51.05293046076213
              ],
              [
                3.7646602525492265,
                51.05271916775766
              ],
              [
                3.7648789900843957,
                51.05249327325373
              ],
              [
                3.765061542768307,
                51.052254952929864
              ],
              [
                3.765206152951674,
                51.052006502110046
              ],
              [
                3.7653114284902234,
                51.05175031365107
              ],
              [
                3.7653763561314033,
                51.051488854892646
              ],
              [
                3.7654003112491745,
                51.05122464389146
              ],
              [
                3.765383063834029,
                51.0509602251685
              ],
              [
                3.765324780681545,
                51.05069814520289
              ],
              [
                3.765226023759395,
                51.05044092790865
              ],
              [
                3.765087744769584,
                51.050191050330255
              ],
              [
                3.765086367762286,
                51.05018917656569
              ],
              [
                3.765085744558626,
                51.05018805039656
              ],
              [
                3.76490927576988,
                51.049947918854215
              ],
              [
                3.7646963171035326,
                51.04971984578396
              ],
              [
                3.7644489198057403,
                51.04950602746543
              ],
              [
                3.76416946666033,
                51.04930852288045
              ]
            ]
          ],
          [
            [
              [
                3.7727803785938607,
                51.051251027879985
              ],
              [
                3.772445124945794,
                51.05109170642142
              ],
              [
                3.77208671193046,
                51.05095386312399
              ],
              [
                3.771708590942827,
                51.050838825302094
              ],
              [
                3.7713144030618144,
                51.050747700663884
              ],
              [
                3.7709079440013418,
                51.05068136664986
              ],
              [
                3.770493127575939,
                51.05064046198817
              ],
              [
                3.7700739480319343,
                51.05062538054712
              ],
              [
                3.769654441606155,
                51.05063626754466
              ],
              [
                3.7692386476813082,
                51.050673018150825
              ],
              [
                3.768830569911172,
                51.05073527849653
              ],
              [
                3.7684341376889225,
                51.05082244907932
              ],
              [
                3.7680531683287057,
                51.05093369053305
              ],
              [
                3.7676913303237565,
                51.051067931706314
              ],
              [
                3.7673521080340886,
                51.05122387997197
              ],
              [
                3.7670387681431876,
                51.05140003366841
              ],
              [
                3.7667543282062343,
                51.051594696553664
              ],
              [
                3.7666916844277964,
                51.051647056144986
              ],
              [
                3.7665563253343115,
                51.0517396911166
              ],
              [
                3.766303523043339,
                51.05195098826043
              ],
              [
                3.7660847949187484,
                51.052176885451004
              ],
              [
                3.7659022477501347,
                51.05241520736682
              ],
              [
                3.765901305876816,
                51.05241682561547
              ],
              [
                3.765900247542535,
                51.05241820730101
              ],
              [
                3.7657556397718452,
                51.052666658938016
              ],
              [
                3.765650364603669,
                51.05292284771404
              ],
              [
                3.7655854365038484,
                51.05318430649588
              ],
              [
                3.7655614814281333,
                51.05344851735847
              ],
              [
                3.7655787307684236,
                51.05371293583136
              ],
              [
                3.7656370190977584,
                51.05397501540238
              ],
              [
                3.765735785736827,
                51.054232232042665
              ],
              [
                3.765874080127887,
                51.05448210851664
              ],
              [
                3.7660505709653704,
                51.05472223824304
              ],
              [
                3.766263558996133,
                51.054950308476705
              ],
              [
                3.76651099336689,
                51.05516412258788
              ],
              [
                3.766790491362063,
                51.05536162122432
              ],
              [
                3.767099361342462,
                51.0555409021517
              ],
              [
                3.7674346286641813,
                51.05570023858163
              ],
              [
                3.767793064328245,
                51.055838095809634
              ],
              [
                3.768171216084986,
                51.055953146003304
              ],
              [
                3.7685654416933256,
                51.056044280997384
              ],
              [
                3.76897194401419,
                51.0561106229725
              ],
              [
                3.7693868075994352,
                51.0561515329144
              ],
              [
                3.7698060364231503,
                51.05616661677203
              ],
              [
                3.770225592391043,
                51.05615572925507
              ],
              [
                3.770641434256076,
                51.056118975233964
              ],
              [
                3.7710495565645554,
                51.05605670872943
              ],
              [
                3.771446028256549,
                51.055969529500636
              ],
              [
                3.7718270305479495,
                51.05585827726551
              ],
              [
                3.771948430600206,
                51.05581323724567
              ],
              [
                3.7720207692596395,
                51.05589068276916
              ],
              [
                3.772268234907014,
                51.056104484719654
              ],
              [
                3.7725477628159507,
                51.05630196963378
              ],
              [
                3.7728566610590715,
                51.05648123540943
              ],
              [
                3.7731919547201724,
                51.05664055540409
              ],
              [
                3.7735504145465066,
                51.056778395071596
              ],
              [
                3.7739285880556,
                51.05689342674866
              ],
              [
                3.7743228327967846,
                51.05698454244837
              ],
              [
                3.7747293514466382,
                51.05705086453718
              ],
              [
                3.775144228399681,
                51.05709175419241
              ],
              [
                3.7755634675012035,
                51.05710681755841
              ],
              [
                3.775983030557893,
                51.0570959095422
              ],
              [
                3.776398876254424,
                51.057059135211716
              ],
              [
                3.776576904166895,
                51.05703196534458
              ],
              [
                3.776706433412696,
                51.05703661794899
              ],
              [
                3.777109567293751,
                51.057026133161685
              ],
              [
                3.7773597986488667,
                51.05720289359381
              ],
              [
                3.777668721272896,
                51.05738214669744
              ],
              [
                3.778004037772012,
                51.05754145294817
              ],
              [
                3.7783625186734273,
                51.0576792779322
              ],
              [
                3.7787407112916154,
                51.057794294127646
              ],
              [
                3.779134972991787,
                51.05788539369675
              ],
              [
                3.779541506287118,
                51.057951699161286
              ],
              [
                3.7799563954310162,
                51.05799257185872
              ],
              [
                3.7803756441513157,
                51.05800761809673
              ],
              [
                3.780795214162032,
                51.057996692947334
              ],
              [
                3.78121106408085,
                51.05795990164349
              ],
              [
                3.781619188376514,
                51.057897598565006
              ],
              [
                3.7820156559699973,
                51.05781038382334
              ],
              [
                3.7823966481167437,
                51.05769909747847
              ],
              [
                3.782758495204195,
                51.05756481144341
              ],
              [
                3.783097712109467,
                51.05740881915488
              ],
              [
                3.7834110317759593,
                51.0572326231094
              ],
              [
                3.783695436685052,
                51.05703792038568
              ],
              [
                3.7839481879195014,
                51.056826586292466
              ],
              [
                3.784166851538485,
                51.0566006563001
              ],
              [
                3.7843493220104145,
                51.05636230642984
              ],
              [
                3.7843732938784322,
                51.0563210917769
              ],
              [
                3.784480309712606,
                51.056181302113735
              ],
              [
                3.784624828925794,
                51.055932827798024
              ],
              [
                3.784730006985353,
                51.05567662233746
              ],
              [
                3.7847948315777855,
                51.055415153235344
              ],
              [
                3.7848186790696903,
                51.05515093864794
              ],
              [
                3.7848013204882136,
                51.05488652313063
              ],
              [
                3.784742923699611,
                51.05462445313153
              ],
              [
                3.7846440517659468,
                51.0543672524686
              ],
              [
                3.7845056574967866,
                51.05411739802604
              ],
              [
                3.7843290742493485,
                51.05387729590438
              ],
              [
                3.7841160030666106,
                51.05364925825364
              ],
              [
                3.7838684962780578,
                51.0534354810123
              ],
              [
                3.7835889377216643,
                51.05323802276656
              ],
              [
                3.7832800197780685,
                51.05305878493282
              ],
              [
                3.782944717438457,
                51.05289949345433
              ],
              [
                3.7825862596559845,
                51.05276168218767
              ],
              [
                3.782208098256548,
                51.05264667813875
              ],
              [
                3.781813874708069,
                51.052555588690495
              ],
              [
                3.7814073850677943,
                51.05248929094463
              ],
              [
                3.780992543444613,
                51.05244842327998
              ],
              [
                3.78057334432741,
                51.05243337920865
              ],
              [
                3.7801538241414367,
                51.05244430358879
              ],
              [
                3.7800038793942514,
                51.05245756997573
              ],
              [
                3.779989073831195,
                51.05243743487475
              ],
              [
                3.7797760303514343,
                51.05220938926329
              ],
              [
                3.779528551002725,
                51.051995602799686
              ],
              [
                3.7792490193588457,
                51.05179813415891
              ],
              [
                3.778940127541329,
                51.05161888485755
              ],
              [
                3.7786048502898377,
                51.051459580949235
              ],
              [
                3.7782464163160023,
                51.05132175641027
              ],
              [
                3.7778682772165246,
                51.051206738374376
              ],
              [
                3.7774740742446524,
                51.051115634359164
              ],
              [
                3.7770676032595567,
                51.05104932160663
              ],
              [
                3.7766527781905412,
                51.0510084386401
              ],
              [
                3.7762335933671336,
                51.05099337911902
              ],
              [
                3.775814085076978,
                51.0510042880503
              ],
              [
                3.7753982927207383,
                51.05104106039274
              ],
              [
                3.774990219937103,
                51.051103342067975
              ],
              [
                3.7745937960712723,
                51.05119053336812
              ],
              [
                3.774212838356977,
                51.05130179472761
              ],
              [
                3.7738510151753766,
                51.05143605480333
              ],
              [
                3.773511810743823,
                51.05159202078609
              ],
              [
                3.773400077016108,
                51.0516548455895
              ],
              [
                3.7733687478457245,
                51.05162777663528
              ],
              [
                3.7730892443902317,
                51.051430293354414
              ],
              [
                3.7727803785938607,
                51.051251027879985
              ]
            ]
          ],
          [
            [
              [
                3.7932868904920207,
                51.05572983112169
              ],
              [
                3.7932221129128294,
                51.055991304866545
              ],
              [
                3.7931983124396504,
                51.05625552107745
              ],
              [
                3.7932157189756186,
                51.05651993523228
              ],
              [
                3.7932741655799345,
                51.05678200086032
              ],
              [
                3.793373090048949,
                51.05703919406678
              ],
              [
                3.793511540304769,
                51.05728903784167
              ],
              [
                3.793688183540506,
                51.05752912591849
              ],
              [
                3.793901319034997,
                51.057757145953055
              ],
              [
                3.7941488945143877,
                51.05797090179899
              ],
              [
                3.7944285259036787,
                51.05816833466514
              ],
              [
                3.794737520278515,
                51.05834754295057
              ],
              [
                3.795072901796483,
                51.05850680056641
              ],
              [
                3.795431440358313,
                51.058644573567335
              ],
              [
                3.795809682722876,
                51.05875953493212
              ],
              [
                3.796203985776034,
                51.05885057735106
              ],
              [
                3.7966105516324786,
                51.05891682389648
              ],
              [
                3.7970254642318575,
                51.05895763647327
              ],
              [
                3.7974447270759915,
                51.05897262196826
              ],
              [
                3.7978643017428095,
                51.058961636038525
              ],
              [
                3.798280146805155,
                51.058924784502494
              ],
              [
                3.7986882567786013,
                51.05886242232009
              ],
              [
                3.799084700722176,
                51.05877515017211
              ],
              [
                3.799465660119259,
                51.058663808671454
              ],
              [
                3.7998274656729167,
                51.058529470262386
              ],
              [
                3.8001666326605235,
                51.05837342888603
              ],
              [
                3.8002777816139406,
                51.058310896641174
              ],
              [
                3.800582848728899,
                51.05840360277837
              ],
              [
                3.8005857999989727,
                51.05840428408638
              ],
              [
                3.8005868489055725,
                51.05840460283414
              ],
              [
                3.8009811582615916,
                51.058495629276855
              ],
              [
                3.8013877277963064,
                51.0585618593459
              ],
              [
                3.801802641413906,
                51.05860265510488
              ],
              [
                3.8022219026063873,
                51.05861762360259
              ],
              [
                3.802641472967588,
                51.058606620659845
              ],
              [
                3.8030573111118318,
                51.05856975225893
              ],
              [
                3.8034654116213558,
                51.05850737352225
              ],
              [
                3.803861843646377,
                51.058420085290024
              ],
              [
                3.8042427887851242,
                51.05830872833005
              ],
              [
                3.8046045778780533,
                51.05817437523554
              ],
              [
                3.804943726361148,
                51.05801832008905
              ],
              [
                3.8052569678371357,
                51.0578420659925
              ],
              [
                3.805541285540818,
                51.0576473105837
              ],
              [
                3.8057939413951987,
                51.05743592967877
              ],
              [
                3.8060125023784135,
                51.057209959198836
              ],
              [
                3.8061948639476872,
                51.056971575555
              ],
              [
                3.8063392702949614,
                51.05672307468093
              ],
              [
                3.80644433123962,
                51.05646684991528
              ],
              [
                3.8065090355962656,
                51.056205368947225
              ],
              [
                3.806532760889579,
                51.055941150047104
              ],
              [
                3.8065152793236154,
                51.05567673781174
              ],
              [
                3.806456759949028,
                51.05541467865753
              ],
              [
                3.8063577670083606,
                51.05515749629784
              ],
              [
                3.806219254476378,
                51.0549076674405
              ],
              [
                3.8060425568489986,
                51.05466759793956
              ],
              [
                3.8058293762704443,
                51.054439599630776
              ],
              [
                3.805581766123401,
                51.05422586807371
              ],
              [
                3.8053021112408567,
                51.05402846141452
              ],
              [
                3.8049931049307237,
                51.0538492805728
              ],
              [
                3.8046577230348007,
                51.053690050942976
              ],
              [
                3.8042991952720127,
                51.053552305785956
              ],
              [
                3.8039209741418336,
                51.05343737147109
              ],
              [
                3.8039180231364393,
                51.05343669024547
              ],
              [
                3.8039169743184984,
                51.05343637152683
              ],
              [
                3.8035227018799596,
                51.05334535475213
              ],
              [
                3.803116174642962,
                51.053279131932364
              ],
              [
                3.802701307078251,
                51.05323834072493
              ],
              [
                3.8022820939244,
                51.05322337390574
              ],
              [
                3.8018625717417684,
                51.05323437558902
              ],
              [
                3.8014467800647873,
                51.05327123984053
              ],
              [
                3.8010387225256737,
                51.05333361169688
              ],
              [
                3.80064232832298,
                51.05342089058186
              ],
              [
                3.800261414405017,
                51.053532236086504
              ],
              [
                3.799899648731489,
                51.05366657605745
              ],
              [
                3.7998046930150258,
                51.05371026690243
              ],
              [
                3.7996254357332337,
                51.05364138699971
              ],
              [
                3.7992472253623926,
                51.05352643768376
              ],
              [
                3.7988529612479174,
                51.05343540528379
              ],
              [
                3.798446439837502,
                51.05336916635223
              ],
              [
                3.798031575545822,
                51.05332835870157
              ],
              [
                3.7976123630799505,
                51.053313375266015
              ],
              [
                3.7971928389936314,
                51.05332436031986
              ],
              [
                3.796777042839617,
                51.05336120808895
              ],
              [
                3.796368978293215,
                51.05342356376861
              ],
              [
                3.795972574620419,
                51.05351082693842
              ],
              [
                3.795591648860686,
                51.05362215734068
              ],
              [
                3.795229869087695,
                51.05375648296753
              ],
              [
                3.794890719101067,
                51.05391251037848
              ],
              [
                3.7945774648884383,
                51.05408873714983
              ],
              [
                3.7942931231803634,
                51.05428346633589
              ],
              [
                3.7940404324005788,
                51.05449482280318
              ],
              [
                3.7938218262912806,
                51.05472077128085
              ],
              [
                3.793639410467484,
                51.0549591359534
              ],
              [
                3.793494942126561,
                51.055207621407625
              ],
              [
                3.793389813108818,
                51.055463834732215
              ],
              [
                3.7933803327985847,
                51.055502102620146
              ],
              [
                3.7932868904920207,
                51.05572983112169
              ]
            ]
          ],
          [
            [
              [
                3.807586292007918,
                51.02718653665061
              ],
              [
                3.807373229025267,
                51.02695853902482
              ],
              [
                3.8071257571495036,
                51.02674480873465
              ],
              [
                3.8068462598817154,
                51.0265474039141
              ],
              [
                3.806537429011776,
                51.02636822546511
              ],
              [
                3.8062022386919367,
                51.02620899875907
              ],
              [
                3.805843916796339,
                51.02607125702881
              ],
              [
                3.8054659138421933,
                51.02595632661068
              ],
              [
                3.8050718697716563,
                51.02586531417863
              ],
              [
                3.8046655789138306,
                51.02579909609279
              ],
              [
                3.8042509534637015,
                51.025758309964985
              ],
              [
                3.8038319858289147,
                51.02574334852217
              ],
              [
                3.8034127102061555,
                51.025754355826884
              ],
              [
                3.8029971637561646,
                51.02579122589071
              ],
              [
                3.802589347750282,
                51.025853603694294
              ],
              [
                3.8021931890617022,
                51.02594088860415
              ],
              [
                3.8018125023712632,
                51.02605224015323
              ],
              [
                3.8014509534508942,
                51.026186586129995
              ],
              [
                3.8011120238774803,
                51.026342632897986
              ],
              [
                3.8007989775163153,
                51.02651887784702
              ],
              [
                3.800514829096442,
                51.02671362385632
              ],
              [
                3.8002623151801727,
                51.02692499563036
              ],
              [
                3.8002606645469763,
                51.02692670305626
              ],
              [
                3.8002603150937824,
                51.02692699557126
              ],
              [
                3.800041867700925,
                51.02715295768785
              ],
              [
                3.7998595909375115,
                51.02739133420454
              ],
              [
                3.7997152406612655,
                51.02763982959399
              ],
              [
                3.7996102075749185,
                51.02789605084914
              ],
              [
                3.7995455038125936,
                51.028157530523806
              ],
              [
                3.7995217531690297,
                51.02842175049154
              ],
              [
                3.7995391850666698,
                51.02868616619399
              ],
              [
                3.799597496359666,
                51.02894762153359
              ],
              [
                3.799328872472326,
                51.02909884203022
              ],
              [
                3.7992780243309405,
                51.02913368851454
              ],
              [
                3.799268872370381,
                51.029138840526606
              ],
              [
                3.798984701687209,
                51.029333582673324
              ],
              [
                3.7987321667342444,
                51.02954495098132
              ],
              [
                3.7985136997528666,
                51.02977091006567
              ],
              [
                3.7983314050179517,
                51.03000928400866
              ],
              [
                3.7981870385603256,
                51.030257777307796
              ],
              [
                3.798081991238595,
                51.030513996976126
              ],
              [
                3.798017275324032,
                51.030775475582764
              ],
              [
                3.7979935147284745,
                51.03103969501155
              ],
              [
                3.798010938970281,
                51.03130411070932
              ],
              [
                3.798069380937381,
                51.03156617619048
              ],
              [
                3.7981682784700377,
                51.03182336756166
              ],
              [
                3.7983066797490634,
                51.0320732078305
              ],
              [
                3.798483252438599,
                51.03231329076428
              ],
              [
                3.798484436539298,
                51.03231455807143
              ],
              [
                3.7985790444967087,
                51.032443193790535
              ],
              [
                3.798792089612047,
                51.032671206911395
              ],
              [
                3.7990395547681883,
                51.03288495429367
              ],
              [
                3.799319056952294,
                51.033082377227664
              ],
              [
                3.79962790448415,
                51.033261574208176
              ],
              [
                3.7999631229354893,
                51.03342081925526
              ],
              [
                3.800321483777582,
                51.03355857854464
              ],
              [
                3.8006995354810975,
                51.03367352518722
              ],
              [
                3.8010936367684605,
                51.033764552015086
              ],
              [
                3.801499991697987,
                51.03383078225079
              ],
              [
                3.8019146862412754,
                51.03387157795632
              ],
              [
                3.802333726000827,
                51.033886546181044
              ],
              [
                3.8027530747037286,
                51.03387554274837
              ],
              [
                3.803168693099729,
                51.0338386736453
              ],
              [
                3.803576577888069,
                51.03377629400102
              ],
              [
                3.803972800297131,
                51.03368900466447
              ],
              [
                3.804353543944438,
                51.03357764641403
              ],
              [
                3.8047151416113945,
                51.033443291855335
              ],
              [
                3.8050541105778795,
                51.03328723508497
              ],
              [
                3.805367186175688,
                51.03311097922054
              ],
              [
                3.8056513532372067,
                51.03291622191678
              ],
              [
                3.805903875136144,
                51.03270483900805
              ],
              [
                3.8061223201405014,
                51.03247886643474
              ],
              [
                3.8063045848241055,
                51.03224048062805
              ],
              [
                3.806448914311505,
                51.03199197754249
              ],
              [
                3.8064933942318717,
                51.03188344046729
              ],
              [
                3.80653310032675,
                51.0318150746705
              ],
              [
                3.806638104319525,
                51.03155884757576
              ],
              [
                3.8067027731722582,
                51.03129736430129
              ],
              [
                3.8067264847508504,
                51.03103314313965
              ],
              [
                3.8067090113906983,
                51.03076872870944
              ],
              [
                3.806650522062695,
                51.03050666744819
              ],
              [
                3.8066315892906166,
                51.03045745454846
              ],
              [
                3.8067992687904066,
                51.0303630444792
              ],
              [
                3.8070834132177027,
                51.03016828354089
              ],
              [
                3.8073359138313156,
                51.02995689736726
              ],
              [
                3.8073375643133236,
                51.029955189843875
              ],
              [
                3.8073379137449015,
                51.02995489730819
              ],
              [
                3.807556338998844,
                51.02972892186719
              ],
              [
                3.807738585676951,
                51.02949053362213
              ],
              [
                3.807882899077143,
                51.02924202855091
              ],
              [
                3.8079878899133326,
                51.0289858000326
              ],
              [
                3.808052547674602,
                51.028724315792445
              ],
              [
                3.8080762503336034,
                51.028460094132335
              ],
              [
                3.8080587703115625,
                51.02819567967562
              ],
              [
                3.8080002766434498,
                51.0279336188601
              ],
              [
                3.8079013333234477,
                51.027676435415124
              ],
              [
                3.8077628938477064,
                51.02742660605902
              ],
              [
                3.807586292007918,
                51.02718653665061
              ]
            ]
          ]
        ]
      },
      "properties": {
        "type": "buffer_union_300m",
        "buffer_m": 300
      }
    },
    {
      "type": "Feature",
      "geometry": {
        "type": "MultiPolygon",
        "coordinates": [
          [
            [
              [
                3.765185900773659,
                51.048678012695646
              ],
              [
                3.7647741448186185,
                51.04843896403013
              ],
              [
                3.7643272036593047,
                51.04822650462372
              ],
              [
                3.7638493812433094,
                51.04804268020779
              ],
              [
                3.7633452786961468,
                51.04788926077075
              ],
              [
                3.762819750031644,
                51.04776772352521
              ],
              [
                3.7622778554346867,
                51.047679238693156
              ],
              [
                3.761724812565128,
                51.047624658245674
              ],
              [
                3.7611659463504132,
                51.04760450770501
              ],
              [
                3.7606066377488707,
                51.04761898108814
              ],
              [
                3.7600522719753475,
                51.04766793903996
              ],
              [
                3.7595081866860136,
                51.047750910174024
              ],
              [
                3.758979620619506,
                51.04786709560833
              ],
              [
                3.7584716631872754,
                51.04801537665219
              ],
              [
                3.7579892054970006,
                51.04819432557068
              ],
              [
                3.7575368932792803,
                51.04840221932325
              ],
              [
                3.7571190821698037,
                51.04863705614472
              ],
              [
                3.7567397957767295,
                51.04889657480925
              ],
              [
                3.756402686936574,
                51.04917827639258
              ],
              [
                3.7561110025315236,
                51.0494794483234
              ],
              [
                3.755867552207133,
                51.04979719049261
              ],
              [
                3.7556746812921946,
                51.05012844316988
              ],
              [
                3.7555342481823915,
                51.05047001645905
              ],
              [
                3.755447606406696,
                51.05081862100893
              ],
              [
                3.755415591550597,
                51.05117089968447
              ],
              [
                3.75543851316369,
                51.05152345989324
              ],
              [
                3.7555161517313254,
                51.05187290625631
              ],
              [
                3.755647760741266,
                51.052215873308754
              ],
              [
                3.7558320738272806,
                51.052549057915
              ],
              [
                3.755833450533475,
                51.052550931786236
              ],
              [
                3.7558340735459557,
                51.0525520580034
              ],
              [
                3.756069316670095,
                51.05287225117069
              ],
              [
                3.7563532250868077,
                51.05317636897462
              ],
              [
                3.7566830652037813,
                51.05346148225909
              ],
              [
                3.757055660858765,
                51.053724844861954
              ],
              [
                3.7574674238932086,
                51.053963920076185
              ],
              [
                3.7579143887027406,
                51.05417640509433
              ],
              [
                3.75839225043199,
                51.054360253200606
              ],
              [
                3.7588964064457655,
                51.05451369349591
              ],
              [
                3.7594220006766665,
                51.05463524796583
              ],
              [
                3.7599639704212486,
                51.054723745726164
              ],
              [
                3.760517095132886,
                51.05477833430878
              ],
              [
                3.7610760467400772,
                51.05479848787849
              ],
              [
                3.761635441003965,
                51.05478401230165
              ],
              [
                3.762189889418761,
                51.05473504701743
              ],
              [
                3.7627340511533993,
                51.05465206369374
              ],
              [
                3.763262684532398,
                51.05453586168077
              ],
              [
                3.763770697558355,
                51.054387560306075
              ],
              [
                3.764253196987914,
                51.05420858808563
              ],
              [
                3.7642598845665693,
                51.054205514140605
              ],
              [
                3.7643676846067,
                51.05448627757241
              ],
              [
                3.7645520687172005,
                51.05481944827594
              ],
              [
                3.764787382887768,
                51.05513962378508
              ],
              [
                3.7650713617145426,
                51.05544372034197
              ],
              [
                3.765401270926928,
                51.05572880899506
              ],
              [
                3.7657739336970084,
                51.05599214381942
              ],
              [
                3.766185761219602,
                51.0562311883755
              ],
              [
                3.7666327872689815,
                51.05644364015113
              ],
              [
                3.7671107063996936,
                51.05662745275066
              ],
              [
                3.7676149154234224,
                51.056780855616985
              ],
              [
                3.768140557761952,
                51.056902371096214
              ],
              [
                3.768682570248255,
                51.056990828679695
              ],
              [
                3.7692357319238354,
                51.05704537628632
              ],
              [
                3.7697947143610033,
                51.05706548847558
              ],
              [
                3.7703541330238424,
                51.05705097151245
              ],
              [
                3.770908599171491,
                51.05700196523476
              ],
              [
                3.771452771802072,
                51.056918941705305
              ],
              [
                3.7714979512211553,
                51.05690900740541
              ],
              [
                3.771531262299855,
                51.05693254170077
              ],
              [
                3.7719431275077735,
                51.05717156605449
              ],
              [
                3.77239018867805,
                51.057383995916325
              ],
              [
                3.7728681400268,
                51.057567785101625
              ],
              [
                3.7733723780552375,
                51.05772116327884
              ],
              [
                3.7738980459056357,
                51.05784265303186
              ],
              [
                3.7744400801651095,
                51.05793108409984
              ],
              [
                3.77499325966534,
                51.05798560465709
              ],
              [
                3.7755522558068697,
                51.058005689523654
              ],
              [
                3.77611168392173,
                51.05799114522769
              ],
              [
                3.776548447922831,
                51.057952521260525
              ],
              [
                3.7767552411254064,
                51.05807251444018
              ],
              [
                3.7772023327478217,
                51.05828492597664
              ],
              [
                3.777680312198109,
                51.05846869558379
              ],
              [
                3.7781845757066863,
                51.05862205311861
              ],
              [
                3.7787102661702825,
                51.05874352136381
              ],
              [
                3.7792523199580956,
                51.05883193026574
              ],
              [
                3.7798055157136194,
                51.058886428212176
              ],
              [
                3.7803645246807545,
                51.058906490241014
              ],
              [
                3.780923962067948,
                51.05889192310036
              ],
              [
                3.781478438953947,
                51.058842867111416
              ],
              [
                3.782022614233461,
                51.058759794815835
              ],
              [
                3.7825512461006623,
                51.058643506420815
              ],
              [
                3.7830592425729406,
                51.058495122086
              ],
              [
                3.783541710566708,
                51.058316071126455
              ],
              [
                3.78399400305122,
                51.058108078236344
              ],
              [
                3.784411763825075,
                51.05787314686635
              ],
              [
                3.7847909694833306,
                51.057613539915245
              ],
              [
                3.7851279681704737,
                51.057331757922306
              ],
              [
                3.7854195147458425,
                51.057030514971025
              ],
              [
                3.785662802022999,
                51.05671271253686
              ],
              [
                3.7856867729136754,
                51.05667149762162
              ],
              [
                3.785793785625482,
                51.05653170678214
              ],
              [
                3.785986469712531,
                51.056200405541915
              ],
              [
                3.7861266977313432,
                51.05585879664582
              ],
              [
                3.7862131202916394,
                51.05551017016032
              ],
              [
                3.7862449062753623,
                51.055157883666126
              ],
              [
                3.786221750795515,
                51.05480532991823
              ],
              [
                3.78614387808513,
                51.0544559041703
              ],
              [
                3.786012039290405,
                51.05411297147758
              ],
              [
                3.7858275051910484,
                51.053779834293785
              ],
              [
                3.785592053919703,
                51.053459700673315
              ],
              [
                3.7853079538003636,
                51.05315565338513
              ],
              [
                3.7849779414724534,
                51.05287062023534
              ],
              [
                3.784605195512454,
                51.052607345883615
              ],
              [
                3.784193305807974,
                51.052368365424655
              ],
              [
                3.783746238979802,
                51.05215597998861
              ],
              [
                3.7832683001851093,
                51.051972234594494
              ],
              [
                3.7827640916695313,
                51.05181889846978
              ],
              [
                3.782238468466793,
                51.05169744802486
              ],
              [
                3.7816964916716573,
                51.05160905264596
              ],
              [
                3.7811433797350955,
                51.05155456344277
              ],
              [
                3.7807656117934423,
                51.05154100652804
              ],
              [
                3.780638014443319,
                51.05143078261749
              ],
              [
                3.7802653043655,
                51.05116749440565
              ],
              [
                3.7798534494944867,
                51.0509284986565
              ],
              [
                3.779406416115752,
                51.050716096647434
              ],
              [
                3.778928509064491,
                51.050532333557065
              ],
              [
                3.7784243302807963,
                51.05037897878328
              ],
              [
                3.7778987345122186,
                51.050257508916026
              ],
              [
                3.7773567825894676,
                51.050169093528545
              ],
              [
                3.776803692724115,
                51.05011458392322
              ],
              [
                3.7762447902959244,
                51.05009450494025
              ],
              [
                3.7756854566117886,
                51.05010904990759
              ],
              [
                3.775131077128027,
                51.05015807878089
              ],
              [
                3.7745869896328585,
                51.05024111949087
              ],
              [
                3.7740584328862745,
                51.05035737248559
              ],
              [
                3.7735675988136235,
                51.05050072355748
              ],
              [
                3.7732467823211477,
                51.05034826394126
              ],
              [
                3.772768903212894,
                51.05016447583987
              ],
              [
                3.7722647485768266,
                51.050011094685075
              ],
              [
                3.7717391729281142,
                51.04988959732089
              ],
              [
                3.771197236903849,
                51.04980115358527
              ],
              [
                3.770644158562607,
                51.049746615053564
              ],
              [
                3.77008526317325,
                51.049726506844486
              ],
              [
                3.7695259319749277,
                51.049741022567424
              ],
              [
                3.7689715504000194,
                51.04979002245956
              ],
              [
                3.7684274562568465,
                51.04987303473068
              ],
              [
                3.7678988883693467,
                51.04998926010266
              ],
              [
                3.767390936166607,
                51.05013757950029
              ],
              [
                3.7669084907060957,
                51.05031656481931
              ],
              [
                3.7666835134163708,
                51.05041999166118
              ],
              [
                3.766594001977396,
                51.05018687206228
              ],
              [
                3.7664096215817553,
                51.049853704029296
              ],
              [
                3.7664082445314593,
                51.04985183027994
              ],
              [
                3.766407621300485,
                51.04985070411768
              ],
              [
                3.766172322637608,
                51.049530531268424
              ],
              [
                3.7658883725360863,
                51.04922643675331
              ],
              [
                3.7655585061910575,
                51.04894134883331
              ],
              [
                3.765185900773659,
                51.048678012695646
              ]
            ]
          ],
          [
            [
              [
                3.7918901757263934,
                51.055547741689374
              ],
              [
                3.791803795390484,
                51.05589637233374
              ],
              [
                3.791772050753509,
                51.05624866023792
              ],
              [
                3.79179524876311,
                51.0566012127202
              ],
              [
                3.7918731672429584,
                51.05695063447571
              ],
              [
                3.7920050569850305,
                51.05729356027613
              ],
              [
                3.7921896489191784,
                51.05762668738284
              ],
              [
                3.792425166292686,
                51.05794680736084
              ],
              [
                3.7927093417441324,
                51.05825083698687
              ],
              [
                3.7930394391085844,
                51.058535847953806
              ],
              [
                3.7934122797452874,
                51.05879909508479
              ],
              [
                3.793824273135209,
                51.059038042784756
              ],
              [
                3.794271451454297,
                51.059250389474364
              ],
              [
                3.7947495077897297,
                51.059434089770015
              ],
              [
                3.7952538376309493,
                51.059587374196326
              ],
              [
                3.7957795832353898,
                51.05970876624018
              ],
              [
                3.7963216804408044,
                51.05979709658193
              ],
              [
                3.796874907472232,
                51.05985151436609
              ],
              [
                3.797433935272145,
                51.05987149540269
              ],
              [
                3.797993378867508,
                51.05985684722006
              ],
              [
                3.798547849277274,
                51.05980771092005
              ],
              [
                3.7990920054586312,
                51.05972455981787
              ],
              [
                3.799620605789893,
                51.05960819487992
              ],
              [
                3.80012855859247,
                51.059459737003046
              ],
              [
                3.8004686255503297,
                51.05933346979304
              ],
              [
                3.8005568465557427,
                51.059353835476
              ],
              [
                3.8010989486660454,
                51.05944214384887
              ],
              [
                3.8016521770553657,
                51.059496539208844
              ],
              [
                3.80221120265307,
                51.059516497581996
              ],
              [
                3.8027706405073323,
                51.05950182671494
              ],
              [
                3.803325101692426,
                51.05945266792801
              ],
              [
                3.80386924525444,
                51.05936949475309
              ],
              [
                3.804397829693309,
                51.05925310836911
              ],
              [
                3.8049057634836116,
                51.05910462987956
              ],
              [
                3.805388154145956,
                51.05892548950644
              ],
              [
                3.8058403553949627,
                51.058717412805095
              ],
              [
                3.8062580119085623,
                51.05848240403346
              ],
              [
                3.8066371012866145,
                51.05822272683573
              ],
              [
                3.8069739727941787,
                51.05794088242767
              ],
              [
                3.80726538251611,
                51.05763958549383
              ],
              [
                3.807508524584604,
                51.05732173802946
              ],
              [
                3.8077010581794313,
                51.05699040137959
              ],
              [
                3.807841130041682,
                51.0566487667451
              ],
              [
                3.8079273922853347,
                51.05630012444016
              ],
              [
                3.807959015336532,
                51.05594783219762
              ],
              [
                3.807935695877529,
                51.05559528282762
              ],
              [
                3.807857659720547,
                51.05524587154139
              ],
              [
                3.8077256595857065,
                51.05490296325475
              ],
              [
                3.8075409678062124,
                51.05456986018612
              ],
              [
                3.8073053640328394,
                51.054249770061205
              ],
              [
                3.807021118057731,
                51.05394577522995
              ],
              [
                3.806690967924371,
                51.05366080299311
              ],
              [
                3.8063180935357046,
                51.05339759742367
              ],
              [
                3.805906086015466,
                51.05315869295394
              ],
              [
                3.8054589131183483,
                51.05294638998223
              ],
              [
                3.804980881022319,
                51.05276273273344
              ],
              [
                3.8044765928708926,
                51.05260948958628
              ],
              [
                3.8044736419096137,
                51.05260880837439
              ],
              [
                3.8044725931064423,
                51.05260848966061
              ],
              [
                3.8039469047212924,
                51.05248713611228
              ],
              [
                3.803404877800554,
                51.05239884063315
              ],
              [
                3.802851731277547,
                51.05234445337108
              ],
              [
                3.802292791077302,
                51.05232449798829
              ],
              [
                3.8017334388702624,
                51.052339166622644
              ],
              [
                3.801179060291086,
                51.05238831803909
              ],
              [
                3.8006349931194077,
                51.052471478988465
              ],
              [
                3.800106475919783,
                51.052587848761085
              ],
              [
                3.799760881731892,
                51.05268886989486
              ],
              [
                3.7992772505394443,
                51.05257720348658
              ],
              [
                3.798735231386865,
                51.052488886525396
              ],
              [
                3.7981820892275255,
                51.052434477339396
              ],
              [
                3.7976231499444753,
                51.052414499801884
              ],
              [
                3.7970637951993376,
                51.052429146264096
              ],
              [
                3.7965094106511974,
                51.05247827570439
              ],
              [
                3.795965334137123,
                51.052561415085215
              ],
              [
                3.7954368043115694,
                51.05267776390459
              ],
              [
                3.7949289102375254,
                51.05282620189864
              ],
              [
                3.794446542413257,
                51.05300529982116
              ],
              [
                3.793994345704845,
                51.05321333319684
              ],
              [
                3.7935766746366366,
                51.053448298915946
              ],
              [
                3.7931975514692975,
                51.05370793451136
              ],
              [
                3.7928606274686207,
                51.05398973993272
              ],
              [
                3.792569147737926,
                51.05429100160853
              ],
              [
                3.79232591995284,
                51.054608818565285
              ],
              [
                3.7921332873000875,
                51.05494013035221
              ],
              [
                3.7919931058817373,
                51.05528174650356
              ],
              [
                3.7919836244662375,
                51.05532001428146
              ],
              [
                3.7918901757263934,
                51.055547741689374
              ]
            ]
          ],
          [
            [
              [
                3.8088483442963597,
                51.02676868836174
              ],
              [
                3.8085642551222842,
                51.02646469444066
              ],
              [
                3.8082342893548957,
                51.026179723892476
              ],
              [
                3.8078616251211024,
                51.025916520773954
              ],
              [
                3.8074498515205177,
                51.0256776194939
              ],
              [
                3.8070029340551303,
                51.02546532041993
              ],
              [
                3.8065251764433112,
                51.02528166773955
              ],
              [
                3.8060211791857617,
                51.02512842978746
              ],
              [
                3.805495795281949,
                51.02500708202883
              ],
              [
                3.804954083522633,
                51.02491879286119
              ],
              [
                3.8044012598072006,
                51.02486441237159
              ],
              [
                3.8038426469532363,
                51.02484446415711
              ],
              [
                3.803283623480098,
                51.02485914028663
              ],
              [
                3.802729571858006,
                51.024908299452875
              ],
              [
                3.802185826719229,
                51.024991468332054
              ],
              [
                3.8016576235282833,
                51.02510784613813
              ],
              [
                3.8011500482037577,
                51.02525631232803
              ],
              [
                3.800667988175285,
                51.025435437384054
              ],
              [
                3.8002160853455895,
                51.02564349656954
              ],
              [
                3.799798691409451,
                51.02587848652613
              ],
              [
                3.799419825958969,
                51.0261381445532
              ],
              [
                3.7990831377780703,
                51.0264199703843
              ],
              [
                3.7990814871196803,
                51.02642167779397
              ],
              [
                3.799081137662889,
                51.026421970305506
              ],
              [
                3.7987898695583073,
                51.02672325016737
              ],
              [
                3.7985468271935283,
                51.027041082917144
              ],
              [
                3.7983543519688356,
                51.02737240795183
              ],
              [
                3.7982142984692002,
                51.02771403467807
              ],
              [
                3.7981280165673805,
                51.02806267322962
              ],
              [
                3.7980963383823716,
                51.02841496614353
              ],
              [
                3.7981090418000742,
                51.028607747406525
              ],
              [
                3.797889656086423,
                51.028758089641585
              ],
              [
                3.797552939856691,
                51.0290399108512
              ],
              [
                3.7972616456339243,
                51.02934118666995
              ],
              [
                3.7970185793067435,
                51.02965901598802
              ],
              [
                3.796826082506246,
                51.02999033823547
              ],
              [
                3.7966860100252644,
                51.030331962845786
              ],
              [
                3.796599711919453,
                51.030680599973145
              ],
              [
                3.796568020463976,
                51.03103289216831
              ],
              [
                3.796591242093004,
                51.03138544670825
              ],
              [
                3.7966691544013984,
                51.031734868268174
              ],
              [
                3.796801008239245,
                51.03207779162167
              ],
              [
                3.7969855348809163,
                51.03241091405363
              ],
              [
                3.7972209582013545,
                51.03273102717409
              ],
              [
                3.797222142278452,
                51.03273229449375
              ],
              [
                3.7973167476118364,
                51.03286093120902
              ],
              [
                3.797600802564561,
                51.03316495161651
              ],
              [
                3.797930752836204,
                51.03344995129813
              ],
              [
                3.7983034212020335,
                51.033713185185746
              ],
              [
                3.7987152188017674,
                51.0339521178119
              ],
              [
                3.7991621796968698,
                51.03416444774247
              ],
              [
                3.7996399990686394,
                51.034348129755365
              ],
              [
                3.8001440746890705,
                51.034501394551334
              ],
              [
                3.8006695512645785,
                51.0346227658064
              ],
              [
                3.801211367224721,
                51.0347110744012
              ],
              [
                3.8017643035041613,
                51.03476546968975
              ],
              [
                3.802323033846688,
                51.03478542769884
              ],
              [
                3.802882176145242,
                51.03477075617857
              ],
              [
                3.8034363443217627,
                51.034721596455604
              ],
              [
                3.8039802002454297,
                51.03463842207079
              ],
              [
                3.8045085051874556,
                51.034522034214696
              ],
              [
                3.805016170315151,
                51.034373554004965
              ],
              [
                3.8054983057373404,
                51.03419441168004
              ],
              [
                3.8059502676273813,
                51.03398633281411
              ],
              [
                3.806367702968765,
                51.03375132168585
              ],
              [
                3.80674659149151,
                51.03349164196207
              ],
              [
                3.8070832843949174,
                51.03320979488282
              ],
              [
                3.8073745394835417,
                51.03290849515831
              ],
              [
                3.807617552378186,
                51.03259064481059
              ],
              [
                3.8078099835018224,
                51.03225930521242
              ],
              [
                3.8078544605209634,
                51.03215076763281
              ],
              [
                3.807894164855146,
                51.03208240138319
              ],
              [
                3.808034160791519,
                51.031740763643526
              ],
              [
                3.808120375707489,
                51.031392118263575
              ],
              [
                3.8081519804837365,
                51.031039823005756
              ],
              [
                3.8081344050877806,
                51.03077398724219
              ],
              [
                3.808178604792138,
                51.0307436907953
              ],
              [
                3.808515269315064,
                51.03046183936296
              ],
              [
                3.808516919771862,
                51.03046013182334
              ],
              [
                3.8085172691998395,
                51.030459839284184
              ],
              [
                3.8088084979547863,
                51.030158535736234
              ],
              [
                3.8090514868425607,
                51.02984068213745
              ],
              [
                3.8092438965172826,
                51.029509339891874
              ],
              [
                3.8093838749123847,
                51.02916770025425
              ],
              [
                3.809470075040741,
                51.02881905358687
              ],
              [
                3.8095016679253293,
                51.028466757664525
              ],
              [
                3.8094783505374887,
                51.0281142053328
              ],
              [
                3.809400348668044,
                51.02776479183145
              ],
              [
                3.8092684147054974,
                51.02742188209761
              ],
              [
                3.809083820344465,
                51.02708877836367
              ],
              [
                3.8088483442963597,
                51.02676868836174
              ]
            ]
          ]
        ]
      },
      "properties": {
        "type": "buffer_union_400m",
        "buffer_m": 400
      }
    },
    {
      "type": "Feature",
      "geometry": {
        "type": "Polygon",
        "coordinates": [
          [
            [
              3.7668001,
              51.049785
            ],
            [
              3.769019,
              51.050083
            ],
            [
              3.772357,
              51.05017
            ],
            [
              3.777098,
              51.049831
            ],
            [
              3.778871,
              51.049552
            ],
            [
              3.78362,
              51.048587
            ],
            [
              3.787401,
              51.047508
            ],
            [
              3.788491,
              51.047012
            ],
            [
              3.789526,
              51.046424
            ],
            [
              3.790743,
              51.045513
            ],
            [
              3.7918577,
              51.0444452
            ],
            [
              3.792535,
              51.04354
            ],
            [
              3.792944,
              51.042751
            ],
            [
              3.793214,
              51.041603
            ],
            [
              3.79334,
              51.040634
            ],
            [
              3.793294,
              51.039768
            ],
            [
              3.793132,
              51.039012
            ],
            [
              3.792716,
              51.038059
            ],
            [
              3.792296,
              51.037445
            ],
            [
              3.791706,
              51.036792
            ],
            [
              3.790548,
              51.035854
            ],
            [
              3.789735,
              51.034786
            ],
            [
              3.789211,
              51.033294
            ],
            [
              3.789141,
              51.032051
            ],
            [
              3.788761,
              51.030467
            ],
            [
              3.788456,
              51.029834
            ],
            [
              3.787475,
              51.028411
            ],
            [
              3.7872,
              51.027637
            ],
            [
              3.787149,
              51.027114
            ],
            [
              3.787586,
              51.026344
            ],
            [
              3.788107,
              51.025714
            ],
            [
              3.788632,
              51.024803
            ],
            [
              3.788751,
              51.024406
            ],
            [
              3.788672,
              51.02383
            ],
            [
              3.788118,
              51.022552
            ],
            [
              3.787904,
              51.021381
            ],
            [
              3.788023,
              51.020984
            ],
            [
              3.788458,
              51.020393
            ],
            [
              3.790618,
              51.018608
            ],
            [
              3.79108,
              51.018123
            ],
            [
              3.792186,
              51.016311
            ],
            [
              3.792422,
              51.015701
            ],
            [
              3.794201,
              51.012474
            ],
            [
              3.795243,
              51.011165
            ],
            [
              3.796686,
              51.009788
            ],
            [
              3.797693,
              51.009002
            ],
            [
              3.800967,
              51.007057
            ],
            [
              3.804382,
              51.005313
            ],
            [
              3.807806,
              51.002704
            ],
            [
              3.8101,
              51.001705
            ],
            [
              3.813376,
              51.000698
            ],
            [
              3.8138781,
              51.0006311
            ],
            [
              3.81815,
              50.999282
            ],
            [
              3.819324,
              50.998695
            ],
            [
              3.822337,
              50.996879
            ],
            [
              3.825917,
              50.995315
            ],
            [
              3.826893,
              50.994689
            ],
            [
              3.828467,
              50.994068
            ],
            [
              3.831097,
              50.993289
            ],
            [
              3.832039,
              50.993114
            ],
            [
              3.8338872,
              50.9931151
            ],
            [
              3.8337796,
              50.9942434
            ],
            [
              3.8330353,
              50.9953842
            ],
            [
              3.8331012,
              50.9960869
            ],
            [
              3.8324909,
              50.9962202
            ],
            [
              3.8320843,
              50.996621
            ],
            [
              3.8305613,
              50.9972358
            ],
            [
              3.829907,
              50.997383
            ],
            [
              3.8291571,
              50.9987988
            ],
            [
              3.8293459,
              51.0002918
            ],
            [
              3.8307731,
              51.0009436
            ],
            [
              3.8326027,
              51.0015346
            ],
            [
              3.8330362,
              51.0017644
            ],
            [
              3.833069,
              51.002483
            ],
            [
              3.833434,
              51.002971
            ],
            [
              3.833599,
              51.003421
            ],
            [
              3.8334565,
              51.0040571
            ],
            [
              3.831853,
              51.003971
            ],
            [
              3.831114,
              51.003841
            ],
            [
              3.829828,
              51.004085
            ],
            [
              3.829601,
              51.003978
            ],
            [
              3.8294551,
              51.0035035
            ],
            [
              3.8293569,
              51.0034067
            ],
            [
              3.825787,
              51.00349
            ],
            [
              3.8236254,
              51.0033689
            ],
            [
              3.8231576,
              51.0039688
            ],
            [
              3.8229711,
              51.0051642
            ],
            [
              3.8230035,
              51.0055209
            ],
            [
              3.823412,
              51.0061586
            ],
            [
              3.8228362,
              51.008987
            ],
            [
              3.8220351,
              51.0089606
            ],
            [
              3.8226913,
              51.0103477
            ],
            [
              3.8232208,
              51.0117543
            ],
            [
              3.8206814,
              51.0126279
            ],
            [
              3.8218818,
              51.0139768
            ],
            [
              3.8232905,
              51.0152616
            ],
            [
              3.8233449,
              51.015454
            ],
            [
              3.8232036,
              51.016048
            ],
            [
              3.8233068,
              51.016969
            ],
            [
              3.8227103,
              51.0170852
            ],
            [
              3.8230903,
              51.0177824
            ],
            [
              3.8236499,
              51.0176997
            ],
            [
              3.824481,
              51.0193543
            ],
            [
              3.8247094,
              51.0193889
            ],
            [
              3.8251141,
              51.0204201
            ],
            [
              3.8251154,
              51.0207156
            ],
            [
              3.8249041,
              51.0216278
            ],
            [
              3.82715,
              51.031627
            ],
            [
              3.827197,
              51.032508
            ],
            [
              3.827331,
              51.033153
            ],
            [
              3.8290915,
              51.0360776
            ],
            [
              3.8294022,
              51.0368991
            ],
            [
              3.8297701,
              51.0369024
            ],
            [
              3.8295527,
              51.0371134
            ],
            [
              3.830896,
              51.037704
            ],
            [
              3.833349,
              51.037609
            ],
            [
              3.8340382,
              51.0376647
            ],
            [
              3.834767,
              51.038192
            ],
            [
              3.835155,
              51.039127
            ],
            [
              3.837166,
              51.0416939
            ],
            [
              3.8362386,
              51.0424571
            ],
            [
              3.8356177,
              51.0427938
            ],
            [
              3.8335481,
              51.0435908
            ],
            [
              3.8331468,
              51.0438057
            ],
            [
              3.8322168,
              51.0445255
            ],
            [
              3.8317346,
              51.0441471
            ],
            [
              3.8309456,
              51.0441715
            ],
            [
              3.8286071,
              51.0438978
            ],
            [
              3.8267915,
              51.0441857
            ],
            [
              3.8259317,
              51.0440939
            ],
            [
              3.8245499,
              51.044234
            ],
            [
              3.8235785,
              51.0440782
            ],
            [
              3.8230786,
              51.044944
            ],
            [
              3.8237408,
              51.0455426
            ],
            [
              3.8240151,
              51.0459882
            ],
            [
              3.8287337,
              51.0478
            ],
            [
              3.8293937,
              51.0481206
            ],
            [
              3.8305136,
              51.0488571
            ],
            [
              3.8308107,
              51.0491914
            ],
            [
              3.8312679,
              51.0505202
            ],
            [
              3.8324455,
              51.0509141
            ],
            [
              3.8325057,
              51.0517665
            ],
            [
              3.832457,
              51.052345
            ],
            [
              3.835614,
              51.053134
            ],
            [
              3.83558,
              51.053619
            ],
            [
              3.835748,
              51.053855
            ],
            [
              3.836829,
              51.054149
            ],
            [
              3.8379936,
              51.0547961
            ],
            [
              3.8387403,
              51.0549944
            ],
            [
              3.839832,
              51.05587
            ],
            [
              3.8428845,
              51.0573149
            ],
            [
              3.8429638,
              51.057612
            ],
            [
              3.8419677,
              51.0577123
            ],
            [
              3.8398096,
              51.0577595
            ],
            [
              3.8387338,
              51.0579413
            ],
            [
              3.8345403,
              51.0596183
            ],
            [
              3.835459,
              51.0603084
            ],
            [
              3.8354885,
              51.0604594
            ],
            [
              3.8360693,
              51.0607356
            ],
            [
              3.8399551,
              51.0619504
            ],
            [
              3.8422764,
              51.062572
            ],
            [
              3.8444866,
              51.0635328
            ],
            [
              3.8420797,
              51.0677462
            ],
            [
              3.8405748,
              51.0671653
            ],
            [
              3.8400221,
              51.0681587
            ],
            [
              3.8396269,
              51.0686827
            ],
            [
              3.8388967,
              51.0691648
            ],
            [
              3.8385055,
              51.0695389
            ],
            [
              3.8402769,
              51.0702088
            ],
            [
              3.8432203,
              51.0751602
            ],
            [
              3.8438259,
              51.0753017
            ],
            [
              3.8425386,
              51.079598
            ],
            [
              3.8427508,
              51.0796367
            ],
            [
              3.8417987,
              51.0824627
            ],
            [
              3.8395078,
              51.0821961
            ],
            [
              3.8376142,
              51.0821379
            ],
            [
              3.8351877,
              51.0817293
            ],
            [
              3.8312918,
              51.0815251
            ],
            [
              3.8294008,
              51.0811017
            ],
            [
              3.8261455,
              51.0801291
            ],
            [
              3.8243737,
              51.0797369
            ],
            [
              3.8222903,
              51.0790338
            ],
            [
              3.8179555,
              51.0781224
            ],
            [
              3.8177954,
              51.0775709
            ],
            [
              3.8173521,
              51.0772761
            ],
            [
              3.8159038,
              51.0766044
            ],
            [
              3.8142313,
              51.0759554
            ],
            [
              3.8065283,
              51.0721607
            ],
            [
              3.8035528,
              51.0710946
            ],
            [
              3.8035479,
              51.0709124
            ],
            [
              3.8014602,
              51.0703807
            ],
            [
              3.7996333,
              51.0696551
            ],
            [
              3.7959196,
              51.0685244
            ],
            [
              3.7934183,
              51.0678751
            ],
            [
              3.7914065,
              51.0676863
            ],
            [
              3.7901322,
              51.067461
            ],
            [
              3.7878793,
              51.0665813
            ],
            [
              3.7864242,
              51.0662628
            ],
            [
              3.78242,
              51.065827
            ],
            [
              3.7823049,
              51.0654488
            ],
            [
              3.7819179,
              51.0647868
            ],
            [
              3.7813359,
              51.0641202
            ],
            [
              3.7802682,
              51.0634499
            ],
            [
              3.7801337,
              51.0631894
            ],
            [
              3.7799339,
              51.0630361
            ],
            [
              3.7786166,
              51.0630051
            ],
            [
              3.7774744,
              51.063165
            ],
            [
              3.7770434,
              51.0629921
            ],
            [
              3.7767665,
              51.0627631
            ],
            [
              3.77305,
              51.0618827
            ],
            [
              3.7731086,
              51.0612792
            ],
            [
              3.7719128,
              51.0612406
            ],
            [
              3.7718952,
              51.0614368
            ],
            [
              3.7700868,
              51.0613465
            ],
            [
              3.7693133,
              51.062362
            ],
            [
              3.7677994,
              51.0624128
            ],
            [
              3.7674537,
              51.0625778
            ],
            [
              3.7664339,
              51.062117
            ],
            [
              3.765801,
              51.062526
            ],
            [
              3.7645687,
              51.0612074
            ],
            [
              3.7614184,
              51.0590874
            ],
            [
              3.7592872,
              51.0573081
            ],
            [
              3.7593188,
              51.0571959
            ],
            [
              3.7610499,
              51.0553468
            ],
            [
              3.7615274,
              51.0552763
            ],
            [
              3.7615535,
              51.0546617
            ],
            [
              3.7560909,
              51.0518547
            ],
            [
              3.757612,
              51.0517546
            ],
            [
              3.7577682,
              51.0516976
            ],
            [
              3.7579056,
              51.0514255
            ],
            [
              3.7593572,
              51.051494
            ],
            [
              3.7594649,
              51.0512642
            ],
            [
              3.7624975,
              51.0508501
            ],
            [
              3.7637244,
              51.0509235
            ],
            [
              3.7662023,
              51.0514465
            ],
            [
              3.7668001,
              51.049785
            ]
          ]
        ]
      },
      "properties": {
        "type": "boundary",
        "gemeente": "Destelbergen"
      }
    }
  ]
}