{
  "type": "FeatureCollection",
  "metadata": {
    "gemeente": "Fleurus",
    "slug": "fleurus",
    "generated_at": "2026-09-25T22:11:37.538199Z",
    "total_points": 48,
    "providers": [
      "bpost",
      "DHL",
      "GLS",
      "InPost",
      "VintedGo",
      "PostNL",
      "DPD",
      "Amazon"
    ],
    "bounds": [
      4.5177,
      50.45178,
      4.5904342,
      50.4857367
    ]
  },
  "features": [
    {
      "type": "Feature",
      "geometry": {
        "type": "Point",
        "coordinates": [
          4.52933,
          50.45825
        ]
      },
      "properties": {
        "type": "pakketpunt",
        "locatieNaam": "Bbox 24/7 Hubo Fleurus",
        "straatNaam": "Chaussée De Charleroi",
        "straatNr": "785",
        "vervoerder": "bpost",
        "puntType": "automaat",
        "bezettingsgraad": 50,
        "latitude": 50.45825,
        "longitude": 4.52933,
        "canPickup": true,
        "canDropoff": true,
        "openingstijden": null
      }
    },
    {
      "type": "Feature",
      "geometry": {
        "type": "Point",
        "coordinates": [
          4.5177,
          50.47257
        ]
      },
      "properties": {
        "type": "pakketpunt",
        "locatieNaam": "Bbox 24/7 Pharmacie Lefevre",
        "straatNaam": "Route De Gosselies",
        "straatNr": "331",
        "vervoerder": "bpost",
        "puntType": "automaat",
        "bezettingsgraad": 50,
        "latitude": 50.47257,
        "longitude": 4.5177,
        "canPickup": true,
        "canDropoff": true,
        "openingstijden": null
      }
    },
    {
      "type": "Feature",
      "geometry": {
        "type": "Point",
        "coordinates": [
          4.54816,
          50.45178
        ]
      },
      "properties": {
        "type": "pakketpunt",
        "locatieNaam": "Bbox 24/7 Delhaize Lambusart",
        "straatNaam": "Rue Du Wainage",
        "straatNr": "56A",
        "vervoerder": "bpost",
        "puntType": "automaat",
        "bezettingsgraad": 50,
        "latitude": 50.45178,
        "longitude": 4.54816,
        "canPickup": true,
        "canDropoff": true,
        "openingstijden": null
      }
    },
    {
      "type": "Feature",
      "geometry": {
        "type": "Point",
        "coordinates": [
          4.55997,
          50.45726
        ]
      },
      "properties": {
        "type": "pakketpunt",
        "locatieNaam": "Bbox 24/7 Sun7 Presse Lambusart",
        "straatNaam": "Rue Du Wainage",
        "straatNr": "205",
        "vervoerder": "bpost",
        "puntType": "automaat",
        "bezettingsgraad": 50,
        "latitude": 50.45726,
        "longitude": 4.55997,
        "canPickup": true,
        "canDropoff": true,
        "openingstijden": null
      }
    },
    {
      "type": "Feature",
      "geometry": {
        "type": "Point",
        "coordinates": [
          4.54397,
          50.4812
        ]
      },
      "properties": {
        "type": "pakketpunt",
        "locatieNaam": "Pakjesautomaat 24/7 Station Fleurus",
        "straatNaam": "Avenue De La Gare",
        "straatNr": "8",
        "vervoerder": "bpost",
        "puntType": "automaat",
        "bezettingsgraad": 50,
        "latitude": 50.4812,
        "longitude": 4.54397,
        "canPickup": true,
        "canDropoff": true,
        "openingstijden": null
      }
    },
    {
      "type": "Feature",
      "geometry": {
        "type": "Point",
        "coordinates": [
          4.55032,
          50.4798
        ]
      },
      "properties": {
        "type": "pakketpunt",
        "locatieNaam": "Bbox 24/7 Lidl Fleurus",
        "straatNaam": "Rue De Fleurjoux",
        "straatNr": "12",
        "vervoerder": "bpost",
        "puntType": "automaat",
        "bezettingsgraad": 50,
        "latitude": 50.4798,
        "longitude": 4.55032,
        "canPickup": true,
        "canDropoff": true,
        "openingstijden": null
      }
    },
    {
      "type": "Feature",
      "geometry": {
        "type": "Point",
        "coordinates": [
          4.55052,
          50.48101
        ]
      },
      "properties": {
        "type": "pakketpunt",
        "locatieNaam": "Bbox 24/7 Carrefour Market Fleurus",
        "straatNaam": "Chaussée De Charleroi",
        "straatNr": "248",
        "vervoerder": "bpost",
        "puntType": "automaat",
        "bezettingsgraad": 50,
        "latitude": 50.48101,
        "longitude": 4.55052,
        "canPickup": true,
        "canDropoff": true,
        "openingstijden": null
      }
    },
    {
      "type": "Feature",
      "geometry": {
        "type": "Point",
        "coordinates": [
          4.55141,
          50.48419
        ]
      },
      "properties": {
        "type": "pakketpunt",
        "locatieNaam": "Fleurus Centre",
        "straatNaam": "Rue De Bruxelles",
        "straatNr": "22",
        "vervoerder": "bpost",
        "puntType": "postkantoor",
        "bezettingsgraad": 50,
        "latitude": 50.48419,
        "longitude": 4.55141,
        "canPickup": true,
        "canDropoff": true,
        "openingstijden": null
      }
    },
    {
      "type": "Feature",
      "geometry": {
        "type": "Point",
        "coordinates": [
          4.59015,
          50.47133
        ]
      },
      "properties": {
        "type": "pakketpunt",
        "locatieNaam": "Bbox Spar Wanfercée",
        "straatNaam": "Rue Franklin Roosevelt",
        "straatNr": "8",
        "vervoerder": "bpost",
        "puntType": "automaat",
        "bezettingsgraad": 50,
        "latitude": 50.47133,
        "longitude": 4.59015,
        "canPickup": true,
        "canDropoff": true,
        "openingstijden": null
      }
    },
    {
      "type": "Feature",
      "geometry": {
        "type": "Point",
        "coordinates": [
          4.59015,
          50.47133
        ]
      },
      "properties": {
        "type": "pakketpunt",
        "locatieNaam": "BBOX SPAR WANFERCÉE",
        "straatNaam": "RUE FRANKLIN ROOSEVELT",
        "straatNr": "8",
        "vervoerder": "DHL",
        "puntType": "packStation",
        "bezettingsgraad": 50,
        "latitude": 50.47133,
        "longitude": 4.59015,
        "canPickup": true,
        "canDropoff": true,
        "openingstijden": {
          "ma": "07:00 - 19:00",
          "di": "07:00 - 19:00",
          "wo": "07:00 - 19:00",
          "do": "07:00 - 19:00",
          "vr": "07:00 - 19:00",
          "za": "07:00 - 19:00",
          "zo": "07:00 - 19:00"
        }
      }
    },
    {
      "type": "Feature",
      "geometry": {
        "type": "Point",
        "coordinates": [
          4.559965,
          50.457265
        ]
      },
      "properties": {
        "type": "pakketpunt",
        "locatieNaam": "BBOX 24/7 SUN7 PRESSE LAMBUSART",
        "straatNaam": "RUE DU WAINAGE",
        "straatNr": "205",
        "vervoerder": "DHL",
        "puntType": "packStation",
        "bezettingsgraad": 50,
        "latitude": 50.457265,
        "longitude": 4.559965,
        "canPickup": true,
        "canDropoff": true,
        "openingstijden": {
          "ma": "00:00 - 23:59",
          "di": "00:00 - 23:59",
          "wo": "00:00 - 23:59",
          "do": "00:00 - 23:59",
          "vr": "00:00 - 23:59",
          "za": "00:00 - 23:59",
          "zo": "00:00 - 23:59"
        }
      }
    },
    {
      "type": "Feature",
      "geometry": {
        "type": "Point",
        "coordinates": [
          4.54816,
          50.45178
        ]
      },
      "properties": {
        "type": "pakketpunt",
        "locatieNaam": "BBOX 24/7 DELHAIZE LAMBUSART",
        "straatNaam": "RUE DU WAINAGE",
        "straatNr": "56A",
        "vervoerder": "DHL",
        "puntType": "packStation",
        "bezettingsgraad": 50,
        "latitude": 50.45178,
        "longitude": 4.54816,
        "canPickup": true,
        "canDropoff": true,
        "openingstijden": {
          "ma": "00:00 - 23:59",
          "di": "00:00 - 23:59",
          "wo": "00:00 - 23:59",
          "do": "00:00 - 23:59",
          "vr": "00:00 - 23:59",
          "za": "00:00 - 23:59",
          "zo": "00:00 - 23:59"
        }
      }
    },
    {
      "type": "Feature",
      "geometry": {
        "type": "Point",
        "coordinates": [
          4.550325,
          50.4798
        ]
      },
      "properties": {
        "type": "pakketpunt",
        "locatieNaam": "BBOX 24/7 LIDL FLEURUS",
        "straatNaam": "RUE DE FLEURJOUX",
        "straatNr": "12",
        "vervoerder": "DHL",
        "puntType": "packStation",
        "bezettingsgraad": 50,
        "latitude": 50.4798,
        "longitude": 4.550325,
        "canPickup": true,
        "canDropoff": true,
        "openingstijden": {
          "ma": "00:00 - 23:59",
          "di": "00:00 - 23:59",
          "wo": "00:00 - 23:59",
          "do": "00:00 - 23:59",
          "vr": "00:00 - 23:59",
          "za": "00:00 - 23:59",
          "zo": "00:00 - 23:59"
        }
      }
    },
    {
      "type": "Feature",
      "geometry": {
        "type": "Point",
        "coordinates": [
          4.550518,
          50.481012
        ]
      },
      "properties": {
        "type": "pakketpunt",
        "locatieNaam": "BBOX 24/7 CAREFOUR MARKET FLEURUS",
        "straatNaam": "CHAUSSÉE DE CHARLEROI",
        "straatNr": "248",
        "vervoerder": "DHL",
        "puntType": "packStation",
        "bezettingsgraad": 50,
        "latitude": 50.481012,
        "longitude": 4.550518,
        "canPickup": true,
        "canDropoff": true,
        "openingstijden": {
          "ma": "00:00 - 23:59",
          "di": "00:00 - 23:59",
          "wo": "00:00 - 23:59",
          "do": "00:00 - 23:59",
          "vr": "00:00 - 23:59",
          "za": "00:00 - 23:59",
          "zo": "00:00 - 23:59"
        }
      }
    },
    {
      "type": "Feature",
      "geometry": {
        "type": "Point",
        "coordinates": [
          4.551409,
          50.484192
        ]
      },
      "properties": {
        "type": "pakketpunt",
        "locatieNaam": "FLEURUS CENTRE",
        "straatNaam": "RUE DE BRUXELLES",
        "straatNr": "22",
        "vervoerder": "DHL",
        "puntType": "postOffice",
        "bezettingsgraad": 50,
        "latitude": 50.484192,
        "longitude": 4.551409,
        "canPickup": true,
        "canDropoff": true,
        "openingstijden": {
          "ma": "09:00 - 12:30, 13:30 - 17:00",
          "di": "09:00 - 12:30, 13:30 - 18:00",
          "wo": "09:00 - 12:30, 13:30 - 17:00",
          "do": "09:00 - 12:30, 13:30 - 17:00",
          "vr": "09:00 - 12:30, 13:30 - 17:00",
          "za": "09:00 - 12:30",
          "zo": "gesloten"
        }
      }
    },
    {
      "type": "Feature",
      "geometry": {
        "type": "Point",
        "coordinates": [
          4.543973,
          50.481199
        ]
      },
      "properties": {
        "type": "pakketpunt",
        "locatieNaam": "PARCEL LOCKER 24/7 STATION FLEURUS",
        "straatNaam": "AVENUE DE LA GARE",
        "straatNr": "8",
        "vervoerder": "DHL",
        "puntType": "packStation",
        "bezettingsgraad": 50,
        "latitude": 50.481199,
        "longitude": 4.543973,
        "canPickup": true,
        "canDropoff": true,
        "openingstijden": {
          "ma": "00:00 - 23:59",
          "di": "00:00 - 23:59",
          "wo": "00:00 - 23:59",
          "do": "00:00 - 23:59",
          "vr": "00:00 - 23:59",
          "za": "00:00 - 23:59",
          "zo": "00:00 - 23:59"
        }
      }
    },
    {
      "type": "Feature",
      "geometry": {
        "type": "Point",
        "coordinates": [
          4.529331,
          50.458254
        ]
      },
      "properties": {
        "type": "pakketpunt",
        "locatieNaam": "BBOX 24/7 HUBO FLEURUS",
        "straatNaam": "CHAUSSÉE DE CHARLEROI",
        "straatNr": "785",
        "vervoerder": "DHL",
        "puntType": "packStation",
        "bezettingsgraad": 50,
        "latitude": 50.458254,
        "longitude": 4.529331,
        "canPickup": true,
        "canDropoff": true,
        "openingstijden": {
          "ma": "00:00 - 23:59",
          "di": "00:00 - 23:59",
          "wo": "00:00 - 23:59",
          "do": "00:00 - 23:59",
          "vr": "00:00 - 23:59",
          "za": "00:00 - 23:59",
          "zo": "00:00 - 23:59"
        }
      }
    },
    {
      "type": "Feature",
      "geometry": {
        "type": "Point",
        "coordinates": [
          4.5177,
          50.47257
        ]
      },
      "properties": {
        "type": "pakketpunt",
        "locatieNaam": "BBOX 24/7 PHARMACIE LEFEVRE",
        "straatNaam": "ROUTE DE GOSSELIES",
        "straatNr": "331",
        "vervoerder": "DHL",
        "puntType": "packStation",
        "bezettingsgraad": 50,
        "latitude": 50.47257,
        "longitude": 4.5177,
        "canPickup": true,
        "canDropoff": true,
        "openingstijden": {
          "ma": "00:00 - 23:59",
          "di": "00:00 - 23:59",
          "wo": "00:00 - 23:59",
          "do": "00:00 - 23:59",
          "vr": "00:00 - 23:59",
          "za": "00:00 - 23:59",
          "zo": "00:00 - 23:59"
        }
      }
    },
    {
      "type": "Feature",
      "geometry": {
        "type": "Point",
        "coordinates": [
          4.5480986,
          50.4519287
        ]
      },
      "properties": {
        "type": "pakketpunt",
        "locatieNaam": "GLS Parcel Locker powered by bbox",
        "straatNaam": "Rue Du Wainage",
        "straatNr": "56",
        "vervoerder": "GLS",
        "puntType": "locker",
        "bezettingsgraad": 50,
        "latitude": 50.4519287,
        "longitude": 4.5480986,
        "canPickup": true,
        "canDropoff": true,
        "openingstijden": "vr: 00:00 - 24:00; za: 00:00 - 24:00"
      }
    },
    {
      "type": "Feature",
      "geometry": {
        "type": "Point",
        "coordinates": [
          4.57516,
          50.46042
        ]
      },
      "properties": {
        "type": "pakketpunt",
        "locatieNaam": "Au Bon Coin",
        "straatNaam": "Route De Namur",
        "straatNr": "180",
        "vervoerder": "GLS",
        "puntType": "parcel_shop",
        "bezettingsgraad": 50,
        "latitude": 50.46042,
        "longitude": 4.57516,
        "canPickup": true,
        "canDropoff": true,
        "openingstijden": "vr: 09:00 - 22:00; za: 09:00 - 22:00"
      }
    },
    {
      "type": "Feature",
      "geometry": {
        "type": "Point",
        "coordinates": [
          4.5904342,
          50.4716204
        ]
      },
      "properties": {
        "type": "pakketpunt",
        "locatieNaam": "GLS Parcel Locker powered by bbox",
        "straatNaam": "Rue Franklin Roosevelt",
        "straatNr": "8",
        "vervoerder": "GLS",
        "puntType": "locker",
        "bezettingsgraad": 50,
        "latitude": 50.4716204,
        "longitude": 4.5904342,
        "canPickup": true,
        "canDropoff": true,
        "openingstijden": "vr: 07:00 - 19:00; za: 07:00 - 19:00"
      }
    },
    {
      "type": "Feature",
      "geometry": {
        "type": "Point",
        "coordinates": [
          4.5180025,
          50.4726785
        ]
      },
      "properties": {
        "type": "pakketpunt",
        "locatieNaam": "GLS Parcel Locker powered by bbox",
        "straatNaam": "Route De Gosselies",
        "straatNr": "331",
        "vervoerder": "GLS",
        "puntType": "locker",
        "bezettingsgraad": 50,
        "latitude": 50.4726785,
        "longitude": 4.5180025,
        "canPickup": true,
        "canDropoff": true,
        "openingstijden": "vr: 08:00 - 12:30, 13:00 - 16:30; ma: 08:00 - 12:30, 13:00 - 16:30"
      }
    },
    {
      "type": "Feature",
      "geometry": {
        "type": "Point",
        "coordinates": [
          4.5551203,
          50.4758012
        ]
      },
      "properties": {
        "type": "pakketpunt",
        "locatieNaam": "GLS Parcel Locker powered by bbox",
        "straatNaam": "Rue De Fleurjoux",
        "straatNr": "125",
        "vervoerder": "GLS",
        "puntType": "locker",
        "bezettingsgraad": 50,
        "latitude": 50.4758012,
        "longitude": 4.5551203,
        "canPickup": true,
        "canDropoff": true,
        "openingstijden": "vr: 00:00 - 24:00; za: 00:00 - 24:00"
      }
    },
    {
      "type": "Feature",
      "geometry": {
        "type": "Point",
        "coordinates": [
          4.5505583,
          50.481498
        ]
      },
      "properties": {
        "type": "pakketpunt",
        "locatieNaam": "GLS Parcel Locker powered by bbox",
        "straatNaam": "Chaussee De Charleroi",
        "straatNr": "248",
        "vervoerder": "GLS",
        "puntType": "locker",
        "bezettingsgraad": 50,
        "latitude": 50.481498,
        "longitude": 4.5505583,
        "canPickup": true,
        "canDropoff": true,
        "openingstijden": "vr: 00:00 - 24:00; za: 00:00 - 24:00"
      }
    },
    {
      "type": "Feature",
      "geometry": {
        "type": "Point",
        "coordinates": [
          4.5555849,
          50.4857367
        ]
      },
      "properties": {
        "type": "pakketpunt",
        "locatieNaam": "Coin Rapide",
        "straatNaam": "Chaussee De Charleroi",
        "straatNr": "87",
        "vervoerder": "GLS",
        "puntType": "parcel_shop",
        "bezettingsgraad": 50,
        "latitude": 50.4857367,
        "longitude": 4.5555849,
        "canPickup": true,
        "canDropoff": true,
        "openingstijden": "vr: 06:30 - 23:00; za: 08:00 - 23:00"
      }
    },
    {
      "type": "Feature",
      "geometry": {
        "type": "Point",
        "coordinates": [
          4.55026,
          50.48234
        ]
      },
      "properties": {
        "type": "pakketpunt",
        "locatieNaam": "ASSIST PC S.A.",
        "straatNaam": "CHAUSSEE DE CHARLEROI, 148",
        "straatNr": "",
        "vervoerder": "InPost",
        "puntType": "servicepunt",
        "bezettingsgraad": 50,
        "latitude": 50.48234,
        "longitude": 4.55026,
        "canPickup": true,
        "canDropoff": true,
        "openingstijden": null
      }
    },
    {
      "type": "Feature",
      "geometry": {
        "type": "Point",
        "coordinates": [
          4.57524,
          50.46042
        ]
      },
      "properties": {
        "type": "pakketpunt",
        "locatieNaam": "AU BON COIN LIBRAIRIE",
        "straatNaam": "180 Route de Namur",
        "straatNr": "",
        "vervoerder": "InPost",
        "puntType": "servicepunt",
        "bezettingsgraad": 50,
        "latitude": 50.46042,
        "longitude": 4.57524,
        "canPickup": true,
        "canDropoff": true,
        "openingstijden": null
      }
    },
    {
      "type": "Feature",
      "geometry": {
        "type": "Point",
        "coordinates": [
          4.5807,
          50.47293
        ]
      },
      "properties": {
        "type": "pakketpunt",
        "locatieNaam": "",
        "straatNaam": "Rue de Wanfercée-Baulet",
        "straatNr": "5",
        "vervoerder": "InPost",
        "puntType": "automaat",
        "bezettingsgraad": 50,
        "latitude": 50.47293,
        "longitude": 4.5807,
        "canPickup": true,
        "canDropoff": true,
        "openingstijden": "24/7"
      }
    },
    {
      "type": "Feature",
      "geometry": {
        "type": "Point",
        "coordinates": [
          4.56583,
          50.4594
        ]
      },
      "properties": {
        "type": "pakketpunt",
        "locatieNaam": "",
        "straatNaam": "Rue du Wainage",
        "straatNr": "236",
        "vervoerder": "InPost",
        "puntType": "automaat",
        "bezettingsgraad": 50,
        "latitude": 50.4594,
        "longitude": 4.56583,
        "canPickup": true,
        "canDropoff": true,
        "openingstijden": "24/7"
      }
    },
    {
      "type": "Feature",
      "geometry": {
        "type": "Point",
        "coordinates": [
          4.55182,
          50.48171
        ]
      },
      "properties": {
        "type": "pakketpunt",
        "locatieNaam": "",
        "straatNaam": "Rue de la Guinguette",
        "straatNr": "2",
        "vervoerder": "InPost",
        "puntType": "automaat",
        "bezettingsgraad": 50,
        "latitude": 50.48171,
        "longitude": 4.55182,
        "canPickup": true,
        "canDropoff": true,
        "openingstijden": "24/7"
      }
    },
    {
      "type": "Feature",
      "geometry": {
        "type": "Point",
        "coordinates": [
          4.57516,
          50.46042
        ]
      },
      "properties": {
        "type": "pakketpunt",
        "locatieNaam": "Au Bon coin",
        "straatNaam": "Route de Namur",
        "straatNr": "180",
        "vervoerder": "VintedGo",
        "puntType": "parcel_shop",
        "bezettingsgraad": 50,
        "latitude": 50.46042,
        "longitude": 4.57516,
        "canPickup": true,
        "canDropoff": true,
        "openingstijden": null
      }
    },
    {
      "type": "Feature",
      "geometry": {
        "type": "Point",
        "coordinates": [
          4.58713,
          50.47083
        ]
      },
      "properties": {
        "type": "pakketpunt",
        "locatieNaam": "Sun7 Baulet",
        "straatNaam": "Rue de la Closière",
        "straatNr": "5",
        "vervoerder": "VintedGo",
        "puntType": "parcel_shop",
        "bezettingsgraad": 50,
        "latitude": 50.47083,
        "longitude": 4.58713,
        "canPickup": true,
        "canDropoff": true,
        "openingstijden": null
      }
    },
    {
      "type": "Feature",
      "geometry": {
        "type": "Point",
        "coordinates": [
          4.55982,
          50.45706
        ]
      },
      "properties": {
        "type": "pakketpunt",
        "locatieNaam": "Sun7 Lambusart",
        "straatNaam": "Rue du Wainage",
        "straatNr": "205",
        "vervoerder": "VintedGo",
        "puntType": "parcel_shop",
        "bezettingsgraad": 50,
        "latitude": 50.45706,
        "longitude": 4.55982,
        "canPickup": true,
        "canDropoff": true,
        "openingstijden": null
      }
    },
    {
      "type": "Feature",
      "geometry": {
        "type": "Point",
        "coordinates": [
          4.54948578,
          50.48260902
        ]
      },
      "properties": {
        "type": "pakketpunt",
        "locatieNaam": "Recophone",
        "straatNaam": "Rue de la Station",
        "straatNr": "5",
        "vervoerder": "VintedGo",
        "puntType": "parcel_shop",
        "bezettingsgraad": 50,
        "latitude": 50.48260902,
        "longitude": 4.54948578,
        "canPickup": true,
        "canDropoff": true,
        "openingstijden": null
      }
    },
    {
      "type": "Feature",
      "geometry": {
        "type": "Point",
        "coordinates": [
          4.575156,
          50.460421
        ]
      },
      "properties": {
        "type": "pakketpunt",
        "locatieNaam": "Au bon coin",
        "straatNaam": "Route de Namur",
        "straatNr": "180",
        "vervoerder": "PostNL",
        "puntType": "servicepunt",
        "bezettingsgraad": 50,
        "latitude": 50.460421,
        "longitude": 4.575156,
        "canPickup": true,
        "canDropoff": true,
        "openingstijden": "09:00 - 21:30"
      }
    },
    {
      "type": "Feature",
      "geometry": {
        "type": "Point",
        "coordinates": [
          4.54647,
          50.477401
        ]
      },
      "properties": {
        "type": "pakketpunt",
        "locatieNaam": "Belle Vue Shop",
        "straatNaam": "Rue Emile Vandervelde",
        "straatNr": "261",
        "vervoerder": "PostNL",
        "puntType": "servicepunt",
        "bezettingsgraad": 50,
        "latitude": 50.477401,
        "longitude": 4.54647,
        "canPickup": true,
        "canDropoff": true,
        "openingstijden": "11:00 - 23:00"
      }
    },
    {
      "type": "Feature",
      "geometry": {
        "type": "Point",
        "coordinates": [
          4.553446,
          50.484804
        ]
      },
      "properties": {
        "type": "pakketpunt",
        "locatieNaam": "ASSIST PC",
        "straatNaam": "Chaussée de Charleroi",
        "straatNr": "148",
        "vervoerder": "PostNL",
        "puntType": "servicepunt",
        "bezettingsgraad": 50,
        "latitude": 50.484804,
        "longitude": 4.553446,
        "canPickup": true,
        "canDropoff": true,
        "openingstijden": "08:30 - 18:00"
      }
    },
    {
      "type": "Feature",
      "geometry": {
        "type": "Point",
        "coordinates": [
          4.57516,
          50.46042
        ]
      },
      "properties": {
        "type": "pakketpunt",
        "locatieNaam": "AU BON COIN",
        "straatNaam": "ROUTE DE NAMUR",
        "straatNr": "180",
        "vervoerder": "DPD",
        "puntType": "pickup_point",
        "bezettingsgraad": 50,
        "latitude": 50.46042,
        "longitude": 4.57516,
        "canPickup": true,
        "canDropoff": true,
        "openingstijden": {
          "ma": "09:30 - 22:00",
          "di": "09:30 - 22:00",
          "wo": "09:30 - 22:00",
          "do": "09:30 - 22:00",
          "vr": "09:30 - 22:00",
          "za": "09:30 - 22:00",
          "zo": "10:00 - 22:00"
        }
      }
    },
    {
      "type": "Feature",
      "geometry": {
        "type": "Point",
        "coordinates": [
          4.58545,
          50.47101
        ]
      },
      "properties": {
        "type": "pakketpunt",
        "locatieNaam": "Librairie le dragon d’or",
        "straatNaam": "RUE DU TRAM",
        "straatNr": "14",
        "vervoerder": "DPD",
        "puntType": "pickup_point",
        "bezettingsgraad": 50,
        "latitude": 50.47101,
        "longitude": 4.58545,
        "canPickup": true,
        "canDropoff": false,
        "openingstijden": {
          "ma": "07:00 - 18:00",
          "di": "07:00 - 18:00",
          "wo": "07:00 - 18:00",
          "do": "07:00 - 18:00",
          "vr": "07:00 - 18:00",
          "za": "07:00 - 18:00",
          "zo": "gesloten"
        }
      }
    },
    {
      "type": "Feature",
      "geometry": {
        "type": "Point",
        "coordinates": [
          4.549463,
          50.482611
        ]
      },
      "properties": {
        "type": "pakketpunt",
        "locatieNaam": "RecoPhone",
        "straatNaam": "RUE DE LA STATION",
        "straatNr": "5",
        "vervoerder": "DPD",
        "puntType": "pickup_point",
        "bezettingsgraad": 50,
        "latitude": 50.482611,
        "longitude": 4.549463,
        "canPickup": true,
        "canDropoff": false,
        "openingstijden": {
          "ma": "gesloten",
          "di": "10:00 - 18:00",
          "wo": "10:00 - 18:00",
          "do": "10:00 - 18:00",
          "vr": "10:00 - 18:00",
          "za": "10:00 - 18:00",
          "zo": "gesloten"
        }
      }
    },
    {
      "type": "Feature",
      "geometry": {
        "type": "Point",
        "coordinates": [
          4.54816,
          50.45178
        ]
      },
      "properties": {
        "type": "pakketpunt",
        "locatieNaam": "bpost - BBOX 24/7 DELHAIZE LAMBUSART",
        "straatNaam": "RUE DU WAINAGE,56A",
        "straatNr": "",
        "vervoerder": "Amazon",
        "puntType": "3p",
        "bezettingsgraad": 50,
        "latitude": 50.45178,
        "longitude": 4.54816,
        "canPickup": true,
        "canDropoff": false,
        "openingstijden": null
      }
    },
    {
      "type": "Feature",
      "geometry": {
        "type": "Point",
        "coordinates": [
          4.559965,
          50.457265
        ]
      },
      "properties": {
        "type": "pakketpunt",
        "locatieNaam": "bpost - BBOX 24/7 SUN7 PRESSE LAMBUSART",
        "straatNaam": "RUE DU WAINAGE,205",
        "straatNr": "",
        "vervoerder": "Amazon",
        "puntType": "3p",
        "bezettingsgraad": 50,
        "latitude": 50.457265,
        "longitude": 4.559965,
        "canPickup": true,
        "canDropoff": false,
        "openingstijden": null
      }
    },
    {
      "type": "Feature",
      "geometry": {
        "type": "Point",
        "coordinates": [
          4.529331,
          50.458254
        ]
      },
      "properties": {
        "type": "pakketpunt",
        "locatieNaam": "bpost - BBOX 24/7 HUBO FLEURUS",
        "straatNaam": "CHAUSSÉE DE CHARLEROI,785",
        "straatNr": "",
        "vervoerder": "Amazon",
        "puntType": "3p",
        "bezettingsgraad": 50,
        "latitude": 50.458254,
        "longitude": 4.529331,
        "canPickup": true,
        "canDropoff": false,
        "openingstijden": null
      }
    },
    {
      "type": "Feature",
      "geometry": {
        "type": "Point",
        "coordinates": [
          4.551409,
          50.484192
        ]
      },
      "properties": {
        "type": "pakketpunt",
        "locatieNaam": "bpost - FLEURUS CENTRE",
        "straatNaam": "RUE DE BRUXELLES,22",
        "straatNr": "",
        "vervoerder": "Amazon",
        "puntType": "3p",
        "bezettingsgraad": 50,
        "latitude": 50.484192,
        "longitude": 4.551409,
        "canPickup": true,
        "canDropoff": false,
        "openingstijden": null
      }
    },
    {
      "type": "Feature",
      "geometry": {
        "type": "Point",
        "coordinates": [
          4.550325,
          50.4798
        ]
      },
      "properties": {
        "type": "pakketpunt",
        "locatieNaam": "bpost - BBOX 24/7 LIDL FLEURUS",
        "straatNaam": "RUE DE FLEURJOUX,12",
        "straatNr": "",
        "vervoerder": "Amazon",
        "puntType": "3p",
        "bezettingsgraad": 50,
        "latitude": 50.4798,
        "longitude": 4.550325,
        "canPickup": true,
        "canDropoff": false,
        "openingstijden": null
      }
    },
    {
      "type": "Feature",
      "geometry": {
        "type": "Point",
        "coordinates": [
          4.550518,
          50.481012
        ]
      },
      "properties": {
        "type": "pakketpunt",
        "locatieNaam": "bpost - BBOX 24/7 CAREFOUR MARKET FLEURUS",
        "straatNaam": "CHAUSSÉE DE CHARLEROI,248",
        "straatNr": "",
        "vervoerder": "Amazon",
        "puntType": "3p",
        "bezettingsgraad": 50,
        "latitude": 50.481012,
        "longitude": 4.550518,
        "canPickup": true,
        "canDropoff": false,
        "openingstijden": null
      }
    },
    {
      "type": "Feature",
      "geometry": {
        "type": "Point",
        "coordinates": [
          4.5177,
          50.47257
        ]
      },
      "properties": {
        "type": "pakketpunt",
        "locatieNaam": "bpost - BBOX 24/7 PHARMACIE LEFEVRE",
        "straatNaam": "ROUTE DE GOSSELIES,331",
        "straatNr": "",
        "vervoerder": "Amazon",
        "puntType": "3p",
        "bezettingsgraad": 50,
        "latitude": 50.47257,
        "longitude": 4.5177,
        "canPickup": true,
        "canDropoff": false,
        "openingstijden": null
      }
    },
    {
      "type": "Feature",
      "geometry": {
        "type": "Point",
        "coordinates": [
          4.59015,
          50.47133
        ]
      },
      "properties": {
        "type": "pakketpunt",
        "locatieNaam": "bpost - BBOX SPAR WANFERCÉE",
        "straatNaam": "RUE FRANKLIN ROOSEVELT,8",
        "straatNr": "",
        "vervoerder": "Amazon",
        "puntType": "3p",
        "bezettingsgraad": 50,
        "latitude": 50.47133,
        "longitude": 4.59015,
        "canPickup": true,
        "canDropoff": false,
        "openingstijden": null
      }
    },
    {
      "type": "Feature",
      "geometry": {
        "type": "MultiPolygon",
        "coordinates": [
          [
            [
              [
                4.551880362204966,
                50.45050248426082
              ],
              [
                4.551666321775827,
                50.45027581292744
              ],
              [
                4.551418516755093,
                50.45006362778002
              ],
              [
                4.551139333834107,
                50.44986797207154
              ],
              [
                4.55083146175999,
                50.44969072985941
              ],
              [
                4.550497865439126,
                50.44953360786922
              ],
              [
                4.550141757386182,
                50.4493981190663
              ],
              [
                4.549766566793531,
                50.44928556809281
              ],
              [
                4.549375906518668,
                50.449197038710736
              ],
              [
                4.548973538307045,
                50.44913338337091
              ],
              [
                4.5485633365846585,
                50.4490952150087
              ],
              [
                4.548149251168233,
                50.44908290114498
              ],
              [
                4.547735269251325,
                50.44909656034899
              ],
              [
                4.547325377031406,
                50.44913606109729
              ],
              [
                4.546923521346531,
                50.44920102303953
              ],
              [
                4.546533571690033,
                50.44929082065893
              ],
              [
                4.546159282968104,
                50.449404589292556
              ],
              [
                4.545804259358064,
                50.44954123345309
              ],
              [
                4.5454719196146,
                50.44969943737266
              ],
              [
                4.545165464157455,
                50.44987767766699
              ],
              [
                4.544887844257088,
                50.450074237998656
              ],
              [
                4.544641733614749,
                50.45028722559798
              ],
              [
                4.5444295026105985,
                50.45051458948334
              ],
              [
                4.5442531954679595,
                50.45075414020526
              ],
              [
                4.544114510553938,
                50.451003570924826
              ],
              [
                4.544065324879675,
                50.451130280048886
              ],
              [
                4.544053098870509,
                50.45115226880693
              ],
              [
                4.543953371677554,
                50.4514091774468
              ],
              [
                4.543893563991004,
                50.451671090015765
              ],
              [
                4.543874252441724,
                50.45193548421399
              ],
              [
                4.543895623685953,
                50.45219981380082
              ],
              [
                4.543957472581737,
                50.45246153311567
              ],
              [
                4.544059204138635,
                50.45271812159508
              ],
              [
                4.54419983922288,
                50.45296710804943
              ],
              [
                4.544378023964044,
                50.45320609446585
              ],
              [
                4.544592042773469,
                50.45343277910767
              ],
              [
                4.544839834849881,
                50.45364497868779
              ],
              [
                4.5451190140138475,
                50.45384064940223
              ],
              [
                4.545426891680552,
                50.45401790662101
              ],
              [
                4.545760502749887,
                50.454175043046405
              ],
              [
                4.546116634164686,
                50.454310545163324
              ],
              [
                4.546491855861908,
                50.454423107823246
              ],
              [
                4.546882553818422,
                50.454511646820755
              ],
              [
                4.547284964872679,
                50.45457530934136
              ],
              [
                4.547695212986239,
                50.45461348217981
              ],
              [
                4.548109346595224,
                50.45462579764944
              ],
              [
                4.548523376691013,
                50.45461213712557
              ],
              [
                4.548933315262551,
                50.454572632188686
              ],
              [
                4.549335213729022,
                50.45450766335637
              ],
              [
                4.549725200991744,
                50.45441785641626
              ],
              [
                4.550099520737917,
                50.45430407639555
              ],
              [
                4.550454567636029,
                50.454167419224895
              ],
              [
                4.550786922073617,
                50.45400920117765
              ],
              [
                4.551093383102171,
                50.45383094618614
              ],
              [
                4.551370999271459,
                50.45363437115739
              ],
              [
                4.551617097056023,
                50.453421369430224
              ],
              [
                4.551829306599997,
                50.45319399253311
              ],
              [
                4.5520055845324086,
                50.45295443041888
              ],
              [
                4.5521442336335465,
                50.452704990367145
              ],
              [
                4.552193399347847,
                50.452578277858414
              ],
              [
                4.552205621948956,
                50.45255628824966
              ],
              [
                4.552305306833499,
                50.452299372581315
              ],
              [
                4.552365068839425,
                50.45203745571409
              ],
              [
                4.552384333076181,
                50.451773060111904
              ],
              [
                4.552362914694117,
                50.45150873206894
              ],
              [
                4.552301020638742,
                50.45124701718653
              ],
              [
                4.552199247631781,
                50.45099043585864
              ],
              [
                4.552058576399524,
                50.45074145900139
              ],
              [
                4.551880362204966,
                50.45050248426082
              ]
            ]
          ],
          [
            [
              [
                4.532589643230247,
                50.45653415718416
              ],
              [
                4.532310499926076,
                50.45633845647978
              ],
              [
                4.532002656239624,
                50.4561611646071
              ],
              [
                4.531669076804209,
                50.45600398876994
              ],
              [
                4.531312973972157,
                50.45586844245217
              ],
              [
                4.530937776885775,
                50.455755830849824
              ],
              [
                4.530547098465243,
                50.45566723830867
              ],
              [
                4.5301447006308395,
                50.4556035178877
              ],
              [
                4.5297344580938415,
                50.45556528314898
              ],
              [
                4.52932032106396,
                50.455552902252464
              ],
              [
                4.528906277231665,
                50.4555664944129
              ],
              [
                4.528496313390489,
                50.45560592875238
              ],
              [
                4.52809437706796,
                50.45567082555999
              ],
              [
                4.527704338533671,
                50.455760559946185
              ],
              [
                4.527329953549389,
                50.4558742678569
              ],
              [
                4.526974827219114,
                50.456010854389554
              ],
              [
                4.526642379286389,
                50.45616900433121
              ],
              [
                4.526335811212501,
                50.45634719481741
              ],
              [
                4.526058075352109,
                50.456543709990406
              ],
              [
                4.525811846522897,
                50.45675665751546
              ],
              [
                4.525599496242955,
                50.4569839867969
              ],
              [
                4.525423069884084,
                50.45722350871859
              ],
              [
                4.525284266961361,
                50.45747291671904
              ],
              [
                4.525184424749245,
                50.45772980899848
              ],
              [
                4.525124505382675,
                50.457991711644276
              ],
              [
                4.52510508656813,
                50.45825610245232
              ],
              [
                4.525126355995023,
                50.45852043521463
              ],
              [
                4.525188109502167,
                50.45878216424022
              ],
              [
                4.525188247679072,
                50.45878251307735
              ],
              [
                4.525189109163867,
                50.45878616427549
              ],
              [
                4.525290752693731,
                50.4590427689064
              ],
              [
                4.525431307949892,
                50.459291777798256
              ],
              [
                4.525609421831062,
                50.4595307927222
              ],
              [
                4.525823379431388,
                50.459757511667085
              ],
              [
                4.5260711205394575,
                50.45996975101545
              ],
              [
                4.526350259467075,
                50.4601654665804
              ],
              [
                4.526658108017278,
                50.4603427733
              ],
              [
                4.526991701370692,
                50.46049996339976
              ],
              [
                4.527347826641037,
                50.46063552284769
              ],
              [
                4.527723053824663,
                50.460748145943036
              ],
              [
                4.52811376884575,
                50.4608367478983
              ],
              [
                4.528516208378482,
                50.460900475292554
              ],
              [
                4.52892649611016,
                50.460938714295736
              ],
              [
                4.529340680095283,
                50.46095109658381
              ],
              [
                4.529754770839932,
                50.46093750288854
              ],
              [
                4.530164779748756,
                50.46089806414666
              ],
              [
                4.530566757563279,
                50.460833160238174
              ],
              [
                4.530956832420331,
                50.46074341632541
              ],
              [
                4.53133124716317,
                50.460629696828455
              ],
              [
                4.5316863955450355,
                50.460493097095046
              ],
              [
                4.532018856975734,
                50.46033493284534
              ],
              [
                4.5323254294759705,
                50.46015672749353
              ],
              [
                4.532603160521621,
                50.459960197468604
              ],
              [
                4.532849375480586,
                50.45974723567598
              ],
              [
                4.5330617033682685,
                50.45951989325955
              ],
              [
                4.533238099673767,
                50.459280359840186
              ],
              [
                4.533376866037226,
                50.459030942421194
              ],
              [
                4.533476666589318,
                50.45877404316426
              ],
              [
                4.533536540796167,
                50.45851213625012
              ],
              [
                4.533555912686739,
                50.45824774404694
              ],
              [
                4.533534596374775,
                50.457983412816276
              ],
              [
                4.533472797823012,
                50.45772168819029
              ],
              [
                4.533472659588233,
                50.45772133936294
              ],
              [
                4.533471797484735,
                50.45771768822556
              ],
              [
                4.53337011250942,
                50.45746109069107
              ],
              [
                4.533229520978638,
                50.45721209132111
              ],
              [
                4.53305137738818,
                50.45697308797857
              ],
              [
                4.532837397786189,
                50.456746382229504
              ],
              [
                4.532589643230247,
                50.45653415718416
              ]
            ]
          ],
          [
            [
              [
                4.518515596293747,
                50.469923605496135
              ],
              [
                4.5181052391771175,
                50.46988532982703
              ],
              [
                4.517690980046811,
                50.469872907550396
              ],
              [
                4.517276807768801,
                50.469886458279376
              ],
              [
                4.516866710373194,
                50.46992585153503
              ],
              [
                4.516464636673264,
                50.46999070800205
              ],
              [
                4.516074458261162,
                50.470080403179345
              ],
              [
                4.515699932245304,
                50.4701940733904
              ],
              [
                4.515344665087475,
                50.47033062409568
              ],
              [
                4.515012077887088,
                50.47048874042726
              ],
              [
                4.514705373446332,
                50.4706668998444
              ],
              [
                4.514427505432902,
                50.470863386788544
              ],
              [
                4.514181149937019,
                50.47107630919686
              ],
              [
                4.513968679696559,
                50.4713036167156
              ],
              [
                4.513792141238618,
                50.47154312043826
              ],
              [
                4.5136532351579435,
                50.47179251397867
              ],
              [
                4.513553299722649,
                50.4720493956764
              ],
              [
                4.513493297965725,
                50.472311291720814
              ],
              [
                4.51347380838745,
                50.47257567997135
              ],
              [
                4.513495019359111,
                50.47284001424485
              ],
              [
                4.513556727282913,
                50.47310174883577
              ],
              [
                4.513658338526784,
                50.47335836303365
              ],
              [
                4.513798875116419,
                50.47360738540135
              ],
              [
                4.513976984130757,
                50.473846417580276
              ],
              [
                4.514190950711235,
                50.4740731573931
              ],
              [
                4.514438714560339,
                50.474285421021456
              ],
              [
                4.514717889771185,
                50.47448116404456
              ],
              [
                4.515025787797633,
                50.47465850113607
              ],
              [
                4.515359443343995,
                50.47481572422896
              ],
              [
                4.515715642925123,
                50.47495131897347
              ],
              [
                4.515798268038728,
                50.4749761212946
              ],
              [
                4.516018153583648,
                50.47505982409019
              ],
              [
                4.516393468058914,
                50.47517248346776
              ],
              [
                4.516784280830393,
                50.47526112326994
              ],
              [
                4.517186827630691,
                50.475324889711274
              ],
              [
                4.517597231113792,
                50.47536316858555
              ],
              [
                4.5180115382191115,
                50.475375591184736
              ],
              [
                4.518425758266623,
                50.47536203785225
              ],
              [
                4.5188359014152875,
                50.475322639136095
              ],
              [
                4.5192380171133655,
                50.47525777453072
              ],
              [
                4.519628232169334,
                50.4751680688199
              ],
              [
                4.520002788075809,
                50.4750543860558
              ],
              [
                4.520358077226125,
                50.474917821232346
              ],
              [
                4.5206906776740325,
                50.4747596897335
              ],
              [
                4.5209973861011115,
                50.47458151465804
              ],
              [
                4.521275248673942,
                50.47438501214338
              ],
              [
                4.521521589493582,
                50.47417207483005
              ],
              [
                4.521734036363251,
                50.47394475362622
              ],
              [
                4.521910543626202,
                50.47370523794852
              ],
              [
                4.522049411854099,
                50.47345583462945
              ],
              [
                4.5221493041968,
                50.473198945694975
              ],
              [
                4.522209259236697,
                50.47293704522647
              ],
              [
                4.522228700224632,
                50.47267265553013
              ],
              [
                4.522207440609289,
                50.472408322843414
              ],
              [
                4.522145685807819,
                50.47214659281256
              ],
              [
                4.522044031201591,
                50.471889985977555
              ],
              [
                4.521903456377418,
                50.47164097350034
              ],
              [
                4.521725315670647,
                50.471401953370076
              ],
              [
                4.5215113251020735,
                50.471175227314504
              ],
              [
                4.521263545835268,
                50.47096297863948
              ],
              [
                4.520984364314248,
                50.47076725120977
              ],
              [
                4.520676469273257,
                50.470589929773496
              ],
              [
                4.520342825840347,
                50.47043272181919
              ],
              [
                4.5199866469842505,
                50.470297141139945
              ],
              [
                4.519904027836755,
                50.470272341774056
              ],
              [
                4.519684157642592,
                50.470188646256396
              ],
              [
                4.5193088748160095,
                50.4700759974014
              ],
              [
                4.518918100083851,
                50.4699873660036
              ],
              [
                4.518515596293747,
                50.469923605496135
              ]
            ]
          ],
          [
            [
              [
                4.549978271365742,
                50.47589687006863
              ],
              [
                4.5497303399113616,
                50.47568468219965
              ],
              [
                4.5494510130023835,
                50.475489023245274
              ],
              [
                4.54914298077271,
                50.4753117772941
              ],
              [
                4.548809209671066,
                50.47515465110776
              ],
              [
                4.548452913895163,
                50.47501915769188
              ],
              [
                4.548077524444931,
                50.474906601733075
              ],
              [
                4.547686656092526,
                50.47481806704127
              ],
              [
                4.54728407258675,
                50.474754406118414
              ],
              [
                4.546873650426365,
                50.474716231953636
              ],
              [
                4.5464593415503405,
                50.47470391212361
              ],
              [
                4.546045135303542,
                50.4747175652551
              ],
              [
                4.545635020043129,
                50.474757059883075
              ],
              [
                4.545232944754448,
                50.47482201571614
              ],
              [
                4.544842781045077,
                50.47491180729642
              ],
              [
                4.5444682858820675,
                50.47502557001911
              ],
              [
                4.5441130654303965,
                50.47516220845384
              ],
              [
                4.54378054034007,
                50.47532040688789
              ],
              [
                4.543473912815586,
                50.4754986419899
              ],
              [
                4.543196135784408,
                50.47569519747243
              ],
              [
                4.542949884461084,
                50.475908180612564
              ],
              [
                4.542737530580794,
                50.47613554047166
              ],
              [
                4.5425611195505535,
                50.476375087639056
              ],
              [
                4.542422350738404,
                50.4766245153101
              ],
              [
                4.542322561090924,
                50.47688142149551
              ],
              [
                4.542262712237463,
                50.4771433321487
              ],
              [
                4.54224338120603,
                50.47740772498827
              ],
              [
                4.542264754841215,
                50.477672053786684
              ],
              [
                4.542326627978763,
                50.47793377289095
              ],
              [
                4.542428405395481,
                50.478190361739614
              ],
              [
                4.542569107516602,
                50.478439349139514
              ],
              [
                4.542708562619908,
                50.47862629980634
              ],
              [
                4.5423457817923385,
                50.47870977394371
              ],
              [
                4.541971250614733,
                50.47882352855811
              ],
              [
                4.5419701525004434,
                50.47882395089334
              ],
              [
                4.541968250722894,
                50.478824528506905
              ],
              [
                4.541612994579786,
                50.47896115922332
              ],
              [
                4.541280434479927,
                50.47911935041304
              ],
              [
                4.540973772964902,
                50.47929757881448
              ],
              [
                4.540695963289463,
                50.47949412820472
              ],
              [
                4.5404496809825075,
                50.479707105919545
              ],
              [
                4.540237298077595,
                50.479934461072546
              ],
              [
                4.540060860261272,
                50.48017400429843
              ],
              [
                4.539922067159581,
                50.480423428830484
              ],
              [
                4.539822255953081,
                50.480680332709696
              ],
              [
                4.539762388478813,
                50.48094224191166
              ],
              [
                4.539743041944214,
                50.481206634169034
              ],
              [
                4.539764403343279,
                50.48147096325986
              ],
              [
                4.539826267629707,
                50.48173268352836
              ],
              [
                4.5399280396656625,
                50.481989274401855
              ],
              [
                4.540068739928317,
                50.482238264667735
              ],
              [
                4.540247013920232,
                50.482477256276375
              ],
              [
                4.540461145193804,
                50.482703947441095
              ],
              [
                4.540709071865125,
                50.48291615481196
              ],
              [
                4.540988406458853,
                50.483111834509884
              ],
              [
                4.5412964588934495,
                50.48328910181839
              ],
              [
                4.541630262385688,
                50.4834462493425
              ],
              [
                4.541986602025088,
                50.483581763460194
              ],
              [
                4.542362045742959,
                50.48369433890737
              ],
              [
                4.542752977377513,
                50.48378289135535
              ],
              [
                4.543155631516149,
                50.48384656786011
              ],
              [
                4.543566129778688,
                50.48388475508167
              ],
              [
                4.543980518191395,
                50.48389708519481
              ],
              [
                4.544394805290922,
                50.4838834394338
              ],
              [
                4.544805000590289,
                50.48384394923692
              ],
              [
                4.545207153035425,
                50.48377899497979
              ],
              [
                4.54559228140911,
                50.48369037758723
              ],
              [
                4.545740051133791,
                50.48388843170632
              ],
              [
                4.545954215069734,
                50.48411511270949
              ],
              [
                4.546202173730868,
                50.48432730832702
              ],
              [
                4.546481539333686,
                50.484522974793016
              ],
              [
                4.54678962149792,
                50.48470022751837
              ],
              [
                4.547123453153926,
                50.484857359248615
              ],
              [
                4.547352137395704,
                50.48494430965607
              ],
              [
                4.547366908333846,
                50.484981532383344
              ],
              [
                4.547507656580664,
                50.48523051352929
              ],
              [
                4.547685979360226,
                50.48546949362116
              ],
              [
                4.547900159755025,
                50.48569617098312
              ],
              [
                4.548148135408008,
                50.48590836239816
              ],
              [
                4.548427518372006,
                50.48610402414088
              ],
              [
                4.548735618099523,
                50.48628127166763
              ],
              [
                4.549069467351731,
                50.486438397774
              ],
              [
                4.5494258507772996,
                50.48657388904425
              ],
              [
                4.549801335885694,
                50.48668644043426
              ],
              [
                4.550192306116352,
                50.48677496784713
              ],
              [
                4.550594995684819,
                50.486838618579945
              ],
              [
                4.550693503195559,
                50.48684777551393
              ],
              [
                4.55077267340067,
                50.486893318245194
              ],
              [
                4.5511065337227405,
                50.4870504384919
              ],
              [
                4.551462927578992,
                50.4871859235103
              ],
              [
                4.5518384223783945,
                50.487298468316474
              ],
              [
                4.552229401467017,
                50.487386988876935
              ],
              [
                4.5522506391505075,
                50.48739034539145
              ],
              [
                4.552324080379344,
                50.48745317895658
              ],
              [
                4.552603489702115,
                50.48764883062339
              ],
              [
                4.552911615101681,
                50.487826067048665
              ],
              [
                4.553245489091895,
                50.487983181134815
              ],
              [
                4.553601896083106,
                50.488118659581886
              ],
              [
                4.553977403357735,
                50.48823119746932
              ],
              [
                4.554368394141664,
                50.48831971083018
              ],
              [
                4.554771102452414,
                50.48838334709694
              ],
              [
                4.555181649387887,
                50.488421493317176
              ],
              [
                4.5555960805054125,
                50.48843378206062
              ],
              [
                4.556010403930227,
                50.48842009496001
              ],
              [
                4.556420628825406,
                50.488380563851806
              ],
              [
                4.556822803851795,
                50.48831556950571
              ],
              [
                4.557213055246501,
                50.48822573795517
              ],
              [
                4.5575876241523305,
                50.48811193446438
              ],
              [
                4.557942902837725,
                50.48797525519013
              ],
              [
                4.5582754694576515,
                50.48781701661873
              ],
              [
                4.558582121020023,
                50.48763874288016
              ],
              [
                4.558859904239706,
                50.48744215106211
              ],
              [
                4.559106143982698,
                50.48722913466511
              ],
              [
                4.559318469026409,
                50.48700174535891
              ],
              [
                4.559494834888124,
                50.48676217321592
              ],
              [
                4.5596335435020485,
                50.48651272561231
              ],
              [
                4.559733259555931,
                50.48625580500036
              ],
              [
                4.5597930233305775,
                50.48599388576635
              ],
              [
                4.559812259919371,
                50.48572949039698
              ],
              [
                4.55979078473991,
                50.48546516518412
              ],
              [
                4.559728805285645,
                50.485203455701836
              ],
              [
                4.559626919101631,
                50.484946882292
              ],
              [
                4.559486108004903,
                50.48469791579443
              ],
              [
                4.5593077286060915,
                50.48445895375533
              ],
              [
                4.55909349922443,
                50.48423229734282
              ],
              [
                4.558845483322954,
                50.48402012919195
              ],
              [
                4.558566069624053,
                50.48382449239189
              ],
              [
                4.558257949097318,
                50.483647270817926
              ],
              [
                4.5579240890416335,
                50.48349017099688
              ],
              [
                4.5575677045111584,
                50.48335470568046
              ],
              [
                4.557192227360315,
                50.48324217928473
              ],
              [
                4.556801273205583,
                50.48315367533489
              ],
              [
                4.556780037098949,
                50.48315031964839
              ],
              [
                4.556706596630622,
                50.483087488849826
              ],
              [
                4.556427197264812,
                50.482891846883994
              ],
              [
                4.5561190908048355,
                50.48271461961956
              ],
              [
                4.555819572492201,
                50.48257366830503
              ],
              [
                4.555868237723322,
                50.48248615711344
              ],
              [
                4.555967965721193,
                50.48222923955463
              ],
              [
                4.556027745232568,
                50.481967322077885
              ],
              [
                4.556047001199149,
                50.48170292715304
              ],
              [
                4.556025548851791,
                50.4814386010677
              ],
              [
                4.555963595463954,
                50.48117688940435
              ],
              [
                4.5558617383295665,
                50.48092031252588
              ],
              [
                4.555720958985834,
                50.48067134130555
              ],
              [
                4.555542613737542,
                50.48043237333507
              ],
              [
                4.555328420575014,
                50.48020570983967
              ],
              [
                4.555080442612487,
                50.47999353352266
              ],
              [
                4.554801068207008,
                50.479797887551854
              ],
              [
                4.554540047519314,
                50.479647728344446
              ],
              [
                4.554530387878984,
                50.47952865501266
              ],
              [
                4.554468445247451,
                50.479266942470225
              ],
              [
                4.5543666003158005,
                50.47901036420167
              ],
              [
                4.554225834503679,
                50.47876139109362
              ],
              [
                4.554047503985532,
                50.478522420755965
              ],
              [
                4.5539191705362425,
                50.47838660433583
              ],
              [
                4.554306647150487,
                50.478447848235575
              ],
              [
                4.554717107621722,
                50.478485996157694
              ],
              [
                4.555131451713954,
                50.47849828657585
              ],
              [
                4.5555456883908025,
                50.478484601106665
              ],
              [
                4.555955827651058,
                50.478445071570896
              ],
              [
                4.556357918980544,
                50.478380078723085
              ],
              [
                4.556748089422664,
                50.478290248582205
              ],
              [
                4.557122580900055,
                50.47817644639896
              ],
              [
                4.557477786427008,
                50.47803976831746
              ],
              [
                4.557810284863174,
                50.47788153081251
              ],
              [
                4.558116873873184,
                50.47770325800386
              ],
              [
                4.558394600774337,
                50.47750666697018
              ],
              [
                4.5586407909749695,
                50.477293651204434
              ],
              [
                4.55885307372952,
                50.4770662623703
              ],
              [
                4.559029404962398,
                50.47682669053564
              ],
              [
                4.559168086941114,
                50.47657724307361
              ],
              [
                4.5592677846097045,
                50.47632032243514
              ],
              [
                4.5593275384257765,
                50.476058403006775
              ],
              [
                4.559346773578347,
                50.475794007277074
              ],
              [
                4.55932530549856,
                50.47552968154137
              ],
              [
                4.559263341611211,
                50.47526797137877
              ],
              [
                4.559161479311165,
                50.47501139713771
              ],
              [
                4.559020700185197,
                50.47476242966603
              ],
              [
                4.558842360535828,
                50.47452346651929
              ],
              [
                4.558628178299307,
                50.474296808876346
              ],
              [
                4.558380216484515,
                50.47408463938405
              ],
              [
                4.55810086329288,
                50.47388900114456
              ],
              [
                4.55779280911126,
                50.47371177804704
              ],
              [
                4.557459020599636,
                50.47355467663293
              ],
              [
                4.557102712123252,
                50.47341920966937
              ],
              [
                4.556727314804229,
                50.47330668158824
              ],
              [
                4.556336443490413,
                50.47321817593103
              ],
              [
                4.555933861959063,
                50.473154544920106
              ],
              [
                4.555523446689892,
                50.47311640125654
              ],
              [
                4.555109149555502,
                50.47310411222338
              ],
              [
                4.554694959787712,
                50.473117796150774
              ],
              [
                4.554284865585041,
                50.4731573212772
              ],
              [
                4.5538828157301285,
                50.473222307017615
              ],
              [
                4.553492681585726,
                50.473312127626116
              ],
              [
                4.553118219834296,
                50.47342591821839
              ],
              [
                4.552763036319195,
                50.4735625830957
              ],
              [
                4.55243055133487,
                50.47372080629072
              ],
              [
                4.552123966699743,
                50.47389906423359
              ],
              [
                4.55184623492839,
                50.47409564041693
              ],
              [
                4.551600030799633,
                50.47430864191847
              ],
              [
                4.551387725594285,
                50.47453601762269
              ],
              [
                4.551211364250707,
                50.47477557796634
              ],
              [
                4.551072645658525,
                50.475025016017796
              ],
              [
                4.550972906280741,
                50.47528192968781
              ],
              [
                4.5509131072626055,
                50.47554384485763
              ],
              [
                4.550893825152192,
                50.475808239202365
              ],
              [
                4.550915246322922,
                50.47607256647986
              ],
              [
                4.550977165152688,
                50.47633428105178
              ],
              [
                4.551078985978159,
                50.47659086240026
              ],
              [
                4.55121972880641,
                50.476839839404306
              ],
              [
                4.551398038729818,
                50.47707881414201
              ],
              [
                4.551526361410224,
                50.477214633371965
              ],
              [
                4.5511388984749255,
                50.47715338020169
              ],
              [
                4.550728452429337,
                50.47711521964941
              ],
              [
                4.550671347612984,
                50.47711352365924
              ],
              [
                4.550613278830518,
                50.476868079527655
              ],
              [
                4.550511459931197,
                50.47661149778341
              ],
              [
                4.550370721502891,
                50.47636251991328
              ],
              [
                4.550192419456318,
                50.47612354357307
              ],
              [
                4.549978271365742,
                50.47589687006863
              ]
            ]
          ],
          [
            [
              [
                4.5633263422785575,
                50.45555546265095
              ],
              [
                4.5630784574695,
                50.455343302529
              ],
              [
                4.562799195332106,
                50.45514767497794
              ],
              [
                4.562491245376197,
                50.45497046378396
              ],
              [
                4.562157573257973,
                50.454813375373995
              ],
              [
                4.561801392221821,
                50.4546779223899
              ],
              [
                4.561426132162726,
                50.45456540912902
              ],
              [
                4.561035406606919,
                50.45447691899009
              ],
              [
                4.560632977928296,
                50.45441330404611
              ],
              [
                4.560222721134947,
                50.454375176843456
              ],
              [
                4.559808586573754,
                50.45436290450665
              ],
              [
                4.559394561911397,
                50.45437660520512
              ],
              [
                4.5589846337568805,
                50.45441614701584
              ],
              [
                4.558582749294247,
                50.45448114919306
              ],
              [
                4.558192778293944,
                50.45457098583265
              ],
              [
                4.557818475867735,
                50.45468479189588
              ],
              [
                4.5574634463249915,
                50.45482147153505
              ],
              [
                4.557131108477651,
                50.45497970864061
              ],
              [
                4.556824662727359,
                50.455157979508755
              ],
              [
                4.55654706025129,
                50.45535456750759
              ],
              [
                4.556300974583116,
                50.455567579601016
              ],
              [
                4.556088775862729,
                50.455794964571496
              ],
              [
                4.555912508002804,
                50.45603453276649
              ],
              [
                4.555773868992391,
                50.456283977178714
              ],
              [
                4.555674194527712,
                50.45654089565764
              ],
              [
                4.555614445128437,
                50.45680281403817
              ],
              [
                4.5555951968642905,
                50.457067209964436
              ],
              [
                4.5556166357822105,
                50.45733153717905
              ],
              [
                4.555678556088631,
                50.45759325004422
              ],
              [
                4.555780362105464,
                50.45784982805854
              ],
              [
                4.555921073981881,
                50.458098800133115
              ],
              [
                4.5560412357444235,
                50.45825988167989
              ],
              [
                4.556066060297224,
                50.458303804959534
              ],
              [
                4.556244324925146,
                50.45854277298988
              ],
              [
                4.5564584245763875,
                50.45876943559988
              ],
              [
                4.5567062976710035,
                50.458981609714606
              ],
              [
                4.556985557249148,
                50.459177251775245
              ],
              [
                4.557293513951368,
                50.459354477427816
              ],
              [
                4.557627201916174,
                50.459511579678534
              ],
              [
                4.557983407345598,
                50.45964704534149
              ],
              [
                4.558358699463535,
                50.45975956961926
              ],
              [
                4.5587494635684,
                50.45984806867605
              ],
              [
                4.559151935861342,
                50.45991169008213
              ],
              [
                4.559562239713926,
                50.45994982102824
              ],
              [
                4.559976423025265,
                50.45996209423121
              ],
              [
                4.560390496307908,
                50.459948391473525
              ],
              [
                4.560800471134755,
                50.459908844742394
              ],
              [
                4.561202398575751,
                50.45984383495803
              ],
              [
                4.561592407253141,
                50.45975398830254
              ],
              [
                4.561642336582553,
                50.459738807118065
              ],
              [
                4.5616884192517135,
                50.45993346383734
              ],
              [
                4.561790262827068,
                50.46019003649448
              ],
              [
                4.561931013218768,
                50.4604390012044
              ],
              [
                4.562109315445868,
                50.46067796016358
              ],
              [
                4.562323452788141,
                50.460904611899664
              ],
              [
                4.562571363302588,
                50.4611167734424
              ],
              [
                4.562850659668906,
                50.4613124013541
              ],
              [
                4.56315865217325,
                50.461489611416965
              ],
              [
                4.563492374609223,
                50.46164669678743
              ],
              [
                4.563848612846762,
                50.46178214444211
              ],
              [
                4.5642239357936765,
                50.46189464975701
              ],
              [
                4.564614728451362,
                50.46198312907902
              ],
              [
                4.565017226745872,
                50.46204673016845
              ],
              [
                4.565427553798258,
                50.46208484041175
              ],
              [
                4.565841757284117,
                50.462097092725195
              ],
              [
                4.566255847521635,
                50.462083369092404
              ],
              [
                4.5666658359203804,
                50.46204380170173
              ],
              [
                4.567067773419564,
                50.46197877167235
              ],
              [
                4.567457788544563,
                50.46188890538134
              ],
              [
                4.5678321247142915,
                50.461775068427606
              ],
              [
                4.568187176439188,
                50.4616383572901
              ],
              [
                4.5685195240604894,
                50.46148008876202
              ],
              [
                4.568825966695583,
                50.46130178726186
              ],
              [
                4.569103553071673,
                50.46110517014459
              ],
              [
                4.569349609950578,
                50.46089213115435
              ],
              [
                4.569561767870743,
                50.46066472217846
              ],
              [
                4.569737983958752,
                50.460425133478644
              ],
              [
                4.569876561590872,
                50.4601756725905
              ],
              [
                4.569976166715815,
                50.45991874209414
              ],
              [
                4.570035840682107,
                50.459656816471
              ],
              [
                4.570055009447368,
                50.45939241826923
              ],
              [
                4.57003348908164,
                50.45912809380791
              ],
              [
                4.56997148751277,
                50.45886638865381
              ],
              [
                4.569869602498013,
                50.458609823107075
              ],
              [
                4.569728815842391,
                50.45836086793179
              ],
              [
                4.569550483920454,
                50.45812192056506
              ],
              [
                4.569336324593584,
                50.457895282033725
              ],
              [
                4.569088400649634,
                50.45768313480058
              ],
              [
                4.568809099924998,
                50.45748752175344
              ],
              [
                4.568501112301005,
                50.45731032653884
              ],
              [
                4.568167403796509,
                50.45715325542975
              ],
              [
                4.567811188006187,
                50.4570178209015
              ],
              [
                4.5674358951596,
                50.45690532707362
              ],
              [
                4.567045139098615,
                50.45681685715779
              ],
              [
                4.566642682490784,
                50.456753263032255
              ],
              [
                4.56623240061306,
                50.4567151570429
              ],
              [
                4.565818244053811,
                50.45670290611
              ],
              [
                4.565404200691488,
                50.45671662819689
              ],
              [
                4.564994257315134,
                50.4567561911746
              ],
              [
                4.564592361255354,
                50.456821214093566
              ],
              [
                4.564202382394276,
                50.45691107084992
              ],
              [
                4.5641582249890265,
                50.456924499062076
              ],
              [
                4.564111366506002,
                50.45672659712531
              ],
              [
                4.5640095178085485,
                50.4564700263587
              ],
              [
                4.56386876828521,
                50.45622106400622
              ],
              [
                4.563690473952949,
                50.45598210757414
              ],
              [
                4.563686719400577,
                50.45597813337383
              ],
              [
                4.5635404622996925,
                50.45578211233185
              ],
              [
                4.5633263422785575,
                50.45555546265095
              ]
            ]
          ],
          [
            [
              [
                4.573921827048052,
                50.45784131380831
              ],
              [
                4.573531857482917,
                50.4579312018305
              ],
              [
                4.573530799130073,
                50.457931523771755
              ],
              [
                4.573527857658588,
                50.45793220177491
              ],
              [
                4.573153565516602,
                50.45804605712795
              ],
              [
                4.572798555024063,
                50.458182783502934
              ],
              [
                4.572466244809648,
                50.45834106434023
              ],
              [
                4.572159835009122,
                50.458519375514946
              ],
              [
                4.571882276453717,
                50.45871600000699
              ],
              [
                4.571636242254411,
                50.45892904442882
              ],
              [
                4.571424102055719,
                50.45915645725155
              ],
              [
                4.571247899207014,
                50.45939604855436
              ],
              [
                4.571109331071528,
                50.45964551110738
              ],
              [
                4.571009732663171,
                50.45990244258529
              ],
              [
                4.570950063769365,
                50.460164368697754
              ],
              [
                4.570930899684695,
                50.460428767014335
              ],
              [
                4.570952425645525,
                50.46069309125455
              ],
              [
                4.5710144350200865,
                50.46095479580917
              ],
              [
                4.571116331272526,
                50.46121136025673
              ],
              [
                4.571257133682947,
                50.46146031363888
              ],
              [
                4.571435486769349,
                50.461699258261156
              ],
              [
                4.5716496733215894,
                50.46192589278927
              ],
              [
                4.571897630922614,
                50.462138034418665
              ],
              [
                4.572176971798491,
                50.46233363990337
              ],
              [
                4.572485005806563,
                50.46251082524162
              ],
              [
                4.572818766340551,
                50.462667883827905
              ],
              [
                4.573175038903319,
                50.46280330289684
              ],
              [
                4.573550392071942,
                50.462915778099756
              ],
              [
                4.573941210556612,
                50.46300422607355
              ],
              [
                4.574343730034527,
                50.463067794880494
              ],
              [
                4.574754073422623,
                50.463105872217966
              ],
              [
                4.575168288239101,
                50.46311809131918
              ],
              [
                4.575223742283713,
                50.46311624914849
              ],
              [
                4.575252293018912,
                50.463117091310735
              ],
              [
                4.575666389439671,
                50.46310333418021
              ],
              [
                4.576076378801798,
                50.463063733628054
              ],
              [
                4.576478312035253,
                50.46299867109287
              ],
              [
                4.576868317706549,
                50.46290877326485
              ],
              [
                4.577242639325734,
                50.46279490604658
              ],
              [
                4.577597671543488,
                50.46265816620863
              ],
              [
                4.577929994889054,
                50.46249987082052
              ],
              [
                4.578236408713762,
                50.46232154455951
              ],
              [
                4.578513962022447,
                50.46212490501901
              ],
              [
                4.578759981895557,
                50.46191184615911
              ],
              [
                4.578972099228098,
                50.46168442005844
              ],
              [
                4.579148271537696,
                50.46144481714368
              ],
              [
                4.579286802622385,
                50.461195345087226
              ],
              [
                4.5793863588792805,
                50.460938406576766
              ],
              [
                4.579445982127642,
                50.46067647617081
              ],
              [
                4.57946509881361,
                50.46041207646356
              ],
              [
                4.579443525508818,
                50.46014775378854
              ],
              [
                4.579381470650963,
                50.45988605369524
              ],
              [
                4.579279532510475,
                50.45962949643504
              ],
              [
                4.579138693403952,
                50.45938055269214
              ],
              [
                4.5789603102109835,
                50.45914161979353
              ],
              [
                4.578746101286607,
                50.45891499862665
              ],
              [
                4.578498129896189,
                50.458702871487084
              ],
              [
                4.5782187843329,
                50.45850728106907
              ],
              [
                4.577910754909723,
                50.45833011080123
              ],
              [
                4.577577008047885,
                50.45817306671627
              ],
              [
                4.577220757711296,
                50.45803766102931
              ],
              [
                4.576845434462047,
                50.457925197582135
              ],
              [
                4.576454652434649,
                50.45783675929387
              ],
              [
                4.576052174546596,
                50.45777319773818
              ],
              [
                4.575641876279676,
                50.45773512494739
              ],
              [
                4.575227708380012,
                50.457722907522076
              ],
              [
                4.575190084630106,
                50.45772415752196
              ],
              [
                4.575147712931941,
                50.457722907513634
              ],
              [
                4.574733663363945,
                50.457736662809715
              ],
              [
                4.574323718955794,
                50.45777625866331
              ],
              [
                4.573921827048052,
                50.45784131380831
              ]
            ]
          ],
          [
            [
              [
                4.588735161165373,
                50.46833503769861
              ],
              [
                4.588344271115732,
                50.46824663950632
              ],
              [
                4.587941688877656,
                50.46818311919984
              ],
              [
                4.587531290937517,
                50.468145088414296
              ],
              [
                4.587117029000999,
                50.468132913345784
              ],
              [
                4.586702891961034,
                50.468146711227135
              ],
              [
                4.586292867508547,
                50.46818634919958
              ],
              [
                4.585890903754752,
                50.46825144559143
              ],
              [
                4.585603136751699,
                50.46831779486202
              ],
              [
                4.585437124563573,
                50.468312913238314
              ],
              [
                4.585022985461651,
                50.468326705139134
              ],
              [
                4.584612958046892,
                50.46836633718966
              ],
              [
                4.584210990459026,
                50.46843142777525
              ],
              [
                4.583820953268915,
                50.46852135014044
              ],
              [
                4.583446602225755,
                50.46863523842109
              ],
              [
                4.5830915421072405,
                50.4687719959778
              ],
              [
                4.5827591920199975,
                50.46893030595069
              ],
              [
                4.582452752483883,
                50.469108643934284
              ],
              [
                4.5821751746166575,
                50.469305292650375
              ],
              [
                4.5819291317155,
                50.469518358478126
              ],
              [
                4.581716993509002,
                50.46974578968245
              ],
              [
                4.581540803327658,
                50.46998539616552
              ],
              [
                4.5814022584130445,
                50.47023487055126
              ],
              [
                4.581388002380127,
                50.47027166024444
              ],
              [
                4.581101673024927,
                50.47024511152344
              ],
              [
                4.580687394384005,
                50.470232913564104
              ],
              [
                4.5802732371213954,
                50.47024668855247
              ],
              [
                4.579863189122706,
                50.470286303850216
              ],
              [
                4.579461198725823,
                50.47035137800402
              ],
              [
                4.57907113672118,
                50.470441284416616
              ],
              [
                4.578696759096856,
                50.470555157377504
              ],
              [
                4.578341670886433,
                50.470691900394776
              ],
              [
                4.578009291466974,
                50.47085019674861
              ],
              [
                4.577702821640724,
                50.47102852216465
              ],
              [
                4.57742521281706,
                50.47122515948573
              ],
              [
                4.577179138591211,
                50.47143821520076
              ],
              [
                4.576966968993373,
                50.47166563767205
              ],
              [
                4.576790747656307,
                50.47190523688589
              ],
              [
                4.576652172121605,
                50.47215470553625
              ],
              [
                4.576552577474779,
                50.47241164123905
              ],
              [
                4.576492923467387,
                50.47267356966322
              ],
              [
                4.576473785251025,
                50.472937968356064
              ],
              [
                4.576495347813297,
                50.47320229103345
              ],
              [
                4.576557404170287,
                50.47346399210115
              ],
              [
                4.576659357333987,
                50.47372055117124
              ],
              [
                4.576800226036682,
                50.47396949733712
              ],
              [
                4.576978654158153,
                50.47420843297381
              ],
              [
                4.5771929237657725,
                50.47443505683352
              ],
              [
                4.577440971642695,
                50.47464718621437
              ],
              [
                4.577720409145593,
                50.47484277798838
              ],
              [
                4.578028545201163,
                50.47501994828574
              ],
              [
                4.578362412220219,
                50.47517699064584
              ],
              [
                4.578718794679912,
                50.475312392459514
              ],
              [
                4.57909426009869,
                50.475424849544275
              ],
              [
                4.5794851921054045,
                50.47551327871154
              ],
              [
                4.5798878252836355,
                50.47557682820468
              ],
              [
                4.580298281454958,
                50.4756148859071
              ],
              [
                4.580712607051035,
                50.475627085241165
              ],
              [
                4.581126811213653,
                50.475613308700794
              ],
              [
                4.58153690425486,
                50.47557368898397
              ],
              [
                4.581938936105814,
                50.47550860771387
              ],
              [
                4.582329034383024,
                50.47541869176116
              ],
              [
                4.582703441704475,
                50.475304807203024
              ],
              [
                4.583058551895346,
                50.47516805097704
              ],
              [
                4.583390944733871,
                50.4750097403106
              ],
              [
                4.583697418902123,
                50.474831400028116
              ],
              [
                4.58397502282386,
                50.47463474785805
              ],
              [
                4.584221083092236,
                50.47442167788214
              ],
              [
                4.584433230213429,
                50.47419424228609
              ],
              [
                4.584609421418445,
                50.47395463158801
              ],
              [
                4.584747960323649,
                50.47370515353526
              ],
              [
                4.584762214780878,
                50.4736683634511
              ],
              [
                4.585048566871904,
                50.473694903148235
              ],
              [
                4.585462876902121,
                50.473707085571114
              ],
              [
                4.585877062899623,
                50.473693292116394
              ],
              [
                4.586287135351465,
                50.47365365564503
              ],
              [
                4.586689144387167,
                50.473588557941554
              ],
              [
                4.5869769418783815,
                50.473522206041785
              ],
              [
                4.58714297247557,
                50.473527085464035
              ],
              [
                4.587432248805492,
                50.47351744775197
              ],
              [
                4.587455084445722,
                50.47353342766765
              ],
              [
                4.587763248381475,
                50.47371057222164
              ],
              [
                4.588097138434443,
                50.47386758668149
              ],
              [
                4.588453538859788,
                50.47400295870674
              ],
              [
                4.5888290170028,
                50.474115384401806
              ],
              [
                4.589219956369679,
                50.47420378088044
              ],
              [
                4.589622591473035,
                50.47426729670087
              ],
              [
                4.590033044115857,
                50.474305320070854
              ],
              [
                4.590447360763773,
                50.47431748474343
              ],
              [
                4.590861550644765,
                50.47430367354641
              ],
              [
                4.5912716242084795,
                50.47426401951158
              ],
              [
                4.591673631573741,
                50.47419890459265
              ],
              [
                4.592063700592987,
                50.47410895598441
              ],
              [
                4.592438074166115,
                50.473995040078584
              ],
              [
                4.592793146443479,
                50.47385825411466
              ],
              [
                4.593125497568621,
                50.473699915606474
              ],
              [
                4.593431926625512,
                50.473521549646556
              ],
              [
                4.593709482472542,
                50.47332487421069
              ],
              [
                4.593955492166022,
                50.47311178360463
              ],
              [
                4.594167586699354,
                50.472884330212786
              ],
              [
                4.594343723810132,
                50.47264470472457
              ],
              [
                4.59448220763579,
                50.4723952150298
              ],
              [
                4.594581705028997,
                50.472138263985904
              ],
              [
                4.59464125837632,
                50.471876326272074
              ],
              [
                4.5946602947974675,
                50.471611924552796
              ],
              [
                4.594638631637414,
                50.471347605180874
              ],
              [
                4.5945764781994995,
                50.471085913673924
              ],
              [
                4.594474433703761,
                50.47082937020051
              ],
              [
                4.594333481491203,
                50.47058044531201
              ],
              [
                4.594154979530758,
                50.47034153615372
              ],
              [
                4.593940647321246,
                50.470114943384424
              ],
              [
                4.593879153904948,
                50.47006237403664
              ],
              [
                4.5938707643996635,
                50.4700511451822
              ],
              [
                4.593656434862524,
                50.46982455187856
              ],
              [
                4.593408339648825,
                50.469612456904144
              ],
              [
                4.59312886824405,
                50.469416902643395
              ],
              [
                4.5928207121728635,
                50.46923977217664
              ],
              [
                4.592486839075876,
                50.469082771153374
              ],
              [
                4.59213046413236,
                50.468947411373925
              ],
              [
                4.59175501910405,
                50.46883499623804
              ],
              [
                4.591364119297847,
                50.46874660819959
              ],
              [
                4.590961528765105,
                50.468683098348414
              ],
              [
                4.590551124072036,
                50.468645078218906
              ],
              [
                4.590136856989333,
                50.46863291390462
              ],
              [
                4.589722716459466,
                50.4686467225348
              ],
              [
                4.589623261919327,
                50.46865633970304
              ],
              [
                4.589466957627224,
                50.46858283163008
              ],
              [
                4.589110595069143,
                50.46844746258913
              ],
              [
                4.588735161165373,
                50.46833503769861
              ]
            ]
          ]
        ]
      },
      "properties": {
        "type": "buffer_union_300m",
        "buffer_m": 300
      }
    },
    {
      "type": "Feature",
      "geometry": {
        "type": "MultiPolygon",
        "coordinates": [
          [
            [
              [
                4.553120438382608,
                50.450076619176414
              ],
              [
                4.552835046256837,
                50.44977439366556
              ],
              [
                4.5525046365756765,
                50.44949148331504
              ],
              [
                4.5521323917089695,
                50.44923061233998
              ],
              [
                4.551721896690183,
                50.44899429269
              ],
              [
                4.5512771046862825,
                50.44878479987246
              ],
              [
                4.550802298931367,
                50.448604151052635
              ],
              [
                4.550302051490462,
                50.44845408564137
              ],
              [
                4.549781179250099,
                50.4483360485565
              ],
              [
                4.549244697558638,
                50.4482511763188
              ],
              [
                4.548697771961696,
                50.448200286115906
              ],
              [
                4.548145668496078,
                50.44818386793926
              ],
              [
                4.5475937030193725,
                50.44820207986935
              ],
              [
                4.5470471900614635,
                50.448254746554724
              ],
              [
                4.546511391688778,
                50.44834136089919
              ],
              [
                4.545991466871984,
                50.44846108894108
              ],
              [
                4.545492421843018,
                50.448612777877784
              ],
              [
                4.545019061918014,
                50.44879496715849
              ],
              [
                4.544575945248688,
                50.44900590253873
              ],
              [
                4.544167338946496,
                50.44924355296168
              ],
              [
                4.543797178001243,
                50.4495056301043
              ],
              [
                4.543469027389305,
                50.449789610400515
              ],
              [
                4.543186047736204,
                50.450092759329905
              ],
              [
                4.542950964864387,
                50.45041215773869
              ],
              [
                4.542766043520031,
                50.450744729939736
              ],
              [
                4.54271685451024,
                50.45087143849862
              ],
              [
                4.542704627942385,
                50.45089342711581
              ],
              [
                4.5425716490942465,
                50.45123597041974
              ],
              [
                4.5424918954785385,
                50.451585186231135
              ],
              [
                4.542466136321975,
                50.45193771151998
              ],
              [
                4.542494620900121,
                50.4522901513106
              ],
              [
                4.542577076090599,
                50.45263911137577
              ],
              [
                4.542712708957289,
                50.45298123092655
              ],
              [
                4.542900214342453,
                50.453313214982856
              ],
              [
                4.5431377873953345,
                50.453631866112836
              ],
              [
                4.543423140918168,
                50.453934115235285
              ],
              [
                4.5437535273638945,
                50.454217051188024
              ],
              [
                4.544125765274888,
                50.45447794877687
              ],
              [
                4.544536269908882,
                50.45471429503495
              ],
              [
                4.544981087757669,
                50.454923813438434
              ],
              [
                4.54545593462631,
                50.45510448584541
              ],
              [
                4.54595623690596,
                50.4552545719457
              ],
              [
                4.546477175642254,
                50.455372626033935
              ],
              [
                4.547013732974082,
                50.45545751094371
              ],
              [
                4.547560740494314,
                50.45550840900852
              ],
              [
                4.548112929065384,
                50.45552482994307
              ],
              [
                4.548664979608415,
                50.45550661556928
              ],
              [
                4.549211574375017,
                50.45545394134091
              ],
              [
                4.549747448206232,
                50.45536731465239
              ],
              [
                4.5502674392832025,
                50.455247569947964
              ],
              [
                4.550766538879081,
                50.45509586067854
              ],
              [
                4.5512399396315,
                50.454913648184
              ],
              [
                4.551683081869327,
                50.45470268760825
              ],
              [
                4.55209169754642,
                50.45446501098322
              ],
              [
                4.552461851358475,
                50.454202907645275
              ],
              [
                4.552789978646455,
                50.453918902172965
              ],
              [
                4.553072919721399,
                50.453615730059354
              ],
              [
                4.553307950280266,
                50.45329631135374
              ],
              [
                4.55349280762038,
                50.45296372252699
              ],
              [
                4.553541969998395,
                50.452837009453354
              ],
              [
                4.553554192040666,
                50.45281501970377
              ],
              [
                4.553687095960733,
                50.452472463930825
              ],
              [
                4.553766768600553,
                50.45212324049481
              ],
              [
                4.553792443825045,
                50.451770712717334
              ],
              [
                4.553763875568632,
                50.451418275669084
              ],
              [
                4.5536813401588345,
                50.45106932347207
              ],
              [
                4.55354563360899,
                50.45072721661387
              ],
              [
                4.553358063907936,
                50.450395249588674
              ],
              [
                4.553120438382608,
                50.450076619176414
              ]
            ]
          ],
          [
            [
              [
                4.53367613853339,
                50.45596218917479
              ],
              [
                4.53330394648355,
                50.45570125820515
              ],
              [
                4.532893489309996,
                50.455464872341416
              ],
              [
                4.532448719815797,
                50.455255307728564
              ],
              [
                4.531973921018759,
                50.45507458222322
              ],
              [
                4.531473664917281,
                50.454924435974654
              ],
              [
                4.530952768481563,
                50.45480631467907
              ],
              [
                4.530416247293108,
                50.45472135566806
              ],
              [
                4.529869267277905,
                50.454670376964785
              ],
              [
                4.5293170949966965,
                50.45465386941278
              ],
              [
                4.528765046969532,
                50.4546719919531
              ],
              [
                4.52821843852091,
                50.45472457009496
              ],
              [
                4.527682532636393,
                50.45481109759467
              ],
              [
                4.527162489321463,
                50.45493074132682
              ],
              [
                4.526663315948617,
                50.45508234930058
              ],
              [
                4.526189819069328,
                50.455264461744775
              ],
              [
                4.525746558153562,
                50.45547532515481
              ],
              [
                4.525337801701266,
                50.455712909166934
              ],
              [
                4.5249674861476334,
                50.455974926097674
              ],
              [
                4.52463917795743,
                50.45625885296088
              ],
              [
                4.524356039273254,
                50.4565619557508
              ],
              [
                4.5241207974487265,
                50.456881315758096
              ],
              [
                4.523935718760566,
                50.45721385766561
              ],
              [
                4.523802586553552,
                50.457556379154084
              ],
              [
                4.5237226840299885,
                50.45790558173297
              ],
              [
                4.523696781850786,
                50.458258102499876
              ],
              [
                4.5237251306691615,
                50.45861054652282
              ],
              [
                4.523807458670559,
                50.458959519534055
              ],
              [
                4.523807596837821,
                50.45895986837283
              ],
              [
                4.523808458219488,
                50.458963519581076
              ],
              [
                4.523943973711827,
                50.459305660665805
              ],
              [
                4.524131372654011,
                50.45963767463759
              ],
              [
                4.524368851221031,
                50.459956363776634
              ],
              [
                4.524654123125744,
                50.46025865863584
              ],
              [
                4.5249844416078115,
                50.46054164761258
              ],
              [
                4.525356625864808,
                50.46080260500208
              ],
              [
                4.525767091671822,
                50.46103901726155
              ],
              [
                4.526211885895145,
                50.46124860723151
              ],
              [
                4.5266867245678535,
                50.461429356080735
              ],
              [
                4.527187034160414,
                50.46157952276279
              ],
              [
                4.527707995648302,
                50.461697660796055
              ],
              [
                4.52824459095143,
                50.461782632205605
              ],
              [
                4.5287916512969835,
                50.461833618491674
              ],
              [
                4.529343907038527,
                50.46185012851919
              ],
              [
                4.529896038450031,
                50.461832003251835
              ],
              [
                4.530442727003912,
                50.461779417285044
              ],
              [
                4.530978706637507,
                50.46169287716305
              ],
              [
                4.531498814512446,
                50.46157321649628
              ],
              [
                4.531998040776418,
                50.46142158792615
              ],
              [
                4.532471576846497,
                50.461239452015256
              ],
              [
                4.532914861747674,
                50.4610285631699
              ],
              [
                4.533323626059207,
                50.460790952731166
              ],
              [
                4.533693933044726,
                50.46052890939799
              ],
              [
                4.534022216569473,
                50.46024495717109
              ],
              [
                4.534305315439355,
                50.45994183103083
              ],
              [
                4.5345405038312965,
                50.45962245058385
              ],
              [
                4.534725517522339,
                50.45928989193273
              ],
              [
                4.534858575665755,
                50.45894735804012
              ],
              [
                4.534938397905579,
                50.45859814787321
              ],
              [
                4.53496421666614,
                50.458245624626066
              ],
              [
                4.534935784499803,
                50.45789318332589
              ],
              [
                4.534853376423853,
                50.45754421813585
              ],
              [
                4.534853238179432,
                50.457543869310136
              ],
              [
                4.534852375972822,
                50.457540218182885
              ],
              [
                4.534716786793465,
                50.45719808971449
              ],
              [
                4.534529323355455,
                50.456866092671106
              ],
              [
                4.5342917919630015,
                50.45654742412198
              ],
              [
                4.5340064809340666,
                50.45624515272288
              ],
              [
                4.53367613853339,
                50.45596218917479
              ]
            ]
          ],
          [
            [
              [
                4.518240308699685,
                50.468990439194165
              ],
              [
                4.517687973623905,
                50.4689738764697
              ],
              [
                4.517135754342418,
                50.4689919437691
              ],
              [
                4.516588967828236,
                50.469044467133415
              ],
              [
                4.516052878780979,
                50.46913094084646
              ],
              [
                4.515532648969265,
                50.46925053230066
              ],
              [
                4.515033287560857,
                50.46940209000861
              ],
              [
                4.514559602917357,
                50.469584154683176
              ],
              [
                4.51411615631633,
                50.469794973279775
              ],
              [
                4.513707218045402,
                50.47003251586626
              ],
              [
                4.513336726290335,
                50.47029449515812
              ],
              [
                4.51300824921251,
                50.47057838853173
              ],
              [
                4.512724950580857,
                50.47088146230396
              ],
              [
                4.512489559289393,
                50.47120079804497
              ],
              [
                4.512304343054461,
                50.471533320671426
              ],
              [
                4.512171086545815,
                50.471875828049896
              ],
              [
                4.51209107416332,
                50.47222502182582
              ],
              [
                4.512065077626479,
                50.47257753918168
              ],
              [
                4.512093348497914,
                50.472929985218514
              ],
              [
                4.512175615714507,
                50.473278965649286
              ],
              [
                4.512311088151724,
                50.473621119489216
              ],
              [
                4.512498462198241,
                50.473953151428205
              ],
              [
                4.51273593426961,
                50.47427186357348
              ],
              [
                4.513021218142001,
                50.47457418625642
              ],
              [
                4.513351566940489,
                50.47485720760645
              ],
              [
                4.513723799571262,
                50.475118201607074
              ],
              [
                4.514134331343985,
                50.475354654362846
              ],
              [
                4.514579208489966,
                50.475564288324236
              ],
              [
                4.5150541462438385,
                50.47574508423633
              ],
              [
                4.515136772395325,
                50.47576988702397
              ],
              [
                4.515356660455245,
                50.47585359105867
              ],
              [
                4.515857086438263,
                50.476003806117916
              ],
              [
                4.516378178262938,
                50.47612199461474
              ],
              [
                4.51691491659363,
                50.476207018088104
              ],
              [
                4.517462131279612,
                50.476258057536704
              ],
              [
                4.518014551187469,
                50.476274621313394
              ],
              [
                4.51856685500946,
                50.47625654986406
              ],
              [
                4.519113722556831,
                50.47620401726577
              ],
              [
                4.519649886042298,
                50.476117529548674
              ],
              [
                4.520170180856078,
                50.475997919818404
              ],
              [
                4.520669595344735,
                50.475846340225814
              ],
              [
                4.521143319111887,
                50.47566425086172
              ],
              [
                4.521586789374231,
                50.47545340568415
              ],
              [
                4.5219957349253335,
                50.47521583561366
              ],
              [
                4.5223662172829515,
                50.47495382896044
              ],
              [
                4.5226946686231075,
                50.47466990937198
              ],
              [
                4.522977926135419,
                50.47436681151443
              ],
              [
                4.5232132624690236,
                50.4740474547221
              ],
              [
                4.523398411976387,
                50.473714914869866
              ],
              [
                4.523531592503135,
                50.47337239473949
              ],
              [
                4.523611522515161,
                50.47302319316574
              ],
              [
                4.523637433399487,
                50.47267067325999
              ],
              [
                4.523609076821973,
                50.472318230017436
              ],
              [
                4.5235267270727135,
                50.47196925762005
              ],
              [
                4.523391178378342,
                50.47162711675021
              ],
              [
                4.52320373720886,
                50.471295102229924
              ],
              [
                4.52296620965482,
                50.470976411296775
              ],
              [
                4.522680883997968,
                50.47067411282216
              ],
              [
                4.522350508644587,
                50.47039111776782
              ],
              [
                4.5219782656351715,
                50.470130151164646
              ],
              [
                4.521567739986372,
                50.469893725883225
              ],
              [
                4.521122885161006,
                50.46968411844807
              ],
              [
                4.520647984998797,
                50.4695033471282
              ],
              [
                4.520565366889127,
                50.46947854822873
              ],
              [
                4.520345499209879,
                50.469394853950085
              ],
              [
                4.519845128789643,
                50.469244658032245
              ],
              [
                4.519324103941263,
                50.46912648492879
              ],
              [
                4.518787441482601,
                50.469041472470174
              ],
              [
                4.518240308699685,
                50.468990439194165
              ]
            ]
          ],
          [
            [
              [
                4.549113840894115,
                50.474225202538996
              ],
              [
                4.54861332831663,
                50.47407513048116
              ],
              [
                4.548092178648033,
                50.47395708631713
              ],
              [
                4.547555409907493,
                50.473872206635775
              ],
              [
                4.547008190403935,
                50.47382130869641
              ],
              [
                4.546455789003415,
                50.47380488256491
              ],
              [
                4.545903524431503,
                50.47382308639839
              ],
              [
                4.545356714097228,
                50.473875744923326
              ],
              [
                4.544820622929655,
                50.47396235112213
              ],
              [
                4.54430041271805,
                50.4740820711116
              ],
              [
                4.543801092441821,
                50.47423375216668
              ],
              [
                4.543327470067018,
                50.47441593381257
              ],
              [
                4.542884106272234,
                50.47462686187829
              ],
              [
                4.542475270548452,
                50.47486450537756
              ],
              [
                4.542104900094758,
                50.4751265760541
              ],
              [
                4.541776561905288,
                50.47541055040412
              ],
              [
                4.54149341841237,
                50.475713693964614
              ],
              [
                4.541258197016889,
                50.4760330876335
              ],
              [
                4.541073163799873,
                50.47636565576938
              ],
              [
                4.540940101669297,
                50.47670819580033
              ],
              [
                4.540860293153712,
                50.47705740905706
              ],
              [
                4.540834508009777,
                50.47740993253419
              ],
              [
                4.540862995764616,
                50.47776237127346
              ],
              [
                4.540945483266553,
                50.47811133105787
              ],
              [
                4.540965481999709,
                50.47816175341214
              ],
              [
                4.5408273756061135,
                50.47821486817078
              ],
              [
                4.54038396513311,
                50.4784257865774
              ],
              [
                4.5399750840894635,
                50.4786634211425
              ],
              [
                4.539604670110618,
                50.47892548369588
              ],
              [
                4.53927629060982,
                50.47920945081203
              ],
              [
                4.538993108417224,
                50.479512588097556
              ],
              [
                4.538757851306439,
                50.47983197651087
              ],
              [
                4.5385727857025095,
                50.48016454046122
              ],
              [
                4.5384396948254135,
                50.480507077416966
              ],
              [
                4.53835986148068,
                50.480856288738536
              ],
              [
                4.538334055664248,
                50.48120881143913
              ],
              [
                4.538362527102516,
                50.48156125056809
              ],
              [
                4.5384450028011445,
                50.48191021190461
              ],
              [
                4.538580689627974,
                50.482252334647534
              ],
              [
                4.538768281906974,
                50.482584323786
              ],
              [
                4.539005973951792,
                50.4829029818392
              ],
              [
                4.539291477419745,
                50.48320523965925
              ],
              [
                4.539622043320538,
                50.48348818600014
              ],
              [
                4.539994488468847,
                50.48374909556761
              ],
              [
                4.540405226126871,
                50.483985455279324
              ],
              [
                4.540850300542234,
                50.484194988481825
              ],
              [
                4.54132542504881,
                50.48437567689061
              ],
              [
                4.541826023363353,
                50.48452578004128
              ],
              [
                4.542347273679679,
                50.48464385206417
              ],
              [
                4.542884155134915,
                50.48472875562012
              ],
              [
                4.543431496199188,
                50.48477967286294
              ],
              [
                4.543984024521334,
                50.4847961133226
              ],
              [
                4.544536417749012,
                50.48477791863293
              ],
              [
                4.544929066059989,
                50.48474011797603
              ],
              [
                4.5451151791368956,
                50.484899390688476
              ],
              [
                4.5454876656321455,
                50.485160282613435
              ],
              [
                4.545898442931293,
                50.48539662288094
              ],
              [
                4.546180432826864,
                50.48552935463348
              ],
              [
                4.546207170764431,
                50.485576655601776
              ],
              [
                4.5464449278602395,
                50.48589529829976
              ],
              [
                4.5467304968244,
                50.48619753771651
              ],
              [
                4.54706112803571,
                50.48648046278325
              ],
              [
                4.547433637679683,
                50.486741348410526
              ],
              [
                4.54784443839716,
                50.48697768174658
              ],
              [
                4.548289573828212,
                50.487187186391964
              ],
              [
                4.548764756718825,
                50.487367844337186
              ],
              [
                4.549265410223195,
                50.4875179154113
              ],
              [
                4.549786712003346,
                50.487635954053566
              ],
              [
                4.550077299570342,
                50.48768188588372
              ],
              [
                4.550326662322754,
                50.48779924068302
              ],
              [
                4.55080185912158,
                50.487979890292365
              ],
              [
                4.551302525547911,
                50.48812995258791
              ],
              [
                4.551426644250417,
                50.48815805430569
              ],
              [
                4.551609632783037,
                50.48828619038821
              ],
              [
                4.552020467731156,
                50.48852250892225
              ],
              [
                4.552465636147548,
                50.488731997540604
              ],
              [
                4.552940850460377,
                50.488912638388136
              ],
              [
                4.553441533521073,
                50.48906269145856
              ],
              [
                4.553962862706858,
                50.48918071136454
              ],
              [
                4.5544998163948875,
                50.489265561268965
              ],
              [
                4.555047222359267,
                50.4893164238424
              ],
              [
                4.5555998076234765,
                50.48933280914144
              ],
              [
                4.556152249286529,
                50.48931455933125
              ],
              [
                4.556699225831646,
                50.48926185020694
              ],
              [
                4.5572354684215615,
                50.489175189499115
              ],
              [
                4.557755811684669,
                50.48905541197975
              ],
              [
                4.5582552435012085,
                50.4889036714159
              ],
              [
                4.558728953308447,
                50.488721429448944
              ],
              [
                4.559172378458296,
                50.48851044150671
              ],
              [
                4.55958124817976,
                50.488272739884835
              ],
              [
                4.559951624722031,
                50.488010614160466
              ],
              [
                4.56027994128148,
                50.487726589127846
              ],
              [
                4.560563036347096,
                50.48742340046847
              ],
              [
                4.560798184133862,
                50.487103968391
              ],
              [
                4.560983120811419,
                50.48677136949515
              ],
              [
                4.5611160662763455,
                50.48642880713098
              ],
              [
                4.56119574125947,
                50.48607958053968
              ],
              [
                4.561221379604868,
                50.485727053073205
              ],
              [
                4.561192735603876,
                50.48537461979918
              ],
              [
                4.561110086315168,
                50.485025674803175
              ],
              [
                4.56097422885038,
                50.48468357850332
              ],
              [
                4.560786472653149,
                50.48435162529201
              ],
              [
                4.560548626847647,
                50.484033011816074
              ],
              [
                4.560262982780027,
                50.4837308062007
              ],
              [
                4.559932291922271,
                50.48344791851312
              ],
              [
                4.559559739352372,
                50.4831870727501
              ],
              [
                4.559148913067062,
                50.48295078061836
              ],
              [
                4.55870376942317,
                50.48274131736016
              ],
              [
                4.558228595040536,
                50.482560699856066
              ],
              [
                4.557727965533236,
                50.482410667215284
              ],
              [
                4.557603858150724,
                50.48238257219045
              ],
              [
                4.5574208762088055,
                50.482254445405815
              ],
              [
                4.557388614770399,
                50.482235888511056
              ],
              [
                4.5574303371323905,
                50.48205306229159
              ],
              [
                4.5574560013167105,
                50.481700535417495
              ],
              [
                4.557427387760185,
                50.48134810097982
              ],
              [
                4.5573447732281025,
                50.48099915307538
              ],
              [
                4.557208954497212,
                50.480657052150335
              ],
              [
                4.557021240638001,
                50.48032509264169
              ],
              [
                4.556783440366821,
                50.48000647125696
              ],
              [
                4.556497844591272,
                50.47970425619749
              ],
              [
                4.55616720431827,
                50.479421357621554
              ],
              [
                4.556056085633059,
                50.47934354279179
              ],
              [
                4.556234357589871,
                50.47932636050408
              ],
              [
                4.5567704885801135,
                50.479239701794114
              ],
              [
                4.557290723903139,
                50.47911992615451
              ],
              [
                4.557790052479089,
                50.47896818733422
              ],
              [
                4.558263664739805,
                50.47878594695779
              ],
              [
                4.558706998976843,
                50.47857496043776
              ],
              [
                4.559115785294883,
                50.47833726005596
              ],
              [
                4.559486086746365,
                50.47807513537764
              ],
              [
                4.559814337250758,
                50.47779111118688
              ],
              [
                4.560097375933037,
                50.47748792315711
              ],
              [
                4.560332477550929,
                50.47716849149089
              ],
              [
                4.560517378718373,
                50.47683589278391
              ],
              [
                4.560650299673526,
                50.476493330384464
              ],
              [
                4.560729961382804,
                50.47614410353404
              ],
              [
                4.560755597817628,
                50.475791575587095
              ],
              [
                4.560726963287227,
                50.47543914161588
              ],
              [
                4.560644334758566,
                50.47509019571268
              ],
              [
                4.560508509142873,
                50.47474809830438
              ],
              [
                4.560320795576622,
                50.47441614379407
              ],
              [
                4.560083002773045,
                50.47409752884111
              ],
              [
                4.559797421567548,
                50.47379532158492
              ],
              [
                4.559466802826497,
                50.47351243210858
              ],
              [
                4.55909433093323,
                50.473251584426094
              ],
              [
                4.558683593107489,
                50.4730152902627
              ],
              [
                4.5582385448542535,
                50.47280582488025
              ],
              [
                4.557763471874864,
                50.47262520517979
              ],
              [
                4.557262948807086,
                50.47247517029167
              ],
              [
                4.556741795190931,
                50.4723571648398
              ],
              [
                4.556205029083473,
                50.47227232504032
              ],
              [
                4.5556578187682195,
                50.472221467768506
              ],
              [
                4.555105433022735,
                50.472205082698686
              ],
              [
                4.554553190421878,
                50.4722233275926
              ],
              [
                4.554006408163195,
                50.472276026781444
              ],
              [
                4.5534703509055285,
                50.47236267285602
              ],
              [
                4.55295018011178,
                50.4724824315492
              ],
              [
                4.552450904381982,
                50.47263414976329
              ],
              [
                4.551977331253449,
                50.47281636666561
              ],
              [
                4.551534020930792,
                50.47302732774577
              ],
              [
                4.551125242390322,
                50.47326500169951
              ],
              [
                4.5507549322807055,
                50.47352709997723
              ],
              [
                4.550426657015202,
                50.473811098809406
              ],
              [
                4.550143578420393,
                50.474114263497114
              ],
              [
                4.549908423272368,
                50.47443367473485
              ],
              [
                4.549854385706397,
                50.47453083848772
              ],
              [
                4.549588896941338,
                50.47440585750885
              ],
              [
                4.549113840894115,
                50.474225202538996
              ]
            ]
          ],
          [
            [
              [
                4.56449507357646,
                50.45505392663178
              ],
              [
                4.564164557513354,
                50.454771049648954
              ],
              [
                4.563792207027829,
                50.454510216217315
              ],
              [
                4.563381608170165,
                50.454273937924896
              ],
              [
                4.562936715106947,
                50.454064489880764
              ],
              [
                4.56246181204509,
                50.453883888819014
              ],
              [
                4.561961471986277,
                50.45373387369063
              ],
              [
                4.56144051270854,
                50.453615888929235
              ],
              [
                4.560903950398008,
                50.45353107055178
              ],
              [
                4.5603569513762885,
                50.45348023522732
              ],
              [
                4.5598047823869425,
                50.45346387241888
              ],
              [
                4.5592527599182855,
                50.45348213967385
              ],
              [
                4.558706199048836,
                50.45353486110811
              ],
              [
                4.558170362306293,
                50.45362152909828
              ],
              [
                4.557650409030787,
                50.45374130916617
              ],
              [
                4.557151345728366,
                50.45389304800827
              ],
              [
                4.556677977891271,
                50.45407528459322
              ],
              [
                4.556234863747625,
                50.45428626422106
              ],
              [
                4.555826270384847,
                50.45452395540886
              ],
              [
                4.555456132668478,
                50.454786069441035
              ],
              [
                4.555128015351597,
                50.45507008239624
              ],
              [
                4.554845078739513,
                50.45537325943953
              ],
              [
                4.554610048240627,
                50.45569268114631
              ],
              [
                4.554425188097199,
                50.456025271605
              ],
              [
                4.554292279549882,
                50.45636782802855
              ],
              [
                4.554212603647423,
                50.456717051589685
              ],
              [
                4.554186928868475,
                50.4570695791836
              ],
              [
                4.554215503676295,
                50.45742201581232
              ],
              [
                4.554298054079764,
                50.457770967278954
              ],
              [
                4.554433786225949,
                50.45811307287727
              ],
              [
                4.554621394001039,
                50.458445037761415
              ],
              [
                4.55474155222457,
                50.45860612064195
              ],
              [
                4.554766375754353,
                50.45865004419656
              ],
              [
                4.555004055324024,
                50.4589686708125
              ],
              [
                4.555289516637805,
                50.45927089055981
              ],
              [
                4.5556200111103395,
                50.459553792559085
              ],
              [
                4.55599235624335,
                50.459814651943105
              ],
              [
                4.556402966261606,
                50.460050956112894
              ],
              [
                4.55684788664158,
                50.46026042894996
              ],
              [
                4.557322832200454,
                50.46044105275125
              ],
              [
                4.557823228378472,
                50.46059108767473
              ],
              [
                4.558344255316507,
                50.46070908850794
              ],
              [
                4.558880894303565,
                50.46079391859746
              ],
              [
                4.559427976145709,
                50.460844760804825
              ],
              [
                4.559980230989244,
                50.46086112538281
              ],
              [
                4.560532339116746,
                50.46084285469617
              ],
              [
                4.560664724013925,
                50.460830084911265
              ],
              [
                4.5608690426763205,
                50.46110392037826
              ],
              [
                4.5611545542458325,
                50.461406125627285
              ],
              [
                4.561485098612792,
                50.46168901086411
              ],
              [
                4.561857492798261,
                50.46194985138296
              ],
              [
                4.562268150554425,
                50.462186134766505
              ],
              [
                4.562713116897815,
                50.46239558509644
              ],
              [
                4.563188106202747,
                50.46257618488647
              ],
              [
                4.5636885434879435,
                50.46272619452585
              ],
              [
                4.564209608498182,
                50.4628441690456
              ],
              [
                4.564746282155602,
                50.46292897204584
              ],
              [
                4.565293394932192,
                50.46297978664898
              ],
              [
                4.56584567667618,
                50.46299612337371
              ],
              [
                4.566397807410951,
                50.4629778248531
              ],
              [
                4.566944468615505,
                50.462925067351456
              ],
              [
                4.567480394490858,
                50.46283835906539
              ],
              [
                4.568000422716877,
                50.4627185352251
              ],
              [
                4.568499544209028,
                50.462566750043834
              ],
              [
                4.568972951394276,
                50.46238446559263
              ],
              [
                4.569416084539866,
                50.46217343770847
              ],
              [
                4.569824675687668,
                50.46193569907162
              ],
              [
                4.569974520371082,
                50.4618295614772
              ],
              [
                4.570195271098314,
                50.46212531784457
              ],
              [
                4.570480848283232,
                50.46242750015004
              ],
              [
                4.570811455434687,
                50.46271035883599
              ],
              [
                4.571183908968814,
                50.4629711694523
              ],
              [
                4.571594622065945,
                50.4632074198696
              ],
              [
                4.572039639209335,
                50.463416834487084
              ],
              [
                4.572514674283769,
                50.46359739616243
              ],
              [
                4.57301515186689,
                50.46374736565196
              ],
              [
                4.573536251315116,
                50.46386529837349
              ],
              [
                4.574072953218703,
                50.46395005832966
              ],
              [
                4.574620087777421,
                50.46400082905758
              ],
              [
                4.575172384629593,
                50.46401712149852
              ],
              [
                4.575227839725949,
                50.464015279326134
              ],
              [
                4.575256391002797,
                50.464016121487255
              ],
              [
                4.5758085299820594,
                50.46399777830215
              ],
              [
                4.576355192470769,
                50.4639449765844
              ],
              [
                4.5768911126576155,
                50.463858224956496
              ],
              [
                4.577411128277349,
                50.46373835906618
              ],
              [
                4.577910230366996,
                50.46358653353168
              ],
              [
                4.578383611540582,
                50.46340421081279
              ],
              [
                4.578826712316109,
                50.46319314711502
              ],
              [
                4.579235265047462,
                50.46295537546359
              ],
              [
                4.579605335037378,
                50.46269318611003
              ],
              [
                4.579933358434994,
                50.462409104461265
              ],
              [
                4.580216176552843,
                50.462105866743926
              ],
              [
                4.580451066273005,
                50.461786393638974
              ],
              [
                4.580635766250117,
                50.461453762141055
              ],
              [
                4.580768498659711,
                50.46111117591401
              ],
              [
                4.580847986283611,
                50.460761934428646
              ],
              [
                4.580873464769212,
                50.46040940118013
              ],
              [
                4.580844689946158,
                50.46005697129157
              ],
              [
                4.580761940131667,
                50.45970803881573
              ],
              [
                4.580626013404068,
                50.459365964049994
              ],
              [
                4.5804382198726,
                50.45903404117923
              ],
              [
                4.580200369019583,
                50.45871546655795
              ],
              [
                4.579914752238472,
                50.45841330793705
              ],
              [
                4.579584120737299,
                50.4581304749312
              ],
              [
                4.579211659021439,
                50.457869691010494
              ],
              [
                4.578800954211899,
                50.457633467286165
              ],
              [
                4.578355961495123,
                50.45742407834175
              ],
              [
                4.577880966037213,
                50.45724354034224
              ],
              [
                4.577380541729157,
                50.45709359163131
              ],
              [
                4.576859507159857,
                50.456975676003104
              ],
              [
                4.576322879240094,
                50.45689092880886
              ],
              [
                4.575775824922942,
                50.456840166032244
              ],
              [
                4.575223611484181,
                50.45682387643776
              ],
              [
                4.575185988447741,
                50.4568251264365
              ],
              [
                4.575143617553305,
                50.456823876426505
              ],
              [
                4.574591561878159,
                50.456842216476936
              ],
              [
                4.5740449793373354,
                50.45689500996702
              ],
              [
                4.573509132667224,
                50.45698174857964
              ],
              [
                4.572989181303654,
                50.457101597156594
              ],
              [
                4.572988122965648,
                50.45710191909295
              ],
              [
                4.572985181537881,
                50.45710259708247
              ],
              [
                4.572486131945333,
                50.45725440164339
              ],
              [
                4.572012789505379,
                50.457436700542054
              ],
              [
                4.571569712201911,
                50.457647738478414
              ],
              [
                4.571161166767984,
                50.4578854834081
              ],
              [
                4.571011337209723,
                50.45799162259816
              ],
              [
                4.570790600641588,
                50.45769586758375
              ],
              [
                4.570505049988347,
                50.45739368580984
              ],
              [
                4.570174481746716,
                50.4571108260123
              ],
              [
                4.569802079813124,
                50.45685001191932
              ],
              [
                4.569391430733143,
                50.45661375493271
              ],
              [
                4.5689464891568194,
                50.45640432995633
              ],
              [
                4.568471539758054,
                50.45622375350215
              ],
              [
                4.567971155984551,
                50.45607376428416
              ],
              [
                4.56745015603511,
                50.4559558064865
              ],
              [
                4.56691355648734,
                50.4558710158665
              ],
              [
                4.566366524021263,
                50.45582020882594
              ],
              [
                4.56581432570236,
                50.45580387455552
              ],
              [
                4.56526227830127,
                50.455822170327856
              ],
              [
                4.565138052481939,
                50.455834159394904
              ],
              [
                4.564930587360252,
                50.45555611692838
              ],
              [
                4.564926832737651,
                50.45555214276783
              ],
              [
                4.56478057182307,
                50.45535612327207
              ],
              [
                4.56449507357646,
                50.45505392663178
              ]
            ]
          ],
          [
            [
              [
                4.588748998735996,
                50.46738551628408
              ],
              [
                4.5882122316885035,
                50.46730082408795
              ],
              [
                4.587665044479092,
                50.46725011731736
              ],
              [
                4.587112705662748,
                50.467233884197576
              ],
              [
                4.586560533362536,
                50.46725228102728
              ],
              [
                4.586013844099327,
                50.467305130674745
              ],
              [
                4.5854779016369145,
                50.46739192428211
              ],
              [
                4.585374188137637,
                50.467415837207284
              ],
              [
                4.584880658027737,
                50.46743227291002
              ],
              [
                4.584333964815049,
                50.467485114661734
              ],
              [
                4.583798017240839,
                50.46757190052756
              ],
              [
                4.583277975712378,
                50.467691794894314
              ],
              [
                4.582778847585627,
                50.46784364335795
              ],
              [
                4.582305438977316,
                50.468025983831616
              ],
              [
                4.581862308508626,
                50.468237060614946
              ],
              [
                4.581453723424788,
                50.468474841289506
              ],
              [
                4.581083618512381,
                50.468737036277936
              ],
              [
                4.58075555820946,
                50.46902112087927
              ],
              [
                4.5804727022732665,
                50.469324359568525
              ],
              [
                4.580460244991469,
                50.469341300114124
              ],
              [
                4.580130993568234,
                50.46935225079396
              ],
              [
                4.5795842729115135,
                50.46940507020903
              ],
              [
                4.579048294926665,
                50.46949183416612
              ],
              [
                4.578528220313674,
                50.46961170726309
              ],
              [
                4.578029056746946,
                50.4697635353006
              ],
              [
                4.577555610684338,
                50.46994585638852
              ],
              [
                4.5771124411075546,
                50.470156915013185
              ],
              [
                4.576703815638281,
                50.470394678931
              ],
              [
                4.576333669451868,
                50.470656858726
              ],
              [
                4.576005567383719,
                50.47094092984355
              ],
              [
                4.57572266959318,
                50.47124415688851
              ],
              [
                4.575487701115758,
                50.471563619954686
              ],
              [
                4.575302925597454,
                50.47189624273209
              ],
              [
                4.5751701234649875,
                50.47223882212229
              ],
              [
                4.575090574743304,
                50.472588059076635
              ],
              [
                4.575065046687203,
                50.47294059036117
              ],
              [
                4.57509378634779,
                50.47329302094212
              ],
              [
                4.575176518147057,
                50.473641956680666
              ],
              [
                4.5753124464857,
                50.4739840370218
              ],
              [
                4.575500263360858,
                50.47431596736272
              ],
              [
                4.575738160922107,
                50.474634550788586
              ],
              [
                4.576023848846336,
                50.47493671886998
              ],
              [
                4.576354576365583,
                50.47521956122498
              ],
              [
                4.576727158736783,
                50.47548035356065
              ],
              [
                4.577138007899374,
                50.47571658392367
              ],
              [
                4.577583167025987,
                50.47592597690635
              ],
              [
                4.578058348633665,
                50.476106515574685
              ],
              [
                4.578558975888395,
                50.476256460906576
              ],
              [
                4.57908022670463,
                50.476374368552506
              ],
              [
                4.579617080214263,
                50.476459102756635
              ],
              [
                4.580164365156364,
                50.47650984730409
              ],
              [
                4.58071680972032,
                50.47652611338835
              ],
              [
                4.5812690923607375,
                50.476507744322944
              ],
              [
                4.581815893093047,
                50.476454917051754
              ],
              [
                4.582351944774022,
                50.47636814044343
              ],
              [
                4.582872083871576,
                50.4762482503863
              ],
              [
                4.583371300233201,
                50.47609640173147
              ],
              [
                4.583844785372155,
                50.47591405716136
              ],
              [
                4.584287978805058,
                50.47570297309208
              ],
              [
                4.5846966119934445,
                50.475465182745026
              ],
              [
                4.585066749465323,
                50.47520297655182
              ],
              [
                4.585394826720184,
                50.47491888008159
              ],
              [
                4.585677684552244,
                50.474615629703734
              ],
              [
                4.58569014135532,
                50.47459868861416
              ],
              [
                4.586019427947862,
                50.47458772221095
              ],
              [
                4.586566201226475,
                50.474534872599946
              ],
              [
                4.5869961470553795,
                50.474465251214056
              ],
              [
                4.5873180686531185,
                50.47461663829202
              ],
              [
                4.587793274217138,
                50.47479713724202
              ],
              [
                4.588293918439257,
                50.47494704072041
              ],
              [
                4.588815179070324,
                50.475064904780815
              ],
              [
                4.5893520351475585,
                50.47514959408723
              ],
              [
                4.589899315385218,
                50.475200292857245
              ],
              [
                4.590451748017968,
                50.47521651272533
              ],
              [
                4.591004011615357,
                50.47519809745019
              ],
              [
                4.5915507863763105,
                50.47514522442082
              ],
              [
                4.592086805407876,
                50.475058402946615
              ],
              [
                4.592606905492609,
                50.47493846934815
              ],
              [
                4.593106076853967,
                50.47478657889585
              ],
              [
                4.593579511438881,
                50.474604194674825
              ],
              [
                4.594022649251139,
                50.474393073482986
              ],
              [
                4.5944312222882555,
                50.47415524889931
              ],
              [
                4.5948012956578514,
                50.473893011685135
              ],
              [
                4.595129305477066,
                50.47360888770834
              ],
              [
                4.595412093189839,
                50.47330561360318
              ],
              [
                4.595646935971778,
                50.472986110400996
              ],
              [
                4.595831572930299,
                50.4726534553862
              ],
              [
                4.5959642268486,
                50.47231085244901
              ],
              [
                4.596043621265147,
                50.47196160122104
              ],
              [
                4.596068992725663,
                50.47160906529114
              ],
              [
                4.596040098091116,
                50.471256639808104
              ],
              [
                4.595957216833086,
                50.47090771878208
              ],
              [
                4.595821148296179,
                50.47056566240005
              ],
              [
                4.595633203955597,
                50.47023376466969
              ],
              [
                4.595395194746159,
                50.46991522170322
              ],
              [
                4.5951094135863535,
                50.469613100946624
              ],
              [
                4.595059580382523,
                50.469570500609656
              ],
              [
                4.594825196975484,
                50.46932271227221
              ],
              [
                4.594494400379265,
                50.46903992215383
              ],
              [
                4.5941217708785045,
                50.46877918644317
              ],
              [
                4.593710897209635,
                50.4685430157871
              ],
              [
                4.593265736184773,
                50.46833368425806
              ],
              [
                4.592790574590292,
                50.46815320746815
              ],
              [
                4.592289987916471,
                50.4680033231716
              ],
              [
                4.591768796315159,
                50.46788547454228
              ],
              [
                4.591232018208704,
                50.46780079628631
              ],
              [
                4.590684821995841,
                50.467750103723546
              ],
              [
                4.590132476318214,
                50.467733884942426
              ],
              [
                4.589995021069633,
                50.46773846834049
              ],
              [
                4.589770749171164,
                50.467653275754216
              ],
              [
                4.589270177329269,
                50.46750337845167
              ],
              [
                4.588748998735996,
                50.46738551628408
              ]
            ]
          ]
        ]
      },
      "properties": {
        "type": "buffer_union_400m",
        "buffer_m": 400
      }
    },
    {
      "type": "Feature",
      "geometry": {
        "type": "Polygon",
        "coordinates": [
          [
            [
              4.4809594,
              50.4721579
            ],
            [
              4.4790218,
              50.4735184
            ],
            [
              4.4812646,
              50.4745184
            ],
            [
              4.4815455,
              50.4747936
            ],
            [
              4.4848937,
              50.4760293
            ],
            [
              4.4859816,
              50.477182
            ],
            [
              4.4855236,
              50.4776301
            ],
            [
              4.4847113,
              50.4778417
            ],
            [
              4.4840482,
              50.4781627
            ],
            [
              4.4815918,
              50.4790721
            ],
            [
              4.481433,
              50.4792504
            ],
            [
              4.4815687,
              50.4798328
            ],
            [
              4.4813396,
              50.4803024
            ],
            [
              4.4817132,
              50.4807541
            ],
            [
              4.4816478,
              50.4808373
            ],
            [
              4.4806485,
              50.4816931
            ],
            [
              4.4782107,
              50.4830541
            ],
            [
              4.4787714,
              50.483835
            ],
            [
              4.4792113,
              50.4847736
            ],
            [
              4.4815731,
              50.4869942
            ],
            [
              4.4818346,
              50.4873449
            ],
            [
              4.4818714,
              50.4876081
            ],
            [
              4.4821873,
              50.4876661
            ],
            [
              4.4819788,
              50.4877817
            ],
            [
              4.4825962,
              50.4887841
            ],
            [
              4.48221,
              50.4895213
            ],
            [
              4.4821661,
              50.490045
            ],
            [
              4.4824675,
              50.4907909
            ],
            [
              4.4828151,
              50.4912372
            ],
            [
              4.4841412,
              50.4920263
            ],
            [
              4.4851711,
              50.4935552
            ],
            [
              4.4857183,
              50.4945585
            ],
            [
              4.4858105,
              50.4950844
            ],
            [
              4.486212,
              50.4950306
            ],
            [
              4.4870535,
              50.4950906
            ],
            [
              4.4889404,
              50.4959315
            ],
            [
              4.4889501,
              50.4941327
            ],
            [
              4.4890787,
              50.4936166
            ],
            [
              4.4893898,
              50.4927622
            ],
            [
              4.4902848,
              50.4912559
            ],
            [
              4.4916603,
              50.491659
            ],
            [
              4.4917163,
              50.4915758
            ],
            [
              4.4932388,
              50.4920452
            ],
            [
              4.4936777,
              50.4917837
            ],
            [
              4.4935283,
              50.4916768
            ],
            [
              4.4943969,
              50.4909697
            ],
            [
              4.4945557,
              50.4911123
            ],
            [
              4.4947985,
              50.4909875
            ],
            [
              4.4949743,
              50.4911872
            ],
            [
              4.4960235,
              50.4907389
            ],
            [
              4.4958274,
              50.4905055
            ],
            [
              4.4959646,
              50.4904424
            ],
            [
              4.496582,
              50.490931
            ],
            [
              4.4978844,
              50.4922909
            ],
            [
              4.4993567,
              50.4934887
            ],
            [
              4.5000646,
              50.4932366
            ],
            [
              4.5005364,
              50.493705
            ],
            [
              4.5028599,
              50.4927285
            ],
            [
              4.5046302,
              50.4918003
            ],
            [
              4.5048163,
              50.4924445
            ],
            [
              4.5050094,
              50.4927585
            ],
            [
              4.5063613,
              50.4938636
            ],
            [
              4.506448,
              50.4938446
            ],
            [
              4.509723,
              50.496045
            ],
            [
              4.511054,
              50.4978951
            ],
            [
              4.5131967,
              50.4994924
            ],
            [
              4.5125974,
              50.5000791
            ],
            [
              4.5119195,
              50.5023429
            ],
            [
              4.5095133,
              50.5017155
            ],
            [
              4.5088151,
              50.5031529
            ],
            [
              4.5082378,
              50.5039803
            ],
            [
              4.5070192,
              50.5052329
            ],
            [
              4.504936,
              50.5072194
            ],
            [
              4.5043674,
              50.5079
            ],
            [
              4.502345,
              50.5099562
            ],
            [
              4.5000361,
              50.5121515
            ],
            [
              4.4980048,
              50.5138411
            ],
            [
              4.4937861,
              50.5177299
            ],
            [
              4.4898222,
              50.5151374
            ],
            [
              4.4894046,
              50.5154164
            ],
            [
              4.4883994,
              50.5164291
            ],
            [
              4.4865239,
              50.5185193
            ],
            [
              4.496217,
              50.5210565
            ],
            [
              4.4960866,
              50.5212133
            ],
            [
              4.4971683,
              50.5253594
            ],
            [
              4.5023477,
              50.5263209
            ],
            [
              4.5021903,
              50.5266574
            ],
            [
              4.5019916,
              50.5268598
            ],
            [
              4.5010043,
              50.5274981
            ],
            [
              4.5026421,
              50.5285634
            ],
            [
              4.5056418,
              50.5296987
            ],
            [
              4.5076802,
              50.5271207
            ],
            [
              4.5107747,
              50.5276755
            ],
            [
              4.5127174,
              50.5254079
            ],
            [
              4.5210913,
              50.5275162
            ],
            [
              4.5209196,
              50.5276936
            ],
            [
              4.5222929,
              50.5278436
            ],
            [
              4.526236,
              50.5288069
            ],
            [
              4.5258334,
              50.529535
            ],
            [
              4.5295027,
              50.5304626
            ],
            [
              4.5305112,
              50.5308036
            ],
            [
              4.5310262,
              50.53124
            ],
            [
              4.5307043,
              50.5319084
            ],
            [
              4.5330647,
              50.532072
            ],
            [
              4.5336011,
              50.5318265
            ],
            [
              4.5346096,
              50.5320311
            ],
            [
              4.5350817,
              50.531281
            ],
            [
              4.5496944,
              50.5350999
            ],
            [
              4.5525209,
              50.5357115
            ],
            [
              4.5774428,
              50.5423059
            ],
            [
              4.5799915,
              50.5356898
            ],
            [
              4.5804361,
              50.5347363
            ],
            [
              4.580479,
              50.5302263
            ],
            [
              4.5796811,
              50.5283042
            ],
            [
              4.5781915,
              50.5283284
            ],
            [
              4.5776812,
              50.5281792
            ],
            [
              4.5775197,
              50.5280621
            ],
            [
              4.5772015,
              50.5275848
            ],
            [
              4.576996,
              50.5276966
            ],
            [
              4.5765238,
              50.526865
            ],
            [
              4.5756067,
              50.5263154
            ],
            [
              4.5767503,
              50.5250514
            ],
            [
              4.5761794,
              50.5236488
            ],
            [
              4.5758783,
              50.5232158
            ],
            [
              4.5746707,
              50.5219401
            ],
            [
              4.573739,
              50.5211208
            ],
            [
              4.5727162,
              50.5205392
            ],
            [
              4.572508,
              50.5206583
            ],
            [
              4.5686988,
              50.5204999
            ],
            [
              4.565724,
              50.5195118
            ],
            [
              4.5666328,
              50.5186134
            ],
            [
              4.5642356,
              50.5174541
            ],
            [
              4.5647443,
              50.5166819
            ],
            [
              4.5661567,
              50.5155591
            ],
            [
              4.5641788,
              50.5143195
            ],
            [
              4.5655917,
              50.5136726
            ],
            [
              4.5619198,
              50.5117861
            ],
            [
              4.5630496,
              50.5110225
            ],
            [
              4.5623434,
              50.5098099
            ],
            [
              4.5614961,
              50.5093607
            ],
            [
              4.5625553,
              50.5082377
            ],
            [
              4.5594643,
              50.5063463
            ],
            [
              4.557379,
              50.5055776
            ],
            [
              4.5576635,
              50.5053945
            ],
            [
              4.559276,
              50.5037217
            ],
            [
              4.5595662,
              50.5019905
            ],
            [
              4.5596695,
              50.5017554
            ],
            [
              4.5591657,
              50.5015901
            ],
            [
              4.5593113,
              50.5009478
            ],
            [
              4.5591382,
              50.5002008
            ],
            [
              4.5594482,
              50.4997037
            ],
            [
              4.5599003,
              50.4994247
            ],
            [
              4.5637564,
              50.497614
            ],
            [
              4.5636267,
              50.4974273
            ],
            [
              4.5637256,
              50.4971406
            ],
            [
              4.5636502,
              50.4968839
            ],
            [
              4.5630569,
              50.4964901
            ],
            [
              4.5622934,
              50.4954699
            ],
            [
              4.5606405,
              50.494241
            ],
            [
              4.5596325,
              50.4932312
            ],
            [
              4.5612136,
              50.4913045
            ],
            [
              4.5619904,
              50.489373
            ],
            [
              4.5788817,
              50.4995467
            ],
            [
              4.5810354,
              50.4981814
            ],
            [
              4.5817466,
              50.4985098
            ],
            [
              4.5854544,
              50.4957392
            ],
            [
              4.5885207,
              50.4975203
            ],
            [
              4.5880818,
              50.4978516
            ],
            [
              4.5885666,
              50.4980766
            ],
            [
              4.5887533,
              50.4979204
            ],
            [
              4.5913868,
              50.4989892
            ],
            [
              4.591717,
              50.4986688
            ],
            [
              4.5936507,
              50.4993711
            ],
            [
              4.5948656,
              50.4979818
            ],
            [
              4.5925258,
              50.4970536
            ],
            [
              4.5909501,
              50.4963044
            ],
            [
              4.5863526,
              50.4937298
            ],
            [
              4.5905225,
              50.4908674
            ],
            [
              4.5888469,
              50.4900458
            ],
            [
              4.5884604,
              50.4902985
            ],
            [
              4.5874454,
              50.489829
            ],
            [
              4.5897001,
              50.4882772
            ],
            [
              4.5893513,
              50.4880717
            ],
            [
              4.5909451,
              50.4870031
            ],
            [
              4.5906649,
              50.4868288
            ],
            [
              4.5915906,
              50.4860221
            ],
            [
              4.5921315,
              50.4842155
            ],
            [
              4.594916,
              50.4824586
            ],
            [
              4.5952654,
              50.4821177
            ],
            [
              4.5962224,
              50.4806697
            ],
            [
              4.5970913,
              50.4800998
            ],
            [
              4.5982865,
              50.4804796
            ],
            [
              4.5990573,
              50.4798683
            ],
            [
              4.5982081,
              50.4796307
            ],
            [
              4.5985811,
              50.4790179
            ],
            [
              4.598101,
              50.4788377
            ],
            [
              4.5993414,
              50.4777904
            ],
            [
              4.5992504,
              50.4777275
            ],
            [
              4.6007166,
              50.4766732
            ],
            [
              4.5987856,
              50.474783
            ],
            [
              4.5998072,
              50.474338
            ],
            [
              4.5981808,
              50.4723751
            ],
            [
              4.5976694,
              50.4724861
            ],
            [
              4.597324,
              50.4717711
            ],
            [
              4.5965515,
              50.4696136
            ],
            [
              4.5949676,
              50.4678582
            ],
            [
              4.5947955,
              50.4674945
            ],
            [
              4.5901132,
              50.4641246
            ],
            [
              4.5900952,
              50.4638607
            ],
            [
              4.5871927,
              50.463009
            ],
            [
              4.5886882,
              50.4615376
            ],
            [
              4.5884749,
              50.4608666
            ],
            [
              4.5878355,
              50.4595488
            ],
            [
              4.5889653,
              50.4574377
            ],
            [
              4.5855052,
              50.4546979
            ],
            [
              4.5843047,
              50.4547877
            ],
            [
              4.5747321,
              50.4537862
            ],
            [
              4.5731351,
              50.4540456
            ],
            [
              4.5730046,
              50.453591
            ],
            [
              4.5770107,
              50.4520189
            ],
            [
              4.5792911,
              50.4504308
            ],
            [
              4.5799293,
              50.4493893
            ],
            [
              4.581036,
              50.4485757
            ],
            [
              4.5823797,
              50.4479236
            ],
            [
              4.5830466,
              50.447148
            ],
            [
              4.584016,
              50.4457634
            ],
            [
              4.5814659,
              50.4447735
            ],
            [
              4.5814917,
              50.442036
            ],
            [
              4.5786773,
              50.4412335
            ],
            [
              4.572917,
              50.4426185
            ],
            [
              4.572686,
              50.4418824
            ],
            [
              4.5719608,
              50.4421232
            ],
            [
              4.5671616,
              50.4433196
            ],
            [
              4.5655849,
              50.4435772
            ],
            [
              4.5649181,
              50.4442389
            ],
            [
              4.5646921,
              50.444203
            ],
            [
              4.5629549,
              50.4444096
            ],
            [
              4.5618251,
              50.444203
            ],
            [
              4.5598619,
              50.4463769
            ],
            [
              4.562729,
              50.4462961
            ],
            [
              4.562051,
              50.4466015
            ],
            [
              4.5612319,
              50.447419
            ],
            [
              4.5604693,
              50.4478951
            ],
            [
              4.5583084,
              50.4488293
            ],
            [
              4.5577435,
              50.4493683
            ],
            [
              4.5570939,
              50.4496558
            ],
            [
              4.5562747,
              50.4489281
            ],
            [
              4.5548766,
              50.4481735
            ],
            [
              4.5522073,
              50.4473202
            ],
            [
              4.5513034,
              50.4472034
            ],
            [
              4.5489025,
              50.4460535
            ],
            [
              4.5478387,
              50.4468707
            ],
            [
              4.5465126,
              50.447062
            ],
            [
              4.545898,
              50.4472326
            ],
            [
              4.5447998,
              50.4478523
            ],
            [
              4.5429274,
              50.4486182
            ],
            [
              4.5397127,
              50.4506758
            ],
            [
              4.5378724,
              50.4503744
            ],
            [
              4.5309944,
              50.4506439
            ],
            [
              4.5297375,
              50.4505541
            ],
            [
              4.5295397,
              50.4509673
            ],
            [
              4.5290455,
              50.4509224
            ],
            [
              4.5283817,
              50.4506439
            ],
            [
              4.5277038,
              50.4501858
            ],
            [
              4.5269129,
              50.4491437
            ],
            [
              4.526235,
              50.448479
            ],
            [
              4.5250769,
              50.4477963
            ],
            [
              4.5236222,
              50.4467453
            ],
            [
              4.5234386,
              50.4462332
            ],
            [
              4.5230573,
              50.4460266
            ],
            [
              4.5229444,
              50.4456673
            ],
            [
              4.5221534,
              50.4454067
            ],
            [
              4.5218569,
              50.4450564
            ],
            [
              4.5213202,
              50.4448048
            ],
            [
              4.5208073,
              50.4446728
            ],
            [
              4.5206013,
              50.4444781
            ],
            [
              4.5193995,
              50.4437987
            ],
            [
              4.5187216,
              50.4437897
            ],
            [
              4.5176485,
              50.4433813
            ],
            [
              4.5175108,
              50.4432488
            ],
            [
              4.516942,
              50.4433675
            ],
            [
              4.5159817,
              50.4437718
            ],
            [
              4.5153178,
              50.4429902
            ],
            [
              4.5148095,
              50.4427297
            ],
            [
              4.5148942,
              50.4425321
            ],
            [
              4.5117165,
              50.4416786
            ],
            [
              4.51029,
              50.4407085
            ],
            [
              4.5095839,
              50.4406726
            ],
            [
              4.5087365,
              50.440439
            ],
            [
              4.5075502,
              50.4397652
            ],
            [
              4.5065192,
              50.439379
            ],
            [
              4.506204,
              50.4390269
            ],
            [
              4.5039318,
              50.438051
            ],
            [
              4.5020284,
              50.4382316
            ],
            [
              4.5016292,
              50.4387676
            ],
            [
              4.5007518,
              50.4391267
            ],
            [
              4.498501,
              50.4397925
            ],
            [
              4.4972414,
              50.4408355
            ],
            [
              4.4966368,
              50.4425299
            ],
            [
              4.4967122,
              50.4436595
            ],
            [
              4.4961213,
              50.4451024
            ],
            [
              4.4960207,
              50.4451571
            ],
            [
              4.4960714,
              50.4454111
            ],
            [
              4.4963402,
              50.4456129
            ],
            [
              4.4961152,
              50.4456979
            ],
            [
              4.4962121,
              50.445784
            ],
            [
              4.4962513,
              50.4462515
            ],
            [
              4.4960516,
              50.4462494
            ],
            [
              4.495871,
              50.4467386
            ],
            [
              4.496217,
              50.4468705
            ],
            [
              4.4962125,
              50.4470023
            ],
            [
              4.4964267,
              50.4471316
            ],
            [
              4.4963362,
              50.4472069
            ],
            [
              4.4963492,
              50.4473229
            ],
            [
              4.4965702,
              50.4475095
            ],
            [
              4.4966181,
              50.44765
            ],
            [
              4.4969851,
              50.4477669
            ],
            [
              4.4968615,
              50.447846
            ],
            [
              4.4968729,
              50.4479226
            ],
            [
              4.4971093,
              50.447967
            ],
            [
              4.4971637,
              50.4480874
            ],
            [
              4.4971013,
              50.4482988
            ],
            [
              4.4973041,
              50.4482786
            ],
            [
              4.4970443,
              50.4485438
            ],
            [
              4.4972186,
              50.4486707
            ],
            [
              4.4970729,
              50.448779
            ],
            [
              4.4980115,
              50.4491205
            ],
            [
              4.4998004,
              50.450211
            ],
            [
              4.4998552,
              50.4503637
            ],
            [
              4.5000238,
              50.4504493
            ],
            [
              4.4998779,
              50.4508054
            ],
            [
              4.5002374,
              50.4506378
            ],
            [
              4.5003518,
              50.4508634
            ],
            [
              4.5005717,
              50.4509648
            ],
            [
              4.5007608,
              50.4509176
            ],
            [
              4.5009325,
              50.4510848
            ],
            [
              4.5007679,
              50.4512514
            ],
            [
              4.500964,
              50.4516362
            ],
            [
              4.5008782,
              50.4521934
            ],
            [
              4.5009975,
              50.4525132
            ],
            [
              4.5008453,
              50.4529015
            ],
            [
              4.5002626,
              50.4533872
            ],
            [
              4.5000953,
              50.4534251
            ],
            [
              4.5000091,
              50.4536045
            ],
            [
              4.5001634,
              50.4544994
            ],
            [
              4.5003203,
              50.4546991
            ],
            [
              4.4996537,
              50.4546539
            ],
            [
              4.4992655,
              50.4547773
            ],
            [
              4.4994454,
              50.4549691
            ],
            [
              4.4993144,
              50.4551116
            ],
            [
              4.4993553,
              50.4552717
            ],
            [
              4.499246,
              50.4553771
            ],
            [
              4.4993218,
              50.4554177
            ],
            [
              4.4991706,
              50.4556326
            ],
            [
              4.4992179,
              50.4557041
            ],
            [
              4.4991418,
              50.455921
            ],
            [
              4.4993097,
              50.4560303
            ],
            [
              4.4991575,
              50.4563629
            ],
            [
              4.4992464,
              50.4565569
            ],
            [
              4.4995343,
              50.4568361
            ],
            [
              4.5000334,
              50.4569786
            ],
            [
              4.4998039,
              50.4572658
            ],
            [
              4.4997747,
              50.4574259
            ],
            [
              4.499912,
              50.4575044
            ],
            [
              4.4998468,
              50.4576026
            ],
            [
              4.4999012,
              50.4577444
            ],
            [
              4.4997969,
              50.4577845
            ],
            [
              4.5001996,
              50.458018
            ],
            [
              4.4999689,
              50.4581905
            ],
            [
              4.5002258,
              50.4585769
            ],
            [
              4.5002881,
              50.4590733
            ],
            [
              4.5001245,
              50.4596249
            ],
            [
              4.5001969,
              50.4597597
            ],
            [
              4.5001486,
              50.4598963
            ],
            [
              4.4997456,
              50.4605819
            ],
            [
              4.4996235,
              50.4606951
            ],
            [
              4.499129,
              50.4608086
            ],
            [
              4.4989279,
              50.4609559
            ],
            [
              4.4985932,
              50.4609808
            ],
            [
              4.497655,
              50.4615607
            ],
            [
              4.4971489,
              50.4615648
            ],
            [
              4.4970889,
              50.461462
            ],
            [
              4.4968267,
              50.461486
            ],
            [
              4.4965155,
              50.4613691
            ],
            [
              4.4962125,
              50.4614143
            ],
            [
              4.4959415,
              50.4615552
            ],
            [
              4.4951047,
              50.4614732
            ],
            [
              4.4950517,
              50.4613866
            ],
            [
              4.4947641,
              50.4613546
            ],
            [
              4.4945924,
              50.4614638
            ],
            [
              4.4938289,
              50.4614188
            ],
            [
              4.4935604,
              50.4614707
            ],
            [
              4.4924828,
              50.4624123
            ],
            [
              4.4919766,
              50.4630061
            ],
            [
              4.4918974,
              50.4633267
            ],
            [
              4.4919896,
              50.4643206
            ],
            [
              4.4909701,
              50.4648394
            ],
            [
              4.4911927,
              50.4649367
            ],
            [
              4.4908467,
              50.4649332
            ],
            [
              4.4901532,
              50.4659716
            ],
            [
              4.4879343,
              50.46539
            ],
            [
              4.4872185,
              50.4662755
            ],
            [
              4.4872217,
              50.4665997
            ],
            [
              4.4852475,
              50.4687407
            ],
            [
              4.485487,
              50.4688927
            ],
            [
              4.4845415,
              50.4695012
            ],
            [
              4.4849432,
              50.4702011
            ],
            [
              4.4841368,
              50.4707165
            ],
            [
              4.4836857,
              50.4704752
            ],
            [
              4.4827002,
              50.471178
            ],
            [
              4.4825077,
              50.4712045
            ],
            [
              4.4809641,
              50.4720184
            ],
            [
              4.4809594,
              50.4721579
            ]
          ]
        ]
      },
      "properties": {
        "type": "boundary",
        "gemeente": "Fleurus"
      }
    }
  ]
}