{
  "type": "FeatureCollection",
  "metadata": {
    "gemeente": "Gavere",
    "slug": "gavere",
    "generated_at": "2026-09-25T22:11:37.779269Z",
    "total_points": 21,
    "providers": [
      "bpost",
      "DHL",
      "GLS",
      "InPost",
      "VintedGo",
      "PostNL",
      "DPD",
      "Amazon",
      "ViaTim"
    ],
    "bounds": [
      3.6280355,
      50.92909,
      3.66499,
      50.94362
    ]
  },
  "features": [
    {
      "type": "Feature",
      "geometry": {
        "type": "Point",
        "coordinates": [
          3.65475,
          50.93119
        ]
      },
      "properties": {
        "type": "pakketpunt",
        "locatieNaam": "Bbox 24/7 Mobipunt Gavere",
        "straatNaam": "Brandweerstraat",
        "straatNr": "1",
        "vervoerder": "bpost",
        "puntType": "automaat",
        "bezettingsgraad": 50,
        "latitude": 50.93119,
        "longitude": 3.65475,
        "canPickup": true,
        "canDropoff": true,
        "openingstijden": null
      }
    },
    {
      "type": "Feature",
      "geometry": {
        "type": "Point",
        "coordinates": [
          3.65648,
          50.92909
        ]
      },
      "properties": {
        "type": "pakketpunt",
        "locatieNaam": "Gavere",
        "straatNaam": "Kasteeldreef",
        "straatNr": "41",
        "vervoerder": "bpost",
        "puntType": "postkantoor",
        "bezettingsgraad": 50,
        "latitude": 50.92909,
        "longitude": 3.65648,
        "canPickup": true,
        "canDropoff": true,
        "openingstijden": null
      }
    },
    {
      "type": "Feature",
      "geometry": {
        "type": "Point",
        "coordinates": [
          3.62813,
          50.93009
        ]
      },
      "properties": {
        "type": "pakketpunt",
        "locatieNaam": "Avia Tankstation Asper",
        "straatNaam": "Gentsebaan",
        "straatNr": "18",
        "vervoerder": "bpost",
        "puntType": "servicepunt",
        "bezettingsgraad": 50,
        "latitude": 50.93009,
        "longitude": 3.62813,
        "canPickup": true,
        "canDropoff": true,
        "openingstijden": null
      }
    },
    {
      "type": "Feature",
      "geometry": {
        "type": "Point",
        "coordinates": [
          3.62813,
          50.930092
        ]
      },
      "properties": {
        "type": "pakketpunt",
        "locatieNaam": "AVIA TANKSTATION ASPER",
        "straatNaam": "GENTSEBAAN",
        "straatNr": "18",
        "vervoerder": "DHL",
        "puntType": "parcelShop",
        "bezettingsgraad": 50,
        "latitude": 50.930092,
        "longitude": 3.62813,
        "canPickup": true,
        "canDropoff": true,
        "openingstijden": {
          "ma": "05:00 - 19:00",
          "di": "05:00 - 19:00",
          "wo": "05:00 - 19:00",
          "do": "05:00 - 19:00",
          "vr": "05:00 - 19:00",
          "za": "07:00 - 16:00",
          "zo": "gesloten"
        }
      }
    },
    {
      "type": "Feature",
      "geometry": {
        "type": "Point",
        "coordinates": [
          3.656484,
          50.929094
        ]
      },
      "properties": {
        "type": "pakketpunt",
        "locatieNaam": "GAVERE",
        "straatNaam": "KASTEELDREEF",
        "straatNr": "41",
        "vervoerder": "DHL",
        "puntType": "postOffice",
        "bezettingsgraad": 50,
        "latitude": 50.929094,
        "longitude": 3.656484,
        "canPickup": true,
        "canDropoff": true,
        "openingstijden": {
          "ma": "09:30 - 12:30, 13:30 - 17:00",
          "di": "09:30 - 12:30, 13:30 - 18:00",
          "wo": "09:30 - 12:30, 13:30 - 17:00",
          "do": "09:30 - 12:30, 13:30 - 18:00",
          "vr": "09:30 - 12:30, 13:30 - 17:00",
          "za": "09:30 - 13:00",
          "zo": "gesloten"
        }
      }
    },
    {
      "type": "Feature",
      "geometry": {
        "type": "Point",
        "coordinates": [
          3.654748,
          50.93119
        ]
      },
      "properties": {
        "type": "pakketpunt",
        "locatieNaam": "BBOX 24/7 MOBIPUNT GAVERE",
        "straatNaam": "BRANDWEERSTRAAT",
        "straatNr": "1",
        "vervoerder": "DHL",
        "puntType": "packStation",
        "bezettingsgraad": 50,
        "latitude": 50.93119,
        "longitude": 3.654748,
        "canPickup": true,
        "canDropoff": true,
        "openingstijden": {
          "ma": "00:00 - 23:59",
          "di": "00:00 - 23:59",
          "wo": "00:00 - 23:59",
          "do": "00:00 - 23:59",
          "vr": "00:00 - 23:59",
          "za": "00:00 - 23:59",
          "zo": "00:00 - 23:59"
        }
      }
    },
    {
      "type": "Feature",
      "geometry": {
        "type": "Point",
        "coordinates": [
          3.6280355,
          50.9298325
        ]
      },
      "properties": {
        "type": "pakketpunt",
        "locatieNaam": "Corvo by avia",
        "straatNaam": "Gentsebaan",
        "straatNr": "18",
        "vervoerder": "GLS",
        "puntType": "parcel_shop",
        "bezettingsgraad": 50,
        "latitude": 50.9298325,
        "longitude": 3.6280355,
        "canPickup": true,
        "canDropoff": true,
        "openingstijden": "vr: 05:00 - 19:00; za: 07:00 - 16:00"
      }
    },
    {
      "type": "Feature",
      "geometry": {
        "type": "Point",
        "coordinates": [
          3.6556255,
          50.9307899
        ]
      },
      "properties": {
        "type": "pakketpunt",
        "locatieNaam": "GLS Parcel Locker powered by bbox",
        "straatNaam": "Brandweerstraat",
        "straatNr": "1",
        "vervoerder": "GLS",
        "puntType": "locker",
        "bezettingsgraad": 50,
        "latitude": 50.9307899,
        "longitude": 3.6556255,
        "canPickup": true,
        "canDropoff": true,
        "openingstijden": "vr: 01:00 - 24:00; za: 01:00 - 24:00"
      }
    },
    {
      "type": "Feature",
      "geometry": {
        "type": "Point",
        "coordinates": [
          3.664967,
          50.9435472
        ]
      },
      "properties": {
        "type": "pakketpunt",
        "locatieNaam": "ViaTim - Hobbycenter Van Lierde",
        "straatNaam": "Dorpstraat",
        "straatNr": "19",
        "vervoerder": "GLS",
        "puntType": "parcel_shop",
        "bezettingsgraad": 50,
        "latitude": 50.9435472,
        "longitude": 3.664967,
        "canPickup": true,
        "canDropoff": true,
        "openingstijden": "vr: 08:30 - 18:00; za: 08:30 - 18:00"
      }
    },
    {
      "type": "Feature",
      "geometry": {
        "type": "Point",
        "coordinates": [
          3.66108,
          50.93848
        ]
      },
      "properties": {
        "type": "pakketpunt",
        "locatieNaam": "LIKOVIN DRANKCENTRALE",
        "straatNaam": "29 Aalbroekstraat",
        "straatNr": "",
        "vervoerder": "InPost",
        "puntType": "servicepunt",
        "bezettingsgraad": 50,
        "latitude": 50.93848,
        "longitude": 3.66108,
        "canPickup": true,
        "canDropoff": true,
        "openingstijden": null
      }
    },
    {
      "type": "Feature",
      "geometry": {
        "type": "Point",
        "coordinates": [
          3.66499,
          50.94336
        ]
      },
      "properties": {
        "type": "pakketpunt",
        "locatieNaam": "Hobbycenter Van Lierde",
        "straatNaam": "Dorpstraat",
        "straatNr": "19",
        "vervoerder": "VintedGo",
        "puntType": "parcel_shop",
        "bezettingsgraad": 50,
        "latitude": 50.94336,
        "longitude": 3.66499,
        "canPickup": true,
        "canDropoff": true,
        "openingstijden": null
      }
    },
    {
      "type": "Feature",
      "geometry": {
        "type": "Point",
        "coordinates": [
          3.62839,
          50.93002
        ]
      },
      "properties": {
        "type": "pakketpunt",
        "locatieNaam": "Corvo",
        "straatNaam": "Gentsebaan",
        "straatNr": "18",
        "vervoerder": "VintedGo",
        "puntType": "parcel_shop",
        "bezettingsgraad": 50,
        "latitude": 50.93002,
        "longitude": 3.62839,
        "canPickup": true,
        "canDropoff": true,
        "openingstijden": null
      }
    },
    {
      "type": "Feature",
      "geometry": {
        "type": "Point",
        "coordinates": [
          3.65941,
          50.92943
        ]
      },
      "properties": {
        "type": "pakketpunt",
        "locatieNaam": "'T Gazon",
        "straatNaam": "Markt",
        "straatNr": "26",
        "vervoerder": "PostNL",
        "puntType": "servicepunt",
        "bezettingsgraad": 50,
        "latitude": 50.92943,
        "longitude": 3.65941,
        "canPickup": true,
        "canDropoff": true,
        "openingstijden": "09:00 - 17:00"
      }
    },
    {
      "type": "Feature",
      "geometry": {
        "type": "Point",
        "coordinates": [
          3.628393,
          50.930016
        ]
      },
      "properties": {
        "type": "pakketpunt",
        "locatieNaam": "Avia By Corvo",
        "straatNaam": "Gentsebaan",
        "straatNr": "18",
        "vervoerder": "PostNL",
        "puntType": "servicepunt",
        "bezettingsgraad": 50,
        "latitude": 50.930016,
        "longitude": 3.628393,
        "canPickup": true,
        "canDropoff": true,
        "openingstijden": "05:00 - 19:00"
      }
    },
    {
      "type": "Feature",
      "geometry": {
        "type": "Point",
        "coordinates": [
          3.66491,
          50.94362
        ]
      },
      "properties": {
        "type": "pakketpunt",
        "locatieNaam": "HOBBYCENTER VAN LIERDE",
        "straatNaam": "DORPSTRAAT",
        "straatNr": "19",
        "vervoerder": "DPD",
        "puntType": "pickup_point",
        "bezettingsgraad": 50,
        "latitude": 50.94362,
        "longitude": 3.66491,
        "canPickup": true,
        "canDropoff": true,
        "openingstijden": {
          "ma": "08:30 - 18:00",
          "di": "08:30 - 18:00",
          "wo": "08:30 - 18:00",
          "do": "08:30 - 18:00",
          "vr": "08:30 - 18:00",
          "za": "08:30 - 18:00",
          "zo": "gesloten"
        }
      }
    },
    {
      "type": "Feature",
      "geometry": {
        "type": "Point",
        "coordinates": [
          3.62839,
          50.93002
        ]
      },
      "properties": {
        "type": "pakketpunt",
        "locatieNaam": "AVIA ASPER",
        "straatNaam": "GENTSEBAAN",
        "straatNr": "18",
        "vervoerder": "DPD",
        "puntType": "pickup_point",
        "bezettingsgraad": 50,
        "latitude": 50.93002,
        "longitude": 3.62839,
        "canPickup": true,
        "canDropoff": true,
        "openingstijden": {
          "ma": "05:00 - 19:00",
          "di": "05:00 - 19:00",
          "wo": "05:00 - 19:00",
          "do": "05:00 - 19:00",
          "vr": "05:00 - 19:00",
          "za": "07:00 - 16:00",
          "zo": "gesloten"
        }
      }
    },
    {
      "type": "Feature",
      "geometry": {
        "type": "Point",
        "coordinates": [
          3.656484,
          50.929094
        ]
      },
      "properties": {
        "type": "pakketpunt",
        "locatieNaam": "bpost - GAVERE",
        "straatNaam": "KASTEELDREEF,41",
        "straatNr": "",
        "vervoerder": "Amazon",
        "puntType": "3p",
        "bezettingsgraad": 50,
        "latitude": 50.929094,
        "longitude": 3.656484,
        "canPickup": true,
        "canDropoff": false,
        "openingstijden": null
      }
    },
    {
      "type": "Feature",
      "geometry": {
        "type": "Point",
        "coordinates": [
          3.654748,
          50.93119
        ]
      },
      "properties": {
        "type": "pakketpunt",
        "locatieNaam": "bpost - BBOX 24/7 MOBIPUNT GAVERE",
        "straatNaam": "BRANDWEERSTRAAT,1",
        "straatNr": "",
        "vervoerder": "Amazon",
        "puntType": "3p",
        "bezettingsgraad": 50,
        "latitude": 50.93119,
        "longitude": 3.654748,
        "canPickup": true,
        "canDropoff": false,
        "openingstijden": null
      }
    },
    {
      "type": "Feature",
      "geometry": {
        "type": "Point",
        "coordinates": [
          3.64599,
          50.929644
        ]
      },
      "properties": {
        "type": "pakketpunt",
        "locatieNaam": "bpost - BBOX 24/7 SPAR ASPER",
        "straatNaam": "STATIONSSTRAAT,162",
        "straatNr": "",
        "vervoerder": "Amazon",
        "puntType": "3p",
        "bezettingsgraad": 50,
        "latitude": 50.929644,
        "longitude": 3.64599,
        "canPickup": true,
        "canDropoff": false,
        "openingstijden": null
      }
    },
    {
      "type": "Feature",
      "geometry": {
        "type": "Point",
        "coordinates": [
          3.6281302,
          50.9300919
        ]
      },
      "properties": {
        "type": "pakketpunt",
        "locatieNaam": "bpost - AVIA TANKSTATION ASPER",
        "straatNaam": "GENTSEBAAN,18",
        "straatNr": "",
        "vervoerder": "Amazon",
        "puntType": "3p",
        "bezettingsgraad": 50,
        "latitude": 50.9300919,
        "longitude": 3.6281302,
        "canPickup": true,
        "canDropoff": false,
        "openingstijden": null
      }
    },
    {
      "type": "Feature",
      "geometry": {
        "type": "Point",
        "coordinates": [
          3.6648919,
          50.9434188
        ]
      },
      "properties": {
        "type": "pakketpunt",
        "locatieNaam": "ViaTim en Hobbycenter Van Lierde",
        "straatNaam": "Dorpstraat ",
        "straatNr": "19",
        "vervoerder": "ViaTim",
        "puntType": "servicepunt",
        "bezettingsgraad": 50,
        "latitude": 50.9434188,
        "longitude": 3.6648919,
        "canPickup": true,
        "canDropoff": true,
        "openingstijden": {
          "ma": "08:30 - 18:00",
          "di": "08:30 - 18:00",
          "wo": "08:30 - 18:00",
          "do": "08:30 - 18:00",
          "vr": "08:30 - 18:00",
          "za": "08:30 - 18:00",
          "zo": "gesloten"
        }
      }
    },
    {
      "type": "Feature",
      "geometry": {
        "type": "MultiPolygon",
        "coordinates": [
          [
            [
              [
                3.6499479497277445,
                50.92863588814903
              ],
              [
                3.6497725274869532,
                50.928395575037975
              ],
              [
                3.649560680336867,
                50.92816728519183
              ],
              [
                3.6493144488192573,
                50.92795321697841
              ],
              [
                3.649036204491795,
                50.927755431786544
              ],
              [
                3.6487286270804473,
                50.92757583418158
              ],
              [
                3.648394678669151,
                50.92741615357169
              ],
              [
                3.6480375751754237,
                50.927277927560944
              ],
              [
                3.6476607553865588,
                50.92716248714929
              ],
              [
                3.647267847854312,
                50.92707094392173
              ],
              [
                3.6468626359664373,
                50.92700417934962
              ],
              [
                3.6464490215308385,
                50.92696283630703
              ],
              [
                3.6460309872222245,
                50.926947312883506
              ],
              [
                3.6456125582520835,
                50.926957758552845
              ],
              [
                3.645197763630104,
                50.926994072734566
              ],
              [
                3.6447905973891173,
                50.92705590576184
              ],
              [
                3.644394980145982,
                50.9271426622468
              ],
              [
                3.6440147213675793,
                50.92725350681063
              ],
              [
                3.643653482704461,
                50.92738737212358
              ],
              [
                3.643314742744411,
                50.927542969177715
              ],
              [
                3.643001763524734,
                50.927718799693416
              ],
              [
                3.64271755912527,
                50.927913170540855
              ],
              [
                3.6424648666442714,
                50.92812421003749
              ],
              [
                3.6422461198365665,
                50.92834988596509
              ],
              [
                3.6420634256679465,
                50.9285880251332
              ],
              [
                3.641918544011847,
                50.92883633430077
              ],
              [
                3.6418128706843405,
                50.92909242225475
              ],
              [
                3.6417474239814314,
                50.92935382283346
              ],
              [
                3.641722834849098,
                50.92961801867301
              ],
              [
                3.6417393407816405,
                50.92988246544829
              ],
              [
                3.6417967835080516,
                50.93014461637531
              ],
              [
                3.6418946104897407,
                50.93040194673874
              ],
              [
                3.642031880216171,
                50.93065197820852
              ],
              [
                3.642207271248414,
                50.93089230271138
              ],
              [
                3.642419094924439,
                50.93112060562695
              ],
              [
                3.642665311604569,
                50.93133468808513
              ],
              [
                3.6429435503013297,
                50.93153248814971
              ],
              [
                3.6432511315051395,
                50.931712100683775
              ],
              [
                3.6435850929863176,
                50.931871795705455
              ],
              [
                3.6439422183250785,
                50.93201003505684
              ],
              [
                3.6443190678946373,
                50.9321254872253
              ],
              [
                3.644712011998782,
                50.93221704017402
              ],
              [
                3.6451172658443225,
                50.93228381205807
              ],
              [
                3.6455309260109443,
                50.93232515972238
              ],
              [
                3.6459490080665202,
                50.93234068489981
              ],
              [
                3.6463674849646743,
                50.93233023804916
              ],
              [
                3.646782325853871,
                50.93229391979631
              ],
              [
                3.647189534923257,
                50.9322320799645
              ],
              [
                3.6475851899101004,
                50.93214531420315
              ],
              [
                3.6479654798970507,
                50.932034458247536
              ],
              [
                3.64832674203423,
                50.931900579865165
              ],
              [
                3.648665496831759,
                50.93174496856627
              ],
              [
                3.6489784816821365,
                50.93156912317785
              ],
              [
                3.649262682289139,
                50.931374737401306
              ],
              [
                3.6495153617002565,
                50.93116368349288
              ],
              [
                3.6497340866629266,
                50.93093799422466
              ],
              [
                3.6499167510508532,
                50.930699843299735
              ],
              [
                3.6500615961350547,
                50.930451524411005
              ],
              [
                3.650167227504896,
                50.930195429145066
              ],
              [
                3.650232628476782,
                50.92993402394463
              ],
              [
                3.650257169862154,
                50.92966982635118
              ],
              [
                3.6502406160015988,
                50.92940538075722
              ],
              [
                3.65018312700797,
                50.92914323390134
              ],
              [
                3.650085257197883,
                50.928885910342416
              ],
              [
                3.6499479497277445,
                50.92863588814903
              ]
            ]
          ],
          [
            [
              [
                3.6300839886289284,
                50.927466740659135
              ],
              [
                3.6297072115013576,
                50.92735124267487
              ],
              [
                3.6293143374237022,
                50.92725963941419
              ],
              [
                3.628909149461742,
                50.9271928129266
              ],
              [
                3.62849554919312,
                50.927151406682306
              ],
              [
                3.6280775191562067,
                50.92713581937942
              ],
              [
                3.627659084521387,
                50.927146201106865
              ],
              [
                3.62724427435287,
                50.927182451899824
              ],
              [
                3.6268370828331116,
                50.92724422270185
              ],
              [
                3.6264414308222626,
                50.92733091872423
              ],
              [
                3.6260611281218273,
                50.92744170517037
              ],
              [
                3.62569983680509,
                50.92757551527016
              ],
              [
                3.6253610359666224,
                50.927731060547316
              ],
              [
                3.6250479882297033,
                50.92790684322087
              ],
              [
                3.624763708333696,
                50.92810117062169
              ],
              [
                3.6245109341035944,
                50.928312171485665
              ],
              [
                3.624292100081194,
                50.92853781396667
              ],
              [
                3.6241093140719154,
                50.928775925196405
              ],
              [
                3.623964336833411,
                50.92902421220293
              ],
              [
                3.6238585651020503,
                50.92928028398671
              ],
              [
                3.6237930181213622,
                50.92954167454185
              ],
              [
                3.623768327802957,
                50.929805866601136
              ],
              [
                3.623784732615577,
                50.93007031587593
              ],
              [
                3.623842075262088,
                50.93033247555831
              ],
              [
                3.623931023497898,
                50.930566699210836
              ],
              [
                3.6239365530779506,
                50.930591978891314
              ],
              [
                3.6240342830423176,
                50.930849324082864
              ],
              [
                3.6241714589035285,
                50.9310993763776
              ],
              [
                3.6243467601268464,
                50.93133972750173
              ],
              [
                3.6245584989154094,
                50.93156806257855
              ],
              [
                3.6248046364473514,
                50.931782182428336
              ],
              [
                3.6250828024977593,
                50.93198002475479
              ],
              [
                3.625390318257007,
                50.932159684014
              ],
              [
                3.625724222126013,
                50.93231942977409
              ],
              [
                3.6260812982401442,
                50.9324577233885
              ],
              [
                3.626458107446968,
                50.93257323282194
              ],
              [
                3.62685102043924,
                50.932664845486066
              ],
              [
                3.6272562527236003,
                50.93273167896076
              ],
              [
                3.627669901087533,
                50.93277308949774
              ],
              [
                3.6280879812126665,
                50.932788678224256
              ],
              [
                3.6285064660712414,
                50.93277829498694
              ],
              [
                3.628921324735021,
                50.93274203979899
              ],
              [
                3.6293285612218695,
                50.93268026187621
              ],
              [
                3.6297242530048472,
                50.932593556271655
              ],
              [
                3.6299324281684107,
                50.932532911610664
              ],
              [
                3.629984264420016,
                50.93252155279844
              ],
              [
                3.630364599029557,
                50.93241075382398
              ],
              [
                3.630725914273473,
                50.93227692957576
              ],
              [
                3.631064730150146,
                50.932121369042605
              ],
              [
                3.6313777834635346,
                50.93194557056262
              ],
              [
                3.6316620592577498,
                50.93175122738542
              ],
              [
                3.631914819855862,
                50.93154021135702
              ],
              [
                3.632133631223122,
                50.931314554884715
              ],
              [
                3.6323163864008214,
                50.931076431355784
              ],
              [
                3.632316609576136,
                50.931076049034004
              ],
              [
                3.6323193861336507,
                50.93107243125681
              ],
              [
                3.6324643254899733,
                50.9308241340964
              ],
              [
                3.6325700537369907,
                50.93056805468689
              ],
              [
                3.632635553257977,
                50.930306659318326
              ],
              [
                3.632660193915199,
                50.93004246543768
              ],
              [
                3.632643739093176,
                50.929778017401716
              ],
              [
                3.6325863479510025,
                50.92951586197271
              ],
              [
                3.6324885738630295,
                50.92925852379221
              ],
              [
                3.632351359063969,
                50.929008481069616
              ],
              [
                3.6321760255509554,
                50.92876814171957
              ],
              [
                3.631964262331108,
                50.92853982017741
              ],
              [
                3.631718109138196,
                50.928325715116266
              ],
              [
                3.6314399367758954,
                50.92812788827982
              ],
              [
                3.6311324242774368,
                50.927948244634536
              ],
              [
                3.6308927864487166,
                50.92783360421135
              ],
              [
                3.630774929318294,
                50.92776475285507
              ],
              [
                3.6304410406652483,
                50.927605021227656
              ],
              [
                3.6300839886289284,
                50.927466740659135
              ]
            ]
          ],
          [
            [
              [
                3.6517593057678837,
                50.929265023349735
              ],
              [
                3.651475128280971,
                50.92945941528922
              ],
              [
                3.651222466861707,
                50.92967047352108
              ],
              [
                3.6510037549659495,
                50.92989616564664
              ],
              [
                3.6508210992234327,
                50.930134318319446
              ],
              [
                3.6506762591376862,
                50.93038263816832
              ],
              [
                3.6505706301245775,
                50.930638733877345
              ],
              [
                3.6505052300534584,
                50.930900139210095
              ],
              [
                3.650480689421311,
                50.93116433675684
              ],
              [
                3.6504972452554174,
                50.93142878217598
              ],
              [
                3.6505547388042228,
                50.931690928696554
              ],
              [
                3.650652617039689,
                50.93194825164562
              ],
              [
                3.650789937957644,
                50.932198272764474
              ],
              [
                3.650965379626092,
                50.93243858407947
              ],
              [
                3.651177252895253,
                50.9326668710972
              ],
              [
                3.6514235176477206,
                50.9328809351007
              ],
              [
                3.6517018024329158,
                50.93307871433141
              ],
              [
                3.652009427297244,
                50.93325830385309
              ],
              [
                3.6523434295903834,
                50.933417973905456
              ],
              [
                3.6527005924993365,
                50.93355618657109
              ],
              [
                3.6530774760353317,
                50.93367161059441
              ],
              [
                3.653470450174884,
                50.933763134209656
              ],
              [
                3.653875729835406,
                50.933829875854435
              ],
              [
                3.6542894113478517,
                50.93387119266497
              ],
              [
                3.654707510074428,
                50.93388668667125
              ],
              [
                3.654708703720939,
                50.933886656787095
              ],
              [
                3.6547095101893765,
                50.93388668667195
              ],
              [
                3.655127998922644,
                50.93387620862593
              ],
              [
                3.655542846696397,
                50.93383985946108
              ],
              [
                3.6559500576334796,
                50.93377798929843
              ],
              [
                3.656345709453209,
                50.933691194079486
              ],
              [
                3.656725991268798,
                50.933580309823306
              ],
              [
                3.6570872403091585,
                50.93344640456995
              ],
              [
                3.6574259772106634,
                50.933290768088455
              ],
              [
                3.6576638802768335,
                50.9331570790679
              ],
              [
                3.657962762481084,
                50.93304628742888
              ],
              [
                3.6583014935898857,
                50.932890648404545
              ],
              [
                3.6586144499671196,
                50.932714777411235
              ],
              [
                3.658898617590947,
                50.932520368396936
              ],
              [
                3.6591512598266873,
                50.93230929384168
              ],
              [
                3.659329622465936,
                50.932125203169704
              ],
              [
                3.6593697795278266,
                50.932126689712796
              ],
              [
                3.659788251522335,
                50.932116195063855
              ],
              [
                3.6602030801242664,
                50.93207982942677
              ],
              [
                3.660610269641173,
                50.9320179430812
              ],
              [
                3.661005897998746,
                50.93193113212454
              ],
              [
                3.6613861545362467,
                50.931820232727404
              ],
              [
                3.661747376726129,
                50.931686313075765
              ],
              [
                3.6620860854634505,
                50.93153066307726
              ],
              [
                3.6623990185845345,
                50.931354781931674
              ],
              [
                3.662683162291587,
                50.93116036368473
              ],
              [
                3.6629357801803257,
                50.93094928090541
              ],
              [
                3.663154439590922,
                50.930723566643806
              ],
              [
                3.663337035028601,
                50.930485394843664
              ],
              [
                3.6634818084286027,
                50.93023705939887
              ],
              [
                3.663587366070808,
                50.92998095205545
              ],
              [
                3.663652691981775,
                50.92971953937229
              ],
              [
                3.663677157695894,
                50.92945533896293
              ],
              [
                3.6636605282825303,
                50.92919089524686
              ],
              [
                3.6636029645821275,
                50.92892875494454
              ],
              [
                3.663505021630691,
                50.92867144255167
              ],
              [
                3.6633676432889026,
                50.928421436029176
              ],
              [
                3.6631921531285316,
                50.9281811429429
              ],
              [
                3.6629802416648447,
                50.92795287728252
              ],
              [
                3.6627339500587666,
                50.92773883718291
              ],
              [
                3.662455650446413,
                50.9275410837621
              ],
              [
                3.6621480230859267,
                50.92736152127945
              ],
              [
                3.6618140305420313,
                50.92720187880494
              ],
              [
                3.661456889157028,
                50.92706369357533
              ],
              [
                3.6610800380829027,
                50.9269482961979
              ],
              [
                3.6606871061725137,
                50.926856797843236
              ],
              [
                3.660281877048232,
                50.92679007955064
              ],
              [
                3.659868252683841,
                50.926748783748494
              ],
              [
                3.659450215849597,
                50.92673330807152
              ],
              [
                3.6590317917812913,
                50.92674380153376
              ],
              [
                3.658662513674991,
                50.92677617407669
              ],
              [
                3.6585270220717088,
                50.92672374437845
              ],
              [
                3.6581501809326205,
                50.92660833759146
              ],
              [
                3.6577572575817054,
                50.92651682942867
              ],
              [
                3.6573520355589424,
                50.92645010102382
              ],
              [
                3.6569384167697603,
                50.926408794902684
              ],
              [
                3.6565203839307507,
                50.9263933087993
              ],
              [
                3.656101962239242,
                50.92640379182813
              ],
              [
                3.6556871806348563,
                50.926440143048936
              ],
              [
                3.6552800330251283,
                50.926502012438256
              ],
              [
                3.654884439847589,
                50.926588804258095
              ],
              [
                3.654504210337492,
                50.92669968278938
              ],
              [
                3.6541430058636775,
                50.92683358037529
              ],
              [
                3.6538043046848445,
                50.92698920769708
              ],
              [
                3.653491368465006,
                50.92716506618368
              ],
              [
                3.653207210870086,
                50.927359462435895
              ],
              [
                3.652954568547776,
                50.927570524526494
              ],
              [
                3.652735874770035,
                50.92779622001968
              ],
              [
                3.6525532359921113,
                50.928034375536505
              ],
              [
                3.6524084115541418,
                50.928282697678426
              ],
              [
                3.6523027967212727,
                50.92853879510744
              ],
              [
                3.652237409226253,
                50.92880020157053
              ],
              [
                3.6522167427677896,
                50.92902278991653
              ],
              [
                3.65207226248321,
                50.92908916958827
              ],
              [
                3.6517593057678837,
                50.929265023349735
              ]
            ]
          ],
          [
            [
              [
                3.664862838232498,
                50.9372310926094
              ],
              [
                3.664650877764127,
                50.937002830589876
              ],
              [
                3.664404531028694,
                50.936788794580636
              ],
              [
                3.6641261706932924,
                50.93659104566033
              ],
              [
                3.66381847760086,
                50.93641148804498
              ],
              [
                3.6634844149491053,
                50.93625185075762
              ],
              [
                3.6631271997554027,
                50.9361136709851
              ],
              [
                3.6627502718824076,
                50.935998279282096
              ],
              [
                3.662357260922402,
                50.935906786764605
              ],
              [
                3.661951951258825,
                50.93584007441565
              ],
              [
                3.66153824564085,
                50.935798784606405
              ],
              [
                3.661120127620986,
                50.93578331491387
              ],
              [
                3.6607016232166156,
                50.93579381429444
              ],
              [
                3.6602867621636612,
                50.93583018165047
              ],
              [
                3.659879539134547,
                50.935892066803135
              ],
              [
                3.659483875292927,
                50.93597887386263
              ],
              [
                3.659103580554423,
                50.93608976696317
              ],
              [
                3.658742316915947,
                50.93622367830762
              ],
              [
                3.658403563205925,
                50.9363793184448
              ],
              [
                3.6580905815942697,
                50.93655518868024
              ],
              [
                3.6578063861841077,
                50.936749595501574
              ],
              [
                3.657553713987418,
                50.93696066687983
              ],
              [
                3.6573349985640236,
                50.93718637028973
              ],
              [
                3.657152346577836,
                50.937424532276154
              ],
              [
                3.657007517496434,
                50.93767285937822
              ],
              [
                3.656901906629947,
                50.937928960210094
              ],
              [
                3.6568365316732123,
                50.93819036848601
              ],
              [
                3.656812022881587,
                50.938454566767874
              ],
              [
                3.656828616975938,
                50.938719010706976
              ],
              [
                3.6568861548364495,
                50.93898115354656
              ],
              [
                3.6569840830085134,
                50.939238470649066
              ],
              [
                3.657121459007177,
                50.9394884838121
              ],
              [
                3.657296960370084,
                50.93972878513859
              ],
              [
                3.6575088973726126,
                50.93995706023128
              ],
              [
                3.6577552292835724,
                50.940171110488016
              ],
              [
                3.658033584005566,
                50.940368874282655
              ],
              [
                3.658341280911376,
                50.94054844682752
              ],
              [
                3.658675356656748,
                50.94070809852588
              ],
              [
                3.6590325937211263,
                50.94084629163707
              ],
              [
                3.6594095514013785,
                50.9409616950938
              ],
              [
                3.6598025989597462,
                50.94105319732841
              ],
              [
                3.6602079506063356,
                50.941119916984434
              ],
              [
                3.6606217019785903,
                50.9411612114099
              ],
              [
                3.661039867765689,
                50.94117668285041
              ],
              [
                3.6614584201145823,
                50.941166182282366
              ],
              [
                3.661873327446865,
                50.94112981084909
              ],
              [
                3.662280593311626,
                50.94106791888609
              ],
              [
                3.66267629489906,
                50.94098110254486
              ],
              [
                3.663056620842996,
                50.940870198047904
              ],
              [
                3.663417907947315,
                50.940736273630286
              ],
              [
                3.6637566764818095,
                50.940580619245594
              ],
              [
                3.6640696637068717,
                50.94040473413584
              ],
              [
                3.664353855303656,
                50.940210312384984
              ],
              [
                3.6646065144067284,
                50.939999226595724
              ],
              [
                3.664825207959446,
                50.93977350984716
              ],
              [
                3.665007830138377,
                50.93953533610701
              ],
              [
                3.6651526226214166,
                50.93928699928784
              ],
              [
                3.665258191504891,
                50.9390308911489
              ],
              [
                3.665323520707347,
                50.93876947825676
              ],
              [
                3.6653479817317383,
                50.93850527822693
              ],
              [
                3.6653313396928655,
                50.93824083547527
              ],
              [
                3.6652737555530246,
                50.937978696712925
              ],
              [
                3.665175784545314,
                50.93772138642078
              ],
              [
                3.665038370800837,
                50.937471382539464
              ],
              [
                3.664862838232498,
                50.9372310926094
              ]
            ]
          ],
          [
            [
              [
                3.668773127639301,
                50.942110968608304
              ],
              [
                3.668561126096089,
                50.94188271398279
              ],
              [
                3.668314735895064,
                50.941668686490466
              ],
              [
                3.668036330121894,
                50.94147094712784
              ],
              [
                3.6677285900570498,
                50.9412914000189
              ],
              [
                3.6673944793505266,
                50.94113177408552
              ],
              [
                3.667037215482383,
                50.94099360640519
              ],
              [
                3.6666602387839036,
                50.94087822741614
              ],
              [
                3.666267179317444,
                50.94078674811191
              ],
              [
                3.6658618219334267,
                50.94072004934829
              ],
              [
                3.6654480698404375,
                50.9406787733657
              ],
              [
                3.665029907038408,
                50.9406633176079
              ],
              [
                3.664611359975844,
                50.9406738308972
              ],
              [
                3.6641964587993536,
                50.94071021200195
              ],
              [
                3.6637891985676516,
                50.94077211061098
              ],
              [
                3.663393500802579,
                50.94085893070493
              ],
              [
                3.6630131757463924,
                50.94096983629248
              ],
              [
                3.6626518856879398,
                50.94110375945629
              ],
              [
                3.6623131097100807,
                50.94125941063133
              ],
              [
                3.6620001101972037,
                50.94143529101687
              ],
              [
                3.661970033080496,
                50.94145586569272
              ],
              [
                3.6619020104745776,
                50.94149408855593
              ],
              [
                3.6616178009394975,
                50.941688504301126
              ],
              [
                3.661365119290393,
                50.9418995835555
              ],
              [
                3.661146399178227,
                50.94212529371791
              ],
              [
                3.6609637473121954,
                50.942363461268215
              ],
              [
                3.6608189231588653,
                50.94261179269192
              ],
              [
                3.660713321981065,
                50.942867896561616
              ],
              [
                3.6606479613804845,
                50.94312930656221
              ],
              [
                3.660623471474385,
                50.94339350523901
              ],
              [
                3.6606400888019093,
                50.94365794823946
              ],
              [
                3.66064770740521,
                50.94369264201786
              ],
              [
                3.660658170657799,
                50.94385914887915
              ],
              [
                3.6607157362234726,
                50.944121289430456
              ],
              [
                3.66081369613279,
                50.94437860293599
              ],
              [
                3.6609511075952574,
                50.94462861122795
              ],
              [
                3.661126647807057,
                50.94486890645614
              ],
              [
                3.661338626669475,
                50.94509717428207
              ],
              [
                3.6615850030481996,
                50.945311216173515
              ],
              [
                3.6618634044175606,
                50.94550897058486
              ],
              [
                3.6621711497010505,
                50.945688532818835
              ],
              [
                3.6625052750884275,
                50.945848173377954
              ],
              [
                3.6628625625809463,
                50.945986354628864
              ],
              [
                3.663239570989691,
                50.94610174561847
              ],
              [
                3.6636326690882095,
                50.946193234899226
              ],
              [
                3.6640380705997173,
                50.94625994123938
              ],
              [
                3.6644518706812645,
                50.94630122211524
              ],
              [
                3.6648700835527652,
                50.94631667990293
              ],
              [
                3.665288680907563,
                50.94630616571035
              ],
              [
                3.665703630733676,
                50.94626978081203
              ],
              [
                3.6661109361708277,
                50.9462078756732
              ],
              [
                3.666506674028006,
                50.94612104657227
              ],
              [
                3.6668870325896665,
                50.94601012985465
              ],
              [
                3.6672483483455203,
                50.9458761938731
              ],
              [
                3.6675871412894194,
                50.94572052869262
              ],
              [
                3.6679001484467006,
                50.94554463365917
              ],
              [
                3.668184355306614,
                50.945350202952305
              ],
              [
                3.668437024856815,
                50.94513910926101
              ],
              [
                3.6686557239401623,
                50.94491338574043
              ],
              [
                3.668707086711054,
                50.944846397919065
              ],
              [
                3.6687127196985507,
                50.94484058395283
              ],
              [
                3.668895341865657,
                50.94460240454206
              ],
              [
                3.669040129408367,
                50.94435406331935
              ],
              [
                3.669145688470744,
                50.944097952086345
              ],
              [
                3.6692110030660827,
                50.94383653743939
              ],
              [
                3.6692249905990018,
                50.94368534123338
              ],
              [
                3.66923398627172,
                50.94364933662578
              ],
              [
                3.669258427816835,
                50.943385136177326
              ],
              [
                3.669241762003001,
                50.943120694375025
              ],
              [
                3.6691841500216182,
                50.94285855792088
              ],
              [
                3.669086147374033,
                50.94260125127347
              ],
              [
                3.668948698496151,
                50.94235125233836
              ],
              [
                3.668773127639301,
                50.942110968608304
              ]
            ]
          ]
        ]
      },
      "properties": {
        "type": "buffer_union_300m",
        "buffer_m": 300
      }
    },
    {
      "type": "Feature",
      "geometry": {
        "type": "MultiPolygon",
        "coordinates": [
          [
            [
              [
                3.6510333252565155,
                50.927979406218896
              ],
              [
                3.650750857174705,
                50.92767502266184
              ],
              [
                3.6504225451887002,
                50.927389601542856
              ],
              [
                3.6500515515019885,
                50.92712589125874
              ],
              [
                3.649641449130512,
                50.92688643110297
              ],
              [
                3.6491961874870547,
                50.926673526825624
              ],
              [
                3.6487200543499827,
                50.92648922844237
              ],
              [
                3.648217634582454,
                50.92633531050595
              ],
              [
                3.6476937659991795,
                50.92621325502931
              ],
              [
                3.6471534928049074,
                50.92612423722458
              ],
              [
                3.64660201705195,
                50.926069114194746
              ],
              [
                3.646044648582828,
                50.926048416686434
              ],
              [
                3.6454867539385583,
                50.92606234398307
              ],
              [
                3.6449337047228796,
                50.92611076198741
              ],
              [
                3.6443908259178994,
                50.92619320451178
              ],
              [
                3.643863344647104,
                50.9263088777638
              ],
              [
                3.6433563398774127,
                50.926456667984226
              ],
              [
                3.6428746935430762,
                50.926635152164025
              ],
              [
                3.64242304356067,
                50.926842611737484
              ],
              [
                3.6420057391865197,
                50.927077049120136
              ],
              [
                3.641626799145587,
                50.9273362069325
              ],
              [
                3.641289872934501,
                50.927617589725315
              ],
              [
                3.640998205671203,
                50.92791848799738
              ],
              [
                3.640754606829841,
                50.928236004275384
              ],
              [
                3.6405614231625343,
                50.92856708100491
              ],
              [
                3.64042051606959,
                50.92890852998497
              ],
              [
                3.640333243637242,
                50.929257063062465
              ],
              [
                3.6403004475172795,
                50.92960932379165
              ],
              [
                3.640322444776496,
                50.929961919754085
              ],
              [
                3.640399024796202,
                50.930311455227724
              ],
              [
                3.640529451253437,
                50.9306545638907
              ],
              [
                3.640712469166647,
                50.93098794124485
              ],
              [
                3.640946316939696,
                50.9313083764466
              ],
              [
                3.641228743289841,
                50.93161278323817
              ],
              [
                3.6415570288981045,
                50.93189822968118
              ],
              [
                3.6419280125746796,
                50.93216196640568
              ],
              [
                3.6423381216883097,
                50.93240145310209
              ],
              [
                3.642783406567112,
                50.93261438300041
              ],
              [
                3.6432595785397996,
                50.93279870510033
              ],
              [
                3.6437620512507842,
                50.932952643937725
              ],
              [
                3.644285984850767,
                50.933074716696446
              ],
              [
                3.6448263326364434,
                50.933163747500174
              ],
              [
                3.6453778896889975,
                50.933218878746416
              ],
              [
                3.6459353430416086,
                50.93323957937278
              ],
              [
                3.646493322891235,
                50.933225649976045
              ],
              [
                3.647046454359746,
                50.933177224734116
              ],
              [
                3.647589409304101,
                50.933094770112824
              ],
              [
                3.6481169576748225,
                50.93297908036943
              ],
              [
                3.648624017926376,
                50.93283126989693
              ],
              [
                3.6491057059923766,
                50.93265276248264
              ],
              [
                3.649448983382722,
                50.93249507274548
              ],
              [
                3.6494705461435233,
                50.93253433398784
              ],
              [
                3.6497044614329717,
                50.93285475160631
              ],
              [
                3.649986953909154,
                50.93315913720119
              ],
              [
                3.6503153036160474,
                50.9334445590382
              ],
              [
                3.65068634874629,
                50.93370826798436
              ],
              [
                3.651096516076513,
                50.93394772399754
              ],
              [
                3.6515418553738797,
                50.934160620603265
              ],
              [
                3.6520180774427238,
                50.93434490712188
              ],
              [
                3.652520595444704,
                50.934498808431954
              ],
              [
                3.65304456909407,
                50.934620842078786
              ],
              [
                3.653584951301568,
                50.93470983256283
              ],
              [
                3.6541365368166674,
                50.93476492266994
              ],
              [
                3.6546940123982723,
                50.93478558173402
              ],
              [
                3.65469520606766,
                50.93478555185002
              ],
              [
                3.65469601255154,
                50.93478558173495
              ],
              [
                3.655254008181822,
                50.934771610743596
              ],
              [
                3.6558071488297323,
                50.93472314428493
              ],
              [
                3.6563501062638317,
                50.93464064922178
              ],
              [
                3.6568776504107228,
                50.934524920200964
              ],
              [
                3.657384699765667,
                50.93437707199382
              ],
              [
                3.657866370367387,
                50.93419852875114
              ],
              [
                3.658318022863986,
                50.933991010276564
              ],
              [
                3.6585035140162594,
                50.933886773160474
              ],
              [
                3.6587418999296166,
                50.933798405896226
              ],
              [
                3.6591935447023154,
                50.9335908840312
              ],
              [
                3.6596108211197147,
                50.93335638606819
              ],
              [
                3.6599897104381207,
                50.93309717073155
              ],
              [
                3.660112982133191,
                50.932994179595056
              ],
              [
                3.660467460071768,
                50.93296310423928
              ],
              [
                3.661010388944309,
                50.932880587598525
              ],
              [
                3.661537901806865,
                50.932764837593794
              ],
              [
                3.6620449174561505,
                50.93261696919853
              ],
              [
                3.6625265522556694,
                50.932438406757925
              ],
              [
                3.6629781671985016,
                50.93223087026059
              ],
              [
                3.6633954126065476,
                50.9319963587612
              ],
              [
                3.663774270034884,
                50.931737131114424
              ],
              [
                3.6641110909770953,
                50.93145568420645
              ],
              [
                3.664402631998617,
                50.93115472889374
              ],
              [
                3.6646460859598893,
                50.9308371638819
              ],
              [
                3.6648391090291224,
                50.93050604779649
              ],
              [
                3.6649798432253484,
                50.93016456971513
              ],
              [
                3.665066934275778,
                50.929816018445436
              ],
              [
                3.6650995446168944,
                50.929463750844825
              ],
              [
                3.6650773614156464,
                50.92911115948756
              ],
              [
                3.6650005995352233,
                50.928761639990746
              ],
              [
                3.664869999418657,
                50.9284185583138
              ],
              [
                3.6646868199124576,
                50.928085218346496
              ],
              [
                3.6644528261011087,
                50.92776483009732
              ],
              [
                3.664170272271249,
                50.92746047878853
              ],
              [
                3.6638418801709896,
                50.92717509515499
              ],
              [
                3.663470812774937,
                50.92691142723242
              ],
              [
                3.663060643808449,
                50.92667201390631
              ],
              [
                3.6626153233252157,
                50.92645916047577
              ],
              [
                3.662139139669837,
                50.92627491646683
              ],
              [
                3.661636678191599,
                50.926121055908624
              ],
              [
                3.661112777106566,
                50.925999060261596
              ],
              [
                3.660572480932218,
                50.92591010416182
              ],
              [
                3.6600209919419684,
                50.92585504411812
              ],
              [
                3.659463620105696,
                50.92583441027068
              ],
              [
                3.658925013981219,
                50.925847917770284
              ],
              [
                3.658706868655475,
                50.92578111109926
              ],
              [
                3.658182978982408,
                50.92565910237494
              ],
              [
                3.6576426922762058,
                50.92557013279239
              ],
              [
                3.6570912107191615,
                50.92551505899026
              ],
              [
                3.656533844209615,
                50.925494411241196
              ],
              [
                3.6559759592696977,
                50.92550838834954
              ],
              [
                3.655422927409747,
                50.925556855738435
              ],
              [
                3.6548800734448488,
                50.92563934674472
              ],
              [
                3.6543526242594493,
                50.92575506710916
              ],
              [
                3.653845658511705,
                50.92590290261892
              ],
              [
                3.6533640577603483,
                50.926081429828876
              ],
              [
                3.652912459483283,
                50.926288929758954
              ],
              [
                3.652495212439223,
                50.92652340443604
              ],
              [
                3.6521163348013603,
                50.92678259612151
              ],
              [
                3.6517794754656907,
                50.92706400903991
              ],
              [
                3.6514878789064356,
                50.92736493339985
              ],
              [
                3.651244353917122,
                50.9276824714767
              ],
              [
                3.6510543620228453,
                50.928008223864325
              ],
              [
                3.6510333252565155,
                50.927979406218896
              ]
            ]
          ],
          [
            [
              [
                3.630766772273405,
                50.926678145899615
              ],
              [
                3.6302644093836,
                50.92652415120069
              ],
              [
                3.6297405854031584,
                50.926402015681134
              ],
              [
                3.629200344107658,
                50.926312915323834
              ],
              [
                3.628648887242489,
                50.9262577080266
              ],
              [
                3.6280915244684464,
                50.92623692534741
              ],
              [
                3.6275336222717627,
                50.92625076738979
              ],
              [
                3.626980552328852,
                50.92629910087732
              ],
              [
                3.6264376398212668,
                50.92638146043613
              ],
              [
                3.625910112196787,
                50.92649705307264
              ],
              [
                3.625403048868369,
                50.92664476580384
              ],
              [
                3.624921332333756,
                50.92682317636686
              ],
              [
                3.6244696011850666,
                50.92703056690487
              ],
              [
                3.624052205459733,
                50.92726494049815
              ],
              [
                3.6236731647618874,
                50.92752404038157
              ],
              [
                3.6233361295569466,
                50.92780537166375
              ],
              [
                3.6230443460119512,
                50.92810622533964
              ],
              [
                3.622800624720383,
                50.92842370436544
              ],
              [
                3.6226073136131602,
                50.928754751545675
              ],
              [
                3.622466275317526,
                50.92909617896406
              ],
              [
                3.6223788691829877,
                50.92944469867527
              ],
              [
                3.622345938148785,
                50.929796954362494
              ],
              [
                3.622367800580948,
                50.93014955365604
              ],
              [
                3.6224442471593012,
                50.93049910080192
              ],
              [
                3.622533188733492,
                50.93073332550079
              ],
              [
                3.622538717580102,
                50.93075860524576
              ],
              [
                3.6226690146783933,
                50.93110173367816
              ],
              [
                3.622851907434636,
                50.93143513879766
              ],
              [
                3.623085635458408,
                50.93175560949338
              ],
              [
                3.623367948620687,
                50.93206005916587
              ],
              [
                3.623696128693081,
                50.93234555546388
              ],
              [
                3.624067015502724,
                50.93260934853736
              ],
              [
                3.62447703735183,
                50.9328488975341
              ],
              [
                3.6249222454095102,
                50.93306189508408
              ],
              [
                3.6253983517448716,
                50.933246289535425
              ],
              [
                3.6259007706349644,
                50.93340030472714
              ],
              [
                3.626424662749267,
                50.933522457107614
              ],
              [
                3.6269649817843708,
                50.933611570033634
              ],
              [
                3.6275165230986115,
                50.9336667851116
              ],
              [
                3.628073973876899,
                50.933687570471655
              ],
              [
                3.6286319643410287,
                50.93367372589429
              ],
              [
                3.629185119510576,
                50.93362538474046
              ],
              [
                3.6297281110140642,
                50.93354301266592
              ],
              [
                3.6302557084496407,
                50.933427403132875
              ],
              [
                3.6304638866258774,
                50.93336675754567
              ],
              [
                3.630515723670025,
                50.93335539850189
              ],
              [
                3.631022843422331,
                50.93320766400526
              ],
              [
                3.6315046023018174,
                50.93302922877057
              ],
              [
                3.6319563601056943,
                50.932821811561226
              ],
              [
                3.6323737657790445,
                50.93258741028296
              ],
              [
                3.6327527993324757,
                50.93232828272895
              ],
              [
                3.633089810562372,
                50.93204692482142
              ],
              [
                3.6333815542006076,
                50.93174604655982
              ],
              [
                3.6336252211554156,
                50.93142854590788
              ],
              [
                3.6336254443217415,
                50.93142816358367
              ],
              [
                3.6336282207991784,
                50.93142454577592
              ],
              [
                3.6338214651490968,
                50.93109348073421
              ],
              [
                3.6339624268225297,
                50.93075203989564
              ],
              [
                3.634049749355484,
                50.930403511709436
              ],
              [
                3.634082592954851,
                50.93005125281099
              ],
              [
                3.6340606425410855,
                50.92969865569112
              ],
              [
                3.633984110735617,
                50.92934911602273
              ],
              [
                3.633853735766042,
                50.92900599995979
              ],
              [
                3.6336707743110734,
                50.92867261172352
              ],
              [
                3.633436989355905,
                50.92835216178752
              ],
              [
                3.633154633176579,
                50.92804773596835
              ],
              [
                3.6328264256186356,
                50.92776226571857
              ],
              [
                3.632455527880425,
                50.927498499908175
              ],
              [
                3.6320455120544324,
                50.92725897836543
              ],
              [
                3.63180587551491,
                50.927144339780774
              ],
              [
                3.6316880187759026,
                50.9270754893261
              ],
              [
                3.6312428368051655,
                50.92686251702581
              ],
              [
                3.630766772273405,
                50.926678145899615
              ]
            ]
          ],
          [
            [
              [
                3.666123739554402,
                50.936814762980525
              ],
              [
                3.6658411203833734,
                50.93651041652645
              ],
              [
                3.665512654776495,
                50.936225038347
              ],
              [
                3.665141506416374,
                50.93596137642531
              ],
              [
                3.6647312498080997,
                50.93572196958911
              ],
              [
                3.664285835849305,
                50.93550912307494
              ],
              [
                3.6638095537846294,
                50.935324886342244
              ],
              [
                3.6633069899108284,
                50.935171033350024
              ],
              [
                3.6627829834297554,
                50.93504904548588
              ],
              [
                3.662242579873513,
                50.93496009731091
              ],
              [
                3.66169098254922,
                50.93490504525768
              ],
              [
                3.6611335024696023,
                50.93488441938935
              ],
              [
                3.660575507250028,
                50.93489841829962
              ],
              [
                3.660022369462406,
                50.93494690720167
              ],
              [
                3.6594794149415337,
                50.93502941922527
              ],
              [
                3.658951871539895,
                50.93514515990882
              ],
              [
                3.65844481882271,
                50.935293014843815
              ],
              [
                3.65796313918607,
                50.93547156039811
              ],
              [
                3.657511470867478,
                50.93567907741505
              ],
              [
                3.657094163300182,
                50.93591356775697
              ],
              [
                3.656715235240338,
                50.936172773534445
              ],
              [
                3.6563783360697246,
                50.93645419883628
              ],
              [
                3.656086710646476,
                50.936755133751866
              ],
              [
                3.655843168042456,
                50.93707268045493
              ],
              [
                3.6556500544688655,
                50.937403781098
              ],
              [
                3.655509230651648,
                50.93774524724969
              ],
              [
                3.655422053875696,
                50.93809379059134
              ],
              [
                3.655389364872172,
                50.93844605457827
              ],
              [
                3.6554114796767965,
                50.93879864676052
              ],
              [
                3.6554881865392774,
                50.93914817145225
              ],
              [
                3.6556187479154008,
                50.9394912624353
              ],
              [
                3.6558019075244528,
                50.93982461538163
              ],
              [
                3.656035902405743,
                50.94014501968258
              ],
              [
                3.65631847985972,
                50.94044938937783
              ],
              [
                3.65664691911198,
                50.940734792886204
              ],
              [
                3.657018057492709,
                50.94099848125111
              ],
              [
                3.6574283208803213,
                50.94123791462868
              ],
              [
                3.657873758116656,
                50.9414507867624
              ],
              [
                3.6583500790625325,
                50.9416350472083
              ],
              [
                3.658852695927013,
                50.941788921096034
              ],
              [
                3.6593767674718416,
                50.94191092623504
              ],
              [
                3.659691874956372,
                50.941962792369544
              ],
              [
                3.65965440235932,
                50.94201165243968
              ],
              [
                3.6594612953540686,
                50.94234275884516
              ],
              [
                3.6593204844525986,
                50.94268422904748
              ],
              [
                3.659233326815708,
                50.94303277468901
              ],
              [
                3.6592006629905223,
                50.94338503920285
              ],
              [
                3.6592228087705547,
                50.943737630133896
              ],
              [
                3.6592304263386004,
                50.9437723240033
              ],
              [
                3.6592408845783,
                50.94393883098667
              ],
              [
                3.6593176283790405,
                50.94428835262774
              ],
              [
                3.6594482320699178,
                50.944631438815165
              ],
              [
                3.6596314389628875,
                50.944964785267075
              ],
              [
                3.6598654856420203,
                50.94528518143729
              ],
              [
                3.6601481189090013,
                50.94558954144379
              ],
              [
                3.66047661745194,
                50.94587493379861
              ],
              [
                3.6608478180299815,
                50.94613860965266
              ],
              [
                3.661258145922452,
                50.94637802928246
              ],
              [
                3.661703649349826,
                50.94659088656389
              ],
              [
                3.66218003753527,
                50.946775131196
              ],
              [
                3.6626827220400573,
                50.946928988460805
              ],
              [
                3.663206860974252,
                50.947050976327795
              ],
              [
                3.663747405656103,
                50.94713991973838
              ],
              [
                3.664299149269628,
                50.94719496193181
              ],
              [
                3.6648567770504337,
                50.94721557270353
              ],
              [
                3.6654149175148363,
                50.947201553515825
              ],
              [
                3.6659681942372147,
                50.947153039411575
              ],
              [
                3.6665112776751196,
                50.94707049771259
              ],
              [
                3.667038936541242,
                50.946954723514914
              ],
              [
                3.66754608822573,
                50.94680683202506
              ],
              [
                3.6680278477816497,
                50.94662824781075
              ],
              [
                3.6684795750004047,
                50.9464206910703
              ],
              [
                3.668896919122561,
                50.94618616105342
              ],
              [
                3.669275860752619,
                50.945926916793134
              ],
              [
                3.669612750573496,
                50.94564545533566
              ],
              [
                3.6699043444876662,
                50.945344487677595
              ],
              [
                3.6699557059474897,
                50.945277499319474
              ],
              [
                3.669961338831997,
                50.94527168529418
              ],
              [
                3.6702048284272633,
                50.94495411013489
              ],
              [
                3.6703978703475086,
                50.944622986345735
              ],
              [
                3.670538606430902,
                50.94428150307855
              ],
              [
                3.670625682387215,
                50.94393294919084
              ],
              [
                3.670639665389198,
                50.943781752820975
              ],
              [
                3.670648659994605,
                50.94374574810616
              ],
              [
                3.6706812381038936,
                50.94339348045389
              ],
              [
                3.670659006362487,
                50.94304089164885
              ],
              [
                3.6705821801017553,
                50.94269137728349
              ],
              [
                3.6704515003854037,
                50.94234830326776
              ],
              [
                3.6702682268270954,
                50.942014973417564
              ],
              [
                3.6700341254175486,
                50.9416945976439
              ],
              [
                3.6697514514799625,
                50.94139026104881
              ],
              [
                3.669422927919348,
                50.94110489422541
              ],
              [
                3.6690517189763936,
                50.94084124504745
              ],
              [
                3.6686413997395366,
                50.94060185221991
              ],
              [
                3.668195921709406,
                50.94038902084439
              ],
              [
                3.667719574747489,
                50.940204800234525
              ],
              [
                3.667216945775305,
                50.94005096419412
              ],
              [
                3.666692874621381,
                50.939928993947476
              ],
              [
                3.666327740571346,
                50.93986891402531
              ],
              [
                3.666510194629536,
                50.939555967641645
              ],
              [
                3.666650943810288,
                50.93921448849963
              ],
              [
                3.666738039245298,
                50.93886593695136
              ],
              [
                3.6667706433292944,
                50.93851366985694
              ],
              [
                3.6667484432899635,
                50.93816107978571
              ],
              [
                3.6666716541531206,
                50.937811562342404
              ],
              [
                3.666541016624738,
                50.937468483466645
              ],
              [
                3.666357789912016,
                50.93713514702116
              ],
              [
                3.666123739554402,
                50.936814762980525
              ]
            ]
          ]
        ]
      },
      "properties": {
        "type": "buffer_union_400m",
        "buffer_m": 400
      }
    },
    {
      "type": "Feature",
      "geometry": {
        "type": "Polygon",
        "coordinates": [
          [
            [
              3.6239806,
              50.9201215
            ],
            [
              3.6248591,
              50.9198543
            ],
            [
              3.6275181,
              50.9193916
            ],
            [
              3.6316328,
              50.9183225
            ],
            [
              3.6367688,
              50.9172004
            ],
            [
              3.6392641,
              50.9168294
            ],
            [
              3.6418233,
              50.9161831
            ],
            [
              3.6413442,
              50.9152222
            ],
            [
              3.6415322,
              50.9139922
            ],
            [
              3.6414836,
              50.9137751
            ],
            [
              3.6409547,
              50.9131817
            ],
            [
              3.6409551,
              50.9129904
            ],
            [
              3.6414401,
              50.9121717
            ],
            [
              3.6415054,
              50.9118394
            ],
            [
              3.6441967,
              50.9096174
            ],
            [
              3.6451171,
              50.9091201
            ],
            [
              3.6459904,
              50.9092908
            ],
            [
              3.6459857,
              50.9092013
            ],
            [
              3.6465009,
              50.9090493
            ],
            [
              3.6465381,
              50.9092517
            ],
            [
              3.6476217,
              50.9089263
            ],
            [
              3.6475226,
              50.9088326
            ],
            [
              3.6483899,
              50.9085179
            ],
            [
              3.6489243,
              50.9089963
            ],
            [
              3.6499527,
              50.9081578
            ],
            [
              3.6500313,
              50.9080101
            ],
            [
              3.6517033,
              50.9089053
            ],
            [
              3.6521012,
              50.9085772
            ],
            [
              3.6525629,
              50.9088304
            ],
            [
              3.6542275,
              50.9085339
            ],
            [
              3.6543164,
              50.9089196
            ],
            [
              3.6551361,
              50.9088106
            ],
            [
              3.6553259,
              50.9091406
            ],
            [
              3.6560118,
              50.9090542
            ],
            [
              3.6586975,
              50.9091045
            ],
            [
              3.6612526,
              50.9093387
            ],
            [
              3.6613092,
              50.9098493
            ],
            [
              3.662028,
              50.9098305
            ],
            [
              3.6620146,
              50.9104613
            ],
            [
              3.663425,
              50.9104851
            ],
            [
              3.6630412,
              50.9108269
            ],
            [
              3.6652762,
              50.9116248
            ],
            [
              3.6651279,
              50.9118067
            ],
            [
              3.6678189,
              50.912697
            ],
            [
              3.6677384,
              50.9127613
            ],
            [
              3.669858,
              50.9133805
            ],
            [
              3.6703187,
              50.9130116
            ],
            [
              3.6705831,
              50.9126547
            ],
            [
              3.6724001,
              50.9133491
            ],
            [
              3.6717639,
              50.9137685
            ],
            [
              3.6730855,
              50.9145041
            ],
            [
              3.677658,
              50.913406
            ],
            [
              3.679659,
              50.912826
            ],
            [
              3.681436,
              50.911956
            ],
            [
              3.682902,
              50.910976
            ],
            [
              3.684146,
              50.909797
            ],
            [
              3.685566,
              50.907844
            ],
            [
              3.687014,
              50.9080583
            ],
            [
              3.6875324,
              50.9079681
            ],
            [
              3.6879718,
              50.907696
            ],
            [
              3.6883773,
              50.9071718
            ],
            [
              3.68864,
              50.9060153
            ],
            [
              3.6890072,
              50.9049886
            ],
            [
              3.6904309,
              50.9052049
            ],
            [
              3.6911295,
              50.9054426
            ],
            [
              3.6914146,
              50.9054531
            ],
            [
              3.6934648,
              50.9064652
            ],
            [
              3.693235,
              50.906726
            ],
            [
              3.6943804,
              50.9071896
            ],
            [
              3.6939105,
              50.907353
            ],
            [
              3.6932388,
              50.9079482
            ],
            [
              3.6926907,
              50.9086852
            ],
            [
              3.6928473,
              50.9086926
            ],
            [
              3.691821,
              50.9088988
            ],
            [
              3.6913583,
              50.9103951
            ],
            [
              3.6917173,
              50.9104581
            ],
            [
              3.6929908,
              50.910417
            ],
            [
              3.6940344,
              50.9106191
            ],
            [
              3.6944534,
              50.9098204
            ],
            [
              3.6947865,
              50.9094307
            ],
            [
              3.6956345,
              50.9101318
            ],
            [
              3.6962847,
              50.9100461
            ],
            [
              3.6979453,
              50.9109786
            ],
            [
              3.6985516,
              50.9106423
            ],
            [
              3.7001152,
              50.9111393
            ],
            [
              3.700422,
              50.9109268
            ],
            [
              3.701844,
              50.9117163
            ],
            [
              3.7047142,
              50.909994
            ],
            [
              3.7050399,
              50.909906
            ],
            [
              3.7058447,
              50.9099458
            ],
            [
              3.7067658,
              50.909048
            ],
            [
              3.7085671,
              50.9097394
            ],
            [
              3.7127793,
              50.9111396
            ],
            [
              3.7140994,
              50.9110601
            ],
            [
              3.7165613,
              50.9113034
            ],
            [
              3.7173275,
              50.9103267
            ],
            [
              3.719141,
              50.910901
            ],
            [
              3.7193287,
              50.9112044
            ],
            [
              3.7199792,
              50.9116496
            ],
            [
              3.7203393,
              50.9113825
            ],
            [
              3.7214133,
              50.9120071
            ],
            [
              3.7226282,
              50.9109808
            ],
            [
              3.7255486,
              50.9119279
            ],
            [
              3.726167,
              50.9108703
            ],
            [
              3.7274328,
              50.9094655
            ],
            [
              3.7278205,
              50.9088309
            ],
            [
              3.7284529,
              50.908074
            ],
            [
              3.7261731,
              50.9075926
            ],
            [
              3.7265033,
              50.9066981
            ],
            [
              3.7269191,
              50.9067331
            ],
            [
              3.7274939,
              50.905361
            ],
            [
              3.7268088,
              50.9052235
            ],
            [
              3.727137,
              50.9042062
            ],
            [
              3.7272742,
              50.9042409
            ],
            [
              3.727944,
              50.902372
            ],
            [
              3.7286917,
              50.9024057
            ],
            [
              3.7291202,
              50.9025426
            ],
            [
              3.7292684,
              50.902794
            ],
            [
              3.7294696,
              50.9028121
            ],
            [
              3.7295373,
              50.902948
            ],
            [
              3.7296399,
              50.9029441
            ],
            [
              3.7296461,
              50.9030503
            ],
            [
              3.7295456,
              50.903109
            ],
            [
              3.7339114,
              50.9049197
            ],
            [
              3.7344272,
              50.9054313
            ],
            [
              3.734653,
              50.9054222
            ],
            [
              3.7347647,
              50.9055299
            ],
            [
              3.7349454,
              50.9054779
            ],
            [
              3.735008,
              50.9055148
            ],
            [
              3.7349567,
              50.9056384
            ],
            [
              3.7352982,
              50.9055933
            ],
            [
              3.7354298,
              50.9057438
            ],
            [
              3.7355427,
              50.9056358
            ],
            [
              3.7361443,
              50.9056989
            ],
            [
              3.7364185,
              50.9058925
            ],
            [
              3.7378966,
              50.9065385
            ],
            [
              3.73851,
              50.906658
            ],
            [
              3.7388277,
              50.9068724
            ],
            [
              3.739057,
              50.9069113
            ],
            [
              3.7391791,
              50.9070474
            ],
            [
              3.7397236,
              50.9071658
            ],
            [
              3.7399664,
              50.9073614
            ],
            [
              3.7404886,
              50.9072954
            ],
            [
              3.7409762,
              50.9074026
            ],
            [
              3.7418506,
              50.9077772
            ],
            [
              3.7420303,
              50.9077823
            ],
            [
              3.7421295,
              50.9078939
            ],
            [
              3.7428993,
              50.9082153
            ],
            [
              3.7430736,
              50.9080808
            ],
            [
              3.7433472,
              50.9081172
            ],
            [
              3.7434679,
              50.9082559
            ],
            [
              3.7435672,
              50.908239
            ],
            [
              3.7436852,
              50.9080631
            ],
            [
              3.7443101,
              50.9080867
            ],
            [
              3.7444111,
              50.9079646
            ],
            [
              3.744396,
              50.9078635
            ],
            [
              3.744522,
              50.9079396
            ],
            [
              3.7448463,
              50.9079003
            ],
            [
              3.7449163,
              50.908014
            ],
            [
              3.7452704,
              50.9081595
            ],
            [
              3.7460838,
              50.9079029
            ],
            [
              3.7469872,
              50.9079305
            ],
            [
              3.7490067,
              50.9089984
            ],
            [
              3.75165,
              50.9099514
            ],
            [
              3.7528292,
              50.910186
            ],
            [
              3.7533063,
              50.9104545
            ],
            [
              3.7556759,
              50.9138178
            ],
            [
              3.7545159,
              50.9148692
            ],
            [
              3.7539218,
              50.9152387
            ],
            [
              3.7533207,
              50.9155644
            ],
            [
              3.7532846,
              50.9154249
            ],
            [
              3.7520416,
              50.9159412
            ],
            [
              3.7513868,
              50.9171333
            ],
            [
              3.7507798,
              50.9168722
            ],
            [
              3.7501382,
              50.917001
            ],
            [
              3.7491534,
              50.9166839
            ],
            [
              3.7489341,
              50.9169377
            ],
            [
              3.7467684,
              50.9162613
            ],
            [
              3.7459917,
              50.9171252
            ],
            [
              3.7421852,
              50.9160462
            ],
            [
              3.7419973,
              50.9162388
            ],
            [
              3.7391123,
              50.9158062
            ],
            [
              3.7390379,
              50.9158952
            ],
            [
              3.7372023,
              50.9155076
            ],
            [
              3.7367301,
              50.9153757
            ],
            [
              3.7358075,
              50.9149563
            ],
            [
              3.7331842,
              50.9142592
            ],
            [
              3.7329126,
              50.9149085
            ],
            [
              3.7325039,
              50.9148536
            ],
            [
              3.7290526,
              50.9198689
            ],
            [
              3.7294576,
              50.9205408
            ],
            [
              3.7283502,
              50.9218914
            ],
            [
              3.7285581,
              50.9219451
            ],
            [
              3.7283484,
              50.9229127
            ],
            [
              3.728157,
              50.9233807
            ],
            [
              3.7309156,
              50.9233851
            ],
            [
              3.7309484,
              50.9235117
            ],
            [
              3.7311891,
              50.9234597
            ],
            [
              3.7322165,
              50.9236815
            ],
            [
              3.7339979,
              50.9237787
            ],
            [
              3.7357485,
              50.9250762
            ],
            [
              3.7361482,
              50.9252183
            ],
            [
              3.7370789,
              50.9258235
            ],
            [
              3.7382913,
              50.9262141
            ],
            [
              3.7382162,
              50.9263476
            ],
            [
              3.7387341,
              50.9266796
            ],
            [
              3.741644,
              50.9276739
            ],
            [
              3.7433124,
              50.9284338
            ],
            [
              3.743966,
              50.9286
            ],
            [
              3.7444703,
              50.928882
            ],
            [
              3.7448289,
              50.9288981
            ],
            [
              3.7466879,
              50.9302233
            ],
            [
              3.7469736,
              50.9302089
            ],
            [
              3.7472552,
              50.930591
            ],
            [
              3.7474725,
              50.9313466
            ],
            [
              3.7474409,
              50.9315852
            ],
            [
              3.7476629,
              50.931874
            ],
            [
              3.7476262,
              50.9325057
            ],
            [
              3.7474686,
              50.9326886
            ],
            [
              3.7476844,
              50.9328088
            ],
            [
              3.7478051,
              50.9334089
            ],
            [
              3.7485086,
              50.9339069
            ],
            [
              3.748717,
              50.9339245
            ],
            [
              3.7493795,
              50.9342879
            ],
            [
              3.7494518,
              50.934344
            ],
            [
              3.7493866,
              50.9345286
            ],
            [
              3.7479204,
              50.9349353
            ],
            [
              3.7469843,
              50.935565
            ],
            [
              3.7464479,
              50.9357433
            ],
            [
              3.7463083,
              50.9357224
            ],
            [
              3.744928,
              50.934547
            ],
            [
              3.7435531,
              50.9337531
            ],
            [
              3.7431479,
              50.933808
            ],
            [
              3.743021,
              50.934411
            ],
            [
              3.7430812,
              50.9344703
            ],
            [
              3.742388,
              50.9348866
            ],
            [
              3.7389542,
              50.9354999
            ],
            [
              3.7378792,
              50.9351506
            ],
            [
              3.7379954,
              50.9349936
            ],
            [
              3.7376263,
              50.934819
            ],
            [
              3.7323801,
              50.9353989
            ],
            [
              3.7321458,
              50.9352901
            ],
            [
              3.7317742,
              50.9357517
            ],
            [
              3.7315674,
              50.9356914
            ],
            [
              3.7303441,
              50.9371892
            ],
            [
              3.7302199,
              50.9371644
            ],
            [
              3.728905,
              50.9391053
            ],
            [
              3.7280137,
              50.9388589
            ],
            [
              3.7275715,
              50.939515
            ],
            [
              3.7258157,
              50.9391062
            ],
            [
              3.7253308,
              50.9398219
            ],
            [
              3.7258284,
              50.940002
            ],
            [
              3.7251581,
              50.940758
            ],
            [
              3.725419,
              50.9408692
            ],
            [
              3.7249282,
              50.9414462
            ],
            [
              3.7235254,
              50.9408733
            ],
            [
              3.7220384,
              50.9406694
            ],
            [
              3.7206709,
              50.9401966
            ],
            [
              3.7196061,
              50.9394155
            ],
            [
              3.7169231,
              50.9380788
            ],
            [
              3.7166993,
              50.9382008
            ],
            [
              3.714838,
              50.937371
            ],
            [
              3.7148675,
              50.9373237
            ],
            [
              3.7136161,
              50.9363802
            ],
            [
              3.712629,
              50.936832
            ],
            [
              3.7116601,
              50.9370662
            ],
            [
              3.7092805,
              50.9371952
            ],
            [
              3.7087867,
              50.9372911
            ],
            [
              3.7092987,
              50.9378495
            ],
            [
              3.7064321,
              50.9396136
            ],
            [
              3.7071779,
              50.9400438
            ],
            [
              3.7074378,
              50.9400491
            ],
            [
              3.7078871,
              50.9403018
            ],
            [
              3.7079851,
              50.940494
            ],
            [
              3.708728,
              50.9409813
            ],
            [
              3.7089795,
              50.9412562
            ],
            [
              3.7092305,
              50.9419799
            ],
            [
              3.7099816,
              50.9424847
            ],
            [
              3.7103695,
              50.9425623
            ],
            [
              3.7107611,
              50.9427618
            ],
            [
              3.7106123,
              50.942967
            ],
            [
              3.7113759,
              50.9439886
            ],
            [
              3.711042,
              50.9443504
            ],
            [
              3.7119951,
              50.9450741
            ],
            [
              3.7117146,
              50.9455097
            ],
            [
              3.7110642,
              50.9461392
            ],
            [
              3.7109569,
              50.9461544
            ],
            [
              3.7108724,
              50.9463285
            ],
            [
              3.7085726,
              50.9469765
            ],
            [
              3.707857,
              50.948074
            ],
            [
              3.7078841,
              50.9486857
            ],
            [
              3.7076303,
              50.9488561
            ],
            [
              3.7077591,
              50.9489715
            ],
            [
              3.7076604,
              50.9490597
            ],
            [
              3.707676,
              50.9492065
            ],
            [
              3.7074568,
              50.9497761
            ],
            [
              3.7071982,
              50.9497866
            ],
            [
              3.7069389,
              50.950205
            ],
            [
              3.7054959,
              50.9508386
            ],
            [
              3.7059124,
              50.9513488
            ],
            [
              3.7056783,
              50.951403
            ],
            [
              3.7055576,
              50.951327
            ],
            [
              3.7051606,
              50.9514639
            ],
            [
              3.704961,
              50.9513003
            ],
            [
              3.7033139,
              50.9520688
            ],
            [
              3.701302,
              50.9515042
            ],
            [
              3.7011507,
              50.951436
            ],
            [
              3.7012365,
              50.9512687
            ],
            [
              3.7006438,
              50.9512205
            ],
            [
              3.6997915,
              50.9508461
            ],
            [
              3.6993456,
              50.9508403
            ],
            [
              3.6988279,
              50.9506714
            ],
            [
              3.6974701,
              50.9504185
            ],
            [
              3.6963737,
              50.9504037
            ],
            [
              3.6959338,
              50.9506088
            ],
            [
              3.6958909,
              50.9506994
            ],
            [
              3.6939204,
              50.9512953
            ],
            [
              3.6905134,
              50.9518576
            ],
            [
              3.6888598,
              50.952623
            ],
            [
              3.6882953,
              50.9527671
            ],
            [
              3.6876613,
              50.952184
            ],
            [
              3.6866739,
              50.9526315
            ],
            [
              3.6864886,
              50.9528305
            ],
            [
              3.6849256,
              50.9535109
            ],
            [
              3.6828642,
              50.9548624
            ],
            [
              3.683762,
              50.9553872
            ],
            [
              3.6840215,
              50.9557128
            ],
            [
              3.6839256,
              50.9558941
            ],
            [
              3.6836567,
              50.9560984
            ],
            [
              3.6809314,
              50.9549716
            ],
            [
              3.6793116,
              50.9545227
            ],
            [
              3.6768901,
              50.9540024
            ],
            [
              3.6768794,
              50.9539156
            ],
            [
              3.6754734,
              50.9537384
            ],
            [
              3.6732917,
              50.9536458
            ],
            [
              3.6719217,
              50.9536875
            ],
            [
              3.6698318,
              50.954016
            ],
            [
              3.6679917,
              50.9545274
            ],
            [
              3.6666547,
              50.9550618
            ],
            [
              3.6639331,
              50.9559133
            ],
            [
              3.6631985,
              50.9560683
            ],
            [
              3.6610351,
              50.9562765
            ],
            [
              3.6592868,
              50.9562742
            ],
            [
              3.6568076,
              50.9559711
            ],
            [
              3.6536929,
              50.9551567
            ],
            [
              3.6524588,
              50.9546708
            ],
            [
              3.6504093,
              50.9535255
            ],
            [
              3.6491789,
              50.9524288
            ],
            [
              3.6482202,
              50.9510474
            ],
            [
              3.6479007,
              50.9502514
            ],
            [
              3.6477281,
              50.9493559
            ],
            [
              3.6477171,
              50.9485414
            ],
            [
              3.6478126,
              50.947831
            ],
            [
              3.6480513,
              50.9470072
            ],
            [
              3.6493882,
              50.9433693
            ],
            [
              3.6498106,
              50.941011
            ],
            [
              3.6498363,
              50.9397936
            ],
            [
              3.6499245,
              50.9389696
            ],
            [
              3.6500861,
              50.9383285
            ],
            [
              3.6503248,
              50.9377453
            ],
            [
              3.6513249,
              50.9362402
            ],
            [
              3.648575,
              50.935836
            ],
            [
              3.6473496,
              50.9385946
            ],
            [
              3.6463178,
              50.9384901
            ],
            [
              3.6463237,
              50.9383666
            ],
            [
              3.6462164,
              50.9382888
            ],
            [
              3.6459021,
              50.9382016
            ],
            [
              3.6439975,
              50.9379544
            ],
            [
              3.6433089,
              50.9377158
            ],
            [
              3.642244,
              50.9375874
            ],
            [
              3.6376742,
              50.9377615
            ],
            [
              3.6370976,
              50.9375866
            ],
            [
              3.6370754,
              50.9373017
            ],
            [
              3.6359274,
              50.9376212
            ],
            [
              3.634474,
              50.938468
            ],
            [
              3.6336414,
              50.9388286
            ],
            [
              3.6322688,
              50.9390706
            ],
            [
              3.631913,
              50.938621
            ],
            [
              3.62925,
              50.934307
            ],
            [
              3.62884,
              50.93338
            ],
            [
              3.628328,
              50.931415
            ],
            [
              3.627748,
              50.930141
            ],
            [
              3.6272313,
              50.9292418
            ],
            [
              3.6265562,
              50.9283956
            ],
            [
              3.6272604,
              50.9279688
            ],
            [
              3.628676,
              50.9268784
            ],
            [
              3.6311377,
              50.925733
            ],
            [
              3.6319049,
              50.9252448
            ],
            [
              3.6323118,
              50.924877
            ],
            [
              3.631505,
              50.9235695
            ],
            [
              3.6284901,
              50.9240555
            ],
            [
              3.6262897,
              50.9242379
            ],
            [
              3.6260354,
              50.9241311
            ],
            [
              3.6260428,
              50.923983
            ],
            [
              3.6251834,
              50.9230961
            ],
            [
              3.6248085,
              50.9218384
            ],
            [
              3.6247593,
              50.9214216
            ],
            [
              3.6239806,
              50.9201215
            ]
          ]
        ]
      },
      "properties": {
        "type": "boundary",
        "gemeente": "Gavere"
      }
    }
  ]
}