{
  "type": "FeatureCollection",
  "metadata": {
    "gemeente": "Gerpinnes",
    "slug": "gerpinnes",
    "generated_at": "2026-09-25T22:11:38.126482Z",
    "total_points": 37,
    "providers": [
      "bpost",
      "DHL",
      "GLS",
      "InPost",
      "VintedGo",
      "PostNL",
      "DPD",
      "Amazon"
    ],
    "bounds": [
      4.4674632,
      50.336249,
      4.5779352,
      50.3704
    ]
  },
  "features": [
    {
      "type": "Feature",
      "geometry": {
        "type": "Point",
        "coordinates": [
          4.46911,
          50.3677
        ]
      },
      "properties": {
        "type": "pakketpunt",
        "locatieNaam": "Bbox 24/7 Mr Bricolage Loverval",
        "straatNaam": "Allée Des Sports",
        "straatNr": "11",
        "vervoerder": "bpost",
        "puntType": "automaat",
        "bezettingsgraad": 50,
        "latitude": 50.3677,
        "longitude": 4.46911,
        "canPickup": true,
        "canDropoff": true,
        "openingstijden": null
      }
    },
    {
      "type": "Feature",
      "geometry": {
        "type": "Point",
        "coordinates": [
          4.46984,
          50.3615
        ]
      },
      "properties": {
        "type": "pakketpunt",
        "locatieNaam": "Night & Day Loverval",
        "straatNaam": "Chaussée De Philippeville",
        "straatNr": "107",
        "vervoerder": "bpost",
        "puntType": "servicepunt",
        "bezettingsgraad": 50,
        "latitude": 50.3615,
        "longitude": 4.46984,
        "canPickup": true,
        "canDropoff": true,
        "openingstijden": null
      }
    },
    {
      "type": "Feature",
      "geometry": {
        "type": "Point",
        "coordinates": [
          4.47201,
          50.34464
        ]
      },
      "properties": {
        "type": "pakketpunt",
        "locatieNaam": "Bbox 24/7 Intermarché Gerpinnes",
        "straatNaam": "Chaussée De Philippeville",
        "straatNr": "196",
        "vervoerder": "bpost",
        "puntType": "automaat",
        "bezettingsgraad": 50,
        "latitude": 50.34464,
        "longitude": 4.47201,
        "canPickup": true,
        "canDropoff": true,
        "openingstijden": null
      }
    },
    {
      "type": "Feature",
      "geometry": {
        "type": "Point",
        "coordinates": [
          4.4741,
          50.34425
        ]
      },
      "properties": {
        "type": "pakketpunt",
        "locatieNaam": "Bbox 24/7 Lidl Gerpinnes",
        "straatNaam": "Chaussée De Philippeville",
        "straatNr": "211",
        "vervoerder": "bpost",
        "puntType": "automaat",
        "bezettingsgraad": 50,
        "latitude": 50.34425,
        "longitude": 4.4741,
        "canPickup": true,
        "canDropoff": true,
        "openingstijden": null
      }
    },
    {
      "type": "Feature",
      "geometry": {
        "type": "Point",
        "coordinates": [
          4.49763,
          50.33625
        ]
      },
      "properties": {
        "type": "pakketpunt",
        "locatieNaam": "Bbox Pharmacie Des Flaches",
        "straatNaam": "Rue Des Flaches",
        "straatNr": "48",
        "vervoerder": "bpost",
        "puntType": "automaat",
        "bezettingsgraad": 50,
        "latitude": 50.33625,
        "longitude": 4.49763,
        "canPickup": true,
        "canDropoff": true,
        "openingstijden": null
      }
    },
    {
      "type": "Feature",
      "geometry": {
        "type": "Point",
        "coordinates": [
          4.52619,
          50.33847
        ]
      },
      "properties": {
        "type": "pakketpunt",
        "locatieNaam": "Gerpinnes Centre",
        "straatNaam": "Rue Du Parc Saint-Adrien",
        "straatNr": "12",
        "vervoerder": "bpost",
        "puntType": "postkantoor",
        "bezettingsgraad": 50,
        "latitude": 50.33847,
        "longitude": 4.52619,
        "canPickup": true,
        "canDropoff": true,
        "openingstijden": null
      }
    },
    {
      "type": "Feature",
      "geometry": {
        "type": "Point",
        "coordinates": [
          4.52665,
          50.3384
        ]
      },
      "properties": {
        "type": "pakketpunt",
        "locatieNaam": "Pakjesautomaat Bpost Gerpinnes Centre",
        "straatNaam": "Rue Du Parc Saint-Adrien",
        "straatNr": "12",
        "vervoerder": "bpost",
        "puntType": "automaat",
        "bezettingsgraad": 50,
        "latitude": 50.3384,
        "longitude": 4.52665,
        "canPickup": true,
        "canDropoff": true,
        "openingstijden": null
      }
    },
    {
      "type": "Feature",
      "geometry": {
        "type": "Point",
        "coordinates": [
          4.469837,
          50.361502
        ]
      },
      "properties": {
        "type": "pakketpunt",
        "locatieNaam": "NIGHT & DAY LOVERVAL",
        "straatNaam": "CHAUSSÉE DE PHILIPPEVILLE",
        "straatNr": "107",
        "vervoerder": "DHL",
        "puntType": "parcelShop",
        "bezettingsgraad": 50,
        "latitude": 50.361502,
        "longitude": 4.469837,
        "canPickup": true,
        "canDropoff": true,
        "openingstijden": {
          "ma": "06:00 - 23:00",
          "di": "06:00 - 23:00",
          "wo": "06:00 - 23:00",
          "do": "06:00 - 23:00",
          "vr": "06:00 - 23:59",
          "za": "07:00 - 23:59",
          "zo": "08:00 - 23:00"
        }
      }
    },
    {
      "type": "Feature",
      "geometry": {
        "type": "Point",
        "coordinates": [
          4.46911,
          50.3677
        ]
      },
      "properties": {
        "type": "pakketpunt",
        "locatieNaam": "BBOX 24/7 MR BRICOLAGE LOVERVAL",
        "straatNaam": "ALLÉE DES SPORTS",
        "straatNr": "11",
        "vervoerder": "DHL",
        "puntType": "packStation",
        "bezettingsgraad": 50,
        "latitude": 50.3677,
        "longitude": 4.46911,
        "canPickup": true,
        "canDropoff": true,
        "openingstijden": {
          "ma": "00:00 - 23:59",
          "di": "00:00 - 23:59",
          "wo": "00:00 - 23:59",
          "do": "00:00 - 23:59",
          "vr": "00:00 - 23:59",
          "za": "00:00 - 23:59",
          "zo": "00:00 - 23:59"
        }
      }
    },
    {
      "type": "Feature",
      "geometry": {
        "type": "Point",
        "coordinates": [
          4.47201,
          50.34464
        ]
      },
      "properties": {
        "type": "pakketpunt",
        "locatieNaam": "BBOX 24/7 INTERMARCHÉ GERPINNES",
        "straatNaam": "CHAUSSÉE DE PHILIPPEVILLE",
        "straatNr": "196",
        "vervoerder": "DHL",
        "puntType": "packStation",
        "bezettingsgraad": 50,
        "latitude": 50.34464,
        "longitude": 4.47201,
        "canPickup": true,
        "canDropoff": true,
        "openingstijden": {
          "ma": "00:00 - 23:59",
          "di": "00:00 - 23:59",
          "wo": "00:00 - 23:59",
          "do": "00:00 - 23:59",
          "vr": "00:00 - 23:59",
          "za": "00:00 - 23:59",
          "zo": "00:00 - 23:59"
        }
      }
    },
    {
      "type": "Feature",
      "geometry": {
        "type": "Point",
        "coordinates": [
          4.474097,
          50.34425
        ]
      },
      "properties": {
        "type": "pakketpunt",
        "locatieNaam": "BBOX 24/7 LIDL GERPINNES",
        "straatNaam": "CHAUSSÉE DE PHILIPPEVILLE",
        "straatNr": "211",
        "vervoerder": "DHL",
        "puntType": "packStation",
        "bezettingsgraad": 50,
        "latitude": 50.34425,
        "longitude": 4.474097,
        "canPickup": true,
        "canDropoff": true,
        "openingstijden": {
          "ma": "00:00 - 23:59",
          "di": "00:00 - 23:59",
          "wo": "00:00 - 23:59",
          "do": "00:00 - 23:59",
          "vr": "00:00 - 23:59",
          "za": "00:00 - 23:59",
          "zo": "00:00 - 23:59"
        }
      }
    },
    {
      "type": "Feature",
      "geometry": {
        "type": "Point",
        "coordinates": [
          4.526646,
          50.338402
        ]
      },
      "properties": {
        "type": "pakketpunt",
        "locatieNaam": "PARCEL LOCKER BPOST GERPINNES CENTR",
        "straatNaam": "RUE DU PARC SAINT-ADRIEN",
        "straatNr": "12",
        "vervoerder": "DHL",
        "puntType": "packStation",
        "bezettingsgraad": 50,
        "latitude": 50.338402,
        "longitude": 4.526646,
        "canPickup": true,
        "canDropoff": true,
        "openingstijden": {
          "ma": "00:00 - 23:59",
          "di": "00:00 - 23:59",
          "wo": "00:00 - 23:59",
          "do": "00:00 - 23:59",
          "vr": "00:00 - 23:59",
          "za": "00:00 - 23:59",
          "zo": "00:00 - 23:59"
        }
      }
    },
    {
      "type": "Feature",
      "geometry": {
        "type": "Point",
        "coordinates": [
          4.526189,
          50.338472
        ]
      },
      "properties": {
        "type": "pakketpunt",
        "locatieNaam": "GERPINNES CENTRE",
        "straatNaam": "RUE DU PARC SAINT-ADRIEN",
        "straatNr": "12",
        "vervoerder": "DHL",
        "puntType": "postOffice",
        "bezettingsgraad": 50,
        "latitude": 50.338472,
        "longitude": 4.526189,
        "canPickup": true,
        "canDropoff": true,
        "openingstijden": {
          "ma": "09:30 - 12:30, 13:30 - 17:00",
          "di": "09:30 - 12:30, 13:30 - 18:00",
          "wo": "09:30 - 12:30, 13:30 - 17:00",
          "do": "09:30 - 12:30, 13:30 - 18:00",
          "vr": "09:30 - 12:30, 13:30 - 17:00",
          "za": "09:30 - 13:00",
          "zo": "gesloten"
        }
      }
    },
    {
      "type": "Feature",
      "geometry": {
        "type": "Point",
        "coordinates": [
          4.497633,
          50.336249
        ]
      },
      "properties": {
        "type": "pakketpunt",
        "locatieNaam": "BBOX PHARMACIE DES FLACHES",
        "straatNaam": "RUE DES FLACHES",
        "straatNr": "48",
        "vervoerder": "DHL",
        "puntType": "packStation",
        "bezettingsgraad": 50,
        "latitude": 50.336249,
        "longitude": 4.497633,
        "canPickup": true,
        "canDropoff": true,
        "openingstijden": {
          "ma": "00:00 - 23:59",
          "di": "00:00 - 23:59",
          "wo": "00:00 - 23:59",
          "do": "00:00 - 23:59",
          "vr": "00:00 - 23:59",
          "za": "00:00 - 23:59",
          "zo": "00:00 - 23:59"
        }
      }
    },
    {
      "type": "Feature",
      "geometry": {
        "type": "Point",
        "coordinates": [
          4.4728009,
          50.3443716
        ]
      },
      "properties": {
        "type": "pakketpunt",
        "locatieNaam": "GLS Parcel Locker powered by bbox",
        "straatNaam": "Chaussee De Philippeville",
        "straatNr": "196",
        "vervoerder": "GLS",
        "puntType": "locker",
        "bezettingsgraad": 50,
        "latitude": 50.3443716,
        "longitude": 4.4728009,
        "canPickup": true,
        "canDropoff": true,
        "openingstijden": "vr: 00:00 - 24:00; za: 00:00 - 24:00"
      }
    },
    {
      "type": "Feature",
      "geometry": {
        "type": "Point",
        "coordinates": [
          4.5592015,
          50.3578752
        ]
      },
      "properties": {
        "type": "pakketpunt",
        "locatieNaam": "Matière Noire",
        "straatNaam": "Rue De Chatelet",
        "straatNr": "83 A",
        "vervoerder": "GLS",
        "puntType": "parcel_shop",
        "bezettingsgraad": 50,
        "latitude": 50.3578752,
        "longitude": 4.5592015,
        "canPickup": true,
        "canDropoff": true,
        "openingstijden": "vr: 10:00 - 17:00; za: 10:00 - 17:00"
      }
    },
    {
      "type": "Feature",
      "geometry": {
        "type": "Point",
        "coordinates": [
          4.4674632,
          50.3701054
        ]
      },
      "properties": {
        "type": "pakketpunt",
        "locatieNaam": "Diamond's Car",
        "straatNaam": "Chaussee De Philippeville",
        "straatNr": "56",
        "vervoerder": "GLS",
        "puntType": "parcel_shop",
        "bezettingsgraad": 50,
        "latitude": 50.3701054,
        "longitude": 4.4674632,
        "canPickup": true,
        "canDropoff": true,
        "openingstijden": "vr: 08:00 - 18:30; za: 08:00 - 17:00"
      }
    },
    {
      "type": "Feature",
      "geometry": {
        "type": "Point",
        "coordinates": [
          4.52771,
          50.33705
        ]
      },
      "properties": {
        "type": "pakketpunt",
        "locatieNaam": "LIBRAIRIE PAPERAS",
        "straatNaam": "3 Avenue Reine Astrid",
        "straatNr": "",
        "vervoerder": "InPost",
        "puntType": "servicepunt",
        "bezettingsgraad": 50,
        "latitude": 50.33705,
        "longitude": 4.52771,
        "canPickup": true,
        "canDropoff": true,
        "openingstijden": null
      }
    },
    {
      "type": "Feature",
      "geometry": {
        "type": "Point",
        "coordinates": [
          4.47337,
          50.3434
        ]
      },
      "properties": {
        "type": "pakketpunt",
        "locatieNaam": "ESSO GERPINNES",
        "straatNaam": "251 Chaussée de Philippeville",
        "straatNr": "",
        "vervoerder": "InPost",
        "puntType": "servicepunt",
        "bezettingsgraad": 50,
        "latitude": 50.3434,
        "longitude": 4.47337,
        "canPickup": true,
        "canDropoff": true,
        "openingstijden": null
      }
    },
    {
      "type": "Feature",
      "geometry": {
        "type": "Point",
        "coordinates": [
          4.46756,
          50.3704
        ]
      },
      "properties": {
        "type": "pakketpunt",
        "locatieNaam": "",
        "straatNaam": "Chaussée de Philippeville",
        "straatNr": "54",
        "vervoerder": "InPost",
        "puntType": "automaat",
        "bezettingsgraad": 50,
        "latitude": 50.3704,
        "longitude": 4.46756,
        "canPickup": true,
        "canDropoff": true,
        "openingstijden": "24/7"
      }
    },
    {
      "type": "Feature",
      "geometry": {
        "type": "Point",
        "coordinates": [
          4.47245,
          50.34428
        ]
      },
      "properties": {
        "type": "pakketpunt",
        "locatieNaam": "",
        "straatNaam": "Chaussée de Philippeville",
        "straatNr": "196",
        "vervoerder": "InPost",
        "puntType": "automaat",
        "bezettingsgraad": 50,
        "latitude": 50.34428,
        "longitude": 4.47245,
        "canPickup": true,
        "canDropoff": true,
        "openingstijden": "24/7"
      }
    },
    {
      "type": "Feature",
      "geometry": {
        "type": "Point",
        "coordinates": [
          4.55917,
          50.35775
        ]
      },
      "properties": {
        "type": "pakketpunt",
        "locatieNaam": "MATIÈRE NOIRE",
        "straatNaam": "Rue de Châtelet 83a",
        "straatNr": "",
        "vervoerder": "InPost",
        "puntType": "servicepunt",
        "bezettingsgraad": 50,
        "latitude": 50.35775,
        "longitude": 4.55917,
        "canPickup": true,
        "canDropoff": true,
        "openingstijden": null
      }
    },
    {
      "type": "Feature",
      "geometry": {
        "type": "Point",
        "coordinates": [
          4.46749098,
          50.36996226
        ]
      },
      "properties": {
        "type": "pakketpunt",
        "locatieNaam": "Diamondscar",
        "straatNaam": "Chaussée de Philippeville",
        "straatNr": "56",
        "vervoerder": "VintedGo",
        "puntType": "parcel_shop",
        "bezettingsgraad": 50,
        "latitude": 50.36996226,
        "longitude": 4.46749098,
        "canPickup": true,
        "canDropoff": true,
        "openingstijden": null
      }
    },
    {
      "type": "Feature",
      "geometry": {
        "type": "Point",
        "coordinates": [
          4.52773,
          50.33707
        ]
      },
      "properties": {
        "type": "pakketpunt",
        "locatieNaam": "PAPERAS ",
        "straatNaam": "Avenue Astrid",
        "straatNr": "5",
        "vervoerder": "VintedGo",
        "puntType": "parcel_shop",
        "bezettingsgraad": 50,
        "latitude": 50.33707,
        "longitude": 4.52773,
        "canPickup": true,
        "canDropoff": true,
        "openingstijden": null
      }
    },
    {
      "type": "Feature",
      "geometry": {
        "type": "Point",
        "coordinates": [
          4.5779352,
          50.3530687
        ]
      },
      "properties": {
        "type": "pakketpunt",
        "locatieNaam": "Pharmacie Baudoux",
        "straatNaam": "Rue de Dinant",
        "straatNr": "13",
        "vervoerder": "VintedGo",
        "puntType": "parcel_shop",
        "bezettingsgraad": 50,
        "latitude": 50.3530687,
        "longitude": 4.5779352,
        "canPickup": true,
        "canDropoff": true,
        "openingstijden": null
      }
    },
    {
      "type": "Feature",
      "geometry": {
        "type": "Point",
        "coordinates": [
          4.469264,
          50.36768
        ]
      },
      "properties": {
        "type": "pakketpunt",
        "locatieNaam": "Mr. Bricolage Gerpinnes",
        "straatNaam": "Allee des sports",
        "straatNr": "11",
        "vervoerder": "PostNL",
        "puntType": "servicepunt",
        "bezettingsgraad": 50,
        "latitude": 50.36768,
        "longitude": 4.469264,
        "canPickup": true,
        "canDropoff": true,
        "openingstijden": "08:30 - 18:30"
      }
    },
    {
      "type": "Feature",
      "geometry": {
        "type": "Point",
        "coordinates": [
          4.486774,
          50.342645
        ]
      },
      "properties": {
        "type": "pakketpunt",
        "locatieNaam": "Librairie des Flaches",
        "straatNaam": "Rue de Bultia",
        "straatNr": "1",
        "vervoerder": "PostNL",
        "puntType": "servicepunt",
        "bezettingsgraad": 50,
        "latitude": 50.342645,
        "longitude": 4.486774,
        "canPickup": true,
        "canDropoff": true,
        "openingstijden": "06:30 - 18:30"
      }
    },
    {
      "type": "Feature",
      "geometry": {
        "type": "Point",
        "coordinates": [
          4.5591692973439,
          50.357731481751
        ]
      },
      "properties": {
        "type": "pakketpunt",
        "locatieNaam": "Matière Noire",
        "straatNaam": "Rue de Châtelet",
        "straatNr": "83A",
        "vervoerder": "PostNL",
        "puntType": "servicepunt",
        "bezettingsgraad": 50,
        "latitude": 50.357731481751,
        "longitude": 4.5591692973439,
        "canPickup": true,
        "canDropoff": true,
        "openingstijden": "10:00 - 17:00"
      }
    },
    {
      "type": "Feature",
      "geometry": {
        "type": "Point",
        "coordinates": [
          4.559362,
          50.357736
        ]
      },
      "properties": {
        "type": "pakketpunt",
        "locatieNaam": "MATIERE NOIRE",
        "straatNaam": "RUE DE CHATELET",
        "straatNr": "83A",
        "vervoerder": "DPD",
        "puntType": "pickup_point",
        "bezettingsgraad": 50,
        "latitude": 50.357736,
        "longitude": 4.559362,
        "canPickup": true,
        "canDropoff": false,
        "openingstijden": {
          "ma": "10:00 - 17:00",
          "di": "10:00 - 17:00",
          "wo": "10:00 - 17:00",
          "do": "10:00 - 17:00",
          "vr": "10:00 - 17:00",
          "za": "10:00 - 17:00",
          "zo": "gesloten"
        }
      }
    },
    {
      "type": "Feature",
      "geometry": {
        "type": "Point",
        "coordinates": [
          4.527782,
          50.33701
        ]
      },
      "properties": {
        "type": "pakketpunt",
        "locatieNaam": "Paper AS",
        "straatNaam": "AVENUE ASTRID",
        "straatNr": "3",
        "vervoerder": "DPD",
        "puntType": "pickup_point",
        "bezettingsgraad": 50,
        "latitude": 50.33701,
        "longitude": 4.527782,
        "canPickup": true,
        "canDropoff": false,
        "openingstijden": {
          "ma": "07:00 - 18:30",
          "di": "07:00 - 18:30",
          "wo": "07:00 - 18:30",
          "do": "07:00 - 18:30",
          "vr": "07:00 - 18:30",
          "za": "08:00 - 16:00",
          "zo": "gesloten"
        }
      }
    },
    {
      "type": "Feature",
      "geometry": {
        "type": "Point",
        "coordinates": [
          4.526646,
          50.338402
        ]
      },
      "properties": {
        "type": "pakketpunt",
        "locatieNaam": "bpost - PARCEL LOCKER BPOST GERPINNES CENTRE",
        "straatNaam": "RUE DU PARC SAINT-ADRIEN,12",
        "straatNr": "",
        "vervoerder": "Amazon",
        "puntType": "3p",
        "bezettingsgraad": 50,
        "latitude": 50.338402,
        "longitude": 4.526646,
        "canPickup": true,
        "canDropoff": false,
        "openingstijden": null
      }
    },
    {
      "type": "Feature",
      "geometry": {
        "type": "Point",
        "coordinates": [
          4.526189,
          50.338472
        ]
      },
      "properties": {
        "type": "pakketpunt",
        "locatieNaam": "bpost - GERPINNES CENTRE",
        "straatNaam": "RUE DU PARC SAINT-ADRIEN,12",
        "straatNr": "",
        "vervoerder": "Amazon",
        "puntType": "3p",
        "bezettingsgraad": 50,
        "latitude": 50.338472,
        "longitude": 4.526189,
        "canPickup": true,
        "canDropoff": false,
        "openingstijden": null
      }
    },
    {
      "type": "Feature",
      "geometry": {
        "type": "Point",
        "coordinates": [
          4.497633,
          50.336249
        ]
      },
      "properties": {
        "type": "pakketpunt",
        "locatieNaam": "bpost - BBOX PHARMACIE DES FLACHES",
        "straatNaam": "RUE DES FLACHES,48",
        "straatNr": "",
        "vervoerder": "Amazon",
        "puntType": "3p",
        "bezettingsgraad": 50,
        "latitude": 50.336249,
        "longitude": 4.497633,
        "canPickup": true,
        "canDropoff": false,
        "openingstijden": null
      }
    },
    {
      "type": "Feature",
      "geometry": {
        "type": "Point",
        "coordinates": [
          4.474097,
          50.34425
        ]
      },
      "properties": {
        "type": "pakketpunt",
        "locatieNaam": "bpost - BBOX 24/7 LIDL GERPINNES",
        "straatNaam": "CHAUSSÉE DE PHILIPPEVILLE,211",
        "straatNr": "",
        "vervoerder": "Amazon",
        "puntType": "3p",
        "bezettingsgraad": 50,
        "latitude": 50.34425,
        "longitude": 4.474097,
        "canPickup": true,
        "canDropoff": false,
        "openingstijden": null
      }
    },
    {
      "type": "Feature",
      "geometry": {
        "type": "Point",
        "coordinates": [
          4.47201,
          50.34464
        ]
      },
      "properties": {
        "type": "pakketpunt",
        "locatieNaam": "bpost - BBOX 24/7 INTERMARCHÉ GERPINNES",
        "straatNaam": "CHAUSSÉE DE PHILIPPEVILLE,196",
        "straatNr": "",
        "vervoerder": "Amazon",
        "puntType": "3p",
        "bezettingsgraad": 50,
        "latitude": 50.34464,
        "longitude": 4.47201,
        "canPickup": true,
        "canDropoff": false,
        "openingstijden": null
      }
    },
    {
      "type": "Feature",
      "geometry": {
        "type": "Point",
        "coordinates": [
          4.469837,
          50.361502
        ]
      },
      "properties": {
        "type": "pakketpunt",
        "locatieNaam": "bpost - NIGHT & DAY LOVERVAL",
        "straatNaam": "CHAUSSÉE DE PHILIPPEVILLE,107",
        "straatNr": "",
        "vervoerder": "Amazon",
        "puntType": "3p",
        "bezettingsgraad": 50,
        "latitude": 50.361502,
        "longitude": 4.469837,
        "canPickup": true,
        "canDropoff": false,
        "openingstijden": null
      }
    },
    {
      "type": "Feature",
      "geometry": {
        "type": "Point",
        "coordinates": [
          4.46911,
          50.3677
        ]
      },
      "properties": {
        "type": "pakketpunt",
        "locatieNaam": "bpost - BBOX 24/7 MR BRICOLAGE LOVERVAL",
        "straatNaam": "ALLÉE DES SPORTS,11",
        "straatNr": "",
        "vervoerder": "Amazon",
        "puntType": "3p",
        "bezettingsgraad": 50,
        "latitude": 50.3677,
        "longitude": 4.46911,
        "canPickup": true,
        "canDropoff": false,
        "openingstijden": null
      }
    },
    {
      "type": "Feature",
      "geometry": {
        "type": "MultiPolygon",
        "coordinates": [
          [
            [
              [
                4.47634554648071,
                50.34148985993497
              ],
              [
                4.476038655731433,
                50.34131241709904
              ],
              [
                4.475706067744932,
                50.341155078239744
              ],
              [
                4.475350985327275,
                50.34101935841097
              ],
              [
                4.474976827796074,
                50.340906564479766
              ],
              [
                4.474587198062901,
                50.340817782547745
              ],
              [
                4.474185847951784,
                50.3407538674977
              ],
              [
                4.473776642087224,
                50.34071543476585
              ],
              [
                4.473363520698642,
                50.34070285441872
              ],
              [
                4.472950461698685,
                50.340716247591494
              ],
              [
                4.472541442399565,
                50.340755485322326
              ],
              [
                4.472140401235182,
                50.340820189793405
              ],
              [
                4.471751199856671,
                50.34090973796712
              ],
              [
                4.471377585965402,
                50.34102326758236
              ],
              [
                4.471023157240607,
                50.341159685453306
              ],
              [
                4.47069132670814,
                50.34131767799102
              ],
              [
                4.470385289883344,
                50.34149572384671
              ],
              [
                4.470107994003956,
                50.34169210855529
              ],
              [
                4.4698621096490525,
                50.34190494103834
              ],
              [
                4.469650005017311,
                50.34213217180802
              ],
              [
                4.469474790751659,
                50.34237016254767
              ],
              [
                4.469465271478204,
                50.3423757003895
              ],
              [
                4.469187966661217,
                50.34257208287772
              ],
              [
                4.468942073631897,
                50.34278491338766
              ],
              [
                4.4689153850472385,
                50.34281350405957
              ],
              [
                4.468747957762783,
                50.34293207058444
              ],
              [
                4.468502060899747,
                50.34314490015231
              ],
              [
                4.46828994422914,
                50.34337212840055
              ],
              [
                4.468113650870521,
                50.34361156718604
              ],
              [
                4.467974879055227,
                50.34386091074798
              ],
              [
                4.467874965754969,
                50.34411775790736
              ],
              [
                4.467814873785947,
                50.344379635186336
              ],
              [
                4.467795182513492,
                50.34464402062526
              ],
              [
                4.467816082247609,
                50.34490836806831
              ],
              [
                4.467877372384337,
                50.34517013168336
              ],
              [
                4.467978463311877,
                50.34542679048077
              ],
              [
                4.468118382064037,
                50.34567587259419
              ],
              [
                4.4682957816675835,
                50.34591497908994
              ],
              [
                4.4685089540943075,
                50.34614180707533
              ],
              [
                4.468755846693856,
                50.346354171883114
              ],
              [
                4.469034081949703,
                50.34655002811834
              ],
              [
                4.469340980368475,
                50.34672748936457
              ],
              [
                4.469673586282452,
                50.34688484635927
              ],
              [
                4.470028696316889,
                50.347020583463205
              ],
              [
                4.470402890247868,
                50.34713339326469
              ],
              [
                4.470792563953233,
                50.347222189178034
              ],
              [
                4.471193964138779,
                50.34728611591431
              ],
              [
                4.471603224504643,
                50.34732455772335
              ],
              [
                4.472016403002824,
                50.347337144327795
              ],
              [
                4.472429519826119,
                50.3473237544914
              ],
              [
                4.472838595761691,
                50.34728451718725
              ],
              [
                4.473239690538897,
                50.34721981035507
              ],
              [
                4.473628940801053,
                50.34713025725886
              ],
              [
                4.474002597334555,
                50.34701672048068
              ],
              [
                4.47419044116194,
                50.34694442294578
              ],
              [
                4.474519634435614,
                50.3469337470654
              ],
              [
                4.474928705287044,
                50.34689450239105
              ],
              [
                4.475329793925159,
                50.346829788331185
              ],
              [
                4.475719037052432,
                50.34674022821942
              ],
              [
                4.476092685523998,
                50.346626684705384
              ],
              [
                4.476447140473981,
                50.34649025144168
              ],
              [
                4.4767789879909445,
                50.34633224254499
              ],
              [
                4.4770850320078885,
                50.346154179933094
              ],
              [
                4.477362325089573,
                50.34595777866016
              ],
              [
                4.477608196820398,
                50.345744930391504
              ],
              [
                4.477820279519321,
                50.34551768517768
              ],
              [
                4.477996531034313,
                50.345278231703425
              ],
              [
                4.478135254397078,
                50.34502887620222
              ],
              [
                4.478235114149252,
                50.3447720202396
              ],
              [
                4.478295149183481,
                50.34451013757954
              ],
              [
                4.478314781976476,
                50.344245750356926
              ],
              [
                4.478293824126008,
                50.343981404785595
              ],
              [
                4.4782324781395015,
                50.3437196466362
              ],
              [
                4.478131335457947,
                50.34346299671978
              ],
              [
                4.477991370735198,
                50.34321392661349
              ],
              [
                4.477813932428677,
                50.342974834861835
              ],
              [
                4.477600729792987,
                50.34274802388257
              ],
              [
                4.477361552338825,
                50.3425423307596
              ],
              [
                4.477261317043484,
                50.34236395098678
              ],
              [
                4.477083885584277,
                50.342124858093335
              ],
              [
                4.4768706902468995,
                50.34189804574862
              ],
              [
                4.476623784535402,
                50.34168569808972
              ],
              [
                4.47634554648071,
                50.34148985993497
              ]
            ]
          ],
          [
            [
              [
                4.473555395548447,
                50.360224974002165
              ],
              [
                4.473342135820346,
                50.35999815569652
              ],
              [
                4.473095151798767,
                50.35978580101777
              ],
              [
                4.472816822269016,
                50.359589954851785
              ],
              [
                4.472509827760765,
                50.3594125030904
              ],
              [
                4.472177124730648,
                50.35925515447733
              ],
              [
                4.471821917092572,
                50.35911942416039
              ],
              [
                4.4714476253699065,
                50.3590066191076
              ],
              [
                4.471057853766277,
                50.35891782552764
              ],
              [
                4.4706563554716485,
                50.35885389841546
              ],
              [
                4.470246996537184,
                50.35881545332339
              ],
              [
                4.469833718665976,
                50.35880286043698
              ],
              [
                4.469420501277177,
                50.35881624101214
              ],
              [
                4.469011323207855,
                50.358855466208354
              ],
              [
                4.468610124420445,
                50.35892015832847
              ],
              [
                4.468220768083587,
                50.35900969445386
              ],
              [
                4.467847003390552,
                50.35912321243942
              ],
              [
                4.467492429472498,
                50.35925961921137
              ],
              [
                4.467160460753273,
                50.35941760128764
              ],
              [
                4.466854294078825,
                50.35959563742022
              ],
              [
                4.46685227298555,
                50.35959706810894
              ],
              [
                4.466851294073388,
                50.35959763734355
              ],
              [
                4.46657387790778,
                50.35979401315379
              ],
              [
                4.466327884012633,
                50.36000683765695
              ],
              [
                4.466115681641647,
                50.36023406144208
              ],
              [
                4.465939314739914,
                50.36047349640911
              ],
              [
                4.465800482247308,
                50.36072283683404
              ],
              [
                4.465700521720238,
                50.3609796815681
              ],
              [
                4.465640396430133,
                50.361241557156795
              ],
              [
                4.465620686063671,
                50.361505941656816
              ],
              [
                4.465641581115215,
                50.361770288921356
              ],
              [
                4.465702881026384,
                50.36203205312004
              ],
              [
                4.4658039960917115,
                50.36228871325762
              ],
              [
                4.46594395311299,
                50.362537797454834
              ],
              [
                4.466121404748827,
                50.36277690675793
              ],
              [
                4.466334642470249,
                50.363003738247144
              ],
              [
                4.466581612998337,
                50.3632161072215
              ],
              [
                4.46685993806625,
                50.36341196824589
              ],
              [
                4.467166937315757,
                50.36358943485773
              ],
              [
                4.467499654108076,
                50.363746797742806
              ],
              [
                4.4678548840005385,
                50.36388254120509
              ],
              [
                4.468229205614739,
                50.36399535777168
              ],
              [
                4.468619013598581,
                50.3640841607917
              ],
              [
                4.469020553364344,
                50.36414809490768
              ],
              [
                4.469429957267523,
                50.36418654429846
              ],
              [
                4.469843281877326,
                50.364199138613614
              ],
              [
                4.470256545978944,
                50.364185756542604
              ],
              [
                4.470665768940684,
                50.36414652698375
              ],
              [
                4.471067009075493,
                50.36408182780215
              ],
              [
                4.471456401626373,
                50.36399228218814
              ],
              [
                4.471830196009005,
                50.3638787526517
              ],
              [
                4.472184791951937,
                50.36374233271085
              ],
              [
                4.472516774185595,
                50.36358433635394
              ],
              [
                4.472822945345368,
                50.36340628537804
              ],
              [
                4.472824966420883,
                50.36340485458608
              ],
              [
                4.472825945339913,
                50.36340428530137
              ],
              [
                4.473103356741897,
                50.36320789464137
              ],
              [
                4.473349336855113,
                50.36299505586834
              ],
              [
                4.47356151695481,
                50.36276781894144
              ],
              [
                4.473737853951097,
                50.36252837246565
              ],
              [
                4.473876650052699,
                50.36227902260707
              ],
              [
                4.473976569101072,
                50.36202217087691
              ],
              [
                4.474036649418203,
                50.36176029099844
              ],
              [
                4.474056313045149,
                50.36149590507977
              ],
              [
                4.474035371283217,
                50.36123155932226
              ],
              [
                4.4739740264853864,
                50.36096979949831
              ],
              [
                4.473872870081689,
                50.36071314643513
              ],
              [
                4.473732876858603,
                50.360464071740196
              ],
              [
                4.473555395548447,
                50.360224974002165
              ]
            ]
          ],
          [
            [
              [
                4.472979894473589,
                50.36640499346479
              ],
              [
                4.472766609743866,
                50.366178174285245
              ],
              [
                4.4725195961573325,
                50.36596581855351
              ],
              [
                4.472241232784081,
                50.36576997116564
              ],
              [
                4.471934200479743,
                50.36559251802516
              ],
              [
                4.471601456064939,
                50.365435167889125
              ],
              [
                4.471246203852097,
                50.36529943591996
              ],
              [
                4.4708718647937875,
                50.36518662910161
              ],
              [
                4.470482043549403,
                50.365097833659725
              ],
              [
                4.470080493786844,
                50.3650339046072
              ],
              [
                4.469671082052787,
                50.36499545751506
              ],
              [
                4.469257750558651,
                50.36498286258805
              ],
              [
                4.468844479239831,
                50.36499624110182
              ],
              [
                4.468435247452594,
                50.365035464235625
              ],
              [
                4.46835510143097,
                50.36504838555518
              ],
              [
                4.468281255678452,
                50.36505546314321
              ],
              [
                4.467880003523694,
                50.36512015268734
              ],
              [
                4.467490594983345,
                50.365209686290925
              ],
              [
                4.46711677975328,
                50.36532320183317
              ],
              [
                4.466762157451231,
                50.36545960626383
              ],
              [
                4.466430142966917,
                50.36561758612339
              ],
              [
                4.466123933586967,
                50.36579562018519
              ],
              [
                4.465846478210774,
                50.36599199409774
              ],
              [
                4.465600448953446,
                50.366204816886636
              ],
              [
                4.465388215409281,
                50.366432039157466
              ],
              [
                4.465211821823658,
                50.36667147282472
              ],
              [
                4.465072967393532,
                50.36692081217696
              ],
              [
                4.464972989886711,
                50.36717765607573
              ],
              [
                4.464912852738299,
                50.36743953107459
              ],
              [
                4.464893135749338,
                50.36770391523592
              ],
              [
                4.464903560003551,
                50.36783580313166
              ],
              [
                4.464811066304802,
                50.367879809371516
              ],
              [
                4.464504836269399,
                50.36805783910928
              ],
              [
                4.464227360982034,
                50.36825420909329
              ],
              [
                4.46398131274955,
                50.36846702838698
              ],
              [
                4.463769061348974,
                50.36869424762962
              ],
              [
                4.463592651197658,
                50.368933678764876
              ],
              [
                4.4634537816521105,
                50.36918301610567
              ],
              [
                4.463353790625743,
                50.369439858532964
              ],
              [
                4.4632936416839,
                50.36970173261447
              ],
              [
                4.463291195072551,
                50.36973452267234
              ],
              [
                4.46326584918506,
                50.369844871614845
              ],
              [
                4.463246122028232,
                50.37010925541207
              ],
              [
                4.4632670076472705,
                50.370373602804314
              ],
              [
                4.463328305574886,
                50.37063536796006
              ],
              [
                4.46339680935877,
                50.37080924304328
              ],
              [
                4.463425081003869,
                50.370929971386474
              ],
              [
                4.4635262027043066,
                50.37118663320685
              ],
              [
                4.463666174001996,
                50.37143571985776
              ],
              [
                4.463843647418274,
                50.37167483236182
              ],
              [
                4.464056914214605,
                50.37190166776846
              ],
              [
                4.464303920832217,
                50.37211404133897
              ],
              [
                4.464582288656818,
                50.37230990759396
              ],
              [
                4.464889336918474,
                50.37248738002046
              ],
              [
                4.4652221085064046,
                50.37264474924823
              ],
              [
                4.465577398450195,
                50.37278049952019
              ],
              [
                4.465951784793028,
                50.37289332329778
              ],
              [
                4.4663416615593095,
                50.37298213386069
              ],
              [
                4.466743273498732,
                50.37304607577882
              ],
              [
                4.467152752271516,
                50.37308453315578
              ],
              [
                4.4675661537256035,
                50.373097135564294
              ],
              [
                4.467979495905884,
                50.3730837616158
              ],
              [
                4.468388797428471,
                50.37304454013043
              ],
              [
                4.46879011584947,
                50.3729798488955
              ],
              [
                4.469179585657702,
                50.3728903110248
              ],
              [
                4.469553455524598,
                50.37277678895377
              ],
              [
                4.469908124451556,
                50.372640376128494
              ],
              [
                4.470240176465972,
                50.37248238646883
              ],
              [
                4.470546413531096,
                50.37230434170736
              ],
              [
                4.47082388635234,
                50.3721079567263
              ],
              [
                4.47106992278307,
                50.37189512303418
              ],
              [
                4.471282153556199,
                50.37166789054118
              ],
              [
                4.471458535093907,
                50.37142844780959
              ],
              [
                4.471597369176094,
                50.3711791009695
              ],
              [
                4.471697319278608,
                50.37092225150306
              ],
              [
                4.471757423424573,
                50.37066037311177
              ],
              [
                4.471777103425793,
                50.37039598788942
              ],
              [
                4.47175617042613,
                50.37013164203064
              ],
              [
                4.471704221410559,
                50.3699099698273
              ],
              [
                4.471701666757477,
                50.36987770838672
              ],
              [
                4.471944097674913,
                50.36976234788506
              ],
              [
                4.472250310811755,
                50.36958429856472
              ],
              [
                4.472527760694353,
                50.3693879094404
              ],
              [
                4.4727737753970125,
                50.36917507206045
              ],
              [
                4.4729859858619045,
                50.368947836370616
              ],
              [
                4.47316234870678,
                50.36870839096396
              ],
              [
                4.4733011658915345,
                50.36845904199631
              ],
              [
                4.473401101054708,
                50.3682021909703
              ],
              [
                4.473461192363244,
                50.36794031160243
              ],
              [
                4.473480861752514,
                50.367675925995904
              ],
              [
                4.473459920468503,
                50.36741158034903
              ],
              [
                4.473398570859764,
                50.36714982043322
              ],
              [
                4.473297404402833,
                50.36689316707652
              ],
              [
                4.473157395981162,
                50.36664409188923
              ],
              [
                4.472979894473589,
                50.36640499346479
              ]
            ]
          ],
          [
            [
              [
                4.501345675530339,
                50.334973080431446
              ],
              [
                4.501132396497926,
                50.33474631247893
              ],
              [
                4.500885419550799,
                50.33453401627344
              ],
              [
                4.500607123405438,
                50.33433823613773
              ],
              [
                4.500300188269441,
                50.33416085732772
              ],
              [
                4.499967570027219,
                50.334003587884666
              ],
              [
                4.499612471775856,
                50.333867942193976
              ],
              [
                4.4992383129851605,
                50.33375522640878
              ],
              [
                4.498848696578621,
                50.33366652587819
              ],
              [
                4.498447374251806,
                50.333602694701206
              ],
              [
                4.498038210361607,
                50.33356434750641
              ],
              [
                4.497625144733279,
                50.333551853536655
              ],
              [
                4.497212154742626,
                50.33356533309549
              ],
              [
                4.496803217037512,
                50.33360465638921
              ],
              [
                4.496402269266368,
                50.33366944477611
              ],
              [
                4.496013172181282,
                50.333759074410565
              ],
              [
                4.4956396724796654,
                50.33387268224705
              ],
              [
                4.495638593497861,
                50.33387309791488
              ],
              [
                4.4956366725877235,
                50.33387368219579
              ],
              [
                4.4952823668334965,
                50.33401017428608
              ],
              [
                4.494950666883754,
                50.33416823633618
              ],
              [
                4.494644766996737,
                50.334346346327905
              ],
              [
                4.494367613091858,
                50.334542789178485
              ],
              [
                4.494121874381315,
                50.33475567324951
              ],
              [
                4.493909917661515,
                50.334982948556345
              ],
              [
                4.4937337845119005,
                50.33522242650258
              ],
              [
                4.4935951716211155,
                50.335471800950195
              ],
              [
                4.493495414430448,
                50.33572867042257
              ],
              [
                4.493435474252689,
                50.33599056122688
              ],
              [
                4.49341592899124,
                50.336254951273055
              ],
              [
                4.493436967549746,
                50.33651929436073
              ],
              [
                4.493498387987009,
                50.33678104469961
              ],
              [
                4.493599599435999,
                50.33703768142777
              ],
              [
                4.493739627769406,
                50.33728673289127
              ],
              [
                4.493917124958188,
                50.33752580045152
              ],
              [
                4.494130382033825,
                50.33775258159066
              ],
              [
                4.494377345530226,
                50.337964892092586
              ],
              [
                4.494655637247574,
                50.3381606870853
              ],
              [
                4.494962577148254,
                50.33833808074216
              ],
              [
                4.495295209164613,
                50.33849536445161
              ],
              [
                4.49565032967015,
                50.33863102328017
              ],
              [
                4.4960245183398095,
                50.33874375057014
              ],
              [
                4.496414171101894,
                50.338832460530554
              ],
              [
                4.496815534863787,
                50.33889629870033
              ],
              [
                4.497224743676394,
                50.33893465018244
              ],
              [
                4.497637855988299,
                50.33894714556956
              ],
              [
                4.4980508926299,
                50.33893366450401
              ],
              [
                4.4984598751608385,
                50.33889433683771
              ],
              [
                4.498860864210373,
                50.33882954138068
              ],
              [
                4.499249997440469,
                50.33873990225058
              ],
              [
                4.499623526765081,
                50.33862628285809
              ],
              [
                4.49962460581995,
                50.33862586715343
              ],
              [
                4.499626526873146,
                50.33862528280682
              ],
              [
                4.499980854558249,
                50.33848877752621
              ],
              [
                4.500312567933555,
                50.33833070117744
              ],
              [
                4.5006184722243985,
                50.33815257632794
              ],
              [
                4.500895621341624,
                50.33795611863124
              ],
              [
                4.50114134625649,
                50.33774322029603
              ],
              [
                4.501353280702218,
                50.33751593185498
              ],
              [
                4.501529383954803,
                50.337276442409056
              ],
              [
                4.501667960473982,
                50.337027058538055
              ],
              [
                4.501767676215674,
                50.33677018208065
              ],
              [
                4.501827571459421,
                50.33650828699805
              ],
              [
                4.501847070028095,
                50.33624389554464
              ],
              [
                4.50182598481194,
                50.335979553974866
              ],
              [
                4.501764519544708,
                50.3357178080207
              ],
              [
                4.501663266815786,
                50.33546117837562
              ],
              [
                4.501523202338442,
                50.33521213642144
              ],
              [
                4.501345675530339,
                50.334973080431446
              ]
            ]
          ],
          [
            [
              [
                4.531493925202142,
                50.33573311581343
              ],
              [
                4.531280498920443,
                50.33550640332726
              ],
              [
                4.531033383369354,
                50.33529417134294
              ],
              [
                4.530754958599668,
                50.335098463564655
              ],
              [
                4.53044790605716,
                50.33492116455147
              ],
              [
                4.530115182756382,
                50.33476398157616
              ],
              [
                4.529759992805661,
                50.334628428191465
              ],
              [
                4.529385756557428,
                50.33451580966164
              ],
              [
                4.5289960776806915,
                50.33442721039929
              ],
              [
                4.528594708472282,
                50.334363483528264
              ],
              [
                4.528185513740309,
                50.33432524267279
              ],
              [
                4.5277724336068745,
                50.334312856051795
              ],
              [
                4.5273594455874,
                50.33432644293512
              ],
              [
                4.526950526310803,
                50.33436587249569
              ],
              [
                4.526549613248176,
                50.33443076506857
              ],
              [
                4.526160566817587,
                50.33452049580487
              ],
              [
                4.525787133228949,
                50.33463420068557
              ],
              [
                4.5254329084259615,
                50.33477078483713
              ],
              [
                4.525101303471558,
                50.33492893306938
              ],
              [
                4.525047799063474,
                50.33496011104863
              ],
              [
                4.525029304368167,
                50.33496893141588
              ],
              [
                4.524723512078935,
                50.33514712069003
              ],
              [
                4.524446477857278,
                50.33534363536638
              ],
              [
                4.524200869763331,
                50.3355565831148
              ],
              [
                4.523989053336118,
                50.33578391333733
              ],
              [
                4.523813068804479,
                50.336023436908604
              ],
              [
                4.523674611426223,
                50.336272847251124
              ],
              [
                4.523656912791885,
                50.336318498721994
              ],
              [
                4.523509290831893,
                50.3363888966566
              ],
              [
                4.523203483706547,
                50.33656708189301
              ],
              [
                4.522926434921812,
                50.33676359290521
              ],
              [
                4.52268081267805,
                50.336976537398336
              ],
              [
                4.522468982650539,
                50.337203864805794
              ],
              [
                4.522292985199093,
                50.33744338602934
              ],
              [
                4.522154515705951,
                50.337692794514076
              ],
              [
                4.522154260509635,
                50.33769345268509
              ],
              [
                4.52215351555247,
                50.337694794479475
              ],
              [
                4.522053908068701,
                50.337951688419956
              ],
              [
                4.521994122476707,
                50.33821359388876
              ],
              [
                4.5219747351913595,
                50.338477988654525
              ],
              [
                4.521995933595015,
                50.338742326471206
              ],
              [
                4.522057514207091,
                50.33900406159913
              ],
              [
                4.522158884617893,
                50.33926067332269
              ],
              [
                4.522299069169032,
                50.33950969022861
              ],
              [
                4.522476718326721,
                50.33974871401099
              ],
              [
                4.522690121658534,
                50.339975442573476
              ],
              [
                4.5229372242894215,
                50.34018769220618
              ],
              [
                4.523215646679148,
                50.34038341862331
              ],
              [
                4.52352270753114,
                50.34056073665858
              ],
              [
                4.5238554496123955,
                50.340717938428746
              ],
              [
                4.52421066823591,
                50.34085350978952
              ],
              [
                4.524584942131215,
                50.34096614492561
              ],
              [
                4.524974666405399,
                50.34105475893364
              ],
              [
                4.52537608727677,
                50.34111849827674
              ],
              [
                4.525785338245943,
                50.3411567490098
              ],
              [
                4.526198477355295,
                50.34116914269589
              ],
              [
                4.526611525177042,
                50.34115555995696
              ],
              [
                4.527020503163145,
                50.34111613162424
              ],
              [
                4.527416958238209,
                50.34105196800636
              ],
              [
                4.527477527367488,
                50.34104612837176
              ],
              [
                4.527878494976221,
                50.3409812326449
              ],
              [
                4.528267591057943,
                50.34089149621871
              ],
              [
                4.5286410678846565,
                50.340777783441006
              ],
              [
                4.528995328244365,
                50.3406411895947
              ],
              [
                4.529326960100566,
                50.340483030343094
              ],
              [
                4.5293278334476925,
                50.34048252142913
              ],
              [
                4.529330960162899,
                50.34048103025116
              ],
              [
                4.529636769498615,
                50.34030282894957
              ],
              [
                4.529913811166953,
                50.340106301999235
              ],
              [
                4.530159417174494,
                50.33989334227583
              ],
              [
                4.530371222400124,
                50.33966600090317
              ],
              [
                4.530547187364792,
                50.339426467491904
              ],
              [
                4.530685617860469,
                50.33917704904515
              ],
              [
                4.530782993605198,
                50.338925792498245
              ],
              [
                4.53099375859809,
                50.33877627189797
              ],
              [
                4.531239352891924,
                50.33856330985342
              ],
              [
                4.531451147023138,
                50.338335966471895
              ],
              [
                4.531465689974554,
                50.338316168584875
              ],
              [
                4.531503143710081,
                50.33827596481343
              ],
              [
                4.5316790978222175,
                50.338036429644305
              ],
              [
                4.531817518327926,
                50.33778700980422
              ],
              [
                4.531917072685976,
                50.33753010747807
              ],
              [
                4.531976802730403,
                50.337268196876074
              ],
              [
                4.531996133875219,
                50.33700380040189
              ],
              [
                4.531974880623116,
                50.336739464358175
              ],
              [
                4.531913248326096,
                50.33647773442348
              ],
              [
                4.531811831181992,
                50.33622113113686
              ],
              [
                4.531671606487235,
                50.33597212562612
              ],
              [
                4.531493925202142,
                50.33573311581343
              ]
            ]
          ],
          [
            [
              [
                4.4902742108851115,
                50.34114264122582
              ],
              [
                4.490027249206291,
                50.340930322073376
              ],
              [
                4.489748960339918,
                50.34073451604594
              ],
              [
                4.489442024423702,
                50.34055710864878
              ],
              [
                4.489109397349748,
                50.340399808198406
              ],
              [
                4.488754282300328,
                50.340264129378866
              ],
              [
                4.488380098907116,
                50.34015137866228
              ],
              [
                4.487990450330567,
                50.34006264173414
              ],
              [
                4.487589088576052,
                50.33999877304389
              ],
              [
                4.487179878380103,
                50.33996038758132
              ],
              [
                4.48676676001381,
                50.33994785495782
              ],
              [
                4.486353711360707,
                50.33996129584907
              ],
              [
                4.48594470963341,
                50.34000058083373
              ],
              [
                4.485543693096685,
                50.340065331638954
              ],
              [
                4.48515452316462,
                50.34015492478101
              ],
              [
                4.4847809472359135,
                50.34026849756576
              ],
              [
                4.484426562624399,
                50.340404956391694
              ],
              [
                4.4840947819313195,
                50.3405629872755
              ],
              [
                4.483788800192279,
                50.3407410684991
              ],
              [
                4.483511564114753,
                50.34093748525678
              ],
              [
                4.483265743702132,
                50.34115034616149
              ],
              [
                4.483053706537523,
                50.34137760145168
              ],
              [
                4.482877494975005,
                50.34161706272372
              ],
              [
                4.48273880645835,
                50.34186642400028
              ],
              [
                4.482638977157177,
                50.34212328393162
              ],
              [
                4.482578969078809,
                50.34238516891681
              ],
              [
                4.482559360780686,
                50.34264955692196
              ],
              [
                4.4825803417736925,
                50.34291390176639
              ],
              [
                4.48264171067122,
                50.34317565764296
              ],
              [
                4.482742877102821,
                50.34343230363645
              ],
              [
                4.482882867374985,
                50.34368136800374
              ],
              [
                4.483060333825487,
                50.34392045198203
              ],
              [
                4.483273567782102,
                50.34414725289539
              ],
              [
                4.483520516001643,
                50.344359586337255
              ],
              [
                4.483798800431662,
                50.34455540721476
              ],
              [
                4.48410574110494,
                50.34473282945194
              ],
              [
                4.484438381946559,
                50.34489014416197
              ],
              [
                4.484793519245161,
                50.34502583611285
              ],
              [
                4.485167732514054,
                50.34513859832783
              ],
              [
                4.485557417444672,
                50.34522734467951
              ],
              [
                4.48595882063458,
                50.34529122035634
              ],
              [
                4.486368075754905,
                50.34532961009998
              ],
              [
                4.486781240808142,
                50.34534214413458
              ],
              [
                4.487194336116601,
                50.34532870173024
              ],
              [
                4.487603382674728,
                50.34528941236639
              ],
              [
                4.488004440494932,
                50.3452246544842
              ],
              [
                4.488393646576627,
                50.34513505183937
              ],
              [
                4.4887672521319,
                50.3450214674912
              ],
              [
                4.489121658708392,
                50.34488499548561
              ],
              [
                4.48945345286075,
                50.344726950312364
              ],
              [
                4.489759439036142,
                50.34454885423871
              ],
              [
                4.490036670356607,
                50.34435242264101
              ],
              [
                4.490282477001562,
                50.34413954747663
              ],
              [
                4.490494491916988,
                50.343912279055104
              ],
              [
                4.490670673603826,
                50.34367280628467
              ],
              [
                4.490809325766412,
                50.34342343558458
              ],
              [
                4.490909113632192,
                50.343166568666675
              ],
              [
                4.4909690767861825,
                50.342904679400384
              ],
              [
                4.490988638397363,
                50.34264028998414
              ],
              [
                4.490967610749001,
                50.342375946652815
              ],
              [
                4.490906197020645,
                50.34211419515544
              ],
              [
                4.4908049893055635,
                50.34185755623891
              ],
              [
                4.49066496288377,
                50.34160850137439
              ],
              [
                4.4904874668067,
                50.34136942895951
              ],
              [
                4.4902742108851115,
                50.34114264122582
              ]
            ]
          ],
          [
            [
              [
                4.5816470310226745,
                50.35179021398148
              ],
              [
                4.58143329332078,
                50.35156359426885
              ],
              [
                4.581185870259555,
                50.35135146958958
              ],
              [
                4.580907144850539,
                50.351155882614364
              ],
              [
                4.580599801433964,
                50.350978716738815
              ],
              [
                4.580266799824702,
                50.350821677953526
              ],
              [
                4.579911346810339,
                50.35068627842266
              ],
              [
                4.579536865275729,
                50.350573821928904
              ],
              [
                4.579146961251134,
                50.350485391324526
              ],
              [
                4.578745389200748,
                50.35042183810935
              ],
              [
                4.578336015885333,
                50.35038377423538
              ],
              [
                4.577922783146148,
                50.350371566217454
              ],
              [
                4.577509669967753,
                50.35038533160564
              ],
              [
                4.577100654184053,
                50.35042493785404
              ],
              [
                4.576699674195391,
                50.35049000359637
              ],
              [
                4.576310591064403,
                50.350579902316355
              ],
              [
                4.575937151354677,
                50.35069376837741
              ],
              [
                4.575582951069281,
                50.35083050535394
              ],
              [
                4.575251401035626,
                50.35098879658414
              ],
              [
                4.574945694069443,
                50.351167117842856
              ],
              [
                4.574668774233619,
                50.35136375201272
              ],
              [
                4.574423308487644,
                50.35157680561287
              ],
              [
                4.5742116610006605,
                50.35180422702583
              ],
              [
                4.5740358703755435,
                50.352043826247936
              ],
              [
                4.5738976300036684,
                50.35229329597293
              ],
              [
                4.573798271740056,
                50.352550233806305
              ],
              [
                4.573738753056715,
                50.352812165396415
              ],
              [
                4.573719647798702,
                50.35307656826002
              ],
              [
                4.573741140632802,
                50.353340896072844
              ],
              [
                4.573803025243221,
                50.35360260319123
              ],
              [
                4.573904706292709,
                50.35385916916903
              ],
              [
                4.574045205131178,
                50.35410812303325
              ],
              [
                4.574223169197799,
                50.354347067084866
              ],
              [
                4.574436885026931,
                50.354573699995186
              ],
              [
                4.57468429473337,
                50.35478583897534
              ],
              [
                4.574963015818787,
                50.35498144080506
              ],
              [
                4.575270364109108,
                50.35515862151789
              ],
              [
                4.575603379602163,
                50.35531567455305
              ],
              [
                4.575958854976823,
                50.355451087198745
              ],
              [
                4.576333366488935,
                50.35556355516829
              ],
              [
                4.576723306956224,
                50.355651995168444
              ],
              [
                4.577124920514022,
                50.35571555533831
              ],
              [
                4.577534338806458,
                50.355753623458526
              ],
              [
                4.577947618263834,
                50.355765832851205
              ],
              [
                4.5783607781062345,
                50.35575206591336
              ],
              [
                4.578769838706483,
                50.35571245525047
              ],
              [
                4.579170859941963,
                50.35564738239846
              ],
              [
                4.579559979164946,
                50.35555747414681
              ],
              [
                4.579933448424848,
                50.35544359649845
              ],
              [
                4.580287670583005,
                50.35530684632423
              ],
              [
                4.580619233971447,
                50.355148540793145
              ],
              [
                4.580924945261226,
                50.35497020467995
              ],
              [
                4.581201860223305,
                50.3547735556728
              ],
              [
                4.581447312085487,
                50.35456048782278
              ],
              [
                4.5816589372121745,
                50.35433305329499
              ],
              [
                4.5818346978597875,
                50.35409344259708
              ],
              [
                4.581972901788968,
                50.35384396347632
              ],
              [
                4.5820722185451705,
                50.353587018688295
              ],
              [
                4.582131692251489,
                50.3533250828519
              ],
              [
                4.582150750791312,
                50.353060678613545
              ],
              [
                4.582129211293208,
                50.35279635235039
              ],
              [
                4.582067281866241,
                50.35253464964649
              ],
              [
                4.581965559569935,
                50.35227809077836
              ],
              [
                4.581825024639471,
                50.35202914644578
              ],
              [
                4.5816470310226745,
                50.35179021398148
              ]
            ]
          ],
          [
            [
              [
                4.55793466898016,
                50.355152587185266
              ],
              [
                4.55754551216186,
                50.355242422933514
              ],
              [
                4.557171990832368,
                50.35535622853721
              ],
              [
                4.556817701780448,
                50.35549290815293
              ],
              [
                4.5564860566880165,
                50.35565114567126
              ],
              [
                4.556180249285907,
                50.35582941738427
              ],
              [
                4.555903224603907,
                50.35602600665178
              ],
              [
                4.555657650610906,
                50.35623902042534
              ],
              [
                4.5554458925182395,
                50.35646640747109
              ],
              [
                4.555269989993736,
                50.35670597811637
              ],
              [
                4.555131637506248,
                50.356955425330256
              ],
              [
                4.555032167990417,
                50.35721234693506
              ],
              [
                4.554972539989629,
                50.35747426873557
              ],
              [
                4.554953328401758,
                50.35773866834294
              ],
              [
                4.554954406733573,
                50.357751993789215
              ],
              [
                4.554954029414402,
                50.35775718661741
              ],
              [
                4.554975419942586,
                50.358021517738024
              ],
              [
                4.5550372072600505,
                50.35828323469704
              ],
              [
                4.555041990681789,
                50.358295316114756
              ],
              [
                4.555068696720742,
                50.35840843580984
              ],
              [
                4.55517028686531,
                50.358665018034685
              ],
              [
                4.5553107017262855,
                50.358913994417016
              ],
              [
                4.555488589551916,
                50.359152967041005
              ],
              [
                4.555702237611152,
                50.35937963430286
              ],
              [
                4.555949588671814,
                50.35959181308296
              ],
              [
                4.556228260800734,
                50.35978745977772
              ],
              [
                4.556535570295666,
                50.35996468998865
              ],
              [
                4.556868557528384,
                50.360121796678236
              ],
              [
                4.557224015450209,
                50.36025726661795
              ],
              [
                4.557598520485303,
                50.36036979496925
              ],
              [
                4.557988465513943,
                50.360458297857306
              ],
              [
                4.558390094627639,
                50.360521922815494
              ],
              [
                4.558799539320751,
                50.360560057000455
              ],
              [
                4.55921285576929,
                50.360572333097885
              ],
              [
                4.559626062836992,
                50.36055863286231
              ],
              [
                4.560035180441705,
                50.36051908825675
              ],
              [
                4.560436267911595,
                50.36045408018081
              ],
              [
                4.560825461960779,
                50.36036423480011
              ],
              [
                4.561199013917731,
                50.360250417511956
              ],
              [
                4.56155332584702,
                50.36011372460587
              ],
              [
                4.561884985215762,
                50.35995547269929
              ],
              [
                4.562190797770305,
                50.35977718605048
              ],
              [
                4.562467818306022,
                50.359580581871214
              ],
              [
                4.562628134510471,
                50.35944150512466
              ],
              [
                4.562628314496246,
                50.359441377385316
              ],
              [
                4.562873873784457,
                50.35922834895164
              ],
              [
                4.563085608630851,
                50.359000948435664
              ],
              [
                4.563261480234952,
                50.35876136601754
              ],
              [
                4.563399795288655,
                50.35851190917225
              ],
              [
                4.5634992222671125,
                50.35825498044096
              ],
              [
                4.5635588042318815,
                50.35799305428802
              ],
              [
                4.563577968023791,
                50.357728653266726
              ],
              [
                4.563556529757877,
                50.35746432372329
              ],
              [
                4.563494696568449,
                50.357202611273514
              ],
              [
                4.563393064588436,
                50.35694603628789
              ],
              [
                4.563252613183505,
                50.356697069621426
              ],
              [
                4.5630746954973995,
                50.35645810882211
              ],
              [
                4.562861025400448,
                50.356231455046235
              ],
              [
                4.562613660967705,
                50.35601929090359
              ],
              [
                4.56233498464645,
                50.35582365944495
              ],
              [
                4.562027680304519,
                50.35564644449431
              ],
              [
                4.561694707380798,
                50.35548935251487
              ],
              [
                4.561339272386896,
                50.355353896183075
              ],
              [
                4.56096479803436,
                50.355241379828556
              ],
              [
                4.560574890284454,
                50.35515288688
              ],
              [
                4.5601733036373595,
                50.35508926943753
              ],
              [
                4.559763904994456,
                50.35505114007166
              ],
              [
                4.559350636440887,
                50.355038865927774
              ],
              [
                4.559331463833164,
                50.35503950167349
              ],
              [
                4.559157944726784,
                50.355034347658325
              ],
              [
                4.558744785575655,
                50.3550480462373
              ],
              [
                4.558335714014352,
                50.35508758632267
              ],
              [
                4.55793466898016,
                50.355152587185266
              ]
            ]
          ]
        ]
      },
      "properties": {
        "type": "buffer_union_300m",
        "buffer_m": 300
      }
    },
    {
      "type": "Feature",
      "geometry": {
        "type": "MultiPolygon",
        "coordinates": [
          [
            [
              [
                4.477337342147325,
                50.34085312952218
              ],
              [
                4.476928155535853,
                50.34061654237209
              ],
              [
                4.476484707943623,
                50.34040676039541
              ],
              [
                4.4760112696612495,
                50.34022580354222
              ],
              [
                4.475512399588992,
                50.340075414189755
              ],
              [
                4.474992901353939,
                50.339957040375296
              ],
              [
                4.474457777077822,
                50.33987182186208
              ],
              [
                4.473912179239591,
                50.339820579172056
              ],
              [
                4.473361361094969,
                50.33980380569061
              ],
              [
                4.472810626128898,
                50.33982166291928
              ],
              [
                4.472265277025988,
                50.33987397892181
              ],
              [
                4.471730564648648,
                50.33996024997842
              ],
              [
                4.4712116375124955,
                50.340079645432695
              ],
              [
                4.47071349224395,
                50.34023101568428
              ],
              [
                4.470240925495549,
                50.34041290325076
              ],
              [
                4.469798487780713,
                50.34062355679275
              ],
              [
                4.469390439671445,
                50.34086094796717
              ],
              [
                4.469020710779955,
                50.34112279094739
              ],
              [
                4.4686928619187345,
                50.341406564422165
              ],
              [
                4.468410050803347,
                50.34170953586295
              ],
              [
                4.468296017146979,
                50.34186442093692
              ],
              [
                4.46810067432516,
                50.342002756710464
              ],
              [
                4.467793198490664,
                50.34226888434046
              ],
              [
                4.467660662461498,
                50.3423627403194
              ],
              [
                4.467332796922971,
                50.34264650990727
              ],
              [
                4.467049969755842,
                50.342949477986025
              ],
              [
                4.466814905309283,
                50.34326872714369
              ],
              [
                4.466629868146664,
                50.343601183130815
              ],
              [
                4.466496641207209,
                50.34394364445588
              ],
              [
                4.466416508599586,
                50.34429281320812
              ],
              [
                4.466390243194489,
                50.344645326811374
              ],
              [
                4.466418099137287,
                50.34499779040326
              ],
              [
                4.4664998093545405,
                50.34534680952815
              ],
              [
                4.466634588080155,
                50.345689022829184
              ],
              [
                4.4668211383786165,
                50.34602113442418
              ],
              [
                4.46705766459456,
                50.34633994565382
              ],
              [
                4.467341889610306,
                50.34664238589576
              ],
              [
                4.467671076746569,
                50.346925542147815
              ],
              [
                4.468042056096532,
                50.347186687094734
              ],
              [
                4.468451255040502,
                50.34742330538774
              ],
              [
                4.468894732647788,
                50.3476331178834
              ],
              [
                4.469368217634671,
                50.34781410360753
              ],
              [
                4.46986714951272,
                50.347964519232434
              ],
              [
                4.470386722530663,
                50.348082915878884
              ],
              [
                4.470921931985779,
                50.348168153081104
              ],
              [
                4.4714676224576895,
                50.34821940977921
              ],
              [
                4.472018537498648,
                50.34823619223341
              ],
              [
                4.472569370300216,
                50.34821833878321
              ],
              [
                4.473114814846682,
                50.348166021405724
              ],
              [
                4.473649617060814,
                50.34807974405785
              ],
              [
                4.474168625447627,
                50.34796033781867
              ],
              [
                4.474596328894187,
                50.34783037840823
              ],
              [
                4.474659523115638,
                50.3478283288819
              ],
              [
                4.475204960882911,
                50.34777600167728
              ],
              [
                4.475739754911162,
                50.34768971469231
              ],
              [
                4.476258753784289,
                50.34757029909891
              ],
              [
                4.47675695833359,
                50.34741890517775
              ],
              [
                4.477229569818071,
                50.347236991231014
              ],
              [
                4.477672036168114,
                50.34702630952682
              ],
              [
                4.4780800958460105,
                50.346788889410945
              ],
              [
                4.478449818900158,
                50.34652701774908
              ],
              [
                4.478777644817005,
                50.346243216888425
              ],
              [
                4.479060416806061,
                50.345940220351494
              ],
              [
                4.479295412187969,
                50.34562094649679
              ],
              [
                4.479480368593496,
                50.34528847040047
              ],
              [
                4.479613505721989,
                50.344945994230414
              ],
              [
                4.479693542450866,
                50.344596816398294
              ],
              [
                4.4797197091327545,
                50.3442442997872
              ],
              [
                4.479691754963423,
                50.34389183936101
              ],
              [
                4.479609950351218,
                50.34354282946763
              ],
              [
                4.479475084266993,
                50.34320063115113
              ],
              [
                4.479288456601788,
                50.342868539787254
              ],
              [
                4.4790518656075475,
                50.34254975335421
              ],
              [
                4.478767590543424,
                50.342247341643656
              ],
              [
                4.478611516022887,
                50.342113120461526
              ],
              [
                4.478558385014922,
                50.3420185722853
              ],
              [
                4.478321803150511,
                50.34169978432985
              ],
              [
                4.478037537817464,
                50.34139737079862
              ],
              [
                4.477708327208779,
                50.34111424376195
              ],
              [
                4.477337342147325,
                50.34085312952218
              ]
            ]
          ],
          [
            [
              [
                4.474793816405102,
                50.359799938861634
              ],
              [
                4.47450946521316,
                50.35949751738273
              ],
              [
                4.474180150187802,
                50.35921438098651
              ],
              [
                4.473809043157861,
                50.35895325606547
              ],
              [
                4.47339971820091,
                50.3587166570152
              ],
              [
                4.4729561172185734,
                50.358506862033984
              ],
              [
                4.472482511978535,
                50.35832589119706
              ],
              [
                4.471983462988616,
                50.358175487016325
              ],
              [
                4.471463775598487,
                50.35805709767176
              ],
              [
                4.470928453750905,
                50.357971863076166
              ],
              [
                4.47038265182679,
                50.35792060390625
              ],
              [
                4.46983162504648,
                50.35790381370611
              ],
              [
                4.469280678903291,
                50.357921654138245
              ],
              [
                4.468735118114664,
                50.35797395342812
              ],
              [
                4.4682001955807475,
                50.358060208016894
              ],
              [
                4.467681061840223,
                50.358179587406745
              ],
              [
                4.467182715508446,
                50.35833094215198
              ],
              [
                4.4667099551736325,
                50.35851281491958
              ],
              [
                4.466267333213018,
                50.35872345451268
              ],
              [
                4.465859111972623,
                50.358960832722595
              ],
              [
                4.465857090876384,
                50.35896226339409
              ],
              [
                4.465856111965379,
                50.35896283262036
              ],
              [
                4.465486222692447,
                50.359224663735674
              ],
              [
                4.46515822777619,
                50.359508426570166
              ],
              [
                4.464875286338919,
                50.3598113886977
              ],
              [
                4.464640123830634,
                50.3601306327637
              ],
              [
                4.464455005759582,
                50.360463084567755
              ],
              [
                4.464321715844795,
                50.36080554265872
              ],
              [
                4.464241538802148,
                50.36115470915697
              ],
              [
                4.464215247931065,
                50.36150722150811
              ],
              [
                4.464243097623008,
                50.36185968486183
              ],
              [
                4.464324820865592,
                50.36220870476483
              ],
              [
                4.4644596317681176,
                50.362550919852765
              ],
              [
                4.464646233085974,
                50.36288303422623
              ],
              [
                4.464882828673153,
                50.363201849199136
              ],
              [
                4.465167140744485,
                50.36350429411309
              ],
              [
                4.465496431782756,
                50.363787455920885
              ],
              [
                4.4658675308808276,
                50.36404860725369
              ],
              [
                4.466276864265917,
                50.364285232701256
              ],
              [
                4.466661865633365,
                50.364467325979874
              ],
              [
                4.466452417336408,
                50.36453092800725
              ],
              [
                4.46597959249106,
                50.36471279765305
              ],
              [
                4.465536909511308,
                50.36492343429042
              ],
              [
                4.465128631330708,
                50.36516080973915
              ],
              [
                4.464758689776923,
                50.36542263832407
              ],
              [
                4.46443064771049,
                50.36570639887273
              ],
              [
                4.464147664707871,
                50.366009358981074
              ],
              [
                4.463912466619489,
                50.36632860131388
              ],
              [
                4.4637273192964315,
                50.366661051687544
              ],
              [
                4.463594006739668,
                50.36700350866463
              ],
              [
                4.463513813883394,
                50.36735267437634
              ],
              [
                4.463508513524302,
                50.36742371893217
              ],
              [
                4.4631395401440335,
                50.36768483831745
              ],
              [
                4.462811472777535,
                50.367968594205756
              ],
              [
                4.462528465966297,
                50.36827155027639
              ],
              [
                4.462293245790043,
                50.36859078923307
              ],
              [
                4.462108078312608,
                50.36892323692466
              ],
              [
                4.461974747729117,
                50.36926569193964
              ],
              [
                4.46189453914745,
                50.36961485642808
              ],
              [
                4.4618920915745495,
                50.369647646456826
              ],
              [
                4.46186674248243,
                50.36975799509513
              ],
              [
                4.461840429220493,
                50.370110506508965
              ],
              [
                4.461868266331937,
                50.370462970032804
              ],
              [
                4.4619499869259736,
                50.37081199121173
              ],
              [
                4.46201848591805,
                50.3709858671041
              ],
              [
                4.462046754164236,
                50.37110659578009
              ],
              [
                4.462181573909828,
                50.37144881311165
              ],
              [
                4.462368194259476,
                50.37178093075668
              ],
              [
                4.462604818884277,
                50.372099749997574
              ],
              [
                4.462889169719755,
                50.37240220013485
              ],
              [
                4.463218508875653,
                50.37268536807097
              ],
              [
                4.463589664981634,
                50.37294652637808
              ],
              [
                4.463999063716013,
                50.37318315957873
              ],
              [
                4.4644427622240235,
                50.37339298838581
              ],
              [
                4.464916487094306,
                50.37357399166798
              ],
              [
                4.465415675527731,
                50.37372442592837
              ],
              [
                4.465935519301537,
                50.373842842108246
              ],
              [
                4.466471011104559,
                50.37392809955356
              ],
              [
                4.4670169927961725,
                50.373979377009455
              ],
              [
                4.4675682051228165,
                50.373996180536174
              ],
              [
                4.4681193384117455,
                50.37397834827021
              ],
              [
                4.46866508375208,
                50.37392605198461
              ],
              [
                4.469200184168488,
                50.37383979543315
              ],
              [
                4.469719485292922,
                50.3737204094946
              ],
              [
                4.470217985044675,
                50.37356904416402
              ],
              [
                4.470690881838795,
                50.37338715746829
              ],
              [
                4.471133620857167,
                50.37317650141308
              ],
              [
                4.471541937935555,
                50.37293910509723
              ],
              [
                4.471911900643115,
                50.372677255157264
              ],
              [
                4.472239946158225,
                50.37239347373126
              ],
              [
                4.472522915575727,
                50.37209049415465
              ],
              [
                4.472758084315362,
                50.37177123462268
              ],
              [
                4.4729431883390465,
                50.37143877007369
              ],
              [
                4.4730764459253765,
                50.37109630256444
              ],
              [
                4.473156574792764,
                50.370747130423275
              ],
              [
                4.473182804407697,
                50.37039461647856
              ],
              [
                4.473172282657335,
                50.370261795976184
              ],
              [
                4.473245800970329,
                50.370219047574565
              ],
              [
                4.4736157330926725,
                50.36995719211031
              ],
              [
                4.473943749636914,
                50.36967340576732
              ],
              [
                4.474226691976912,
                50.36937042192838
              ],
              [
                4.474461835793161,
                50.369051158829784
              ],
              [
                4.47464691728756,
                50.36871869144421
              ],
              [
                4.4747801549556,
                50.36837622185569
              ],
              [
                4.474860266707423,
                50.36802704841261
              ],
              [
                4.4748864821742345,
                50.367674533955814
              ],
              [
                4.474858550083142,
                50.36732207342851
              ],
              [
                4.474776740631061,
                50.366973061179635
              ],
              [
                4.474641842836635,
                50.366630858275954
              ],
              [
                4.474455156897405,
                50.366298760137425
              ],
              [
                4.474218481627543,
                50.36597996480748
              ],
              [
                4.473934097098692,
                50.36567754216347
              ],
              [
                4.4736047426524586,
                50.3653944043634
              ],
              [
                4.473233590497432,
                50.36513327781328
              ],
              [
                4.47282421514581,
                50.364896676924396
              ],
              [
                4.472404721487441,
                50.364698306016834
              ],
              [
                4.472494639009077,
                50.3646709957652
              ],
              [
                4.472967438488763,
                50.364489099582094
              ],
              [
                4.473410084464388,
                50.36427843459735
              ],
              [
                4.473818313667968,
                50.36404102999578
              ],
              [
                4.473820334740507,
                50.36403959918662
              ],
              [
                4.4738213136606895,
                50.364039029893554
              ],
              [
                4.474191194475659,
                50.36377717238186
              ],
              [
                4.474519164901285,
                50.363493384181574
              ],
              [
                4.474802066755502,
                50.363190398693355
              ],
              [
                4.475037176108569,
                50.36287113416939
              ],
              [
                4.475222229494101,
                50.36253866559603
              ],
              [
                4.475355445678064,
                50.36219619506876
              ],
              [
                4.475435542777232,
                50.36184702094496
              ],
              [
                4.475461750563633,
                50.36149450607204
              ],
              [
                4.475433817838029,
                50.361142045397244
              ],
              [
                4.475352014803135,
                50.36079303327088
              ],
              [
                4.475217130415488,
                50.360450830758545
              ],
              [
                4.475030464743233,
                50.36011873327643
              ],
              [
                4.474793816405102,
                50.359799938861634
              ]
            ]
          ],
          [
            [
              [
                4.502583189739395,
                50.33454774746125
              ],
              [
                4.502298812820454,
                50.334245393120504
              ],
              [
                4.50196950723835,
                50.333962334688835
              ],
              [
                4.501598444729747,
                50.33370129780784
              ],
              [
                4.501189198942437,
                50.333464796025304
              ],
              [
                4.500745711014834,
                50.33325510660283
              ],
              [
                4.500272251625358,
                50.33307424859924
              ],
              [
                4.499773379877023,
                50.332923963439946
              ],
              [
                4.499253899412688,
                50.33280569815896
              ],
              [
                4.498718812182723,
                50.3327205914745
              ],
              [
                4.498173270309257,
                50.33266946283173
              ],
              [
                4.497622526509163,
                50.332652804517984
              ],
              [
                4.4970718835516905,
                50.33267077692591
              ],
              [
                4.496526643235794,
                50.33272320701024
              ],
              [
                4.495992055376779,
                50.332809589952795
              ],
              [
                4.495473267291775,
                50.332929094019846
              ],
              [
                4.494975274268839,
                50.33308056856517
              ],
              [
                4.494974195299207,
                50.33308098422686
              ],
              [
                4.494972274412916,
                50.33308156849684
              ],
              [
                4.494499871617789,
                50.33326355502156
              ],
              [
                4.49405760800583,
                50.333474301246255
              ],
              [
                4.493649742473195,
                50.333711777935335
              ],
              [
                4.493280202874592,
                50.33397369843856
              ],
              [
                4.492952548200265,
                50.334257540698154
              ],
              [
                4.492669934296293,
                50.334560571522964
              ],
              [
                4.492435083458539,
                50.334879872896565
              ],
              [
                4.492250258193572,
                50.33521237006645
              ],
              [
                4.492117239400121,
                50.3355548611443
              ],
              [
                4.492037309182307,
                50.33590404793255
              ],
              [
                4.492011238461531,
                50.33625656768109
              ],
              [
                4.492039279507904,
                50.33660902546808
              ],
              [
                4.492121163464831,
                50.336958026893555
              ],
              [
                4.492256102892362,
                50.33730021077085
              ],
              [
                4.492442799306571,
                50.337632281500944
              ],
              [
                4.492679455644061,
                50.33795104081785
              ],
              [
                4.492963793533102,
                50.33825341859905
              ],
              [
                4.493293075206448,
                50.33853650244378
              ],
              [
                4.493664129845921,
                50.33879756573406
              ],
              [
                4.494073384105883,
                50.3390340939075
              ],
              [
                4.494516896522143,
                50.339243808688586
              ],
              [
                4.494990395475079,
                50.33942469004434
              ],
              [
                4.495489320341235,
                50.33957499565227
              ],
              [
                4.496008865436496,
                50.33969327769292
              ],
              [
                4.496544026326857,
                50.339778396804384
              ],
              [
                4.4970896480596325,
                50.339829533064325
              ],
              [
                4.49764047484924,
                50.33984619389313
              ],
              [
                4.498191200737492,
                50.339828218801856
              ],
              [
                4.4987365207388175,
                50.339775780939334
              ],
              [
                4.499271181976068,
                50.33968938542305
              ],
              [
                4.4997900343127135,
                50.33956986447035
              ],
              [
                4.500288079992072,
                50.33941836937672
              ],
              [
                4.500289159059113,
                50.33941795366594
              ],
              [
                4.500291080136159,
                50.33941736930838
              ],
              [
                4.500763521926652,
                50.33923535933827
              ],
              [
                4.5012058094138165,
                50.33902458769752
              ],
              [
                4.501613682783336,
                50.33878708459815
              ],
              [
                4.501983213878655,
                50.338525137705
              ],
              [
                4.502310844035607,
                50.338241270089725
              ],
              [
                4.502593418349586,
                50.33793821591763
              ],
              [
                4.5028282160454305,
                50.337618894102164
              ],
              [
                4.50301297665806,
                50.33728638018122
              ],
              [
                4.5031459217725835,
                50.336943876686725
              ],
              [
                4.503225772115617,
                50.33659468229327
              ],
              [
                4.503251759834616,
                50.33624216004322
              ],
              [
                4.50322363584853,
                50.335889704954496
              ],
              [
                4.503141672200652,
                50.33554071132339
              ],
              [
                4.5030066593928275,
                50.3351985400371
              ],
              [
                4.502819898728408,
                50.334866486210885
              ],
              [
                4.502583189739395,
                50.33454774746125
              ]
            ]
          ],
          [
            [
              [
                4.5327311892765545,
                50.335307461314855
              ],
              [
                4.532446616032556,
                50.33500518093054
              ],
              [
                4.53211712565318,
                50.33472220812785
              ],
              [
                4.531745891653867,
                50.33446126772368
              ],
              [
                4.531336489332991,
                50.33422487233665
              ],
              [
                4.530892861335498,
                50.334015298203724
              ],
              [
                4.5304192796878135,
                50.33383456327353
              ],
              [
                4.529920304669491,
                50.33368440778637
              ],
              [
                4.529400740917159,
                50.333566277527616
              ],
              [
                4.528865591182651,
                50.3334813099154
              ],
              [
                4.528320008189562,
                50.33343032305582
              ],
              [
                4.527769245050453,
                50.333413807871054
              ],
              [
                4.527218604720687,
                50.333431923375656
              ],
              [
                4.5266733889739745,
                50.33348449514654
              ],
              [
                4.526138847389257,
                50.33357101700134
              ],
              [
                4.525620126838446,
                50.333690655868764
              ],
              [
                4.5251222219597995,
                50.33384225980467
              ],
              [
                4.524649927092336,
                50.33402436907648
              ],
              [
                4.52420779013282,
                50.33423523020993
              ],
              [
                4.524154285919547,
                50.33426640777974
              ],
              [
                4.524135791328367,
                50.334275228005275
              ],
              [
                4.523728069251073,
                50.334512810403986
              ],
              [
                4.523358689221669,
                50.33477482667518
              ],
              [
                4.523031208694632,
                50.335058753838716
              ],
              [
                4.522748781839848,
                50.3353618578857
              ],
              [
                4.522514129152667,
                50.335681220094415
              ],
              [
                4.5224540715084505,
                50.33578940012193
              ],
              [
                4.522208031424408,
                50.335932758674474
              ],
              [
                4.5218386319779285,
                50.336194770060075
              ],
              [
                4.521511132584693,
                50.33647869288315
              ],
              [
                4.521228687596258,
                50.33678179317663
              ],
              [
                4.520994017682602,
                50.3371011522549
              ],
              [
                4.520809383608676,
                50.33743369480956
              ],
              [
                4.520809128395122,
                50.33743435297767
              ],
              [
                4.52080838340404,
                50.337435694763435
              ],
              [
                4.520675564215172,
                50.337778218467626
              ],
              [
                4.520595840108484,
                50.33812742481101
              ],
              [
                4.5205699800207855,
                50.33847995085486
              ],
              [
                4.520598234193871,
                50.33883240161639
              ],
              [
                4.5206803317186415,
                50.339181382763044
              ],
              [
                4.520815483098205,
                50.33952353330315
              ],
              [
                4.521002387807081,
                50.33985555795846
              ],
              [
                4.521239246775381,
                50.340174258906515
              ],
              [
                4.521523779679284,
                50.34047656658672
              ],
              [
                4.521853246872681,
                50.340759569273295
              ],
              [
                4.52222447574988,
                50.341020541129716
              ],
              [
                4.5226338912863335,
                50.34125696847416
              ],
              [
                4.523077550463734,
                50.34146657400222
              ],
              [
                4.523551180248159,
                50.341647338733054
              ],
              [
                4.524050218755305,
                50.34179752146756
              ],
              [
                4.52456985920585,
                50.341915675569766
              ],
              [
                4.5251050962467945,
                50.3420006629101
              ],
              [
                4.5256507741915515,
                50.342051664835544
              ],
              [
                4.526201636712812,
                50.34206819006044
              ],
              [
                4.5267523775080765,
                50.3420500794021
              ],
              [
                4.527297691448194,
                50.341997507315206
              ],
              [
                4.527694153502519,
                50.34193334275721
              ],
              [
                4.527754723721192,
                50.34192750297853
              ],
              [
                4.52828935636767,
                50.34184097376686
              ],
              [
                4.528808159168683,
                50.34172132308402
              ],
              [
                4.529306134845123,
                50.3415697034751
              ],
              [
                4.529778486861667,
                50.341387575416135
              ],
              [
                4.530220665649158,
                50.341176693237514
              ],
              [
                4.530221538999461,
                50.34117618431688
              ],
              [
                4.530224665732266,
                50.341174693114944
              ],
              [
                4.53063241248693,
                50.340937088079144
              ],
              [
                4.531001800308867,
                50.34067504884804
              ],
              [
                4.531329271914657,
                50.34039109938255
              ],
              [
                4.531611673927558,
                50.34008797463618
              ],
              [
                4.5318462872326375,
                50.339768594201864
              ],
              [
                4.532030853141393,
                50.33943603418186
              ],
              [
                4.532060212276864,
                50.33936027426423
              ],
              [
                4.532081730213824,
                50.339345008713366
              ],
              [
                4.532409186201221,
                50.339061056153085
              ],
              [
                4.532691573421579,
                50.33875792872829
              ],
              [
                4.5327061159853494,
                50.33873813068683
              ],
              [
                4.532743569004017,
                50.33869792651702
              ],
              [
                4.532978167839199,
                50.33837854373898
              ],
              [
                4.533162720428266,
                50.33804598186131
              ],
              [
                4.533295450360352,
                50.33770344387753
              ],
              [
                4.533375080434886,
                50.33735422879413
              ],
              [
                4.533400844920946,
                50.33700169985241
              ],
              [
                4.5333724968874645,
                50.336649252134436
              ],
              [
                4.533290310535374,
                50.336300279865206
              ],
              [
                4.533155078511033,
                50.335958143725904
              ],
              [
                4.532968104228536,
                50.335626138493026
              ],
              [
                4.5327311892765545,
                50.335307461314855
              ]
            ]
          ],
          [
            [
              [
                4.491440898662692,
                50.34064183144103
              ],
              [
                4.491111613434606,
                50.34035874241327
              ],
              [
                4.490740560628021,
                50.34009767101003
              ],
              [
                4.490331313797674,
                50.3398611311115
              ],
              [
                4.48988781409234,
                50.339651400346355
              ],
              [
                4.489414332304105,
                50.33947049817155
              ],
              [
                4.488915427751851,
                50.339320166437794
              ],
              [
                4.48839590439442,
                50.339201852627575
              ],
              [
                4.487860764595241,
                50.33911669592634
              ],
              [
                4.487315160982589,
                50.33906551626088
              ],
              [
                4.4867643468677105,
                50.33904880640976
              ],
              [
                4.486213625696737,
                50.339066727261866
              ],
              [
                4.485668300021504,
                50.33911910626834
              ],
              [
                4.485133620478964,
                50.33920543910278
              ],
              [
                4.4846147352687575,
                50.33932489451394
              ],
              [
                4.484116640613836,
                50.339476322324124
              ],
              [
                4.483644132679663,
                50.33965826449673
              ],
              [
                4.483201761413645,
                50.3398689691665
              ],
              [
                4.4827937867482754,
                50.340106407498034
              ],
              [
                4.4824241375888905,
                50.34036829321051
              ],
              [
                4.482096373980548,
                50.34065210458125
              ],
              [
                4.481813652818182,
                50.34095510871659
              ],
              [
                4.481578697430455,
                50.34127438785723
              ],
              [
                4.481393771330744,
                50.341606867464876
              ],
              [
                4.481260656388901,
                50.34194934582039
              ],
              [
                4.4811806356351305,
                50.34229852484889
              ],
              [
                4.481154480862954,
                50.34265104187508
              ],
              [
                4.4811824451522275,
                50.343003502003455
              ],
              [
                4.481264260385929,
                50.343352510811634
              ],
              [
                4.481399139786362,
                50.34369470704189
              ],
              [
                4.481585785448145,
                50.344026794976386
              ],
              [
                4.481822400797127,
                50.344345576183514
              ],
              [
                4.482106707856797,
                50.34464798033
              ],
              [
                4.482435969157274,
                50.34493109476119
              ],
              [
                4.482807014077009,
                50.34519219256455
              ],
              [
                4.4832162693643545,
                50.345428758845316
              ],
              [
                4.483659793545536,
                50.34563851496098
              ],
              [
                4.484133314887877,
                50.3458194404804
              ],
              [
                4.484632272552448,
                50.34596979265571
              ],
              [
                4.485151860539335,
                50.3460881232189
              ],
              [
                4.485687074001436,
                50.34617329234067
              ],
              [
                4.486232757479648,
                50.346224479616986
              ],
              [
                4.486783654593537,
                50.34624119197672
              ],
              [
                4.487334458707366,
                50.346223268434635
              ],
              [
                4.487879864081852,
                50.346170881642955
              ],
              [
                4.488414617017245,
                50.34608453622724
              ],
              [
                4.4889335664934595,
                50.345965063922264
              ],
              [
                4.489431713817834,
                50.3458136155549
              ],
              [
                4.489904260800852,
                50.345631649951784
              ],
              [
                4.490346655994477,
                50.3454209198786
              ],
              [
                4.490754638546695,
                50.34518345514695
              ],
              [
                4.49112427924908,
                50.34492154305222
              ],
              [
                4.491452018381574,
                50.344637706330964
              ],
              [
                4.491734699989836,
                50.344334678851006
              ],
              [
                4.491969602265244,
                50.344015379268804
              ],
              [
                4.492154463735499,
                50.3436828829082
              ],
              [
                4.492287505014421,
                50.34334039213213
              ],
              [
                4.492367445902633,
                50.34299120549281
              ],
              [
                4.492393517675801,
                50.34263868595798
              ],
              [
                4.492365470443672,
                50.34228622851958
              ],
              [
                4.492283575510718,
                50.34193722749664
              ],
              [
                4.4921486227174325,
                50.341595043847626
              ],
              [
                4.491961912789643,
                50.341262972806966
              ],
              [
                4.491725244771207,
                50.340944212157
              ],
              [
                4.491440898662692,
                50.34064183144103
              ]
            ]
          ],
          [
            [
              [
                4.582884263634365,
                50.351364025547355
              ],
              [
                4.582599275172602,
                50.35106186886349
              ],
              [
                4.582269374791197,
                50.35077903913582
              ],
              [
                4.58189773995281,
                50.3505182598032
              ],
              [
                4.581487949814575,
                50.350282041932886
              ],
              [
                4.581043950754634,
                50.35007266005233
              ],
              [
                4.5805700183711595,
                50.349892130258766
              ],
              [
                4.580070716319668,
                50.34974219081709
              ],
              [
                4.579550852384529,
                50.3496242854324
              ],
              [
                4.579015432206854,
                50.349539549357495
              ],
              [
                4.578469611113276,
                50.34948879846909
              ],
              [
                4.577918644508152,
                50.34947252141731
              ],
              [
                4.577367837305378,
                50.34949087492389
              ],
              [
                4.5768224928851025,
                50.349543682274174
              ],
              [
                4.5762878620651675,
                50.3496304350175
              ],
              [
                4.575769092576926,
                50.3497502978595
              ],
              [
                4.575271179530341,
                50.34990211669944
              ],
              [
                4.5747989173438395,
                50.35008442973549
              ],
              [
                4.574356853600506,
                50.35029548153125
              ],
              [
                4.573949245273894,
                50.35053323990858
              ],
              [
                4.573580017744187,
                50.35079541550459
              ],
              [
                4.5732527269989,
                50.35107948380475
              ],
              [
                4.572970525382012,
                50.35138270944082
              ],
              [
                4.5727361312215224,
                50.35170217251987
              ],
              [
                4.572551802628491,
                50.352034796731616
              ],
              [
                4.572419315720722,
                50.352377378963595
              ],
              [
                4.572339947481949,
                50.35272662013969
              ],
              [
                4.5723144634229715,
                50.353079156985245
              ],
              [
                4.572343110165109,
                50.35343159441294
              ],
              [
                4.572425613019168,
                50.35378053821805
              ],
              [
                4.572561178584927,
                50.35412262776801
              ],
              [
                4.572748502347918,
                50.35445456837148
              ],
              [
                4.572985781202033,
                50.35477316301504
              ],
              [
                4.573270730778888,
                50.35507534316145
              ],
              [
                4.573600607418448,
                50.35535819831292
              ],
              [
                4.573972234570439,
                50.35561900405356
              ],
              [
                4.57438203337311,
                50.35585524830126
              ],
              [
                4.5748260571153505,
                50.3560646555149
              ],
              [
                4.575300029250463,
                50.35624520862372
              ],
              [
                4.575799384595294,
                50.35639516846681
              ],
              [
                4.576319313317443,
                50.3565130905551
              ],
              [
                4.57685480728607,
                50.35659783899385
              ],
              [
                4.577400708338799,
                50.356648597431196
              ],
              [
                4.577951757998484,
                50.35666487692694
              ],
              [
                4.57850264815949,
                50.35664652066543
              ],
              [
                4.579048072253631,
                50.35659370546716
              ],
              [
                4.579582776401242,
                50.356506940084415
              ],
              [
                4.580101610053029,
                50.356387060297266
              ],
              [
                4.5805995756332605,
                50.35623522085767
              ],
              [
                4.581071876704669,
                50.35605288435906
              ],
              [
                4.581513964189847,
                50.35584180713951
              ],
              [
                4.581921580202854,
                50.35560402235416
              ],
              [
                4.582290799068124,
                50.35534182038077
              ],
              [
                4.58261806513111,
                50.35505772674751
              ],
              [
                4.582900226996361,
                50.354754477796206
              ],
              [
                4.58313456786351,
                50.35443499431571
              ],
              [
                4.583318831669532,
                50.35410235340039
              ],
              [
                4.58345124478635,
                50.35375975880457
              ],
              [
                4.583530533065972,
                50.3534105100795
              ],
              [
                4.5835559340703895,
                50.353057970789976
              ],
              [
                4.583527204370021,
                50.352705536117234
              ],
              [
                4.583444621842098,
                50.352356600160114
              ],
              [
                4.5833089829486635,
                50.35201452324958
              ],
              [
                4.583121595022126,
                50.351682599591236
              ],
              [
                4.582884263634365,
                50.351364025547355
              ]
            ]
          ],
          [
            [
              [
                4.557523155980473,
                50.35429295255477
              ],
              [
                4.557004288247422,
                50.35441273143567
              ],
              [
                4.5565062663798654,
                50.35456446966679
              ],
              [
                4.556033885843615,
                50.35474670622244
              ],
              [
                4.555591695360879,
                50.35495768640275
              ],
              [
                4.555183953125135,
                50.35519537871923
              ],
              [
                4.5548145858055555,
                50.35545749444514
              ],
              [
                4.554487150735331,
                50.35574150964259
              ],
              [
                4.554204801647859,
                50.35604468945481
              ],
              [
                4.553970258290937,
                50.356364114430306
              ],
              [
                4.553785780212152,
                50.35669670862584
              ],
              [
                4.553653144968739,
                50.35703926921822
              ],
              [
                4.553573630972912,
                50.3573884973399
              ],
              [
                4.553548005139239,
                50.35774102984211
              ],
              [
                4.553549083076882,
                50.357754355301424
              ],
              [
                4.553548705604063,
                50.35775954812506
              ],
              [
                4.553577215935726,
                50.35811198996149
              ],
              [
                4.553659589062326,
                50.35846094688584
              ],
              [
                4.553664372151576,
                50.35847302836008
              ],
              [
                4.553691075009763,
                50.35858614836951
              ],
              [
                4.553826519364598,
                50.35892825958078
              ],
              [
                4.554013731152617,
                50.35926023020716
              ],
              [
                4.554250908346662,
                50.35957886294626
              ],
              [
                4.554535767558015,
                50.35988108889404
              ],
              [
                4.554865565997562,
                50.360163997111705
              ],
              [
                4.5552371278687875,
                50.36042486267235
              ],
              [
                4.5556468749392565,
                50.36066117291781
              ],
              [
                4.556090860996646,
                50.360870651671284
              ],
              [
                4.556564809857689,
                50.36105128117301
              ],
              [
                4.557064156563794,
                50.361201321526245
              ],
              [
                4.557584091366066,
                50.361319327466454
              ],
              [
                4.558119606075305,
                50.36140416229117
              ],
              [
                4.558665542329457,
                50.361455008816456
              ],
              [
                4.559216641312307,
                50.36147137725355
              ],
              [
                4.559767594443029,
                50.36145310993006
              ],
              [
                4.560313094546693,
                50.36140038280978
              ],
              [
                4.560847887011215,
                50.361313703796576
              ],
              [
                4.5613668204362545,
                50.36119390783854
              ],
              [
                4.561864896284636,
                50.361042148880216
              ],
              [
                4.562337317056525,
                50.36085988873981
              ],
              [
                4.562779532521084,
                50.360648883019955
              ],
              [
                4.563187283559211,
                50.36041116418717
              ],
              [
                4.563556643194347,
                50.36014902198404
              ],
              [
                4.563716958129293,
                50.360009943743854
              ],
              [
                4.563717138114293,
                50.36000981600285
              ],
              [
                4.564044547416364,
                50.35972577492412
              ],
              [
                4.564326855578166,
                50.359422571321005
              ],
              [
                4.564561344390002,
                50.35910312554576
              ],
              [
                4.564745756363746,
                50.35877051432971
              ],
              [
                4.564878316444193,
                50.35842794114137
              ],
              [
                4.564957749067936,
                50.358078705325966
              ],
              [
                4.564983290406912,
                50.35772617032417
              ],
              [
                4.564954695680216,
                50.35737373127609
              ],
              [
                4.56487224146551,
                50.357024782322924
              ],
              [
                4.5647367229895135,
                50.35668268392094
              ],
              [
                4.564549446425444,
                50.35635073048293
              ],
              [
                4.564312216273262,
                50.35603211865805
              ],
              [
                4.564027317945854,
                50.35572991655583
              ],
              [
                4.563697495730176,
                50.355447034209966
              ],
              [
                4.563325926336753,
                50.35518619556605
              ],
              [
                4.562916188293069,
                50.354949912262555
              ],
              [
                4.562472227476138,
                50.354740459457076
              ],
              [
                4.561998319116337,
                50.3545598539298
              ],
              [
                4.561499026638239,
                50.354409834674904
              ],
              [
                4.560979157734325,
                50.35429184616599
              ],
              [
                4.560443718093754,
                50.35420702445624
              ],
              [
                4.559897863230668,
                50.3541561862469
              ],
              [
                4.55934684887459,
                50.35413982102885
              ],
              [
                4.559327676629663,
                50.35414045677401
              ],
              [
                4.559154160807544,
                50.35413530275261
              ],
              [
                4.558603292310371,
                50.35415356718189
              ],
              [
                4.558057873523472,
                50.35420628631637
              ],
              [
                4.557523155980473,
                50.35429295255477
              ]
            ]
          ]
        ]
      },
      "properties": {
        "type": "buffer_union_400m",
        "buffer_m": 400
      }
    },
    {
      "type": "Feature",
      "geometry": {
        "type": "Polygon",
        "coordinates": [
          [
            [
              4.458944,
              50.361984
            ],
            [
              4.4576034,
              50.3682773
            ],
            [
              4.4589558,
              50.3688294
            ],
            [
              4.4587232,
              50.3708103
            ],
            [
              4.4590639,
              50.3713723
            ],
            [
              4.4604255,
              50.3722709
            ],
            [
              4.461325,
              50.3725886
            ],
            [
              4.4618966,
              50.3729917
            ],
            [
              4.4620585,
              50.3732986
            ],
            [
              4.4619878,
              50.3736204
            ],
            [
              4.4621859,
              50.3740187
            ],
            [
              4.4621859,
              50.3744729
            ],
            [
              4.4619754,
              50.3746192
            ],
            [
              4.462481,
              50.3754425
            ],
            [
              4.4623248,
              50.3759026
            ],
            [
              4.4623925,
              50.3761741
            ],
            [
              4.4625762,
              50.3763169
            ],
            [
              4.4631946,
              50.3763466
            ],
            [
              4.4631311,
              50.3769426
            ],
            [
              4.4632464,
              50.3773018
            ],
            [
              4.4638154,
              50.378485
            ],
            [
              4.4640777,
              50.3786344
            ],
            [
              4.464718,
              50.3785244
            ],
            [
              4.4653394,
              50.378296
            ],
            [
              4.4659236,
              50.3774882
            ],
            [
              4.4662861,
              50.377395
            ],
            [
              4.4677525,
              50.3777734
            ],
            [
              4.4702556,
              50.3777843
            ],
            [
              4.4700337,
              50.3781776
            ],
            [
              4.4703586,
              50.3782036
            ],
            [
              4.4703316,
              50.3784861
            ],
            [
              4.4708119,
              50.3787754
            ],
            [
              4.4708555,
              50.378921
            ],
            [
              4.4710654,
              50.3789804
            ],
            [
              4.4713131,
              50.3792276
            ],
            [
              4.4718682,
              50.3791789
            ],
            [
              4.4729805,
              50.3782473
            ],
            [
              4.4734366,
              50.3784405
            ],
            [
              4.4738331,
              50.3780849
            ],
            [
              4.4750215,
              50.3785702
            ],
            [
              4.4758853,
              50.3784619
            ],
            [
              4.4771115,
              50.3776663
            ],
            [
              4.4783181,
              50.3770029
            ],
            [
              4.4793093,
              50.3761016
            ],
            [
              4.4819362,
              50.3774286
            ],
            [
              4.482953,
              50.3783709
            ],
            [
              4.483712,
              50.3785415
            ],
            [
              4.484069,
              50.3783123
            ],
            [
              4.4850214,
              50.3788637
            ],
            [
              4.4857888,
              50.378023
            ],
            [
              4.491629,
              50.3755294
            ],
            [
              4.4931578,
              50.3747554
            ],
            [
              4.496983,
              50.3717939
            ],
            [
              4.499373,
              50.3722729
            ],
            [
              4.4998171,
              50.3708468
            ],
            [
              4.5011938,
              50.3691369
            ],
            [
              4.5020475,
              50.3694077
            ],
            [
              4.5031202,
              50.3680483
            ],
            [
              4.504076,
              50.368419
            ],
            [
              4.5044213,
              50.3681642
            ],
            [
              4.5047365,
              50.3682142
            ],
            [
              4.5067029,
              50.3688772
            ],
            [
              4.5067029,
              50.3688233
            ],
            [
              4.5083976,
              50.3688233
            ],
            [
              4.510389,
              50.3700361
            ],
            [
              4.5133125,
              50.370575
            ],
            [
              4.5155581,
              50.3708715
            ],
            [
              4.5181002,
              50.3704134
            ],
            [
              4.5195909,
              50.3699766
            ],
            [
              4.5218286,
              50.3696857
            ],
            [
              4.523481,
              50.3700091
            ],
            [
              4.5240785,
              50.3709261
            ],
            [
              4.5245379,
              50.3711901
            ],
            [
              4.5249333,
              50.3710968
            ],
            [
              4.5270824,
              50.3709523
            ],
            [
              4.5286924,
              50.3699552
            ],
            [
              4.5294552,
              50.3686616
            ],
            [
              4.5318702,
              50.3691467
            ],
            [
              4.534497,
              50.3694701
            ],
            [
              4.5378019,
              50.3695509
            ],
            [
              4.5405982,
              50.3693893
            ],
            [
              4.5426319,
              50.3690389
            ],
            [
              4.545838,
              50.3693784
            ],
            [
              4.5509489,
              50.3700575
            ],
            [
              4.5548465,
              50.3697805
            ],
            [
              4.5552599,
              50.3699721
            ],
            [
              4.5554188,
              50.3702397
            ],
            [
              4.5564079,
              50.3709386
            ],
            [
              4.5564294,
              50.371019
            ],
            [
              4.5568292,
              50.3712351
            ],
            [
              4.5570865,
              50.371238
            ],
            [
              4.5575474,
              50.3711953
            ],
            [
              4.5573194,
              50.3711271
            ],
            [
              4.5570829,
              50.3709235
            ],
            [
              4.5571235,
              50.3707115
            ],
            [
              4.5570059,
              50.3704399
            ],
            [
              4.5570234,
              50.3700813
            ],
            [
              4.5569301,
              50.3700424
            ],
            [
              4.5569407,
              50.3699244
            ],
            [
              4.5570384,
              50.3698855
            ],
            [
              4.5569487,
              50.3697473
            ],
            [
              4.5569737,
              50.3694722
            ],
            [
              4.5571347,
              50.3692113
            ],
            [
              4.5570344,
              50.3691394
            ],
            [
              4.5572767,
              50.3690117
            ],
            [
              4.5604671,
              50.3686225
            ],
            [
              4.564543,
              50.3673794
            ],
            [
              4.5664813,
              50.3666111
            ],
            [
              4.5680635,
              50.367915
            ],
            [
              4.5682948,
              50.3683801
            ],
            [
              4.569045,
              50.368971
            ],
            [
              4.5702689,
              50.3693988
            ],
            [
              4.5706156,
              50.3693907
            ],
            [
              4.5709712,
              50.369872
            ],
            [
              4.5723247,
              50.3700057
            ],
            [
              4.5726244,
              50.3702784
            ],
            [
              4.5731307,
              50.3701301
            ],
            [
              4.5734155,
              50.3701692
            ],
            [
              4.5735645,
              50.3702544
            ],
            [
              4.5736739,
              50.3704442
            ],
            [
              4.5740482,
              50.3704292
            ],
            [
              4.5746081,
              50.370654
            ],
            [
              4.5747242,
              50.3707691
            ],
            [
              4.5756799,
              50.370872
            ],
            [
              4.5769739,
              50.3713377
            ],
            [
              4.5771143,
              50.3715775
            ],
            [
              4.5772276,
              50.3716178
            ],
            [
              4.5778023,
              50.3715838
            ],
            [
              4.5788449,
              50.3718819
            ],
            [
              4.5795497,
              50.3723553
            ],
            [
              4.5802642,
              50.3726497
            ],
            [
              4.582055,
              50.3730821
            ],
            [
              4.5820402,
              50.3731532
            ],
            [
              4.5831071,
              50.3732467
            ],
            [
              4.5849204,
              50.3736524
            ],
            [
              4.5858913,
              50.3734757
            ],
            [
              4.5886877,
              50.3737801
            ],
            [
              4.5896496,
              50.3736742
            ],
            [
              4.5911416,
              50.3738764
            ],
            [
              4.59164,
              50.3737991
            ],
            [
              4.5920815,
              50.3739844
            ],
            [
              4.5924574,
              50.3739717
            ],
            [
              4.5929339,
              50.3742409
            ],
            [
              4.5937539,
              50.3743334
            ],
            [
              4.5927332,
              50.3737174
            ],
            [
              4.5930035,
              50.3736795
            ],
            [
              4.5942764,
              50.3727063
            ],
            [
              4.5940171,
              50.3719877
            ],
            [
              4.5937051,
              50.3716809
            ],
            [
              4.5929066,
              50.3712639
            ],
            [
              4.5922419,
              50.3704083
            ],
            [
              4.5878638,
              50.367893
            ],
            [
              4.5844305,
              50.364015
            ],
            [
              4.5823558,
              50.3572929
            ],
            [
              4.5826383,
              50.3546878
            ],
            [
              4.587309,
              50.3512087
            ],
            [
              4.5878508,
              50.3509999
            ],
            [
              4.5879506,
              50.3506859
            ],
            [
              4.588402,
              50.3502011
            ],
            [
              4.5890486,
              50.3497681
            ],
            [
              4.5861236,
              50.3476959
            ],
            [
              4.5850235,
              50.3467768
            ],
            [
              4.5852777,
              50.3465881
            ],
            [
              4.583244,
              50.3446478
            ],
            [
              4.5825661,
              50.3438124
            ],
            [
              4.5837948,
              50.3435698
            ],
            [
              4.5823633,
              50.341642
            ],
            [
              4.5865912,
              50.3414141
            ],
            [
              4.5938786,
              50.3398781
            ],
            [
              4.5934549,
              50.3387193
            ],
            [
              4.5929465,
              50.3388271
            ],
            [
              4.592311,
              50.3374526
            ],
            [
              4.5938362,
              50.3371561
            ],
            [
              4.5934973,
              50.3355123
            ],
            [
              4.5943447,
              50.3325209
            ],
            [
              4.5942176,
              50.3307152
            ],
            [
              4.5937092,
              50.3281824
            ],
            [
              4.5942599,
              50.3281824
            ],
            [
              4.5940905,
              50.326296
            ],
            [
              4.5923957,
              50.3246789
            ],
            [
              4.5901925,
              50.3246789
            ],
            [
              4.5901925,
              50.3243286
            ],
            [
              4.5895146,
              50.3243556
            ],
            [
              4.5895993,
              50.3240322
            ],
            [
              4.5892181,
              50.3239783
            ],
            [
              4.5889638,
              50.3233314
            ],
            [
              4.5909975,
              50.323062
            ],
            [
              4.5912518,
              50.3227386
            ],
            [
              4.5912518,
              50.3223074
            ],
            [
              4.590701,
              50.321984
            ],
            [
              4.5884554,
              50.3219571
            ],
            [
              4.5886672,
              50.3212294
            ],
            [
              4.5748972,
              50.3223613
            ],
            [
              4.5716768,
              50.322011
            ],
            [
              4.5688381,
              50.323089
            ],
            [
              4.566423,
              50.3230351
            ],
            [
              4.5635843,
              50.3226847
            ],
            [
              4.5624404,
              50.3222535
            ],
            [
              4.5573985,
              50.3199628
            ],
            [
              4.5564239,
              50.3200975
            ],
            [
              4.5513397,
              50.3197742
            ],
            [
              4.5450687,
              50.3182919
            ],
            [
              4.5419335,
              50.3176991
            ],
            [
              4.5394337,
              50.3176452
            ],
            [
              4.5282058,
              50.3151388
            ],
            [
              4.5207913,
              50.3149771
            ],
            [
              4.5180909,
              50.3151629
            ],
            [
              4.5182244,
              50.3153248
            ],
            [
              4.5181717,
              50.3177867
            ],
            [
              4.518001,
              50.3178197
            ],
            [
              4.5178572,
              50.3185226
            ],
            [
              4.5123578,
              50.3207558
            ],
            [
              4.5077751,
              50.320956
            ],
            [
              4.5073095,
              50.3212141
            ],
            [
              4.5065403,
              50.3214499
            ],
            [
              4.5052021,
              50.3216454
            ],
            [
              4.5060253,
              50.3227788
            ],
            [
              4.5068361,
              50.3242138
            ],
            [
              4.5072112,
              50.3246055
            ],
            [
              4.5078439,
              50.3249817
            ],
            [
              4.5078592,
              50.3251598
            ],
            [
              4.5067141,
              50.3260597
            ],
            [
              4.5044545,
              50.3289342
            ],
            [
              4.5026633,
              50.3288544
            ],
            [
              4.5014548,
              50.328957
            ],
            [
              4.4998455,
              50.3288612
            ],
            [
              4.4942021,
              50.3287927
            ],
            [
              4.4935155,
              50.3286146
            ],
            [
              4.4924136,
              50.3285719
            ],
            [
              4.492044,
              50.3284688
            ],
            [
              4.4916004,
              50.3285906
            ],
            [
              4.4905433,
              50.3286648
            ],
            [
              4.4878599,
              50.328036
            ],
            [
              4.4855663,
              50.3281759
            ],
            [
              4.4841646,
              50.3289176
            ],
            [
              4.4761555,
              50.3266284
            ],
            [
              4.4749529,
              50.3275029
            ],
            [
              4.4747975,
              50.3284554
            ],
            [
              4.4752141,
              50.3288754
            ],
            [
              4.4759988,
              50.3292148
            ],
            [
              4.4757518,
              50.3305536
            ],
            [
              4.476005,
              50.3309415
            ],
            [
              4.475574,
              50.3337186
            ],
            [
              4.4768241,
              50.3368169
            ],
            [
              4.4761745,
              50.337284
            ],
            [
              4.4758355,
              50.3390627
            ],
            [
              4.4739264,
              50.3410747
            ],
            [
              4.4737002,
              50.3423499
            ],
            [
              4.4735489,
              50.3423286
            ],
            [
              4.4731975,
              50.343254
            ],
            [
              4.4724478,
              50.3437136
            ],
            [
              4.4712597,
              50.34386
            ],
            [
              4.470836,
              50.344345
            ],
            [
              4.4705253,
              50.3457644
            ],
            [
              4.4699027,
              50.3468682
            ],
            [
              4.4698986,
              50.3475204
            ],
            [
              4.4693428,
              50.3475509
            ],
            [
              4.4692982,
              50.3477865
            ],
            [
              4.4690786,
              50.3477967
            ],
            [
              4.4689035,
              50.3479821
            ],
            [
              4.4681659,
              50.3479491
            ],
            [
              4.4680949,
              50.3481524
            ],
            [
              4.467954,
              50.3482621
            ],
            [
              4.4674994,
              50.3484232
            ],
            [
              4.4675919,
              50.3485298
            ],
            [
              4.4674632,
              50.3486423
            ],
            [
              4.4659624,
              50.3489184
            ],
            [
              4.4650719,
              50.3492536
            ],
            [
              4.4649567,
              50.3494707
            ],
            [
              4.4649792,
              50.3497961
            ],
            [
              4.4649111,
              50.3499525
            ],
            [
              4.4644407,
              50.3504918
            ],
            [
              4.4645677,
              50.350566
            ],
            [
              4.4645292,
              50.3507042
            ],
            [
              4.4644484,
              50.350851
            ],
            [
              4.4641936,
              50.3509075
            ],
            [
              4.4642982,
              50.3511223
            ],
            [
              4.4641855,
              50.3511719
            ],
            [
              4.464322,
              50.3512811
            ],
            [
              4.4643565,
              50.3514316
            ],
            [
              4.4641943,
              50.3516342
            ],
            [
              4.4640434,
              50.3516307
            ],
            [
              4.4640179,
              50.3518342
            ],
            [
              4.4640825,
              50.3518934
            ],
            [
              4.4640274,
              50.3522461
            ],
            [
              4.4639282,
              50.3523333
            ],
            [
              4.4639415,
              50.3527743
            ],
            [
              4.463888,
              50.3528819
            ],
            [
              4.4636223,
              50.3529869
            ],
            [
              4.4637315,
              50.3532398
            ],
            [
              4.4637005,
              50.353386
            ],
            [
              4.4640711,
              50.3535845
            ],
            [
              4.4641748,
              50.3537279
            ],
            [
              4.4641493,
              50.3540551
            ],
            [
              4.4640337,
              50.3541221
            ],
            [
              4.4642487,
              50.3544896
            ],
            [
              4.463877,
              50.3546447
            ],
            [
              4.4639724,
              50.3548306
            ],
            [
              4.4631721,
              50.3552013
            ],
            [
              4.4634919,
              50.3554766
            ],
            [
              4.4634111,
              50.3558005
            ],
            [
              4.4631266,
              50.3561516
            ],
            [
              4.4633279,
              50.3561358
            ],
            [
              4.4634962,
              50.356342
            ],
            [
              4.4634211,
              50.356419
            ],
            [
              4.4635299,
              50.3564935
            ],
            [
              4.463287,
              50.3568502
            ],
            [
              4.4631701,
              50.356865
            ],
            [
              4.4632059,
              50.3569298
            ],
            [
              4.462861,
              50.3570546
            ],
            [
              4.4625804,
              50.3574199
            ],
            [
              4.4624622,
              50.3580464
            ],
            [
              4.4622248,
              50.3582996
            ],
            [
              4.4621462,
              50.3588504
            ],
            [
              4.461944,
              50.3591124
            ],
            [
              4.4619517,
              50.359245
            ],
            [
              4.4620465,
              50.3593169
            ],
            [
              4.4619995,
              50.359444
            ],
            [
              4.4612536,
              50.3596387
            ],
            [
              4.4608708,
              50.3599924
            ],
            [
              4.4599885,
              50.3603423
            ],
            [
              4.460118,
              50.3607936
            ],
            [
              4.4593388,
              50.361621
            ],
            [
              4.4593294,
              50.3617792
            ],
            [
              4.458944,
              50.361984
            ]
          ]
        ]
      },
      "properties": {
        "type": "boundary",
        "gemeente": "Gerpinnes"
      }
    }
  ]
}