{
  "type": "FeatureCollection",
  "metadata": {
    "gemeente": "Grez-Doiceau",
    "slug": "grez-doiceau",
    "generated_at": "2026-09-25T22:11:38.232969Z",
    "total_points": 17,
    "providers": [
      "bpost",
      "DHL",
      "GLS",
      "InPost",
      "VintedGo",
      "PostNL",
      "DPD",
      "Amazon"
    ],
    "bounds": [
      4.64533,
      50.730915,
      4.69972,
      50.7432211
    ]
  },
  "features": [
    {
      "type": "Feature",
      "geometry": {
        "type": "Point",
        "coordinates": [
          4.69972,
          50.7397
        ]
      },
      "properties": {
        "type": "pakketpunt",
        "locatieNaam": "Grez-Doiceau",
        "straatNaam": "Rue Des Lowas",
        "straatNr": "1",
        "vervoerder": "bpost",
        "puntType": "postkantoor",
        "bezettingsgraad": 50,
        "latitude": 50.7397,
        "longitude": 4.69972,
        "canPickup": true,
        "canDropoff": true,
        "openingstijden": null
      }
    },
    {
      "type": "Feature",
      "geometry": {
        "type": "Point",
        "coordinates": [
          4.6941,
          50.73905
        ]
      },
      "properties": {
        "type": "pakketpunt",
        "locatieNaam": "Bbox 24/7 Q8 Grez-Doiceau",
        "straatNaam": "Chaussée De La Libération",
        "straatNr": "17",
        "vervoerder": "bpost",
        "puntType": "automaat",
        "bezettingsgraad": 50,
        "latitude": 50.73905,
        "longitude": 4.6941,
        "canPickup": true,
        "canDropoff": true,
        "openingstijden": null
      }
    },
    {
      "type": "Feature",
      "geometry": {
        "type": "Point",
        "coordinates": [
          4.64982,
          50.73627
        ]
      },
      "properties": {
        "type": "pakketpunt",
        "locatieNaam": "Bbox 24/7 Gare Gastuche",
        "straatNaam": "Place Joseph Hallaux",
        "straatNr": "DISTRIB",
        "vervoerder": "bpost",
        "puntType": "automaat",
        "bezettingsgraad": 50,
        "latitude": 50.73627,
        "longitude": 4.64982,
        "canPickup": true,
        "canDropoff": true,
        "openingstijden": null
      }
    },
    {
      "type": "Feature",
      "geometry": {
        "type": "Point",
        "coordinates": [
          4.64533,
          50.73092
        ]
      },
      "properties": {
        "type": "pakketpunt",
        "locatieNaam": "Bbox 24/7 Parc De Gastuche",
        "straatNaam": "Chaussée De Wavre",
        "straatNr": "504",
        "vervoerder": "bpost",
        "puntType": "automaat",
        "bezettingsgraad": 50,
        "latitude": 50.73092,
        "longitude": 4.64533,
        "canPickup": true,
        "canDropoff": true,
        "openingstijden": null
      }
    },
    {
      "type": "Feature",
      "geometry": {
        "type": "Point",
        "coordinates": [
          4.645332,
          50.730915
        ]
      },
      "properties": {
        "type": "pakketpunt",
        "locatieNaam": "BBOX 24/7 PARC DE GASTUCHE",
        "straatNaam": "CHAUSSÉE DE WAVRE",
        "straatNr": "504",
        "vervoerder": "DHL",
        "puntType": "packStation",
        "bezettingsgraad": 50,
        "latitude": 50.730915,
        "longitude": 4.645332,
        "canPickup": true,
        "canDropoff": true,
        "openingstijden": {
          "ma": "00:00 - 23:59",
          "di": "00:00 - 23:59",
          "wo": "00:00 - 23:59",
          "do": "00:00 - 23:59",
          "vr": "00:00 - 23:59",
          "za": "00:00 - 23:59",
          "zo": "00:00 - 23:59"
        }
      }
    },
    {
      "type": "Feature",
      "geometry": {
        "type": "Point",
        "coordinates": [
          4.64982,
          50.73627
        ]
      },
      "properties": {
        "type": "pakketpunt",
        "locatieNaam": "BBOX 24/7 GARE GASTUCHE",
        "straatNaam": "PLACE JOSEPH HALLAUX",
        "straatNr": "DISTRIB",
        "vervoerder": "DHL",
        "puntType": "packStation",
        "bezettingsgraad": 50,
        "latitude": 50.73627,
        "longitude": 4.64982,
        "canPickup": true,
        "canDropoff": true,
        "openingstijden": {
          "ma": "00:00 - 23:59",
          "di": "00:00 - 23:59",
          "wo": "00:00 - 23:59",
          "do": "00:00 - 23:59",
          "vr": "00:00 - 23:59",
          "za": "00:00 - 23:59",
          "zo": "00:00 - 23:59"
        }
      }
    },
    {
      "type": "Feature",
      "geometry": {
        "type": "Point",
        "coordinates": [
          4.699718,
          50.739704
        ]
      },
      "properties": {
        "type": "pakketpunt",
        "locatieNaam": "GREZ-DOICEAU",
        "straatNaam": "RUE DES LOWAS",
        "straatNr": "1",
        "vervoerder": "DHL",
        "puntType": "postOffice",
        "bezettingsgraad": 50,
        "latitude": 50.739704,
        "longitude": 4.699718,
        "canPickup": true,
        "canDropoff": true,
        "openingstijden": {
          "ma": "09:30 - 12:30, 13:30 - 17:00",
          "di": "09:30 - 12:30, 13:30 - 18:00",
          "wo": "09:30 - 12:30, 13:30 - 17:00",
          "do": "09:30 - 12:30, 13:30 - 18:00",
          "vr": "09:30 - 12:30, 13:30 - 17:00",
          "za": "09:30 - 13:00",
          "zo": "gesloten"
        }
      }
    },
    {
      "type": "Feature",
      "geometry": {
        "type": "Point",
        "coordinates": [
          4.694099,
          50.739052
        ]
      },
      "properties": {
        "type": "pakketpunt",
        "locatieNaam": "BBOX 24/7 Q8 GREZ-DOICEAU",
        "straatNaam": "CHAUSSÉE DE LA LIBÉRATION",
        "straatNr": "17",
        "vervoerder": "DHL",
        "puntType": "packStation",
        "bezettingsgraad": 50,
        "latitude": 50.739052,
        "longitude": 4.694099,
        "canPickup": true,
        "canDropoff": true,
        "openingstijden": {
          "ma": "00:00 - 23:59",
          "di": "00:00 - 23:59",
          "wo": "00:00 - 23:59",
          "do": "00:00 - 23:59",
          "vr": "00:00 - 23:59",
          "za": "00:00 - 23:59",
          "zo": "00:00 - 23:59"
        }
      }
    },
    {
      "type": "Feature",
      "geometry": {
        "type": "Point",
        "coordinates": [
          4.67742,
          50.7432211
        ]
      },
      "properties": {
        "type": "pakketpunt",
        "locatieNaam": "Camille & Co",
        "straatNaam": "Chaussee De Wavre",
        "straatNr": "199",
        "vervoerder": "GLS",
        "puntType": "parcel_shop",
        "bezettingsgraad": 50,
        "latitude": 50.7432211,
        "longitude": 4.67742,
        "canPickup": true,
        "canDropoff": true,
        "openingstijden": "vr: 10:00 - 18:30; za: 10:00 - 18:30"
      }
    },
    {
      "type": "Feature",
      "geometry": {
        "type": "Point",
        "coordinates": [
          4.6955,
          50.7385
        ]
      },
      "properties": {
        "type": "pakketpunt",
        "locatieNaam": "PRESS SHOP GREZ-DOICEAU",
        "straatNaam": "Place Ernest Dubois 12",
        "straatNr": "",
        "vervoerder": "InPost",
        "puntType": "servicepunt",
        "bezettingsgraad": 50,
        "latitude": 50.7385,
        "longitude": 4.6955,
        "canPickup": true,
        "canDropoff": true,
        "openingstijden": null
      }
    },
    {
      "type": "Feature",
      "geometry": {
        "type": "Point",
        "coordinates": [
          4.65073,
          50.73433
        ]
      },
      "properties": {
        "type": "pakketpunt",
        "locatieNaam": "Alex Optique ",
        "straatNaam": "Avenue des Vallées",
        "straatNr": "6",
        "vervoerder": "VintedGo",
        "puntType": "parcel_shop",
        "bezettingsgraad": 50,
        "latitude": 50.73433,
        "longitude": 4.65073,
        "canPickup": true,
        "canDropoff": true,
        "openingstijden": null
      }
    },
    {
      "type": "Feature",
      "geometry": {
        "type": "Point",
        "coordinates": [
          4.67779,
          50.74301
        ]
      },
      "properties": {
        "type": "pakketpunt",
        "locatieNaam": "Camille et Co",
        "straatNaam": "Chaussée de Wavre",
        "straatNr": "199",
        "vervoerder": "PostNL",
        "puntType": "servicepunt",
        "bezettingsgraad": 50,
        "latitude": 50.74301,
        "longitude": 4.67779,
        "canPickup": true,
        "canDropoff": true,
        "openingstijden": "10:00 - 18:30"
      }
    },
    {
      "type": "Feature",
      "geometry": {
        "type": "Point",
        "coordinates": [
          4.65073,
          50.73433
        ]
      },
      "properties": {
        "type": "pakketpunt",
        "locatieNaam": "ALEX OPTIQUE",
        "straatNaam": "AVENUE DES VALLÉES",
        "straatNr": "6",
        "vervoerder": "DPD",
        "puntType": "pickup_point",
        "bezettingsgraad": 50,
        "latitude": 50.73433,
        "longitude": 4.65073,
        "canPickup": true,
        "canDropoff": false,
        "openingstijden": {
          "ma": "gesloten",
          "di": "09:00 - 12:00, 13:00 - 19:00",
          "wo": "09:00 - 12:00, 13:00 - 19:00",
          "do": "09:00 - 12:00, 13:00 - 19:00",
          "vr": "09:00 - 12:00, 13:00 - 19:00",
          "za": "09:00 - 17:00",
          "zo": "gesloten"
        }
      }
    },
    {
      "type": "Feature",
      "geometry": {
        "type": "Point",
        "coordinates": [
          4.6997184,
          50.7397041
        ]
      },
      "properties": {
        "type": "pakketpunt",
        "locatieNaam": "bpost - GREZ-DOICEAU",
        "straatNaam": "RUE DES LOWAS,1",
        "straatNr": "",
        "vervoerder": "Amazon",
        "puntType": "3p",
        "bezettingsgraad": 50,
        "latitude": 50.7397041,
        "longitude": 4.6997184,
        "canPickup": true,
        "canDropoff": false,
        "openingstijden": null
      }
    },
    {
      "type": "Feature",
      "geometry": {
        "type": "Point",
        "coordinates": [
          4.694099,
          50.739052
        ]
      },
      "properties": {
        "type": "pakketpunt",
        "locatieNaam": "bpost - BBOX 24/7 Q8 GREZ-DOICEAU",
        "straatNaam": "CHAUSSÉE DE LA LIBÉRATION,17",
        "straatNr": "",
        "vervoerder": "Amazon",
        "puntType": "3p",
        "bezettingsgraad": 50,
        "latitude": 50.739052,
        "longitude": 4.694099,
        "canPickup": true,
        "canDropoff": false,
        "openingstijden": null
      }
    },
    {
      "type": "Feature",
      "geometry": {
        "type": "Point",
        "coordinates": [
          4.64982,
          50.73627
        ]
      },
      "properties": {
        "type": "pakketpunt",
        "locatieNaam": "bpost - BBOX 24/7 GARE GASTUCHE",
        "straatNaam": "PLACE JOSEPH HALLAUX,DISTRIB",
        "straatNr": "",
        "vervoerder": "Amazon",
        "puntType": "3p",
        "bezettingsgraad": 50,
        "latitude": 50.73627,
        "longitude": 4.64982,
        "canPickup": true,
        "canDropoff": false,
        "openingstijden": null
      }
    },
    {
      "type": "Feature",
      "geometry": {
        "type": "Point",
        "coordinates": [
          4.645332,
          50.730915
        ]
      },
      "properties": {
        "type": "pakketpunt",
        "locatieNaam": "bpost - BBOX 24/7 PARC DE GASTUCHE",
        "straatNaam": "CHAUSSÉE DE WAVRE,504",
        "straatNr": "",
        "vervoerder": "Amazon",
        "puntType": "3p",
        "bezettingsgraad": 50,
        "latitude": 50.730915,
        "longitude": 4.645332,
        "canPickup": true,
        "canDropoff": false,
        "openingstijden": null
      }
    },
    {
      "type": "Feature",
      "geometry": {
        "type": "MultiPolygon",
        "coordinates": [
          [
            [
              [
                4.649251522557378,
                50.72987326013906
              ],
              [
                4.649071760159526,
                50.72963444784952
              ],
              [
                4.6488559847535305,
                50.72940796820457
              ],
              [
                4.648606274693327,
                50.7291960021363
              ],
              [
                4.648325035017406,
                50.72900059078723
              ],
              [
                4.64801497427952,
                50.72882361586106
              ],
              [
                4.647679078461465,
                50.72866678150893
              ],
              [
                4.647320582219226,
                50.72853159792578
              ],
              [
                4.646942937739331,
                50.728419366814336
              ],
              [
                4.646549781505024,
                50.72833116885615
              ],
              [
                4.646144899291826,
                50.72826785331043
              ],
              [
                4.645732189728979,
                50.72823002984049
              ],
              [
                4.645315626776849,
                50.72821806264608
              ],
              [
                4.644899221480825,
                50.728232066958384
              ],
              [
                4.644486983369021,
                50.72827190793098
              ],
              [
                4.644082881864542,
                50.728337201937606
              ],
              [
                4.643690808082963,
                50.72842732026424
              ],
              [
                4.643314537381904,
                50.72854139516004
              ],
              [
                4.642957693022543,
                50.72867832818889
              ],
              [
                4.642623711292204,
                50.728836800801524
              ],
              [
                4.642315808423285,
                50.72901528702663
              ],
              [
                4.6420369496266485,
                50.72921206815873
              ],
              [
                4.641789820537406,
                50.72942524930207
              ],
              [
                4.641576801348015,
                50.729652777611314
              ],
              [
                4.641399943877867,
                50.72989246205359
              ],
              [
                4.641260951800545,
                50.730141994502105
              ],
              [
                4.6412591457869095,
                50.73014664545528
              ],
              [
                4.641258951401424,
                50.73014699443346
              ],
              [
                4.641159163799017,
                50.73040397188767
              ],
              [
                4.641099542313841,
                50.73066591961695
              ],
              [
                4.6410806617917695,
                50.730930314982395
              ],
              [
                4.641102704746203,
                50.73119461173161
              ],
              [
                4.641165459574073,
                50.73145626451964
              ],
              [
                4.641268322567485,
                50.731712753423054
              ],
              [
                4.641410303702552,
                50.73196160821052
              ],
              [
                4.64159003615069,
                50.73220043213651
              ],
              [
                4.641805789421664,
                50.732426925028555
              ],
              [
                4.642055486012557,
                50.73263890544557
              ],
              [
                4.642336721402999,
                50.73283433169373
              ],
              [
                4.642646787204549,
                50.73301132149691
              ],
              [
                4.642982697241546,
                50.733168170132416
              ],
              [
                4.6433412163124155,
                50.73330336685653
              ],
              [
                4.6437188913542675,
                50.73341560946173
              ],
              [
                4.644112084710396,
                50.73350381682496
              ],
              [
                4.644517009179801,
                50.73356713932571
              ],
              [
                4.644929764510522,
                50.733604967033656
              ],
              [
                4.645346374984571,
                50.733616935586326
              ],
              [
                4.645762827731577,
                50.73360292970059
              ],
              [
                4.646175111401202,
                50.73356308428352
              ],
              [
                4.646579254820887,
                50.7334977831324
              ],
              [
                4.646708149203415,
                50.73346815651095
              ],
              [
                4.646658568224844,
                50.73355718297695
              ],
              [
                4.646558802847366,
                50.73381416482349
              ],
              [
                4.646499207063565,
                50.73407611508706
              ],
              [
                4.646480355471917,
                50.734340511104335
              ],
              [
                4.646500977547448,
                50.73458741324176
              ],
              [
                4.646277276110119,
                50.73478038711956
              ],
              [
                4.64606425438033,
                50.73500792330365
              ],
              [
                4.645887399636963,
                50.73524761421774
              ],
              [
                4.645748415527501,
                50.73549715167272
              ],
              [
                4.64564864107897,
                50.73575413262179
              ],
              [
                4.645589037781843,
                50.736016082297986
              ],
              [
                4.645570180307007,
                50.73628047804365
              ],
              [
                4.645592250946065,
                50.736544773602645
              ],
              [
                4.6456550378294805,
                50.736806423641525
              ],
              [
                4.645757936940769,
                50.73706290826326
              ],
              [
                4.645899957908305,
                50.737311757277745
              ],
              [
                4.646079733519964,
                50.737550573995016
              ],
              [
                4.646295532869856,
                50.73777705831199
              ],
              [
                4.646545278011296,
                50.737989028870196
              ],
              [
                4.6468265639563135,
                50.73818444407067
              ],
              [
                4.647136681829527,
                50.73836142174373
              ],
              [
                4.647472644953701,
                50.738518257283474
              ],
              [
                4.647831217615874,
                50.73865344007231
              ],
              [
                4.648208946236896,
                50.73876566803692
              ],
              [
                4.648602192643902,
                50.73885386019524
              ],
              [
                4.6490071691248085,
                50.738917167073254
              ],
              [
                4.649419974926579,
                50.73895497889106
              ],
              [
                4.649836633844989,
                50.738966931439265
              ],
              [
                4.650253132542958,
                50.73895290958891
              ],
              [
                4.65066545922747,
                50.73891304840082
              ],
              [
                4.651069642311586,
                50.73884773182416
              ],
              [
                4.651461788688178,
                50.738757588996314
              ],
              [
                4.651838121245883,
                50.738643488179925
              ],
              [
                4.652195015264997,
                50.738506528395774
              ],
              [
                4.652529033342103,
                50.7383480288322
              ],
              [
                4.652836958506395,
                50.73816951613325
              ],
              [
                4.653115825208323,
                50.737972709688265
              ],
              [
                4.653362947881837,
                50.737759505065085
              ],
              [
                4.653575946805052,
                50.73753195574637
              ],
              [
                4.653752771010406,
                50.73729225334558
              ],
              [
                4.653891718023969,
                50.73704270649326
              ],
              [
                4.653991450244296,
                50.73678571859734
              ],
              [
                4.654051007803715,
                50.736523764691746
              ],
              [
                4.654069817789016,
                50.73625936759668
              ],
              [
                4.654049155322543,
                50.736012466895154
              ],
              [
                4.654272830779483,
                50.73581947821692
              ],
              [
                4.654485816539339,
                50.73559192713418
              ],
              [
                4.654662628836149,
                50.735352223244966
              ],
              [
                4.654801565310648,
                50.73510267519414
              ],
              [
                4.654901288462854,
                50.734845686401165
              ],
              [
                4.654960838512384,
                50.7345837319086
              ],
              [
                4.654979642618303,
                50.73431933454229
              ],
              [
                4.654957520370569,
                50.73405504061282
              ],
              [
                4.65489468550122,
                50.733793395392404
              ],
              [
                4.654791743799768,
                50.73353691860337
              ],
              [
                4.654649687253938,
                50.733288080154395
              ],
              [
                4.65446988447312,
                50.73304927635785
              ],
              [
                4.6542540674876545,
                50.73282280685727
              ],
              [
                4.654004315051868,
                50.73261085248705
              ],
              [
                4.653723032612282,
                50.73241545427706
              ],
              [
                4.653412929134399,
                50.73223849380441
              ],
              [
                4.6530769910115115,
                50.73208167508107
              ],
              [
                4.6527184533069,
                50.731946508151466
              ],
              [
                4.652340768606263,
                50.73183429455795
              ],
              [
                4.65194757378005,
                50.7317461148134
              ],
              [
                4.651542654975305,
                50.73168281800162
              ],
              [
                4.651129911173531,
                50.73164501360553
              ],
              [
                4.65071331666471,
                50.73163306564122
              ],
              [
                4.650296882798033,
                50.73164708915471
              ],
              [
                4.649884619376673,
                50.731686949114696
              ],
              [
                4.649480496067417,
                50.73175226171209
              ],
              [
                4.649351608121194,
                50.73178189140007
              ],
              [
                4.649401182144306,
                50.731692863754496
              ],
              [
                4.649402987413614,
                50.73168821267741
              ],
              [
                4.649403181745146,
                50.731687863685835
              ],
              [
                4.6495029271101265,
                50.731430879281405
              ],
              [
                4.649562502852174,
                50.731168927319814
              ],
              [
                4.649581335882797,
                50.73090453060255
              ],
              [
                4.649559245513284,
                50.73064023543398
              ],
              [
                4.64949644516858,
                50.73037858709826
              ],
              [
                4.649393540305642,
                50.730122105347796
              ],
              [
                4.649251522557378,
                50.72987326013906
              ]
            ]
          ],
          [
            [
              [
                4.674401727062608,
                50.74132222015773
              ],
              [
                4.674122929461372,
                50.741519077163176
              ],
              [
                4.673875881021651,
                50.74173232542644
              ],
              [
                4.673662961159873,
                50.74195991145576
              ],
              [
                4.6734862207395444,
                50.74219964366228
              ],
              [
                4.67334736230768,
                50.742449213459146
              ],
              [
                4.673247723681438,
                50.74270621748798
              ],
              [
                4.673188265043667,
                50.7429681807594
              ],
              [
                4.673169559672441,
                50.743232580484666
              ],
              [
                4.673191788394773,
                50.74349687036918
              ],
              [
                4.673254737818844,
                50.74375850513395
              ],
              [
                4.673357802362856,
                50.74401496502891
              ],
              [
                4.673499990061908,
                50.744263780101925
              ],
              [
                4.673679932097991,
                50.74450255398979
              ],
              [
                4.673895895962184,
                50.7447289870018
              ],
              [
                4.674145802123085,
                50.74494089827346
              ],
              [
                4.67442724404158,
                50.74513624677673
              ],
              [
                4.674737511339694,
                50.745313150984245
              ],
              [
                4.675073615900613,
                50.74546990699761
              ],
              [
                4.67543232064872,
                50.745605004965135
              ],
              [
                4.675810170732256,
                50.745717143630486
              ],
              [
                4.676203526808083,
                50.74580524287167
              ],
              [
                4.676608600107471,
                50.74586845410965
              ],
              [
                4.6770214889445505,
                50.74590616848569
              ],
              [
                4.6774382163150845,
                50.745918022729015
              ],
              [
                4.677854768222512,
                50.745903902657496
              ],
              [
                4.678267132361235,
                50.74586394427809
              ],
              [
                4.678671336783565,
                50.74579853247612
              ],
              [
                4.679063488176947,
                50.74570829730618
              ],
              [
                4.679439809381871,
                50.74559410792032
              ],
              [
                4.679796675788239,
                50.745457064192436
              ],
              [
                4.680130650258918,
                50.74529848611937
              ],
              [
                4.680438516243486,
                50.745119901101276
              ],
              [
                4.680451564284179,
                50.74511068716019
              ],
              [
                4.680500654427811,
                50.74508737765704
              ],
              [
                4.6808085176302345,
                50.7449087916563
              ],
              [
                4.681087307354099,
                50.74471191888739
              ],
              [
                4.6813343387752315,
                50.74449865555684
              ],
              [
                4.681547233051108,
                50.74427105571269
              ],
              [
                4.681723940222527,
                50.7440313114549
              ],
              [
                4.681862758943183,
                50.74378173181703
              ],
              [
                4.681962352847637,
                50.74352472052263
              ],
              [
                4.682021763400693,
                50.74326275283083
              ],
              [
                4.682040419105222,
                50.742998351694446
              ],
              [
                4.682018140980671,
                50.74273406346019
              ],
              [
                4.681955144260453,
                50.74247243334529
              ],
              [
                4.681852036292882,
                50.74221598092645
              ],
              [
                4.681709810666902,
                50.741967175877505
              ],
              [
                4.68152983762011,
                50.741728414189026
              ],
              [
                4.681313850822371,
                50.741501995098915
              ],
              [
                4.681063930663068,
                50.74129009895601
              ],
              [
                4.680782484203586,
                50.74109476622935
              ],
              [
                4.680472221988551,
                50.74091787786542
              ],
              [
                4.680136131939458,
                50.740761137181686
              ],
              [
                4.679777450582165,
                50.74062605347112
              ],
              [
                4.679399631885266,
                50.74051392747462
              ],
              [
                4.67900631400912,
                50.74042583886156
              ],
              [
                4.6786012842853,
                50.74036263583825
              ],
              [
                4.6781884427630605,
                50.74032492698449
              ],
              [
                4.677771764673104,
                50.74031307539641
              ],
              [
                4.677355262169256,
                50.74032719519199
              ],
              [
                4.676942945715503,
                50.740367150412844
              ],
              [
                4.676538785489274,
                50.74043255633265
              ],
              [
                4.67614667317164,
                50.740522783159754
              ],
              [
                4.675770384491462,
                50.74063696209853
              ],
              [
                4.675413542883311,
                50.74077399371102
              ],
              [
                4.675079584608381,
                50.74093255849866
              ],
              [
                4.674771725673659,
                50.74111112960251
              ],
              [
                4.674758677629876,
                50.74112034291934
              ],
              [
                4.674709588778963,
                50.741143650036555
              ],
              [
                4.674401727062608,
                50.74132222015773
              ]
            ]
          ],
          [
            [
              [
                4.698772970762497,
                50.73677960163705
              ],
              [
                4.698491477840088,
                50.736584311293285
              ],
              [
                4.698181178853271,
                50.736407469693056
              ],
              [
                4.697845062077362,
                50.73625077970352
              ],
              [
                4.697486364295339,
                50.736115750129436
              ],
              [
                4.69710853963375,
                50.73600368119041
              ],
              [
                4.696715226310234,
                50.7359156520064
              ],
              [
                4.6963102116124125,
                50.735852510211444
              ],
              [
                4.695897395444797,
                50.735814863795795
              ],
              [
                4.695480752793946,
                50.73580307525435
              ],
              [
                4.695064295472487,
                50.735817258098045
              ],
              [
                4.694652033509444,
                50.7358572757614
              ],
              [
                4.69424793655769,
                50.73592274291681
              ],
              [
                4.693855895689205,
                50.73601302918299
              ],
              [
                4.693479685945061,
                50.73612726519198
              ],
              [
                4.693122929999974,
                50.73626435095623
              ],
              [
                4.692789063290506,
                50.73642296645574
              ],
              [
                4.692608159188432,
                50.736527959121915
              ],
              [
                4.692455950390858,
                50.73656300984632
              ],
              [
                4.692079732861686,
                50.73667724133867
              ],
              [
                4.69172296867974,
                50.73681432281597
              ],
              [
                4.691389093360882,
                50.73697293429946
              ],
              [
                4.6910813221135035,
                50.737151548480526
              ],
              [
                4.69080261888176,
                50.73734844542141
              ],
              [
                4.69055566780351,
                50.73756172911109
              ],
              [
                4.690342847357796,
                50.737789345716536
              ],
              [
                4.690166207450905,
                50.738029103354435
              ],
              [
                4.690027449662015,
                50.73827869319289
              ],
              [
                4.690027193143551,
                50.73827935555112
              ],
              [
                4.690026449505519,
                50.73828069315846
              ],
              [
                4.689926910672955,
                50.73853771164505
              ],
              [
                4.689867550029722,
                50.738799683652395
              ],
              [
                4.689848939910127,
                50.73906408630753
              ],
              [
                4.68987126022376,
                50.739328373287506
              ],
              [
                4.689934296696577,
                50.73958999934123
              ],
              [
                4.690037442908242,
                50.739846444802424
              ],
              [
                4.690179706107098,
                50.74009523985791
              ],
              [
                4.690359716747738,
                50.74033398833717
              ],
              [
                4.690575741660228,
                50.74056039079413
              ],
              [
                4.690825700724905,
                50.74077226665854
              ],
              [
                4.691107186892837,
                50.74096757524332
              ],
              [
                4.691417489359577,
                50.74114443540554
              ],
              [
                4.691753619669332,
                50.741301143670995
              ],
              [
                4.6921123404982445,
                50.74143619064788
              ],
              [
                4.692490196839481,
                50.74154827557098
              ],
              [
                4.692883549289477,
                50.74163631883591
              ],
              [
                4.693288609114323,
                50.74169947240281
              ],
              [
                4.693701474757882,
                50.74173712796846
              ],
              [
                4.694118169439311,
                50.741748922828535
              ],
              [
                4.694534679476958,
                50.741734743372895
              ],
              [
                4.694946992968607,
                50.741694726180505
              ],
              [
                4.695351138454537,
                50.741629256703156
              ],
              [
                4.695743223190037,
                50.74153896555097
              ],
              [
                4.696119470657841,
                50.74142472241525
              ],
              [
                4.696343596226122,
                50.74133860264286
              ],
              [
                4.696444860593003,
                50.741424423563195
              ],
              [
                4.696726373949969,
                50.74161971859919
              ],
              [
                4.6970367018043735,
                50.74179656383183
              ],
              [
                4.69737285545582,
                50.74195325593073
              ],
              [
                4.697731597355553,
                50.74208828565978
              ],
              [
                4.698109472293715,
                50.74220035241987
              ],
              [
                4.69810972817829,
                50.742200409679896
              ],
              [
                4.698109872311494,
                50.7422004524253
              ],
              [
                4.6985032407069145,
                50.74228847678567
              ],
              [
                4.698908313670283,
                50.74235161088979
              ],
              [
                4.699321189518869,
                50.74238924662196
              ],
              [
                4.699737891373503,
                50.74240102146885
              ],
              [
                4.700154405483421,
                50.74238682201312
              ],
              [
                4.70056671990718,
                50.74234678502634
              ],
              [
                4.7009708631760985,
                50.74228129615103
              ],
              [
                4.701362942566848,
                50.74219098618409
              ],
              [
                4.7017391816136875,
                50.74207672499807
              ],
              [
                4.70209595649813,
                50.7419396131584
              ],
              [
                4.7024298309648636,
                50.741780971317894
              ],
              [
                4.7027375894269845,
                50.7416023274909
              ],
              [
                4.703016267941284,
                50.74140540232963
              ],
              [
                4.703263182754996,
                50.74119209254522
              ],
              [
                4.703475956148946,
                50.74096445263299
              ],
              [
                4.7036525393284,
                50.74072467507872
              ],
              [
                4.703791232141413,
                50.740475069236574
              ],
              [
                4.703792788998621,
                50.74047104623558
              ],
              [
                4.7037928318131765,
                50.74047096918165
              ],
              [
                4.703892299089668,
                50.7402139390258
              ],
              [
                4.7039515835345815,
                50.73995195999905
              ],
              [
                4.703970114865305,
                50.73968755516325
              ],
              [
                4.703947715299007,
                50.73942327090064
              ],
              [
                4.7038846012385145,
                50.73916165239004
              ],
              [
                4.703781381161981,
                50.73890521909629
              ],
              [
                4.70363904973774,
                50.73865644050895
              ],
              [
                4.703458978221949,
                50.73841771236364
              ],
              [
                4.703242901232407,
                50.738191333575124
              ],
              [
                4.7029929000266915,
                50.737979484104116
              ],
              [
                4.70271138244629,
                50.73778420397011
              ],
              [
                4.702401059720349,
                50.73760737361306
              ],
              [
                4.702064920352724,
                50.73745069579187
              ],
              [
                4.701706201343881,
                50.737315679194104
              ],
              [
                4.701328357024706,
                50.737203623914446
              ],
              [
                4.700935025802069,
                50.73711560894128
              ],
              [
                4.700529995135895,
                50.73705248177184
              ],
              [
                4.7001171650844125,
                50.73701485025549
              ],
              [
                4.6997005107678325,
                50.73700307674372
              ],
              [
                4.699284044111088,
                50.73701727460271
              ],
              [
                4.699067636909315,
                50.737038288567675
              ],
              [
                4.699022946628746,
                50.736991460186054
              ],
              [
                4.698772970762497,
                50.73677960163705
              ]
            ]
          ]
        ]
      },
      "properties": {
        "type": "buffer_union_300m",
        "buffer_m": 300
      }
    },
    {
      "type": "Feature",
      "geometry": {
        "type": "MultiPolygon",
        "coordinates": [
          [
            [
              [
                4.650557991568053,
                50.729525984279796
              ],
              [
                4.650318301714814,
                50.72920757047925
              ],
              [
                4.650030596253052,
                50.7289056005625
              ],
              [
                4.649697646510369,
                50.7286229823259
              ],
              [
                4.649322659319815,
                50.72836243717036
              ],
              [
                4.648909246123079,
                50.728126473906926
              ],
              [
                4.648461388186123,
                50.72791736461013
              ],
              [
                4.647983398262375,
                50.72773712275134
              ],
              [
                4.647479879072522,
                50.727587483822006
              ],
              [
                4.646955679000227,
                50.72746988863279
              ],
              [
                4.646415845429559,
                50.72738546944909
              ],
              [
                4.645865576172408,
                50.72733503909597
              ],
              [
                4.64531016945222,
                50.72731908313699
              ],
              [
                4.644754972924174,
                50.72733775520221
              ],
              [
                4.644205332221028,
                50.72739087550983
              ],
              [
                4.6436665395183665,
                50.72747793259624
              ],
              [
                4.643143782612813,
                50.72759808823712
              ],
              [
                4.642642095001883,
                50.727750185513095
              ],
              [
                4.642166307444667,
                50.727932759942
              ],
              [
                4.641721001468441,
                50.72814405357128
              ],
              [
                4.641310465267852,
                50.72838203189492
              ],
              [
                4.640938652420528,
                50.72864440343286
              ],
              [
                4.640609143816215,
                50.72892864178439
              ],
              [
                4.640325113165921,
                50.729232009944354
              ],
              [
                4.6400892964233895,
                50.72955158664772
              ],
              [
                4.639903965413976,
                50.72988429449025
              ],
              [
                4.639902159276295,
                50.729888945422736
              ],
              [
                4.639901964881823,
                50.7298892943987
              ],
              [
                4.639768905364895,
                50.7302319294599
              ],
              [
                4.63968939989065,
                50.7305811921583
              ],
              [
                4.639664215310696,
                50.730933719011524
              ],
              [
                4.639693595381668,
                50.73128611502793
              ],
              [
                4.639777258371013,
                50.7316349864008
              ],
              [
                4.63991439972359,
                50.73197697319419
              ],
              [
                4.6401036997651905,
                50.73230878170531
              ],
              [
                4.640343336370522,
                50.73262721619167
              ],
              [
                4.640631002475232,
                50.73292920965729
              ],
              [
                4.640963928264697,
                50.73321185340097
              ],
              [
                4.641338907827047,
                50.73347242504175
              ],
              [
                4.641752330014568,
                50.73370841475095
              ],
              [
                4.642200213216762,
                50.73391754943794
              ],
              [
                4.642678243710385,
                50.73409781465582
              ],
              [
                4.643181817216915,
                50.73424747401569
              ],
              [
                4.643706083266683,
                50.734365085922
              ],
              [
                4.6442459919416,
                50.734449517467176
              ],
              [
                4.64479634254511,
                50.7344999553514
              ],
              [
                4.644891509977757,
                50.73450268954705
              ],
              [
                4.644812383882163,
                50.73458720419552
              ],
              [
                4.644576570772814,
                50.73490678952815
              ],
              [
                4.644391250384537,
                50.73523950404617
              ],
              [
                4.644258208403384,
                50.73558214376747
              ],
              [
                4.6441787271772,
                50.735931409062125
              ],
              [
                4.644153573324382,
                50.73628393642269
              ],
              [
                4.644182990305931,
                50.73663633085258
              ],
              [
                4.644266696034088,
                50.73698519856032
              ],
              [
                4.644403885542332,
                50.73732717964523
              ],
              [
                4.644593238692864,
                50.737658980459415
              ],
              [
                4.6448329328490425,
                50.73797740533449
              ],
              [
                4.645120660392324,
                50.73827938736698
              ],
              [
                4.6454536509164015,
                50.738562017965805
              ],
              [
                4.64582869788591,
                50.73882257487651
              ],
              [
                4.646242189503844,
                50.73905854841229
              ],
              [
                4.646690143490879,
                50.73926766563825
              ],
              [
                4.6471682454418515,
                50.739447912275665
              ],
              [
                4.647671890389799,
                50.73959755211458
              ],
              [
                4.648196227176748,
                50.73971514374747
              ],
              [
                4.648736205203059,
                50.73979955446201
              ],
              [
                4.649286623103973,
                50.73984997115904
              ],
              [
                4.649842178883147,
                50.73986590818989
              ],
              [
                4.650397521018804,
                50.73984721203771
              ],
              [
                4.650947300048538,
                50.739794062797166
              ],
              [
                4.65148622013424,
                50.73970697243855
              ],
              [
                4.652009090108706,
                50.73958677987275
              ],
              [
                4.652510873510632,
                50.73943464286511
              ],
              [
                4.652986737124527,
                50.73925202687611
              ],
              [
                4.653432097556697,
                50.739040690936605
              ],
              [
                4.6538426653976215,
                50.738802670694525
              ],
              [
                4.65421448654457,
                50.738540258796256
              ],
              [
                4.6545439802859905,
                50.73825598279257
              ],
              [
                4.654827973780738,
                50.737952580782306
              ],
              [
                4.655063732600284,
                50.73763297502888
              ],
              [
                4.655248987040299,
                50.73730024380447
              ],
              [
                4.655381953949087,
                50.736957591733194
              ],
              [
                4.655461353863791,
                50.73660831891963
              ],
              [
                4.655484474008961,
                50.7362832004217
              ],
              [
                4.655737800088694,
                50.73601254263367
              ],
              [
                4.655973543030542,
                50.73569293489575
              ],
              [
                4.656158783418987,
                50.73536020207343
              ],
              [
                4.6562917382375995,
                50.735017548806184
              ],
              [
                4.656371128139882,
                50.734668275210076
              ],
              [
                4.65639618972853,
                50.73431574508898
              ],
              [
                4.656366682862369,
                50.733963353535195
              ],
              [
                4.656282892922317,
                50.73361449423143
              ],
              [
                4.656145628016383,
                50.73327252676944
              ],
              [
                4.655956211152372,
                50.73294074429968
              ],
              [
                4.655716467455412,
                50.732622341823465
              ],
              [
                4.655428706555008,
                50.73232038543284
              ],
              [
                4.65509570031259,
                50.73203778279386
              ],
              [
                4.654720656105213,
                50.73177725515721
              ],
              [
                4.654307185923508,
                50.731541311165174
              ],
              [
                4.653859271582037,
                50.73133222270667
              ],
              [
                4.6533812263772125,
                50.73115200305245
              ],
              [
                4.652877653561869,
                50.7310023874801
              ],
              [
                4.652353402035861,
                50.73088481657541
              ],
              [
                4.65181351967854,
                50.730800422369896
              ],
              [
                4.651263204771395,
                50.73075001744813
              ],
              [
                4.650984487841506,
                50.73074202415354
              ],
              [
                4.6509683163952715,
                50.73054861329869
              ],
              [
                4.650884572489088,
                50.73019974984072
              ],
              [
                4.650747356701783,
                50.729857775763016
              ],
              [
                4.650557991568053,
                50.729525984279796
              ]
            ]
          ],
          [
            [
              [
                4.673395690148139,
                50.74068924271428
              ],
              [
                4.673023958884991,
                50.74095171541669
              ],
              [
                4.6726945578029815,
                50.741236043262084
              ],
              [
                4.672410659578814,
                50.74153948838326
              ],
              [
                4.672174998892131,
                50.74185912877392
              ],
              [
                4.671989846066602,
                50.74219188641629
              ],
              [
                4.671856985175408,
                50.74253455691272
              ],
              [
                4.671777696823138,
                50.74288384033666
              ],
              [
                4.671752745771311,
                50.74323637300582
              ],
              [
                4.671782373528283,
                50.74358875987218
              ],
              [
                4.671866295976676,
                50.74393760721687
              ],
              [
                4.672003706062908,
                50.74427955533499
              ],
              [
                4.672193281524774,
                50.74461131089588
              ],
              [
                4.672433197584349,
                50.74492967866676
              ],
              [
                4.6727211444855605,
                50.745231592293905
              ],
              [
                4.673054349708926,
                50.74551414384484
              ],
              [
                4.673429604650639,
                50.74577461182633
              ],
              [
                4.67384329550994,
                50.746010487407936
              ],
              [
                4.674291438087758,
                50.74621949859813
              ],
              [
                4.674769716161723,
                50.74639963213943
              ],
              [
                4.675273523067743,
                50.7465491529112
              ],
              [
                4.67579800608717,
                50.74666662065275
              ],
              [
                4.6763381132112185,
                50.74675090384511
              ],
              [
                4.676888641831104,
                50.74680119061749
              ],
              [
                4.6774442888836,
                50.74681699657268
              ],
              [
                4.677999701967475,
                50.74679816945652
              ],
              [
                4.678549530936792,
                50.74674489062515
              ],
              [
                4.679088479472421,
                50.7466576732972
              ],
              [
                4.679611356133291,
                50.7465373576066
              ],
              [
                4.680113124394008,
                50.74638510250467
              ],
              [
                4.680588951185379,
                50.74620237458938
              ],
              [
                4.68103425346897,
                50.74599093396971
              ],
              [
                4.681370799131249,
                50.74579571064112
              ],
              [
                4.681404259027118,
                50.74577982268657
              ],
              [
                4.681814744244538,
                50.74554170470841
              ],
              [
                4.682186462745806,
                50.74527920437835
              ],
              [
                4.682515834808858,
                50.74499485009878
              ],
              [
                4.682799688765359,
                50.74469138072231
              ],
              [
                4.683035291531586,
                50.74437171916105
              ],
              [
                4.683220374907016,
                50.74403894422444
              ],
              [
                4.68335315738825,
                50.743696260957336
              ],
              [
                4.683432361289307,
                50.74334696976452
              ],
              [
                4.683457225004855,
                50.74299443461906
              ],
              [
                4.683427510299876,
                50.74264205066131
              ],
              [
                4.683343504557242,
                50.74229321150061
              ],
              [
                4.683206017963422,
                50.74195127653444
              ],
              [
                4.683016375661163,
                50.74161953860001
              ],
              [
                4.682776404946465,
                50.74130119226955
              ],
              [
                4.682488417634725,
                50.7409993030942
              ],
              [
                4.682155187767261,
                50.7407167780925
              ],
              [
                4.68177992487403,
                50.74045633776739
              ],
              [
                4.681366243050885,
                50.740220489920205
              ],
              [
                4.680918126149675,
                50.74001150551402
              ],
              [
                4.680439889416593,
                50.7398313968175
              ],
              [
                4.679936137947996,
                50.73968189803978
              ],
              [
                4.679411722363299,
                50.73956444864198
              ],
              [
                4.678871692120917,
                50.73948017948572
              ],
              [
                4.678321246925745,
                50.73942990195145
              ],
              [
                4.677765686694705,
                50.73941410013136
              ],
              [
                4.677210360560649,
                50.73943292617136
              ],
              [
                4.676660615404005,
                50.739486198807164
              ],
              [
                4.67612174440602,
                50.73957340510845
              ],
              [
                4.6755989361173045,
                50.739693705414204
              ],
              [
                4.6750972245304245,
                50.73984594141212
              ],
              [
                4.674621440635807,
                50.74002864728431
              ],
              [
                4.674176165926112,
                50.74024006381251
              ],
              [
                4.673839630138329,
                50.74043526671719
              ],
              [
                4.673806171487263,
                50.74045115252974
              ],
              [
                4.673395690148139,
                50.74068924271428
              ]
            ]
          ],
          [
            [
              [
                4.699074852219232,
                50.73570994570093
              ],
              [
                4.698626699686485,
                50.73550102888642
              ],
              [
                4.698148441057227,
                50.73532099237103
              ],
              [
                4.697644681638291,
                50.73517156966884
              ],
              [
                4.697120272125358,
                50.73505419950848
              ],
              [
                4.696580261918187,
                50.73497001198858
              ],
              [
                4.6960298505286575,
                50.73491981770359
              ],
              [
                4.6954743375481875,
                50.73490409994412
              ],
              [
                4.694919071654763,
                50.734923010046685
              ],
              [
                4.69436939914895,
                50.734976365937655
              ],
              [
                4.6938306125127305,
                50.73506365388508
              ],
              [
                4.693307899484747,
                50.7351840334418
              ],
              [
                4.692806293140706,
                50.735336345532396
              ],
              [
                4.692330623458089,
                50.735519123606295
              ],
              [
                4.691885470830254,
                50.73573060774995
              ],
              [
                4.691848497059932,
                50.73575206634902
              ],
              [
                4.691406355696144,
                50.735886313728216
              ],
              [
                4.6909306750315185,
                50.736069086086225
              ],
              [
                4.690485510924948,
                50.73628056487524
              ],
              [
                4.690075150206216,
                50.73651871380625
              ],
              [
                4.689703544764523,
                50.73678123975619
              ],
              [
                4.689374273493825,
                50.73706561483731
              ],
              [
                4.689090507821129,
                50.73736910072746
              ],
              [
                4.6888549811499125,
                50.737688775027635
              ],
              [
                4.688669962513486,
                50.738021559393346
              ],
              [
                4.68866970597734,
                50.73802222174866
              ],
              [
                4.6886689623048285,
                50.73802355934745
              ],
              [
                4.688536234471326,
                50.73836624912228
              ],
              [
                4.6884570767788984,
                50.738715544195564
              ],
              [
                4.688432252730687,
                50.739068080772704
              ],
              [
                4.688462002611766,
                50.739420463767814
              ],
              [
                4.688546041128364,
                50.73976929949917
              ],
              [
                4.688683560108728,
                50.74011122837354
              ],
              [
                4.688873236241491,
                50.74044295724549
              ],
              [
                4.689113243778696,
                50.74076129113907
              ],
              [
                4.689401272082725,
                50.74106316402678
              ],
              [
                4.6897345478495565,
                50.74134566836837
              ],
              [
                4.6901098617954275,
                50.74160608312525
              ],
              [
                4.690523599550767,
                50.74184189997954
              ],
              [
                4.690971776464349,
                50.74205084750531
              ],
              [
                4.691450075982671,
                50.742230913058286
              ],
              [
                4.691953891234744,
                50.7423803621727
              ],
              [
                4.692478369421259,
                50.742497755278016
              ],
              [
                4.693018458579798,
                50.74258196157427
              ],
              [
                4.69356895627453,
                50.74263216993132
              ],
              [
                4.69412455974011,
                50.74264789670736
              ],
              [
                4.694679916995236,
                50.74262899041087
              ],
              [
                4.695229678431908,
                50.742575633160804
              ],
              [
                4.695768548381743,
                50.74248833893108
              ],
              [
                4.696027985417173,
                50.742428594767745
              ],
              [
                4.696142882810699,
                50.742494071216726
              ],
              [
                4.6965910908481545,
                50.74270299718698
              ],
              [
                4.697069418462452,
                50.74288303974261
              ],
              [
                4.697573258511846,
                50.74303246463935
              ],
              [
                4.697573514400288,
                50.74303252190056
              ],
              [
                4.697573658535552,
                50.74303256464659
              ],
              [
                4.698098157983866,
                50.74314993254545
              ],
              [
                4.698638264661438,
                50.7432341128909
              ],
              [
                4.699188775963608,
                50.7432842948028
              ],
              [
                4.699744388993896,
                50.743299994894116
              ],
              [
                4.700299751678836,
                50.74328106193032
              ],
              [
                4.700849514358123,
                50.74322767828727
              ],
              [
                4.70138838135143,
                50.743140358193116
              ],
              [
                4.701911162003493,
                50.743019942771724
              ],
              [
                4.702412820714145,
                50.74286759193507
              ],
              [
                4.702888525469908,
                50.74268477320319
              ],
              [
                4.70333369440835,
                50.74247324755977
              ],
              [
                4.703744039965663,
                50.74223505247985
              ],
              [
                4.7041156101814465,
                50.74197248229361
              ],
              [
                4.704444826762407,
                50.74168806607621
              ],
              [
                4.7047285195382225,
                50.74138454327664
              ],
              [
                4.704963956977981,
                50.7410648373214
              ],
              [
                4.705148872473786,
                50.740732027447315
              ],
              [
                4.705150429223562,
                50.74072800442851
              ],
              [
                4.70515047203613,
                50.74072792737409
              ],
              [
                4.705283085678499,
                50.74038521896017
              ],
              [
                4.705362121435032,
                50.74003591265598
              ],
              [
                4.705386819319764,
                50.73968337257993
              ],
              [
                4.705356942694608,
                50.739330993919644
              ],
              [
                4.705272780501569,
                50.738982170233214
              ],
              [
                4.705135144433439,
                50.738640260768854
              ],
              [
                4.70494536107199,
                50.73830855811802
              ],
              [
                4.704705259071102,
                50.73799025651296
              ],
              [
                4.704417151509864,
                50.73768842107392
              ],
              [
                4.70408381358694,
                50.737405958301885
              ],
              [
                4.703708455872183,
                50.737145588100375
              ],
              [
                4.703294693373895,
                50.73690981759546
              ],
              [
                4.702846510720171,
                50.73670091700533
              ],
              [
                4.702368223789801,
                50.73652089779156
              ],
              [
                4.70186443816202,
                50.73637149330164
              ],
              [
                4.701340004784769,
                50.73625414208878
              ],
              [
                4.700799973287498,
                50.73616997406923
              ],
              [
                4.700249543387002,
                50.73611979964962
              ],
              [
                4.699717832768269,
                50.736104775012926
              ],
              [
                4.6994885830666115,
                50.73594573119677
              ],
              [
                4.699074852219232,
                50.73570994570093
              ]
            ]
          ]
        ]
      },
      "properties": {
        "type": "buffer_union_400m",
        "buffer_m": 400
      }
    },
    {
      "type": "Feature",
      "geometry": {
        "type": "Polygon",
        "coordinates": [
          [
            [
              4.6202847,
              50.7434348
            ],
            [
              4.6253304,
              50.7399872
            ],
            [
              4.6261716,
              50.7398351
            ],
            [
              4.6258025,
              50.7393354
            ],
            [
              4.6256223,
              50.737934
            ],
            [
              4.6253991,
              50.7377547
            ],
            [
              4.6250815,
              50.7368204
            ],
            [
              4.6250386,
              50.7355058
            ],
            [
              4.6255021,
              50.734452
            ],
            [
              4.6271329,
              50.7328059
            ],
            [
              4.6269183,
              50.7314152
            ],
            [
              4.627399,
              50.7307795
            ],
            [
              4.6276908,
              50.7308339
            ],
            [
              4.6283774,
              50.7300896
            ],
            [
              4.6272015,
              50.7296658
            ],
            [
              4.6280599,
              50.7287965
            ],
            [
              4.6295791,
              50.7293127
            ],
            [
              4.630034,
              50.729329
            ],
            [
              4.6306777,
              50.7291497
            ],
            [
              4.6312613,
              50.7301276
            ],
            [
              4.6347546,
              50.7308339
            ],
            [
              4.6355271,
              50.7302743
            ],
            [
              4.6416554,
              50.7333438
            ],
            [
              4.6444363,
              50.7314097
            ],
            [
              4.6444363,
              50.7312033
            ],
            [
              4.6440244,
              50.7309588
            ],
            [
              4.6456122,
              50.7301276
            ],
            [
              4.6445823,
              50.7291117
            ],
            [
              4.6435265,
              50.727585
            ],
            [
              4.6438012,
              50.7273785
            ],
            [
              4.6431231,
              50.7268678
            ],
            [
              4.6418528,
              50.7261071
            ],
            [
              4.6384883,
              50.7245043
            ],
            [
              4.6410804,
              50.7222384
            ],
            [
              4.6409345,
              50.7215429
            ],
            [
              4.6424279,
              50.7207822
            ],
            [
              4.6415414,
              50.7199696
            ],
            [
              4.6494739,
              50.7205595
            ],
            [
              4.6501049,
              50.7210023
            ],
            [
              4.6503812,
              50.7209122
            ],
            [
              4.6520361,
              50.72205
            ],
            [
              4.6526664,
              50.7222078
            ],
            [
              4.6536487,
              50.7223414
            ],
            [
              4.6540923,
              50.7222276
            ],
            [
              4.656222,
              50.7225108
            ],
            [
              4.6588586,
              50.7233453
            ],
            [
              4.6610001,
              50.7234856
            ],
            [
              4.6622747,
              50.7233174
            ],
            [
              4.6622186,
              50.7230474
            ],
            [
              4.6623679,
              50.7224309
            ],
            [
              4.6634844,
              50.7209245
            ],
            [
              4.6636534,
              50.7202334
            ],
            [
              4.6636395,
              50.7198979
            ],
            [
              4.6656396,
              50.7187663
            ],
            [
              4.6663222,
              50.7186406
            ],
            [
              4.6662177,
              50.7173305
            ],
            [
              4.6663357,
              50.7166945
            ],
            [
              4.6677854,
              50.7160491
            ],
            [
              4.6693833,
              50.7148731
            ],
            [
              4.6700217,
              50.7137572
            ],
            [
              4.6702094,
              50.7137361
            ],
            [
              4.6710764,
              50.7127566
            ],
            [
              4.6720796,
              50.7118474
            ],
            [
              4.6731256,
              50.7117591
            ],
            [
              4.6739598,
              50.7095103
            ],
            [
              4.6737733,
              50.7092425
            ],
            [
              4.6729674,
              50.7096886
            ],
            [
              4.672054,
              50.7089028
            ],
            [
              4.6697702,
              50.708199
            ],
            [
              4.6727179,
              50.7028126
            ],
            [
              4.6726268,
              50.70241
            ],
            [
              4.6726779,
              50.702285
            ],
            [
              4.6724113,
              50.7017252
            ],
            [
              4.6720314,
              50.7005731
            ],
            [
              4.6766237,
              50.7023421
            ],
            [
              4.6781494,
              50.7059943
            ],
            [
              4.6776774,
              50.7061845
            ],
            [
              4.6790507,
              50.7095137
            ],
            [
              4.6799948,
              50.7096088
            ],
            [
              4.6804239,
              50.7097719
            ],
            [
              4.6804669,
              50.7100165
            ],
            [
              4.6803381,
              50.7103426
            ],
            [
              4.6802523,
              50.7113753
            ],
            [
              4.6834495,
              50.7122041
            ],
            [
              4.6832349,
              50.7127068
            ],
            [
              4.6839215,
              50.7128699
            ],
            [
              4.6840503,
              50.7124487
            ],
            [
              4.6846297,
              50.7125709
            ],
            [
              4.6847369,
              50.712272
            ],
            [
              4.6852734,
              50.71234
            ],
            [
              4.6858313,
              50.7125438
            ],
            [
              4.6862604,
              50.7130193
            ],
            [
              4.6869685,
              50.7133862
            ],
            [
              4.6876337,
              50.7138617
            ],
            [
              4.6880629,
              50.7136987
            ],
            [
              4.6895005,
              50.7147177
            ],
            [
              4.6922686,
              50.7157231
            ],
            [
              4.6937492,
              50.7161443
            ],
            [
              4.6963601,
              50.716557
            ],
            [
              4.6963036,
              50.7161258
            ],
            [
              4.6968685,
              50.7159102
            ],
            [
              4.696925,
              50.7156587
            ],
            [
              4.6963989,
              50.7155246
            ],
            [
              4.6968403,
              50.7151736
            ],
            [
              4.6984785,
              50.7148861
            ],
            [
              4.6997325,
              50.713514
            ],
            [
              4.7000802,
              50.7138535
            ],
            [
              4.6996476,
              50.7156221
            ],
            [
              4.6996687,
              50.7163369
            ],
            [
              4.6996118,
              50.7164544
            ],
            [
              4.7018307,
              50.7163093
            ],
            [
              4.702094,
              50.7168803
            ],
            [
              4.7014737,
              50.7169518
            ],
            [
              4.7023482,
              50.7176529
            ],
            [
              4.7031956,
              50.7174194
            ],
            [
              4.7044102,
              50.7187668
            ],
            [
              4.7056247,
              50.7180841
            ],
            [
              4.7051163,
              50.7173834
            ],
            [
              4.7097205,
              50.7157665
            ],
            [
              4.7094663,
              50.7153892
            ],
            [
              4.7110763,
              50.7147424
            ],
            [
              4.7114152,
              50.7149579
            ],
            [
              4.7120367,
              50.7147244
            ],
            [
              4.7116694,
              50.7140237
            ],
            [
              4.7125733,
              50.7137542
            ],
            [
              4.7129122,
              50.7141135
            ],
            [
              4.7139856,
              50.71388
            ],
            [
              4.7133359,
              50.713341
            ],
            [
              4.7164148,
              50.7118318
            ],
            [
              4.7184485,
              50.7100172
            ],
            [
              4.7188722,
              50.7076995
            ],
            [
              4.7205105,
              50.7076277
            ],
            [
              4.7202563,
              50.7072145
            ],
            [
              4.7211036,
              50.7068552
            ],
            [
              4.7256513,
              50.7067653
            ],
            [
              4.7298882,
              50.7063161
            ],
            [
              4.7324868,
              50.7059569
            ],
            [
              4.734803,
              50.7055256
            ],
            [
              4.7368085,
              50.7062263
            ],
            [
              4.7395625,
              50.7070168
            ],
            [
              4.7404099,
              50.7080139
            ],
            [
              4.7423982,
              50.711681
            ],
            [
              4.7414931,
              50.7126658
            ],
            [
              4.7415848,
              50.7129896
            ],
            [
              4.7415817,
              50.7133954
            ],
            [
              4.7419357,
              50.7144721
            ],
            [
              4.7418478,
              50.7147482
            ],
            [
              4.7415754,
              50.7149929
            ],
            [
              4.7417085,
              50.7153001
            ],
            [
              4.7419078,
              50.7154569
            ],
            [
              4.7419544,
              50.7156418
            ],
            [
              4.7423783,
              50.7160919
            ],
            [
              4.7425752,
              50.7163717
            ],
            [
              4.7425656,
              50.7164785
            ],
            [
              4.7431461,
              50.7169342
            ],
            [
              4.7432042,
              50.7174135
            ],
            [
              4.7432984,
              50.7174205
            ],
            [
              4.7433373,
              50.7175907
            ],
            [
              4.7436994,
              50.7177928
            ],
            [
              4.7436371,
              50.7180677
            ],
            [
              4.7437006,
              50.7181233
            ],
            [
              4.7438686,
              50.7180595
            ],
            [
              4.7441984,
              50.718094
            ],
            [
              4.7441103,
              50.7183248
            ],
            [
              4.7442883,
              50.7185214
            ],
            [
              4.7443734,
              50.719016
            ],
            [
              4.7448191,
              50.7191931
            ],
            [
              4.7449183,
              50.7193421
            ],
            [
              4.7451672,
              50.7193087
            ],
            [
              4.7453507,
              50.7196024
            ],
            [
              4.7458452,
              50.7198653
            ],
            [
              4.7464722,
              50.7197919
            ],
            [
              4.7463842,
              50.7199583
            ],
            [
              4.7468152,
              50.7201978
            ],
            [
              4.7471822,
              50.7205195
            ],
            [
              4.7474194,
              50.7209769
            ],
            [
              4.7478197,
              50.7209732
            ],
            [
              4.7478329,
              50.7213374
            ],
            [
              4.7480189,
              50.7214946
            ],
            [
              4.7483461,
              50.7214613
            ],
            [
              4.7492298,
              50.7223653
            ],
            [
              4.750237,
              50.7229442
            ],
            [
              4.7501919,
              50.7232033
            ],
            [
              4.7503239,
              50.7233266
            ],
            [
              4.7502975,
              50.7234362
            ],
            [
              4.7491079,
              50.7237391
            ],
            [
              4.7488239,
              50.7232588
            ],
            [
              4.7462159,
              50.7246378
            ],
            [
              4.7437954,
              50.7257242
            ],
            [
              4.7444646,
              50.7263966
            ],
            [
              4.7445744,
              50.7267726
            ],
            [
              4.7443668,
              50.7274832
            ],
            [
              4.7440296,
              50.7279931
            ],
            [
              4.7437335,
              50.7287163
            ],
            [
              4.7426891,
              50.7301329
            ],
            [
              4.7430247,
              50.7302042
            ],
            [
              4.7426057,
              50.7307701
            ],
            [
              4.7425136,
              50.7323681
            ],
            [
              4.7420788,
              50.732361
            ],
            [
              4.7393254,
              50.7335018
            ],
            [
              4.7409252,
              50.7346745
            ],
            [
              4.7432406,
              50.7380074
            ],
            [
              4.7443439,
              50.7397414
            ],
            [
              4.7446638,
              50.7407986
            ],
            [
              4.743344,
              50.7452748
            ],
            [
              4.7433825,
              50.7512107
            ],
            [
              4.7425415,
              50.753916
            ],
            [
              4.7430349,
              50.7548037
            ],
            [
              4.7379205,
              50.7565999
            ],
            [
              4.7350709,
              50.7580462
            ],
            [
              4.729752,
              50.7612114
            ],
            [
              4.7208351,
              50.7667149
            ],
            [
              4.7222494,
              50.7685585
            ],
            [
              4.7217739,
              50.7691747
            ],
            [
              4.7222625,
              50.7694809
            ],
            [
              4.7211312,
              50.7697926
            ],
            [
              4.7217866,
              50.7706798
            ],
            [
              4.7192018,
              50.7715096
            ],
            [
              4.7193664,
              50.7718169
            ],
            [
              4.718072,
              50.7719923
            ],
            [
              4.71813,
              50.772471
            ],
            [
              4.7191527,
              50.7720913
            ],
            [
              4.7200268,
              50.7732856
            ],
            [
              4.7192215,
              50.7738357
            ],
            [
              4.7183027,
              50.7737362
            ],
            [
              4.7174414,
              50.774047
            ],
            [
              4.7152767,
              50.7734727
            ],
            [
              4.7133894,
              50.7742583
            ],
            [
              4.7082793,
              50.7760962
            ],
            [
              4.7070923,
              50.7762029
            ],
            [
              4.7047226,
              50.7769293
            ],
            [
              4.7054314,
              50.7777479
            ],
            [
              4.7039262,
              50.7785398
            ],
            [
              4.7047939,
              50.7789815
            ],
            [
              4.7032342,
              50.7797052
            ],
            [
              4.7032469,
              50.7812103
            ],
            [
              4.7023888,
              50.7818974
            ],
            [
              4.7028332,
              50.7833668
            ],
            [
              4.7018128,
              50.7840202
            ],
            [
              4.6996019,
              50.7843698
            ],
            [
              4.6979895,
              50.7852647
            ],
            [
              4.6981625,
              50.7867729
            ],
            [
              4.6994685,
              50.7877569
            ],
            [
              4.6986644,
              50.7884438
            ],
            [
              4.6988546,
              50.7893806
            ],
            [
              4.6977164,
              50.7896324
            ],
            [
              4.6970446,
              50.7899984
            ],
            [
              4.6957975,
              50.7901015
            ],
            [
              4.6956858,
              50.7901765
            ],
            [
              4.6956424,
              50.7903776
            ],
            [
              4.6948304,
              50.7904619
            ],
            [
              4.694267,
              50.7902512
            ],
            [
              4.6938431,
              50.7899232
            ],
            [
              4.6939573,
              50.7897902
            ],
            [
              4.69422,
              50.7897003
            ],
            [
              4.6954286,
              50.7897166
            ],
            [
              4.696122,
              50.7891633
            ],
            [
              4.6958266,
              50.7889208
            ],
            [
              4.6955631,
              50.7887785
            ],
            [
              4.6952173,
              50.7889255
            ],
            [
              4.6944805,
              50.7888604
            ],
            [
              4.6937962,
              50.7889703
            ],
            [
              4.6928512,
              50.7885516
            ],
            [
              4.692595,
              50.7883665
            ],
            [
              4.6925803,
              50.7885225
            ],
            [
              4.6924985,
              50.7885185
            ],
            [
              4.6916426,
              50.7881418
            ],
            [
              4.6918615,
              50.7884657
            ],
            [
              4.6918488,
              50.7889089
            ],
            [
              4.6919697,
              50.7891237
            ],
            [
              4.6916674,
              50.7901423
            ],
            [
              4.6916413,
              50.7905241
            ],
            [
              4.6918796,
              50.7907771
            ],
            [
              4.6918897,
              50.7909814
            ],
            [
              4.6911214,
              50.7919334
            ],
            [
              4.6899039,
              50.7912732
            ],
            [
              4.6875152,
              50.7908629
            ],
            [
              4.6873864,
              50.7909249
            ],
            [
              4.6872371,
              50.7910167
            ],
            [
              4.6869512,
              50.7919067
            ],
            [
              4.6872442,
              50.7923892
            ],
            [
              4.6877237,
              50.7927737
            ],
            [
              4.6873896,
              50.7932854
            ],
            [
              4.6866459,
              50.7940484
            ],
            [
              4.6856525,
              50.7948955
            ],
            [
              4.6852721,
              50.7945631
            ],
            [
              4.6850084,
              50.7940013
            ],
            [
              4.684865,
              50.7934079
            ],
            [
              4.6845616,
              50.7928692
            ],
            [
              4.6820759,
              50.7933853
            ],
            [
              4.6821531,
              50.7935258
            ],
            [
              4.6821062,
              50.7935869
            ],
            [
              4.6815681,
              50.793832
            ],
            [
              4.6813327,
              50.7938618
            ],
            [
              4.6811683,
              50.7936435
            ],
            [
              4.6796501,
              50.7937595
            ],
            [
              4.6778651,
              50.7931058
            ],
            [
              4.6774409,
              50.7934269
            ],
            [
              4.6767437,
              50.7936601
            ],
            [
              4.6764241,
              50.7938578
            ],
            [
              4.6756592,
              50.7949583
            ],
            [
              4.6743774,
              50.7954494
            ],
            [
              4.6740561,
              50.7951806
            ],
            [
              4.6738506,
              50.7945866
            ],
            [
              4.6739495,
              50.7944175
            ],
            [
              4.6742732,
              50.7942392
            ],
            [
              4.6744283,
              50.7940108
            ],
            [
              4.6743264,
              50.7935042
            ],
            [
              4.6738714,
              50.7927673
            ],
            [
              4.6738853,
              50.7924692
            ],
            [
              4.6735592,
              50.7920952
            ],
            [
              4.6722284,
              50.7922166
            ],
            [
              4.6713128,
              50.7924044
            ],
            [
              4.6711339,
              50.7924938
            ],
            [
              4.6712296,
              50.793198
            ],
            [
              4.6706493,
              50.7932564
            ],
            [
              4.6700454,
              50.7926806
            ],
            [
              4.6695247,
              50.7929809
            ],
            [
              4.66897,
              50.7929346
            ],
            [
              4.6682961,
              50.7925635
            ],
            [
              4.6675011,
              50.792771
            ],
            [
              4.666987,
              50.7920366
            ],
            [
              4.6658016,
              50.7922764
            ],
            [
              4.6647654,
              50.7923525
            ],
            [
              4.6632453,
              50.7931551
            ],
            [
              4.6593747,
              50.7932808
            ],
            [
              4.6579492,
              50.7938254
            ],
            [
              4.6577038,
              50.7938197
            ],
            [
              4.6573442,
              50.7939545
            ],
            [
              4.6573804,
              50.7940622
            ],
            [
              4.6573066,
              50.7941417
            ],
            [
              4.657173,
              50.7941537
            ],
            [
              4.6570253,
              50.7942896
            ],
            [
              4.656842,
              50.7941809
            ],
            [
              4.6567207,
              50.7944423
            ],
            [
              4.6561519,
              50.794741
            ],
            [
              4.6547462,
              50.7953456
            ],
            [
              4.6540776,
              50.7955432
            ],
            [
              4.6536902,
              50.795735
            ],
            [
              4.6537976,
              50.7958022
            ],
            [
              4.6533786,
              50.7960183
            ],
            [
              4.6517178,
              50.7967537
            ],
            [
              4.6513712,
              50.7967758
            ],
            [
              4.6505341,
              50.7964349
            ],
            [
              4.6503201,
              50.7965897
            ],
            [
              4.6497316,
              50.7974504
            ],
            [
              4.6494031,
              50.7977526
            ],
            [
              4.6467902,
              50.7980666
            ],
            [
              4.6448387,
              50.7981757
            ],
            [
              4.6452948,
              50.798565
            ],
            [
              4.643467,
              50.7993619
            ],
            [
              4.6433865,
              50.7990856
            ],
            [
              4.642152,
              50.7990563
            ],
            [
              4.6421186,
              50.79892
            ],
            [
              4.6416062,
              50.7984999
            ],
            [
              4.6422663,
              50.7985192
            ],
            [
              4.642679,
              50.7978786
            ],
            [
              4.6433447,
              50.7974995
            ],
            [
              4.6429781,
              50.7972497
            ],
            [
              4.643304,
              50.7968494
            ],
            [
              4.6434209,
              50.7965636
            ],
            [
              4.6436044,
              50.7964548
            ],
            [
              4.6436059,
              50.7957766
            ],
            [
              4.6442433,
              50.795021
            ],
            [
              4.6442321,
              50.7949098
            ],
            [
              4.644035,
              50.794718
            ],
            [
              4.6444406,
              50.7940781
            ],
            [
              4.644201,
              50.7937076
            ],
            [
              4.6441683,
              50.7934739
            ],
            [
              4.6447563,
              50.7931514
            ],
            [
              4.6451319,
              50.7922973
            ],
            [
              4.645627,
              50.7920962
            ],
            [
              4.6466204,
              50.7913011
            ],
            [
              4.6469863,
              50.7904209
            ],
            [
              4.6470303,
              50.7895263
            ],
            [
              4.6467665,
              50.7890083
            ],
            [
              4.646415,
              50.7866477
            ],
            [
              4.6464253,
              50.786376
            ],
            [
              4.646595,
              50.7860812
            ],
            [
              4.6454951,
              50.7860253
            ],
            [
              4.6451536,
              50.7835915
            ],
            [
              4.6442884,
              50.7836553
            ],
            [
              4.6432145,
              50.7805201
            ],
            [
              4.6432254,
              50.7788898
            ],
            [
              4.6397087,
              50.7787028
            ],
            [
              4.6395252,
              50.7786355
            ],
            [
              4.6396967,
              50.7784897
            ],
            [
              4.6397392,
              50.7781691
            ],
            [
              4.640108,
              50.7779945
            ],
            [
              4.6401415,
              50.7778348
            ],
            [
              4.6397011,
              50.7776606
            ],
            [
              4.6393375,
              50.7773928
            ],
            [
              4.6389828,
              50.7768639
            ],
            [
              4.6387606,
              50.776713
            ],
            [
              4.6384308,
              50.7766706
            ],
            [
              4.6378069,
              50.7767768
            ],
            [
              4.6374932,
              50.776696
            ],
            [
              4.6372727,
              50.7764422
            ],
            [
              4.6372715,
              50.7762706
            ],
            [
              4.6376938,
              50.775537
            ],
            [
              4.6373586,
              50.7752232
            ],
            [
              4.6369736,
              50.7750446
            ],
            [
              4.6371196,
              50.7749238
            ],
            [
              4.6375419,
              50.7748522
            ],
            [
              4.6391565,
              50.7747324
            ],
            [
              4.6394134,
              50.7746361
            ],
            [
              4.6394195,
              50.7743856
            ],
            [
              4.6391599,
              50.7742413
            ],
            [
              4.6383396,
              50.7742262
            ],
            [
              4.6380151,
              50.774139
            ],
            [
              4.6378421,
              50.7739358
            ],
            [
              4.6377933,
              50.773499
            ],
            [
              4.637558,
              50.7733525
            ],
            [
              4.6367431,
              50.7735428
            ],
            [
              4.6366714,
              50.7734082
            ],
            [
              4.6367061,
              50.7729981
            ],
            [
              4.6363273,
              50.7727131
            ],
            [
              4.6362249,
              50.772423
            ],
            [
              4.6362813,
              50.7723434
            ],
            [
              4.6368839,
              50.7721612
            ],
            [
              4.6376669,
              50.7714585
            ],
            [
              4.6385454,
              50.7714776
            ],
            [
              4.6386585,
              50.771141
            ],
            [
              4.6400758,
              50.7703449
            ],
            [
              4.6401392,
              50.7700847
            ],
            [
              4.6400422,
              50.7698503
            ],
            [
              4.6401034,
              50.7697993
            ],
            [
              4.640991,
              50.7696108
            ],
            [
              4.6409954,
              50.7694671
            ],
            [
              4.6408778,
              50.7692797
            ],
            [
              4.6410264,
              50.7691343
            ],
            [
              4.6417451,
              50.7690465
            ],
            [
              4.6417311,
              50.7687394
            ],
            [
              4.6414904,
              50.7683934
            ],
            [
              4.640702,
              50.7683283
            ],
            [
              4.6404956,
              50.7682455
            ],
            [
              4.6404628,
              50.768123
            ],
            [
              4.6416811,
              50.7674292
            ],
            [
              4.6416716,
              50.7670864
            ],
            [
              4.6423138,
              50.766322
            ],
            [
              4.6429136,
              50.7662898
            ],
            [
              4.6433342,
              50.7659147
            ],
            [
              4.6438225,
              50.7656801
            ],
            [
              4.6441299,
              50.7656768
            ],
            [
              4.6443101,
              50.765538
            ],
            [
              4.6443763,
              50.7653436
            ],
            [
              4.6442325,
              50.7651014
            ],
            [
              4.6442976,
              50.7649785
            ],
            [
              4.6449639,
              50.7646201
            ],
            [
              4.645028,
              50.7643733
            ],
            [
              4.645326,
              50.7639033
            ],
            [
              4.645354,
              50.7636792
            ],
            [
              4.6451098,
              50.7633523
            ],
            [
              4.6451121,
              50.7632526
            ],
            [
              4.6453212,
              50.7632031
            ],
            [
              4.6457486,
              50.7633276
            ],
            [
              4.6461983,
              50.7629313
            ],
            [
              4.6461287,
              50.7628362
            ],
            [
              4.6457208,
              50.7627603
            ],
            [
              4.645632,
              50.7626466
            ],
            [
              4.6456359,
              50.7624828
            ],
            [
              4.6459276,
              50.7621506
            ],
            [
              4.6459499,
              50.7617786
            ],
            [
              4.6461945,
              50.7614865
            ],
            [
              4.6460928,
              50.7611085
            ],
            [
              4.6461692,
              50.7608944
            ],
            [
              4.6470534,
              50.7605547
            ],
            [
              4.6471542,
              50.7604078
            ],
            [
              4.6471865,
              50.7593013
            ],
            [
              4.6472623,
              50.7590836
            ],
            [
              4.647787,
              50.7591021
            ],
            [
              4.6482733,
              50.7593343
            ],
            [
              4.6485323,
              50.7595914
            ],
            [
              4.6488386,
              50.7596666
            ],
            [
              4.6491691,
              50.759559
            ],
            [
              4.6494881,
              50.7589203
            ],
            [
              4.6496984,
              50.7588373
            ],
            [
              4.6500166,
              50.7588596
            ],
            [
              4.6509821,
              50.7592656
            ],
            [
              4.6526639,
              50.759685
            ],
            [
              4.6544058,
              50.7588669
            ],
            [
              4.6546175,
              50.7582884
            ],
            [
              4.6552528,
              50.7579479
            ],
            [
              4.655426,
              50.7574646
            ],
            [
              4.6546365,
              50.7564976
            ],
            [
              4.6547372,
              50.7563317
            ],
            [
              4.6551663,
              50.7561027
            ],
            [
              4.6550778,
              50.7557209
            ],
            [
              4.6548324,
              50.7553729
            ],
            [
              4.6551676,
              50.7548221
            ],
            [
              4.654927,
              50.7546913
            ],
            [
              4.6545404,
              50.7547347
            ],
            [
              4.6539648,
              50.7551191
            ],
            [
              4.6537467,
              50.7550104
            ],
            [
              4.6537437,
              50.7547737
            ],
            [
              4.653126,
              50.754956
            ],
            [
              4.6529466,
              50.7548068
            ],
            [
              4.6517959,
              50.7553595
            ],
            [
              4.6517421,
              50.7555326
            ],
            [
              4.651112,
              50.7554136
            ],
            [
              4.650336,
              50.754759
            ],
            [
              4.651186,
              50.7542377
            ],
            [
              4.6507977,
              50.7539307
            ],
            [
              4.6509204,
              50.7537416
            ],
            [
              4.6512557,
              50.753494
            ],
            [
              4.6526459,
              50.7528587
            ],
            [
              4.6524152,
              50.7524835
            ],
            [
              4.6519038,
              50.7522599
            ],
            [
              4.651209,
              50.7521596
            ],
            [
              4.6499627,
              50.7518282
            ],
            [
              4.6498502,
              50.7516503
            ],
            [
              4.6496081,
              50.7515776
            ],
            [
              4.6491296,
              50.7518499
            ],
            [
              4.6488696,
              50.7516312
            ],
            [
              4.6480442,
              50.7519831
            ],
            [
              4.6473084,
              50.7521775
            ],
            [
              4.6448325,
              50.7495442
            ],
            [
              4.6468021,
              50.7485134
            ],
            [
              4.6456734,
              50.7477976
            ],
            [
              4.6448127,
              50.7473753
            ],
            [
              4.6435554,
              50.7459505
            ],
            [
              4.6414275,
              50.7452221
            ],
            [
              4.641089,
              50.7455316
            ],
            [
              4.6402406,
              50.7456845
            ],
            [
              4.6392434,
              50.7462611
            ],
            [
              4.6390718,
              50.7462872
            ],
            [
              4.6385749,
              50.7454134
            ],
            [
              4.6385657,
              50.7450728
            ],
            [
              4.6386816,
              50.7446299
            ],
            [
              4.6378802,
              50.7443022
            ],
            [
              4.6372188,
              50.7438841
            ],
            [
              4.6360956,
              50.7434783
            ],
            [
              4.6349037,
              50.7432086
            ],
            [
              4.6344474,
              50.7426221
            ],
            [
              4.6335048,
              50.7430281
            ],
            [
              4.6335269,
              50.7433267
            ],
            [
              4.6300016,
              50.7427903
            ],
            [
              4.6291238,
              50.7432412
            ],
            [
              4.6280147,
              50.7425629
            ],
            [
              4.6256892,
              50.7441723
            ],
            [
              4.6232741,
              50.7438693
            ],
            [
              4.622069,
              50.7435791
            ],
            [
              4.6218058,
              50.7439139
            ],
            [
              4.6202847,
              50.7434348
            ]
          ]
        ]
      },
      "properties": {
        "type": "boundary",
        "gemeente": "Grez-Doiceau"
      }
    }
  ]
}