{
  "type": "FeatureCollection",
  "metadata": {
    "gemeente": "Ieper",
    "slug": "ieper",
    "generated_at": "2026-09-25T22:11:39.420012Z",
    "total_points": 63,
    "providers": [
      "bpost",
      "DHL",
      "GLS",
      "InPost",
      "VintedGo",
      "PostNL",
      "DPD",
      "Amazon",
      "ViaTim"
    ],
    "bounds": [
      2.817737,
      50.8064927,
      2.95899,
      50.91345
    ]
  },
  "features": [
    {
      "type": "Feature",
      "geometry": {
        "type": "Point",
        "coordinates": [
          2.82745,
          50.85319
        ]
      },
      "properties": {
        "type": "pakketpunt",
        "locatieNaam": "T Zonneroosje",
        "straatNaam": "Poperingseweg",
        "straatNr": "166",
        "vervoerder": "bpost",
        "puntType": "servicepunt",
        "bezettingsgraad": 50,
        "latitude": 50.85319,
        "longitude": 2.82745,
        "canPickup": true,
        "canDropoff": true,
        "openingstijden": null
      }
    },
    {
      "type": "Feature",
      "geometry": {
        "type": "Point",
        "coordinates": [
          2.88318,
          50.8732
        ]
      },
      "properties": {
        "type": "pakketpunt",
        "locatieNaam": "Bbox 24/7 Devooght Ieper",
        "straatNaam": "Zwaanhofweg",
        "straatNr": "12",
        "vervoerder": "bpost",
        "puntType": "automaat",
        "bezettingsgraad": 50,
        "latitude": 50.8732,
        "longitude": 2.88318,
        "canPickup": true,
        "canDropoff": true,
        "openingstijden": null
      }
    },
    {
      "type": "Feature",
      "geometry": {
        "type": "Point",
        "coordinates": [
          2.87325,
          50.85217
        ]
      },
      "properties": {
        "type": "pakketpunt",
        "locatieNaam": "Bbox 24/7 Delhaize Ieper",
        "straatNaam": "Haiglaan",
        "straatNr": "31",
        "vervoerder": "bpost",
        "puntType": "automaat",
        "bezettingsgraad": 50,
        "latitude": 50.85217,
        "longitude": 2.87325,
        "canPickup": true,
        "canDropoff": true,
        "openingstijden": null
      }
    },
    {
      "type": "Feature",
      "geometry": {
        "type": "Point",
        "coordinates": [
          2.81774,
          50.88564
        ]
      },
      "properties": {
        "type": "pakketpunt",
        "locatieNaam": "Pakjesautomaat 24/7 Foodplace Jotu",
        "straatNaam": "Veurnseweg",
        "straatNr": "525",
        "vervoerder": "bpost",
        "puntType": "automaat",
        "bezettingsgraad": 50,
        "latitude": 50.88564,
        "longitude": 2.81774,
        "canPickup": true,
        "canDropoff": true,
        "openingstijden": null
      }
    },
    {
      "type": "Feature",
      "geometry": {
        "type": "Point",
        "coordinates": [
          2.87634,
          50.84837
        ]
      },
      "properties": {
        "type": "pakketpunt",
        "locatieNaam": "Bbox 24/7 Nmbs Ieper",
        "straatNaam": "Colaertplein",
        "straatNr": "35",
        "vervoerder": "bpost",
        "puntType": "automaat",
        "bezettingsgraad": 50,
        "latitude": 50.84837,
        "longitude": 2.87634,
        "canPickup": true,
        "canDropoff": true,
        "openingstijden": null
      }
    },
    {
      "type": "Feature",
      "geometry": {
        "type": "Point",
        "coordinates": [
          2.88203,
          50.84869
        ]
      },
      "properties": {
        "type": "pakketpunt",
        "locatieNaam": "Ieper Esplanade",
        "straatNaam": "Studentenstraat",
        "straatNr": "10",
        "vervoerder": "bpost",
        "puntType": "postkantoor",
        "bezettingsgraad": 50,
        "latitude": 50.84869,
        "longitude": 2.88203,
        "canPickup": true,
        "canDropoff": true,
        "openingstijden": null
      }
    },
    {
      "type": "Feature",
      "geometry": {
        "type": "Point",
        "coordinates": [
          2.8816,
          50.84791
        ]
      },
      "properties": {
        "type": "pakketpunt",
        "locatieNaam": "Bbox Bpost Ieper",
        "straatNaam": "Studentenstraat",
        "straatNr": "10",
        "vervoerder": "bpost",
        "puntType": "automaat",
        "bezettingsgraad": 50,
        "latitude": 50.84791,
        "longitude": 2.8816,
        "canPickup": true,
        "canDropoff": true,
        "openingstijden": null
      }
    },
    {
      "type": "Feature",
      "geometry": {
        "type": "Point",
        "coordinates": [
          2.89625,
          50.85242
        ]
      },
      "properties": {
        "type": "pakketpunt",
        "locatieNaam": "Bbox Spar Ieper",
        "straatNaam": "Meenseweg",
        "straatNr": "30A",
        "vervoerder": "bpost",
        "puntType": "automaat",
        "bezettingsgraad": 50,
        "latitude": 50.85242,
        "longitude": 2.89625,
        "canPickup": true,
        "canDropoff": true,
        "openingstijden": null
      }
    },
    {
      "type": "Feature",
      "geometry": {
        "type": "Point",
        "coordinates": [
          2.887,
          50.84177
        ]
      },
      "properties": {
        "type": "pakketpunt",
        "locatieNaam": "Bbox 24/7 Lidl Ieper",
        "straatNaam": "Rijselsepoort",
        "straatNr": "5",
        "vervoerder": "bpost",
        "puntType": "automaat",
        "bezettingsgraad": 50,
        "latitude": 50.84177,
        "longitude": 2.887,
        "canPickup": true,
        "canDropoff": true,
        "openingstijden": null
      }
    },
    {
      "type": "Feature",
      "geometry": {
        "type": "Point",
        "coordinates": [
          2.83961,
          50.91345
        ]
      },
      "properties": {
        "type": "pakketpunt",
        "locatieNaam": "Garage Vanderjeugt Boezing",
        "straatNaam": "Diksmuidseweg",
        "straatNr": "505A",
        "vervoerder": "bpost",
        "puntType": "servicepunt",
        "bezettingsgraad": 50,
        "latitude": 50.91345,
        "longitude": 2.83961,
        "canPickup": true,
        "canDropoff": true,
        "openingstijden": null
      }
    },
    {
      "type": "Feature",
      "geometry": {
        "type": "Point",
        "coordinates": [
          2.93321,
          50.82454
        ]
      },
      "properties": {
        "type": "pakketpunt",
        "locatieNaam": "Bbox 24/7 Dier En Tuin Frimout",
        "straatNaam": "Wervikstraat",
        "straatNr": "166",
        "vervoerder": "bpost",
        "puntType": "automaat",
        "bezettingsgraad": 50,
        "latitude": 50.82454,
        "longitude": 2.93321,
        "canPickup": true,
        "canDropoff": true,
        "openingstijden": null
      }
    },
    {
      "type": "Feature",
      "geometry": {
        "type": "Point",
        "coordinates": [
          2.933209,
          50.824543
        ]
      },
      "properties": {
        "type": "pakketpunt",
        "locatieNaam": "BBOX 24/7 DIER EN TUIN FRIMOUT",
        "straatNaam": "WERVIKSTRAAT",
        "straatNr": "166",
        "vervoerder": "DHL",
        "puntType": "packStation",
        "bezettingsgraad": 50,
        "latitude": 50.824543,
        "longitude": 2.933209,
        "canPickup": true,
        "canDropoff": true,
        "openingstijden": {
          "ma": "00:00 - 23:59",
          "di": "00:00 - 23:59",
          "wo": "00:00 - 23:59",
          "do": "00:00 - 23:59",
          "vr": "00:00 - 23:59",
          "za": "00:00 - 23:59",
          "zo": "00:00 - 23:59"
        }
      }
    },
    {
      "type": "Feature",
      "geometry": {
        "type": "Point",
        "coordinates": [
          2.887002,
          50.841767
        ]
      },
      "properties": {
        "type": "pakketpunt",
        "locatieNaam": "BBOX 24/7 LIDL IEPER",
        "straatNaam": "RIJSELSEPOORT",
        "straatNr": "5",
        "vervoerder": "DHL",
        "puntType": "packStation",
        "bezettingsgraad": 50,
        "latitude": 50.841767,
        "longitude": 2.887002,
        "canPickup": true,
        "canDropoff": true,
        "openingstijden": {
          "ma": "00:00 - 23:59",
          "di": "00:00 - 23:59",
          "wo": "00:00 - 23:59",
          "do": "00:00 - 23:59",
          "vr": "00:00 - 23:59",
          "za": "00:00 - 23:59",
          "zo": "00:00 - 23:59"
        }
      }
    },
    {
      "type": "Feature",
      "geometry": {
        "type": "Point",
        "coordinates": [
          2.8816,
          50.84791
        ]
      },
      "properties": {
        "type": "pakketpunt",
        "locatieNaam": "BBOX BPOST IEPER",
        "straatNaam": "STUDENTENSTRAAT",
        "straatNr": "10",
        "vervoerder": "DHL",
        "puntType": "packStation",
        "bezettingsgraad": 50,
        "latitude": 50.84791,
        "longitude": 2.8816,
        "canPickup": true,
        "canDropoff": true,
        "openingstijden": {
          "ma": "06:00 - 23:00",
          "di": "06:00 - 23:00",
          "wo": "06:00 - 23:00",
          "do": "06:00 - 23:00",
          "vr": "06:00 - 23:00",
          "za": "06:00 - 23:00",
          "zo": "06:00 - 23:00"
        }
      }
    },
    {
      "type": "Feature",
      "geometry": {
        "type": "Point",
        "coordinates": [
          2.876337,
          50.848373
        ]
      },
      "properties": {
        "type": "pakketpunt",
        "locatieNaam": "BBOX 24/7 NMBS IEPER",
        "straatNaam": "COLAERTPLEIN",
        "straatNr": "35",
        "vervoerder": "DHL",
        "puntType": "packStation",
        "bezettingsgraad": 50,
        "latitude": 50.848373,
        "longitude": 2.876337,
        "canPickup": true,
        "canDropoff": true,
        "openingstijden": {
          "ma": "00:00 - 23:59",
          "di": "00:00 - 23:59",
          "wo": "00:00 - 23:59",
          "do": "00:00 - 23:59",
          "vr": "00:00 - 23:59",
          "za": "00:00 - 23:59",
          "zo": "00:00 - 23:59"
        }
      }
    },
    {
      "type": "Feature",
      "geometry": {
        "type": "Point",
        "coordinates": [
          2.882031,
          50.848685
        ]
      },
      "properties": {
        "type": "pakketpunt",
        "locatieNaam": "IEPER ESPLANADE",
        "straatNaam": "STUDENTENSTRAAT",
        "straatNr": "10",
        "vervoerder": "DHL",
        "puntType": "postOffice",
        "bezettingsgraad": 50,
        "latitude": 50.848685,
        "longitude": 2.882031,
        "canPickup": true,
        "canDropoff": true,
        "openingstijden": {
          "ma": "09:00 - 12:30, 13:30 - 18:00",
          "di": "09:00 - 12:30, 13:30 - 18:00",
          "wo": "09:00 - 12:30, 13:30 - 18:00",
          "do": "09:00 - 12:30, 13:30 - 18:00",
          "vr": "09:00 - 12:30, 13:30 - 18:00",
          "za": "09:00 - 12:30",
          "zo": "gesloten"
        }
      }
    },
    {
      "type": "Feature",
      "geometry": {
        "type": "Point",
        "coordinates": [
          2.873247,
          50.852168
        ]
      },
      "properties": {
        "type": "pakketpunt",
        "locatieNaam": "BBOX 24/7 DELHAIZE IEPER",
        "straatNaam": "HAIGLAAN",
        "straatNr": "31",
        "vervoerder": "DHL",
        "puntType": "packStation",
        "bezettingsgraad": 50,
        "latitude": 50.852168,
        "longitude": 2.873247,
        "canPickup": true,
        "canDropoff": true,
        "openingstijden": {
          "ma": "00:00 - 23:59",
          "di": "00:00 - 23:59",
          "wo": "00:00 - 23:59",
          "do": "00:00 - 23:59",
          "vr": "00:00 - 23:59",
          "za": "00:00 - 23:59",
          "zo": "00:00 - 23:59"
        }
      }
    },
    {
      "type": "Feature",
      "geometry": {
        "type": "Point",
        "coordinates": [
          2.896255,
          50.852417
        ]
      },
      "properties": {
        "type": "pakketpunt",
        "locatieNaam": "BBOX SPAR IEPER",
        "straatNaam": "MEENSEWEG",
        "straatNr": "30A",
        "vervoerder": "DHL",
        "puntType": "packStation",
        "bezettingsgraad": 50,
        "latitude": 50.852417,
        "longitude": 2.896255,
        "canPickup": true,
        "canDropoff": true,
        "openingstijden": {
          "ma": "07:30 - 19:00",
          "di": "07:30 - 19:00",
          "wo": "07:30 - 19:00",
          "do": "07:30 - 19:00",
          "vr": "07:30 - 19:00",
          "za": "07:30 - 19:00",
          "zo": "07:30 - 12:00"
        }
      }
    },
    {
      "type": "Feature",
      "geometry": {
        "type": "Point",
        "coordinates": [
          2.827454,
          50.853188
        ]
      },
      "properties": {
        "type": "pakketpunt",
        "locatieNaam": "T ZONNEROOSJE",
        "straatNaam": "POPERINGSEWEG",
        "straatNr": "166",
        "vervoerder": "DHL",
        "puntType": "parcelShop",
        "bezettingsgraad": 50,
        "latitude": 50.853188,
        "longitude": 2.827454,
        "canPickup": true,
        "canDropoff": true,
        "openingstijden": {
          "ma": "05:00 - 12:15",
          "di": "05:00 - 12:15, 13:30 - 18:15",
          "wo": "05:00 - 12:15",
          "do": "05:00 - 12:15, 13:30 - 18:15",
          "vr": "05:00 - 12:15, 13:30 - 18:15",
          "za": "05:00 - 12:15",
          "zo": "gesloten"
        }
      }
    },
    {
      "type": "Feature",
      "geometry": {
        "type": "Point",
        "coordinates": [
          2.883182,
          50.8732
        ]
      },
      "properties": {
        "type": "pakketpunt",
        "locatieNaam": "BBOX 24/7 DEVOOGHT IEPER",
        "straatNaam": "ZWAANHOFWEG",
        "straatNr": "12",
        "vervoerder": "DHL",
        "puntType": "packStation",
        "bezettingsgraad": 50,
        "latitude": 50.8732,
        "longitude": 2.883182,
        "canPickup": true,
        "canDropoff": true,
        "openingstijden": {
          "ma": "00:00 - 23:59",
          "di": "00:00 - 23:59",
          "wo": "00:00 - 23:59",
          "do": "00:00 - 23:59",
          "vr": "00:00 - 23:59",
          "za": "00:00 - 23:59",
          "zo": "00:00 - 23:59"
        }
      }
    },
    {
      "type": "Feature",
      "geometry": {
        "type": "Point",
        "coordinates": [
          2.817737,
          50.885641
        ]
      },
      "properties": {
        "type": "pakketpunt",
        "locatieNaam": "PARCEL LOCKER 24/7 FOODPLACE JOTU",
        "straatNaam": "VEURNSEWEG",
        "straatNr": "525",
        "vervoerder": "DHL",
        "puntType": "packStation",
        "bezettingsgraad": 50,
        "latitude": 50.885641,
        "longitude": 2.817737,
        "canPickup": true,
        "canDropoff": true,
        "openingstijden": {
          "ma": "00:00 - 23:59",
          "di": "00:00 - 23:59",
          "wo": "00:00 - 23:59",
          "do": "00:00 - 23:59",
          "vr": "00:00 - 23:59",
          "za": "00:00 - 23:59",
          "zo": "00:00 - 23:59"
        }
      }
    },
    {
      "type": "Feature",
      "geometry": {
        "type": "Point",
        "coordinates": [
          2.839615,
          50.913447
        ]
      },
      "properties": {
        "type": "pakketpunt",
        "locatieNaam": "GARAGE VANDERJEUGT BOEZING",
        "straatNaam": "DIKSMUIDSEWEG",
        "straatNr": "505A",
        "vervoerder": "DHL",
        "puntType": "parcelShop",
        "bezettingsgraad": 50,
        "latitude": 50.913447,
        "longitude": 2.839615,
        "canPickup": true,
        "canDropoff": true,
        "openingstijden": {
          "ma": "08:00 - 12:30, 13:30 - 18:30",
          "di": "08:00 - 12:30, 13:30 - 18:30",
          "wo": "08:00 - 12:30, 13:30 - 18:30",
          "do": "gesloten",
          "vr": "08:00 - 12:30, 13:30 - 18:30",
          "za": "08:00 - 12:00",
          "zo": "gesloten"
        }
      }
    },
    {
      "type": "Feature",
      "geometry": {
        "type": "Point",
        "coordinates": [
          2.9383045,
          50.8064927
        ]
      },
      "properties": {
        "type": "pakketpunt",
        "locatieNaam": "Bakkerij Hessel",
        "straatNaam": "Hollebeke-Dorp",
        "straatNr": "4",
        "vervoerder": "GLS",
        "puntType": "parcel_shop",
        "bezettingsgraad": 50,
        "latitude": 50.8064927,
        "longitude": 2.9383045,
        "canPickup": true,
        "canDropoff": true,
        "openingstijden": "vr: 06:45 - 12:15, 13:45 - 18:30; za: 07:00 - 12:15, 13:45 - 18:00"
      }
    },
    {
      "type": "Feature",
      "geometry": {
        "type": "Point",
        "coordinates": [
          2.83231,
          50.82075
        ]
      },
      "properties": {
        "type": "pakketpunt",
        "locatieNaam": "Fietsen Decoster",
        "straatNaam": "Dikkebusseweg",
        "straatNr": "516",
        "vervoerder": "GLS",
        "puntType": "parcel_shop",
        "bezettingsgraad": 50,
        "latitude": 50.82075,
        "longitude": 2.83231,
        "canPickup": true,
        "canDropoff": true,
        "openingstijden": "vr: 09:00 - 12:30, 14:00 - 18:30; ma: 09:00 - 12:30, 14:00 - 18:30"
      }
    },
    {
      "type": "Feature",
      "geometry": {
        "type": "Point",
        "coordinates": [
          2.9329305,
          50.8243806
        ]
      },
      "properties": {
        "type": "pakketpunt",
        "locatieNaam": "Frimout",
        "straatNaam": "Wervikstraat",
        "straatNr": "166",
        "vervoerder": "GLS",
        "puntType": "parcel_shop",
        "bezettingsgraad": 50,
        "latitude": 50.8243806,
        "longitude": 2.9329305,
        "canPickup": true,
        "canDropoff": true,
        "openingstijden": "vr: 09:00 - 12:00, 13:30 - 18:30; za: 09:00 - 17:00"
      }
    },
    {
      "type": "Feature",
      "geometry": {
        "type": "Point",
        "coordinates": [
          2.9329627,
          50.8244077
        ]
      },
      "properties": {
        "type": "pakketpunt",
        "locatieNaam": "GLS Parcel Locker powered by bbox",
        "straatNaam": "Wervikstraat",
        "straatNr": "166",
        "vervoerder": "GLS",
        "puntType": "locker",
        "bezettingsgraad": 50,
        "latitude": 50.8244077,
        "longitude": 2.9329627,
        "canPickup": true,
        "canDropoff": true,
        "openingstijden": "vr: 00:00 - 24:00; za: 00:00 - 24:00"
      }
    },
    {
      "type": "Feature",
      "geometry": {
        "type": "Point",
        "coordinates": [
          2.8752687,
          50.8442474
        ]
      },
      "properties": {
        "type": "pakketpunt",
        "locatieNaam": "ViaTim - Tommy Textile",
        "straatNaam": "Dikkebusseweg",
        "straatNr": "56",
        "vervoerder": "GLS",
        "puntType": "parcel_shop",
        "bezettingsgraad": 50,
        "latitude": 50.8442474,
        "longitude": 2.8752687,
        "canPickup": true,
        "canDropoff": true,
        "openingstijden": "vr: 15:00 - 19:00; za: 10:00 - 12:00"
      }
    },
    {
      "type": "Feature",
      "geometry": {
        "type": "Point",
        "coordinates": [
          2.87674,
          50.84785
        ]
      },
      "properties": {
        "type": "pakketpunt",
        "locatieNaam": "GLS Parcel Locker powered by bbox",
        "straatNaam": "Rene Colaertplein",
        "straatNr": "35",
        "vervoerder": "GLS",
        "puntType": "locker",
        "bezettingsgraad": 50,
        "latitude": 50.84785,
        "longitude": 2.87674,
        "canPickup": true,
        "canDropoff": true,
        "openingstijden": "vr: 06:00 - 23:00; za: 06:00 - 23:00"
      }
    },
    {
      "type": "Feature",
      "geometry": {
        "type": "Point",
        "coordinates": [
          2.88221,
          50.84875
        ]
      },
      "properties": {
        "type": "pakketpunt",
        "locatieNaam": "GLS Parcel Locker powered by bbox",
        "straatNaam": "Studentenstraat",
        "straatNr": "10",
        "vervoerder": "GLS",
        "puntType": "locker",
        "bezettingsgraad": 50,
        "latitude": 50.84875,
        "longitude": 2.88221,
        "canPickup": true,
        "canDropoff": true,
        "openingstijden": "vr: 06:00 - 23:00; za: 06:00 - 23:00"
      }
    },
    {
      "type": "Feature",
      "geometry": {
        "type": "Point",
        "coordinates": [
          2.87651,
          50.85074
        ]
      },
      "properties": {
        "type": "pakketpunt",
        "locatieNaam": "Sneldruk Deleye",
        "straatNaam": "Maloulaan",
        "straatNr": "35",
        "vervoerder": "GLS",
        "puntType": "parcel_shop",
        "bezettingsgraad": 50,
        "latitude": 50.85074,
        "longitude": 2.87651,
        "canPickup": true,
        "canDropoff": true,
        "openingstijden": "vr: 08:45 - 11:45, 13:00 - 18:00; za: 09:00 - 12:00, 13:00 - 16:30"
      }
    },
    {
      "type": "Feature",
      "geometry": {
        "type": "Point",
        "coordinates": [
          2.8999757,
          50.8507861
        ]
      },
      "properties": {
        "type": "pakketpunt",
        "locatieNaam": "Ypra Press",
        "straatNaam": "Meenseweg",
        "straatNr": "72",
        "vervoerder": "GLS",
        "puntType": "parcel_shop",
        "bezettingsgraad": 50,
        "latitude": 50.8507861,
        "longitude": 2.8999757,
        "canPickup": true,
        "canDropoff": true,
        "openingstijden": "vr: 06:30 - 18:30; za: 07:00 - 17:00"
      }
    },
    {
      "type": "Feature",
      "geometry": {
        "type": "Point",
        "coordinates": [
          2.8964,
          50.85227
        ]
      },
      "properties": {
        "type": "pakketpunt",
        "locatieNaam": "GLS Parcel Locker powered by bbox",
        "straatNaam": "Meenseweg",
        "straatNr": "30",
        "vervoerder": "GLS",
        "puntType": "locker",
        "bezettingsgraad": 50,
        "latitude": 50.85227,
        "longitude": 2.8964,
        "canPickup": true,
        "canDropoff": true,
        "openingstijden": "vr: 07:30 - 24:00; za: 07:30 - 24:00"
      }
    },
    {
      "type": "Feature",
      "geometry": {
        "type": "Point",
        "coordinates": [
          2.8277446,
          50.8534142
        ]
      },
      "properties": {
        "type": "pakketpunt",
        "locatieNaam": "T'Zonneroosje",
        "straatNaam": "Poperingseweg",
        "straatNr": "166",
        "vervoerder": "GLS",
        "puntType": "parcel_shop",
        "bezettingsgraad": 50,
        "latitude": 50.8534142,
        "longitude": 2.8277446,
        "canPickup": true,
        "canDropoff": true,
        "openingstijden": "za: 05:00 - 12:00; ma: 05:00 - 12:00"
      }
    },
    {
      "type": "Feature",
      "geometry": {
        "type": "Point",
        "coordinates": [
          2.8834784,
          50.8718844
        ]
      },
      "properties": {
        "type": "pakketpunt",
        "locatieNaam": "Devooght Ieper",
        "straatNaam": "Zwaanhofweg",
        "straatNr": "12",
        "vervoerder": "GLS",
        "puntType": "parcel_shop",
        "bezettingsgraad": 50,
        "latitude": 50.8718844,
        "longitude": 2.8834784,
        "canPickup": true,
        "canDropoff": true,
        "openingstijden": "vr: 07:00 - 12:00, 12:45 - 18:00; za: 07:00 - 12:00"
      }
    },
    {
      "type": "Feature",
      "geometry": {
        "type": "Point",
        "coordinates": [
          2.95899,
          50.84429
        ]
      },
      "properties": {
        "type": "pakketpunt",
        "locatieNaam": "TIEPERTJE",
        "straatNaam": "MENENSTRAAT 12",
        "straatNr": "",
        "vervoerder": "InPost",
        "puntType": "servicepunt",
        "bezettingsgraad": 50,
        "latitude": 50.84429,
        "longitude": 2.95899,
        "canPickup": true,
        "canDropoff": true,
        "openingstijden": null
      }
    },
    {
      "type": "Feature",
      "geometry": {
        "type": "Point",
        "coordinates": [
          2.91361,
          50.84908
        ]
      },
      "properties": {
        "type": "pakketpunt",
        "locatieNaam": "YPRA PRESS",
        "straatNaam": "MEENSEWEG 72",
        "straatNr": "",
        "vervoerder": "InPost",
        "puntType": "servicepunt",
        "bezettingsgraad": 50,
        "latitude": 50.84908,
        "longitude": 2.91361,
        "canPickup": true,
        "canDropoff": true,
        "openingstijden": null
      }
    },
    {
      "type": "Feature",
      "geometry": {
        "type": "Point",
        "coordinates": [
          2.82755,
          50.85325
        ]
      },
      "properties": {
        "type": "pakketpunt",
        "locatieNaam": "Zonneroosje",
        "straatNaam": "Poperingseweg",
        "straatNr": "166",
        "vervoerder": "VintedGo",
        "puntType": "parcel_shop",
        "bezettingsgraad": 50,
        "latitude": 50.85325,
        "longitude": 2.82755,
        "canPickup": true,
        "canDropoff": true,
        "openingstijden": null
      }
    },
    {
      "type": "Feature",
      "geometry": {
        "type": "Point",
        "coordinates": [
          2.87639,
          50.86566
        ]
      },
      "properties": {
        "type": "pakketpunt",
        "locatieNaam": "Cb Vape",
        "straatNaam": "Diksmuidseweg",
        "straatNr": "128",
        "vervoerder": "VintedGo",
        "puntType": "parcel_shop",
        "bezettingsgraad": 50,
        "latitude": 50.86566,
        "longitude": 2.87639,
        "canPickup": true,
        "canDropoff": true,
        "openingstijden": null
      }
    },
    {
      "type": "Feature",
      "geometry": {
        "type": "Point",
        "coordinates": [
          2.8734663,
          50.8519797
        ]
      },
      "properties": {
        "type": "pakketpunt",
        "locatieNaam": "Delhaize Ieper",
        "straatNaam": "Haiglaan",
        "straatNr": "31",
        "vervoerder": "VintedGo",
        "puntType": "locker",
        "bezettingsgraad": 50,
        "latitude": 50.8519797,
        "longitude": 2.8734663,
        "canPickup": true,
        "canDropoff": true,
        "openingstijden": null
      }
    },
    {
      "type": "Feature",
      "geometry": {
        "type": "Point",
        "coordinates": [
          2.89998,
          50.85068
        ]
      },
      "properties": {
        "type": "pakketpunt",
        "locatieNaam": "Ypra Press ",
        "straatNaam": "Meenseweg",
        "straatNr": "72",
        "vervoerder": "VintedGo",
        "puntType": "parcel_shop",
        "bezettingsgraad": 50,
        "latitude": 50.85068,
        "longitude": 2.89998,
        "canPickup": true,
        "canDropoff": true,
        "openingstijden": null
      }
    },
    {
      "type": "Feature",
      "geometry": {
        "type": "Point",
        "coordinates": [
          2.8962387,
          50.8521192
        ]
      },
      "properties": {
        "type": "pakketpunt",
        "locatieNaam": "Spar - Ieper",
        "straatNaam": "Meenseweg",
        "straatNr": "30A",
        "vervoerder": "VintedGo",
        "puntType": "locker",
        "bezettingsgraad": 50,
        "latitude": 50.8521192,
        "longitude": 2.8962387,
        "canPickup": true,
        "canDropoff": true,
        "openingstijden": null
      }
    },
    {
      "type": "Feature",
      "geometry": {
        "type": "Point",
        "coordinates": [
          2.83231,
          50.82075
        ]
      },
      "properties": {
        "type": "pakketpunt",
        "locatieNaam": "Fietsen Decoster",
        "straatNaam": "Dikkebusseweg",
        "straatNr": "516",
        "vervoerder": "PostNL",
        "puntType": "servicepunt",
        "bezettingsgraad": 50,
        "latitude": 50.82075,
        "longitude": 2.83231,
        "canPickup": true,
        "canDropoff": true,
        "openingstijden": "09:00 - 12:30, 14:00 - 18:30"
      }
    },
    {
      "type": "Feature",
      "geometry": {
        "type": "Point",
        "coordinates": [
          2.876238,
          50.865956
        ]
      },
      "properties": {
        "type": "pakketpunt",
        "locatieNaam": "CB Vape",
        "straatNaam": "Diksmuidseweg",
        "straatNr": "128B",
        "vervoerder": "PostNL",
        "puntType": "servicepunt",
        "bezettingsgraad": 50,
        "latitude": 50.865956,
        "longitude": 2.876238,
        "canPickup": true,
        "canDropoff": true,
        "openingstijden": "08:30 - 18:30"
      }
    },
    {
      "type": "Feature",
      "geometry": {
        "type": "Point",
        "coordinates": [
          2.87657,
          50.850753
        ]
      },
      "properties": {
        "type": "pakketpunt",
        "locatieNaam": "Copyprint Deleye",
        "straatNaam": "Maloulaan",
        "straatNr": "35",
        "vervoerder": "PostNL",
        "puntType": "servicepunt",
        "bezettingsgraad": 50,
        "latitude": 50.850753,
        "longitude": 2.87657,
        "canPickup": true,
        "canDropoff": true,
        "openingstijden": "07:45 - 11:45, 12:45 - 18:00"
      }
    },
    {
      "type": "Feature",
      "geometry": {
        "type": "Point",
        "coordinates": [
          2.874823,
          50.844321
        ]
      },
      "properties": {
        "type": "pakketpunt",
        "locatieNaam": "Tommy Textile",
        "straatNaam": "Dikkebusseweg",
        "straatNr": "56",
        "vervoerder": "PostNL",
        "puntType": "servicepunt",
        "bezettingsgraad": 50,
        "latitude": 50.844321,
        "longitude": 2.874823,
        "canPickup": true,
        "canDropoff": true,
        "openingstijden": "15:00 - 19:00"
      }
    },
    {
      "type": "Feature",
      "geometry": {
        "type": "Point",
        "coordinates": [
          2.9333405685301,
          50.824431062105
        ]
      },
      "properties": {
        "type": "pakketpunt",
        "locatieNaam": "Dier en Tuin Frimout",
        "straatNaam": "Wervikstraat",
        "straatNr": "166",
        "vervoerder": "PostNL",
        "puntType": "servicepunt",
        "bezettingsgraad": 50,
        "latitude": 50.824431062105,
        "longitude": 2.9333405685301,
        "canPickup": true,
        "canDropoff": true,
        "openingstijden": "09:00 - 12:00, 13:30 - 18:30"
      }
    },
    {
      "type": "Feature",
      "geometry": {
        "type": "Point",
        "coordinates": [
          2.913079,
          50.85855
        ]
      },
      "properties": {
        "type": "pakketpunt",
        "locatieNaam": "Cleanwheelz",
        "straatNaam": "Kruiskalsijdestraat",
        "straatNr": "6Unit 4",
        "vervoerder": "PostNL",
        "puntType": "servicepunt",
        "bezettingsgraad": 50,
        "latitude": 50.85855,
        "longitude": 2.913079,
        "canPickup": true,
        "canDropoff": true,
        "openingstijden": "10:00 - 19:00"
      }
    },
    {
      "type": "Feature",
      "geometry": {
        "type": "Point",
        "coordinates": [
          2.89323,
          50.85277
        ]
      },
      "properties": {
        "type": "pakketpunt",
        "locatieNaam": "Dagbladhandel Depuydt",
        "straatNaam": "Frenchlaan",
        "straatNr": "23",
        "vervoerder": "PostNL",
        "puntType": "servicepunt",
        "bezettingsgraad": 50,
        "latitude": 50.85277,
        "longitude": 2.89323,
        "canPickup": true,
        "canDropoff": true,
        "openingstijden": "06:00 - 12:00, 13:00 - 18:30"
      }
    },
    {
      "type": "Feature",
      "geometry": {
        "type": "Point",
        "coordinates": [
          2.87639,
          50.86566
        ]
      },
      "properties": {
        "type": "pakketpunt",
        "locatieNaam": "CB-VAPE",
        "straatNaam": "DIKSMUIDSEWEG",
        "straatNr": "128",
        "vervoerder": "DPD",
        "puntType": "pickup_point",
        "bezettingsgraad": 50,
        "latitude": 50.86566,
        "longitude": 2.87639,
        "canPickup": true,
        "canDropoff": true,
        "openingstijden": {
          "ma": "08:30 - 18:30",
          "di": "08:30 - 18:30",
          "wo": "08:30 - 18:30",
          "do": "08:30 - 18:00",
          "vr": "08:30 - 18:30",
          "za": "09:00 - 12:00",
          "zo": "gesloten"
        }
      }
    },
    {
      "type": "Feature",
      "geometry": {
        "type": "Point",
        "coordinates": [
          2.893096,
          50.852905
        ]
      },
      "properties": {
        "type": "pakketpunt",
        "locatieNaam": "DAGBLADHANDEL DEPUYDT",
        "straatNaam": "FRENCHLAAN",
        "straatNr": "23",
        "vervoerder": "DPD",
        "puntType": "pickup_point",
        "bezettingsgraad": 50,
        "latitude": 50.852905,
        "longitude": 2.893096,
        "canPickup": true,
        "canDropoff": false,
        "openingstijden": {
          "ma": "06:00 - 12:00, 13:00 - 18:30",
          "di": "06:00 - 12:00, 13:00 - 18:30",
          "wo": "06:00 - 12:00, 13:00 - 18:30",
          "do": "06:00 - 12:00, 13:00 - 18:30",
          "vr": "06:00 - 12:00, 13:00 - 18:30",
          "za": "06:00 - 12:00, 13:00 - 17:00",
          "zo": "gesloten"
        }
      }
    },
    {
      "type": "Feature",
      "geometry": {
        "type": "Point",
        "coordinates": [
          2.93345,
          50.82429
        ]
      },
      "properties": {
        "type": "pakketpunt",
        "locatieNaam": "FRIMOUT",
        "straatNaam": "WERVIKSTRAAT",
        "straatNr": "166",
        "vervoerder": "DPD",
        "puntType": "pickup_point",
        "bezettingsgraad": 50,
        "latitude": 50.82429,
        "longitude": 2.93345,
        "canPickup": true,
        "canDropoff": false,
        "openingstijden": {
          "ma": "09:00 - 12:00, 13:30 - 18:30",
          "di": "09:00 - 12:00, 13:30 - 18:30",
          "wo": "09:00 - 12:00",
          "do": "09:00 - 12:00, 13:30 - 18:30",
          "vr": "09:00 - 12:00, 13:30 - 18:30",
          "za": "09:00 - 17:00",
          "zo": "gesloten"
        }
      }
    },
    {
      "type": "Feature",
      "geometry": {
        "type": "Point",
        "coordinates": [
          2.887002,
          50.841767
        ]
      },
      "properties": {
        "type": "pakketpunt",
        "locatieNaam": "bpost - BBOX 24/7 LIDL IEPER",
        "straatNaam": "RIJSELSEPOORT,5",
        "straatNr": "",
        "vervoerder": "Amazon",
        "puntType": "3p",
        "bezettingsgraad": 50,
        "latitude": 50.841767,
        "longitude": 2.887002,
        "canPickup": true,
        "canDropoff": false,
        "openingstijden": null
      }
    },
    {
      "type": "Feature",
      "geometry": {
        "type": "Point",
        "coordinates": [
          2.8763365,
          50.8483734
        ]
      },
      "properties": {
        "type": "pakketpunt",
        "locatieNaam": "bpost - BBOX 24/7 NMBS IEPER",
        "straatNaam": "COLAERTPLEIN,35",
        "straatNr": "",
        "vervoerder": "Amazon",
        "puntType": "3p",
        "bezettingsgraad": 50,
        "latitude": 50.8483734,
        "longitude": 2.8763365,
        "canPickup": true,
        "canDropoff": false,
        "openingstijden": null
      }
    },
    {
      "type": "Feature",
      "geometry": {
        "type": "Point",
        "coordinates": [
          2.882031,
          50.848685
        ]
      },
      "properties": {
        "type": "pakketpunt",
        "locatieNaam": "bpost - IEPER ESPLANADE",
        "straatNaam": "STUDENTENSTRAAT,10",
        "straatNr": "",
        "vervoerder": "Amazon",
        "puntType": "3p",
        "bezettingsgraad": 50,
        "latitude": 50.848685,
        "longitude": 2.882031,
        "canPickup": true,
        "canDropoff": false,
        "openingstijden": null
      }
    },
    {
      "type": "Feature",
      "geometry": {
        "type": "Point",
        "coordinates": [
          2.8816,
          50.84791
        ]
      },
      "properties": {
        "type": "pakketpunt",
        "locatieNaam": "bpost - BBOX BPOST IEPER",
        "straatNaam": "STUDENTENSTRAAT,10",
        "straatNr": "",
        "vervoerder": "Amazon",
        "puntType": "3p",
        "bezettingsgraad": 50,
        "latitude": 50.84791,
        "longitude": 2.8816,
        "canPickup": true,
        "canDropoff": false,
        "openingstijden": null
      }
    },
    {
      "type": "Feature",
      "geometry": {
        "type": "Point",
        "coordinates": [
          2.873247,
          50.852168
        ]
      },
      "properties": {
        "type": "pakketpunt",
        "locatieNaam": "bpost - BBOX 24/7 DELHAIZE IEPER",
        "straatNaam": "HAIGLAAN,31",
        "straatNr": "",
        "vervoerder": "Amazon",
        "puntType": "3p",
        "bezettingsgraad": 50,
        "latitude": 50.852168,
        "longitude": 2.873247,
        "canPickup": true,
        "canDropoff": false,
        "openingstijden": null
      }
    },
    {
      "type": "Feature",
      "geometry": {
        "type": "Point",
        "coordinates": [
          2.827454,
          50.853188
        ]
      },
      "properties": {
        "type": "pakketpunt",
        "locatieNaam": "bpost - T ZONNEROOSJE",
        "straatNaam": "POPERINGSEWEG,166",
        "straatNr": "",
        "vervoerder": "Amazon",
        "puntType": "3p",
        "bezettingsgraad": 50,
        "latitude": 50.853188,
        "longitude": 2.827454,
        "canPickup": true,
        "canDropoff": false,
        "openingstijden": null
      }
    },
    {
      "type": "Feature",
      "geometry": {
        "type": "Point",
        "coordinates": [
          2.8962545,
          50.8524169
        ]
      },
      "properties": {
        "type": "pakketpunt",
        "locatieNaam": "bpost - BBOX SPAR IEPER",
        "straatNaam": "MEENSEWEG,30A",
        "straatNr": "",
        "vervoerder": "Amazon",
        "puntType": "3p",
        "bezettingsgraad": 50,
        "latitude": 50.8524169,
        "longitude": 2.8962545,
        "canPickup": true,
        "canDropoff": false,
        "openingstijden": null
      }
    },
    {
      "type": "Feature",
      "geometry": {
        "type": "Point",
        "coordinates": [
          2.933209,
          50.824543
        ]
      },
      "properties": {
        "type": "pakketpunt",
        "locatieNaam": "bpost - BBOX 24/7 DIER EN TUIN FRIMOUT",
        "straatNaam": "WERVIKSTRAAT,166",
        "straatNr": "",
        "vervoerder": "Amazon",
        "puntType": "3p",
        "bezettingsgraad": 50,
        "latitude": 50.824543,
        "longitude": 2.933209,
        "canPickup": true,
        "canDropoff": false,
        "openingstijden": null
      }
    },
    {
      "type": "Feature",
      "geometry": {
        "type": "Point",
        "coordinates": [
          2.883182,
          50.8732
        ]
      },
      "properties": {
        "type": "pakketpunt",
        "locatieNaam": "bpost - BBOX 24/7 DEVOOGHT IEPER",
        "straatNaam": "ZWAANHOFWEG,12",
        "straatNr": "",
        "vervoerder": "Amazon",
        "puntType": "3p",
        "bezettingsgraad": 50,
        "latitude": 50.8732,
        "longitude": 2.883182,
        "canPickup": true,
        "canDropoff": false,
        "openingstijden": null
      }
    },
    {
      "type": "Feature",
      "geometry": {
        "type": "Point",
        "coordinates": [
          2.839615,
          50.913447
        ]
      },
      "properties": {
        "type": "pakketpunt",
        "locatieNaam": "bpost - GARAGE VANDERJEUGT BOEZING",
        "straatNaam": "DIKSMUIDSEWEG,505A",
        "straatNr": "",
        "vervoerder": "Amazon",
        "puntType": "3p",
        "bezettingsgraad": 50,
        "latitude": 50.913447,
        "longitude": 2.839615,
        "canPickup": true,
        "canDropoff": false,
        "openingstijden": null
      }
    },
    {
      "type": "Feature",
      "geometry": {
        "type": "Point",
        "coordinates": [
          2.8752043,
          50.8440984
        ]
      },
      "properties": {
        "type": "pakketpunt",
        "locatieNaam": "ViaTim en Tommy Textile",
        "straatNaam": "Dikkebusseweg",
        "straatNr": "56",
        "vervoerder": "ViaTim",
        "puntType": "servicepunt",
        "bezettingsgraad": 50,
        "latitude": 50.8440984,
        "longitude": 2.8752043,
        "canPickup": true,
        "canDropoff": true,
        "openingstijden": {
          "ma": "gesloten",
          "di": "14:00 - 18:00",
          "wo": "14:00 - 18:00",
          "do": "14:00 - 18:00",
          "vr": "15:00 - 19:00",
          "za": "10:00 - 12:00",
          "zo": "gesloten"
        }
      }
    },
    {
      "type": "Feature",
      "geometry": {
        "type": "Point",
        "coordinates": [
          2.8763914,
          50.8656649
        ]
      },
      "properties": {
        "type": "pakketpunt",
        "locatieNaam": "ViaTim en CB-Vape",
        "straatNaam": "Diksmuidseweg",
        "straatNr": "128",
        "vervoerder": "ViaTim",
        "puntType": "servicepunt",
        "bezettingsgraad": 50,
        "latitude": 50.8656649,
        "longitude": 2.8763914,
        "canPickup": true,
        "canDropoff": true,
        "openingstijden": {
          "ma": "08:30 - 18:00",
          "di": "08:30 - 18:00",
          "wo": "08:30 - 18:00",
          "do": "08:30 - 18:00",
          "vr": "08:30 - 18:00",
          "za": "09:00 - 17:00",
          "zo": "gesloten"
        }
      }
    },
    {
      "type": "Feature",
      "geometry": {
        "type": "MultiPolygon",
        "coordinates": [
          [
            [
              [
                2.8361051417173373,
                50.819527806637645
              ],
              [
                2.835897746783256,
                50.81929805625988
              ],
              [
                2.8356558030758725,
                50.819082288979004
              ],
              [
                2.835381640872226,
                50.81888258254844
              ],
              [
                2.8350779005998006,
                50.81870086003686
              ],
              [
                2.834747507404107,
                50.81853887131633
              ],
              [
                2.8343936429794385,
                50.81839817621813
              ],
              [
                2.834019714934062,
                50.81828012951899
              ],
              [
                2.833629323984599,
                50.818185867901086
              ],
              [
                2.833226229295097,
                50.81811629901192
              ],
              [
                2.832814312293992,
                50.81807209272863
              ],
              [
                2.8323975393166316,
                50.818053674710924
              ],
              [
                2.8319799234323075,
                50.81806122230446
              ],
              [
                2.83156548582241,
                50.81809466283407
              ],
              [
                2.831158217080686,
                50.81815367430319
              ],
              [
                2.8307620388072716,
                50.81823768849279
              ],
              [
                2.83038076586537,
                50.81834589642999
              ],
              [
                2.830018069663182,
                50.81847725617403
              ],
              [
                2.8296774428138574,
                50.818630502844435
              ],
              [
                2.8293621655131544,
                50.81880416079542
              ],
              [
                2.8290752739580918,
                50.818996557819396
              ],
              [
                2.8288195311103794,
                50.81920584124295
              ],
              [
                2.8285974000861005,
                50.81942999576091
              ],
              [
                2.8284110204279185,
                50.81966686283678
              ],
              [
                2.8282621874886087,
                50.819914161483176
              ],
              [
                2.828152335124894,
                50.820169510222435
              ],
              [
                2.8280825218688688,
                50.820430450015884
              ],
              [
                2.8280534207109373,
                50.82069446794168
              ],
              [
                2.828065312593558,
                50.82095902139281
              ],
              [
                2.8281180836793784,
                50.82122156256265
              ],
              [
                2.8282112264211197,
                50.82147956298221
              ],
              [
                2.8283438444238964,
                50.82173053787275
              ],
              [
                2.8285146610541294,
                50.82197207007916
              ],
              [
                2.8287220317130797,
                50.82220183335344
              ],
              [
                2.828963959657594,
                50.82241761476396
              ],
              [
                2.829238115216391,
                50.822617336014325
              ],
              [
                2.829541858217344,
                50.82279907346629
              ],
              [
                2.829872263410087,
                50.82296107667369
              ],
              [
                2.8302261486392877,
                50.823101785248504
              ],
              [
                2.8306001054971723,
                50.823219843896105
              ],
              [
                2.8309905321598694,
                50.82331411547514
              ],
              [
                2.831393668090893,
                50.82338369195531
              ],
              [
                2.8318056302769183,
                50.82342790316776
              ],
              [
                2.832222450646166,
                50.823446323263376
              ],
              [
                2.832640114308103,
                50.823438774816594
              ],
              [
                2.83305459824527,
                50.82340533053543
              ],
              [
                2.83346191008359,
                50.823346312560574
              ],
              [
                2.8338581265667475,
                50.823262289361104
              ],
              [
                2.8342394313631623,
                50.823154070256116
              ],
              [
                2.8346021518404814,
                50.82302269761555
              ],
              [
                2.8349427944526755,
                50.82286943681551
              ],
              [
                2.8352580783982266,
                50.822695764044745
              ],
              [
                2.835544967224762,
                50.82250335208037
              ],
              [
                2.835800698075424,
                50.822294054169944
              ],
              [
                2.836022808295171,
                50.82206988617538
              ],
              [
                2.836209159140845,
                50.82183300715105
              ],
              [
                2.8363579563669217,
                50.821585698543515
              ],
              [
                2.8364677674891148,
                50.82133034221326
              ],
              [
                2.836537535560219,
                50.821069397490646
              ],
              [
                2.8365665893262624,
                50.82080537748696
              ],
              [
                2.8365546496660294,
                50.82054082488906
              ],
              [
                2.8365018322529405,
                50.82027828747078
              ],
              [
                2.8364086464146037,
                50.82002029355694
              ],
              [
                2.8362759902020835,
                50.819769327676276
              ],
              [
                2.8361051417173373,
                50.819527806637645
              ]
            ]
          ],
          [
            [
              [
                2.878792503208829,
                50.842645152855184
              ],
              [
                2.878550242522886,
                50.842429475522806
              ],
              [
                2.878275762002077,
                50.84222987072548
              ],
              [
                2.87797170513876,
                50.84204826055307
              ],
              [
                2.8776410001265544,
                50.84188639379567
              ],
              [
                2.877286831661774,
                50.841745829110046
              ],
              [
                2.876912610279742,
                50.841627920017054
              ],
              [
                2.8765219395210266,
                50.84153380187378
              ],
              [
                2.8761185812433494,
                50.84146438094615
              ],
              [
                2.8757064194126505,
                50.84142032568654
              ],
              [
                2.875289422721214,
                50.84140206030045
              ],
              [
                2.8748716063920288,
                50.84140976066387
              ],
              [
                2.8744569935362447,
                50.84144335263059
              ],
              [
                2.8740495764348575,
                50.84150251274588
              ],
              [
                2.87365327811652,
                50.84158667135943
              ],
              [
                2.873271914600466,
                50.84169501810768
              ],
              [
                2.8729091581673143,
                50.841826509713236
              ],
              [
                2.8725685020106115,
                50.84197988002586
              ],
              [
                2.87225322660889,
                50.84215365220919
              ],
              [
                2.8721495448884986,
                50.842223229671895
              ],
              [
                2.8718719284092384,
                50.84237624273402
              ],
              [
                2.8715850670224445,
                50.84256874253584
              ],
              [
                2.8713293852246875,
                50.84277811732873
              ],
              [
                2.8711073455450418,
                50.843002350927556
              ],
              [
                2.8709210866474835,
                50.84323928403414
              ],
              [
                2.870772402722843,
                50.84348663502511
              ],
              [
                2.8706627261937934,
                50.84374202191847
              ],
              [
                2.8705931139000396,
                50.84400298530796
              ],
              [
                2.8705642368975233,
                50.844267012044234
              ],
              [
                2.8705763739707555,
                50.84453155943521
              ],
              [
                2.870629408921709,
                50.84479407973239
              ],
              [
                2.8707228316624125,
                50.84505204466753
              ],
              [
                2.870855743101715,
                50.84530296980339
              ],
              [
                2.87102686378016,
                50.84554443846381
              ],
              [
                2.871234546170728,
                50.84577412501258
              ],
              [
                2.8714767905277894,
                50.845989817256836
              ],
              [
                2.8717512641323193,
                50.84618943775876
              ],
              [
                2.8720553237485507,
                50.84637106385034
              ],
              [
                2.872386041076111,
                50.84653294615784
              ],
              [
                2.8727402309527013,
                50.84667352545757
              ],
              [
                2.8728781345276295,
                50.84671697750747
              ],
              [
                2.872837749609661,
                50.84676834886759
              ],
              [
                2.872735194537266,
                50.8469389603455
              ],
              [
                2.87262048277374,
                50.84705480035561
              ],
              [
                2.872434215445849,
                50.84729173559931
              ],
              [
                2.8722855266654013,
                50.84753908823078
              ],
              [
                2.8721758489019416,
                50.847794476252254
              ],
              [
                2.872106239007181,
                50.84805544024657
              ],
              [
                2.8720773680140783,
                50.84831946705857
              ],
              [
                2.8720895146493923,
                50.84858401399545
              ],
              [
                2.8721425626231256,
                50.848846533313036
              ],
              [
                2.8722360017219972,
                50.84910449675253
              ],
              [
                2.872368932697413,
                50.849355419891104
              ],
              [
                2.872381811947909,
                50.84937359133878
              ],
              [
                2.8723114788071262,
                50.84938380131178
              ],
              [
                2.871915110930851,
                50.84946795386772
              ],
              [
                2.871533679466269,
                50.849576294726646
              ],
              [
                2.8711708573482038,
                50.84970778066788
              ],
              [
                2.8708301384026376,
                50.849861145595725
              ],
              [
                2.8705148037126875,
                50.850034912725675
              ],
              [
                2.8702278900286897,
                50.85022740879874
              ],
              [
                2.869972160526286,
                50.85043678018766
              ],
              [
                2.8699263700926925,
                50.85048301376642
              ],
              [
                2.8697528537275065,
                50.850625073735834
              ],
              [
                2.8695307694593986,
                50.850849303861246
              ],
              [
                2.8693444715203182,
                50.85108623394759
              ],
              [
                2.8691957544772015,
                50.85133358240058
              ],
              [
                2.869086051071823,
                50.85158896726267
              ],
              [
                2.869016418402906,
                50.85184992914718
              ],
              [
                2.868987527722823,
                50.8521139549193
              ],
              [
                2.868999657948033,
                50.852378501896204
              ],
              [
                2.8690526929466893,
                50.8526410223334
              ],
              [
                2.869146122630592,
                50.852898987961304
              ],
              [
                2.8692790478419434,
                50.85314991433603
              ],
              [
                2.8694501889888553,
                50.85339138476945
              ],
              [
                2.869657898347363,
                50.85362107360831
              ],
              [
                2.869900175912259,
                50.85383676863766
              ],
              [
                2.8701746886448163,
                50.85403639239287
              ],
              [
                2.8701760854676754,
                50.85403722666642
              ],
              [
                2.8701776886333357,
                50.85403839247039
              ],
              [
                2.8704817929455553,
                50.854220022244235
              ],
              [
                2.8708125600822116,
                50.85438190863461
              ],
              [
                2.8711668044012857,
                50.854522492378486
              ],
              [
                2.8715411140356872,
                50.854640419383585
              ],
              [
                2.871931883762952,
                50.854734553776375
              ],
              [
                2.8723353497415,
                50.854803988847905
              ],
              [
                2.8727476257782887,
                50.85484805579134
              ],
              [
                2.873164740777863,
                50.85486633014715
              ],
              [
                2.873582677011221,
                50.85485863589361
              ],
              [
                2.8739974088350144,
                50.85482504714311
              ],
              [
                2.874404941487182,
                50.854765887427945
              ],
              [
                2.874801349584353,
                50.85468172658243
              ],
              [
                2.8751828149493193,
                50.854573375251505
              ],
              [
                2.875545663403321,
                50.85444187707872
              ],
              [
                2.875886400168032,
                50.85428849864924
              ],
              [
                2.87620174353561,
                50.85411471728481
              ],
              [
                2.8764886564820404,
                50.853922206808434
              ],
              [
                2.8767443759189915,
                50.85371282141644
              ],
              [
                2.876813495673335,
                50.853643023319755
              ],
              [
                2.8769606688707103,
                50.85352251505497
              ],
              [
                2.8770527993919015,
                50.85342947932421
              ],
              [
                2.8773175738431713,
                50.85340802703702
              ],
              [
                2.8777250900294353,
                50.853348855763734
              ],
              [
                2.878121480230001,
                50.85326468366515
              ],
              [
                2.8785029264400865,
                50.853156321494545
              ],
              [
                2.878865754665476,
                50.85302481299988
              ],
              [
                2.8792064703227314,
                50.85287142486578
              ],
              [
                2.879521791907359,
                50.852697634507386
              ],
              [
                2.8798086826051916,
                50.85250511583437
              ],
              [
                2.880064379542223,
                50.85229572312198
              ],
              [
                2.880286420391035,
                50.85207147314506
              ],
              [
                2.8804726670776737,
                50.851834525747485
              ],
              [
                2.8806213263609077,
                50.85158716303412
              ],
              [
                2.880730967086122,
                50.85133176738643
              ],
              [
                2.880744995602731,
                50.851279141905074
              ],
              [
                2.8808924685421284,
                50.851314656892725
              ],
              [
                2.881295918398978,
                50.851384061210375
              ],
              [
                2.8817081728366007,
                50.85142809670298
              ],
              [
                2.8821252609675927,
                50.85144633921397
              ],
              [
                2.8825431653217866,
                50.85143861302834
              ],
              [
                2.8829578605629593,
                50.851404992566074
              ],
              [
                2.8833653522814995,
                50.85134580166491
              ],
              [
                2.8837617154884105,
                50.85126161045957
              ],
              [
                2.8841431324389855,
                50.85115322988734
              ],
              [
                2.8845059294209103,
                50.851021703873506
              ],
              [
                2.8848466121517595,
                50.85086829927132
              ],
              [
                2.8851618994442556,
                50.85069449365461
              ],
              [
                2.8854487548145964,
                50.85050196107994
              ],
              [
                2.8857044157290996,
                50.85029255595646
              ],
              [
                2.8859264202073507,
                50.85006829517852
              ],
              [
                2.886112630525732,
                50.84983133869399
              ],
              [
                2.886261253793307,
                50.84958396869526
              ],
              [
                2.886370859202337,
                50.84932856763389
              ],
              [
                2.8864403917879233,
                50.849067595270746
              ],
              [
                2.886469182565027,
                50.848803564983086
              ],
              [
                2.8864569549461034,
                50.84853901955652
              ],
              [
                2.8864038273785373,
                50.84827650669551
              ],
              [
                2.8863103121774554,
                50.848018554488114
              ],
              [
                2.886177310566202,
                50.847767647061104
              ],
              [
                2.886006103973209,
                50.847526200660155
              ],
              [
                2.8857983416699984,
                50.847296540385074
              ],
              [
                2.885716657671104,
                50.8472238416924
              ],
              [
                2.885700248399923,
                50.84717857564365
              ],
              [
                2.885567252421495,
                50.84692766746629
              ],
              [
                2.885396052021165,
                50.846686220118514
              ],
              [
                2.885188296410808,
                50.846456558709235
              ],
              [
                2.8849459867395826,
                50.84624089481748
              ],
              [
                2.8846714568083573,
                50.846041305200814
              ],
              [
                2.8843673505852374,
                50.84585971180292
              ],
              [
                2.884036596739077,
                50.84569786325232
              ],
              [
                2.883682380436346,
                50.84555731803052
              ],
              [
                2.8833081126729176,
                50.84543942947084
              ],
              [
                2.8829173974358753,
                50.8453453327327
              ],
              [
                2.8825139970111295,
                50.84527593387587
              ],
              [
                2.882101795770362,
                50.84523190114024
              ],
              [
                2.881684762785253,
                50.84521365851438
              ],
              [
                2.881266913628193,
                50.845221381655136
              ],
              [
                2.880852271726377,
                50.845254996197006
              ],
              [
                2.880444829640451,
                50.845314178467866
              ],
              [
                2.880048510639635,
                50.84539835860405
              ],
              [
                2.879667130942327,
                50.84550672603481
              ],
              [
                2.879304362984997,
                50.845638237283545
              ],
              [
                2.879238227478769,
                50.84566801597083
              ],
              [
                2.879176822325219,
                50.84563796418515
              ],
              [
                2.8789871128689954,
                50.84556268084631
              ],
              [
                2.8791707970563203,
                50.84532897100953
              ],
              [
                2.8793194426173936,
                50.8450816094987
              ],
              [
                2.8794290752426894,
                50.84482621460604
              ],
              [
                2.879498639705023,
                50.84456524603309
              ],
              [
                2.8795274667121977,
                50.84430121712064
              ],
              [
                2.879515279327604,
                50.84403667064105
              ],
              [
                2.8794621956110253,
                50.84377415430901
              ],
              [
                2.879368727455182,
                50.84351619624601
              ],
              [
                2.879335755989028,
                50.84345397054672
              ],
              [
                2.8793043154622064,
                50.84336719846751
              ],
              [
                2.879171364402466,
                50.84311628277344
              ],
              [
                2.879000210730718,
                50.84287482583555
              ],
              [
                2.878792503208829,
                50.842645152855184
              ]
            ]
          ],
          [
            [
              [
                2.8291651499743278,
                50.850718222312004
              ],
              [
                2.8287744993500956,
                50.85062394536245
              ],
              [
                2.828371133669644,
                50.850554360395094
              ],
              [
                2.827958936970425,
                50.85051013744188
              ],
              [
                2.8275418782805644,
                50.85049170232302
              ],
              [
                2.8271239734199907,
                50.8504992325488
              ],
              [
                2.8267092463521406,
                50.85053265561132
              ],
              [
                2.826301690457454,
                50.85059164968221
              ],
              [
                2.825905230100613,
                50.850675646709966
              ],
              [
                2.8255236828606214,
                50.85078383788705
              ],
              [
                2.825160722786623,
                50.85091518143406
              ],
              [
                2.8248198450324358,
                50.85106841262656
              ],
              [
                2.8248178430802358,
                50.85106951441315
              ],
              [
                2.8248158451007317,
                50.85107041253792
              ],
              [
                2.8245003322498667,
                50.85124405586839
              ],
              [
                2.8242132227951373,
                50.851436439281755
              ],
              [
                2.8239572817967136,
                50.85164571023575
              ],
              [
                2.823734974279127,
                50.85186985354535
              ],
              [
                2.823548441485102,
                50.85210671078205
              ],
              [
                2.8233994802426956,
                50.85235400105329
              ],
              [
                2.8232895256449093,
                50.852609342962076
              ],
              [
                2.8232196372091813,
                50.852870277535615
              ],
              [
                2.8231904886508077,
                50.85313429190235
              ],
              [
                2.8232023613696664,
                50.85339884348957
              ],
              [
                2.823255141713918,
                50.85366138450865
              ],
              [
                2.8233483220480653,
                50.853919386492066
              ],
              [
                2.8234810056160824,
                50.854170364645995
              ],
              [
                2.823651915153776,
                50.854411901783934
              ],
              [
                2.823859405168358,
                50.85464167161032
              ],
              [
                2.824101477767776,
                50.85485746113045
              ],
              [
                2.824336566550985,
                50.85502862551601
              ],
              [
                2.824396072246113,
                50.8550816694354
              ],
              [
                2.824670398926934,
                50.85528139957323
              ],
              [
                2.8249743353619103,
                50.85546314722639
              ],
              [
                2.825304954437832,
                50.8556251618504
              ],
              [
                2.825659071939395,
                50.85576588294724
              ],
              [
                2.8260332772215766,
                50.85588395510167
              ],
              [
                2.8264239660675354,
                50.855978241042166
              ],
              [
                2.826827375415157,
                50.85604783260008
              ],
              [
                2.8272396196171843,
                50.856092059461304
              ],
              [
                2.827656727884992,
                50.85611049562596
              ],
              [
                2.8280746825544885,
                50.856102963513734
              ],
              [
                2.8284894578046913,
                50.856069535675296
              ],
              [
                2.8288970584550706,
                50.85601053409296
              ],
              [
                2.8292935584669947,
                50.855926527077926
              ],
              [
                2.8296751387775285,
                50.85581832379343
              ],
              [
                2.8300381241002657,
                50.85568696645711
              ],
              [
                2.8303790183380126,
                50.855533720297665
              ],
              [
                2.830694538265565,
                50.85536006136287
              ],
              [
                2.8309816451576952,
                50.855167662296694
              ],
              [
                2.8312375740574267,
                50.8549583762225
              ],
              [
                2.8314598604025543,
                50.85473421888825
              ],
              [
                2.831646363754077,
                50.85449734924574
              ],
              [
                2.831795288398264,
                50.85425004865118
              ],
              [
                2.8319052006243837,
                50.85399469888798
              ],
              [
                2.8319750425123265,
                50.853733759223296
              ],
              [
                2.8320041420981004,
                50.85346974271974
              ],
              [
                2.831992219820158,
                50.85320519203049
              ],
              [
                2.831939391185481,
                50.85294265491104
              ],
              [
                2.8318461656306955,
                50.85268465968332
              ],
              [
                2.831713441590257,
                50.85243369088874
              ],
              [
                2.8315424978201587,
                50.85219216536421
              ],
              [
                2.8313349810616417,
                50.85196240897175
              ],
              [
                2.831092890164534,
                50.85174663420527
              ],
              [
                2.831036199354721,
                50.851705363355485
              ],
              [
                2.8308982853718496,
                50.85158243968371
              ],
              [
                2.830623953816281,
                50.85138272390439
              ],
              [
                2.8305632813331005,
                50.85134644553879
              ],
              [
                2.8305279535753862,
                50.85132072638789
              ],
              [
                2.830224022453017,
                50.85113899291407
              ],
              [
                2.829893417977639,
                50.85097699195128
              ],
              [
                2.8295393238781337,
                50.850836283448686
              ],
              [
                2.8291651499743278,
                50.850718222312004
              ]
            ]
          ],
          [
            [
              [
                2.821333153575016,
                50.88418852846867
              ],
              [
                2.821090942530587,
                50.88397273503632
              ],
              [
                2.8208164635032573,
                50.883772998158186
              ],
              [
                2.820512359972229,
                50.88359124119612
              ],
              [
                2.820181560581553,
                50.8834292143538
              ],
              [
                2.819827250937187,
                50.88328847782958
              ],
              [
                2.8194528429345227,
                50.88317038679898
              ],
              [
                2.819061941911503,
                50.883076078371005
              ],
              [
                2.818658311943221,
                50.88300646064385
              ],
              [
                2.8182458396116354,
                50.882962203964844
              ],
              [
                2.817828496598522,
                50.88294373447896
              ],
              [
                2.817410301461076,
                50.882951230027366
              ],
              [
                2.816995280957299,
                50.8829846184361
              ],
              [
                2.81658743129261,
                50.88304357821046
              ],
              [
                2.8161906796599188,
                50.88312754162922
              ],
              [
                2.8158088464425064,
                50.88323570020849
              ],
              [
                2.815806926833623,
                50.88323639416119
              ],
              [
                2.815805846554953,
                50.88323670015984
              ],
              [
                2.8154426085391915,
                50.88336801242483
              ],
              [
                2.8151014635700267,
                50.883521213962176
              ],
              [
                2.814785696832111,
                50.88369482956083
              ],
              [
                2.8144983492354765,
                50.883887187421124
              ],
              [
                2.8142421881336017,
                50.884096435246924
              ],
              [
                2.8140196806708,
                50.88432055807601
              ],
              [
                2.8138329700156284,
                50.88455739767719
              ],
              [
                2.813683854709472,
                50.88480467332779
              ],
              [
                2.8135737713296427,
                50.88506000377171
              ],
              [
                2.8135037806345515,
                50.88532093014664
              ],
              [
                2.813474557325147,
                50.885584939660056
              ],
              [
                2.8134863835221213,
                50.885849489786054
              ],
              [
                2.813539146022627,
                50.88611203275013
              ],
              [
                2.813632337363982,
                50.886370040066055
              ],
              [
                2.813765060685092,
                50.88662102688869
              ],
              [
                2.8139360383397913,
                50.886862575948044
              ],
              [
                2.8141436241800566,
                50.887092360833826
              ],
              [
                2.814385819391622,
                50.8873081684062
              ],
              [
                2.814660291730163,
                50.88750792011675
              ],
              [
                2.8149643979733243,
                50.88768969203383
              ],
              [
                2.8152952093726813,
                50.887851733379264
              ],
              [
                2.8156495398606944,
                50.88799248339758
              ],
              [
                2.816023976740921,
                50.88811058639496
              ],
              [
                2.8164149135656813,
                50.88820490480277
              ],
              [
                2.8168185848841087,
                50.88827453013963
              ],
              [
                2.8172311025252994,
                50.88831879176603
              ],
              [
                2.8176484930664283,
                50.88833726334723
              ],
              [
                2.8180667361240443,
                50.88832976696175
              ],
              [
                2.8184818030988747,
                50.88829637481612
              ],
              [
                2.8188896959999563,
                50.88823740854891
              ],
              [
                2.819286485973189,
                50.88815343613117
              ],
              [
                2.819668351162284,
                50.88804526639292
              ],
              [
                2.8196702709106582,
                50.88804457237806
              ],
              [
                2.819671351274735,
                50.88804426634427
              ],
              [
                2.820034613632857,
                50.88791294117075
              ],
              [
                2.820375774409209,
                50.88775972549072
              ],
              [
                2.820691547811186,
                50.887586095058474
              ],
              [
                2.8209788926721475,
                50.8873937222435
              ],
              [
                2.8212350417432153,
                50.88718445991638
              ],
              [
                2.8214575283418704,
                50.88696032359646
              ],
              [
                2.8216442101008066,
                50.886723472033225
              ],
              [
                2.8217932895885522,
                50.88647618640885
              ],
              [
                2.8219033316037314,
                50.88622084836263
              ],
              [
                2.821973276977017,
                50.885959917048964
              ],
              [
                2.8220024527486287,
                50.885695905450106
              ],
              [
                2.8219905786242214,
                50.88543135617206
              ],
              [
                2.8219377696479877,
                50.8851688169568
              ],
              [
                2.821844535068195,
                50.88491081614648
              ],
              [
                2.82171177340715,
                50.88465983833628
              ],
              [
                2.8215407637840193,
                50.88441830045
              ],
              [
                2.821333153575016,
                50.88418852846867
              ]
            ]
          ],
          [
            [
              [
                2.8432096054735956,
                50.91199487074005
              ],
              [
                2.8429671504013454,
                50.911779124217865
              ],
              [
                2.8426924157182865,
                50.91157944013147
              ],
              [
                2.842388047365437,
                50.91139774133421
              ],
              [
                2.8420569765367727,
                50.91123577746961
              ],
              [
                2.8417023914517485,
                50.91109510812951
              ],
              [
                2.841327706657677,
                50.9109770878424
              ],
              [
                2.8409365301573346,
                50.910882853036064
              ],
              [
                2.8405326286779315,
                50.9108133110997
              ],
              [
                2.840119891415313,
                50.91076913165089
              ],
              [
                2.839702292601779,
                50.91075074009087
              ],
              [
                2.8392838532571565,
                50.910758313510534
              ],
              [
                2.8388686024904994,
                50.91079177898604
              ],
              [
                2.838460538724094,
                50.91085081428066
              ],
              [
                2.838063591212207,
                50.91093485094598
              ],
              [
                2.837681582224135,
                50.91104307979284
              ],
              [
                2.8373181902548943,
                50.911174458679184
              ],
              [
                2.8369769146169865,
                50.911327722540356
              ],
              [
                2.836661041753591,
                50.91150139556513
              ],
              [
                2.836658944830332,
                50.91150279929346
              ],
              [
                2.8366560417720454,
                50.91150439544111
              ],
              [
                2.8363686135766675,
                50.91169680526447
              ],
              [
                2.8361123982181318,
                50.9119060991035
              ],
              [
                2.8358898633638736,
                50.9121302615528
              ],
              [
                2.8357031524469662,
                50.912367133999616
              ],
              [
                2.835554064012135,
                50.912614435404926
              ],
              [
                2.8354440343787872,
                50.91286978426454
              ],
              [
                2.835374123788639,
                50.91313072153866
              ],
              [
                2.835345006172092,
                50.91339473432973
              ],
              [
                2.835356962632825,
                50.913659280080125
              ],
              [
                2.835409878714275,
                50.91392181105738
              ],
              [
                2.8355032454753815,
                50.914179798890565
              ],
              [
                2.835636164366224,
                50.91443075892206
              ],
              [
                2.8358073558576002,
                50.91467227413973
              ],
              [
                2.8360151717423667,
                50.91490201845906
              ],
              [
                2.836257610990867,
                50.91511777913087
              ],
              [
                2.836532339008452,
                50.91531747805828
              ],
              [
                2.836836710110149,
                50.91549919181792
              ],
              [
                2.8371677929963472,
                50.915661170191704
              ],
              [
                2.8375223989843406,
                50.91580185303056
              ],
              [
                2.837897112723749,
                50.91591988528769
              ],
              [
                2.8382883250997684,
                50.91601413007579
              ],
              [
                2.8386922680069397,
                50.9160836796225
              ],
              [
                2.8391050506579,
                50.91612786401833
              ],
              [
                2.8395226970767267,
                50.916146257672374
              ],
              [
                2.839941184414859,
                50.91613868341384
              ],
              [
                2.8403564817196734,
                50.91610521419927
              ],
              [
                2.8407645887813144,
                50.91604617240963
              ],
              [
                2.8411615746826366,
                50.91596212674338
              ],
              [
                2.8415436156800484,
                50.91585388673614
              ],
              [
                2.8419070320494666,
                50.91572249495929
              ],
              [
                2.8422483235417757,
                50.9155692169733
              ],
              [
                2.8425642031056197,
                50.91539552913263
              ],
              [
                2.8425663000261743,
                50.91539412530051
              ],
              [
                2.8425692031240453,
                50.91539252900862
              ],
              [
                2.842856628531808,
                50.915200104223246
              ],
              [
                2.8431128317980474,
                50.91499079587791
              ],
              [
                2.843335345718914,
                50.91476661993516
              ],
              [
                2.8435220276646973,
                50.914529735525996
              ],
              [
                2.8436710802029443,
                50.91428242414892
              ],
              [
                2.8437810683927003,
                50.91402706769118
              ],
              [
                2.8438509335839193,
                50.913766125484386
              ],
              [
                2.8438800035899248,
                50.91350211061556
              ],
              [
                2.84386799913582,
                50.91323756572213
              ],
              [
                2.8438150365217374,
                50.91297503850367
              ],
              [
                2.843721626476253,
                50.91271705718669
              ],
              [
                2.8435886692120627,
                50.912466106178506
              ],
              [
                2.843417445732508,
                50.91222460214466
              ],
              [
                2.8432096054735956,
                50.91199487074005
              ]
            ]
          ],
          [
            [
              [
                2.890589660543326,
                50.840313390979226
              ],
              [
                2.8903473577570904,
                50.84009773788108
              ],
              [
                2.890072840767525,
                50.83989816056935
              ],
              [
                2.889768753417976,
                50.83971658086917
              ],
              [
                2.8894380241954467,
                50.83955474727719
              ],
              [
                2.889083838029214,
                50.83941421813083
              ],
              [
                2.88870960562491,
                50.83929634660867
              ],
              [
                2.888318930629119,
                50.83920226770605
              ],
              [
                2.887915574940274,
                50.83913288731102
              ],
              [
                2.8875034224993303,
                50.839088873485665
              ],
              [
                2.8870864419081355,
                50.839070650036504
              ],
              [
                2.886668648234665,
                50.83907839243572
              ],
              [
                2.8862540643719603,
                50.839112026132376
              ],
              [
                2.8858466823219198,
                50.83917122726994
              ],
              [
                2.8854504247757906,
                50.839255425803
              ],
              [
                2.8850691073603327,
                50.83936381098371
              ],
              [
                2.884706401912403,
                50.83949533916453
              ],
              [
                2.8843658011347535,
                50.83964874384305
              ],
              [
                2.8840505849728166,
                50.83982254785192
              ],
              [
                2.8837637890357293,
                50.84001507757701
              ],
              [
                2.8835081753653986,
                50.84022447906691
              ],
              [
                2.883286205834997,
                50.84044873587938
              ],
              [
                2.8831000184330957,
                50.84068568849266
              ],
              [
                2.8830988589387694,
                50.840687618499864
              ],
              [
                2.883098018230111,
                50.84068868842702
              ],
              [
                2.8829494064391263,
                50.84093605502705
              ],
              [
                2.8828398020090997,
                50.84119145348487
              ],
              [
                2.882770261085434,
                50.84145242428276
              ],
              [
                2.8827414540367413,
                50.84171645419997
              ],
              [
                2.8827536589737965,
                50.84198100051371
              ],
              [
                2.8828067590449185,
                50.84224351548578
              ],
              [
                2.882900243534864,
                50.842501470899144
              ],
              [
                2.8830332127576352,
                50.842752382408236
              ],
              [
                2.8832043866970958,
                50.84299383346806
              ],
              [
                2.883412117313074,
                50.843223498611835
              ],
              [
                2.883654404395269,
                50.843439165852836
              ],
              [
                2.883928914812952,
                50.84363875799402
              ],
              [
                2.884233004975591,
                50.84382035264049
              ],
              [
                2.8845637462884137,
                50.84398220072135
              ],
              [
                2.8849179533579288,
                50.84412274334256
              ],
              [
                2.885292214675681,
                50.84424062680786
              ],
              [
                2.885682925484504,
                50.84433471566317
              ],
              [
                2.886086322510291,
                50.844404103638105
              ],
              [
                2.8864985202241873,
                50.8444481223795
              ],
              [
                2.886915548285235,
                50.8444663478921
              ],
              [
                2.8873333898019644,
                50.84445860462465
              ],
              [
                2.8877480200435204,
                50.84442496716164
              ],
              [
                2.8881554452264933,
                50.8443657595046
              ],
              [
                2.888551741002885,
                50.8442815519496
              ],
              [
                2.888933090277597,
                50.844173155591456
              ],
              [
                2.8892958199902754,
                50.84404161450741
              ],
              [
                2.8896364365065126,
                50.843888195695925
              ],
              [
                2.889951659276867,
                50.843714376867645
              ],
              [
                2.8902384524390348,
                50.843521832206356
              ],
              [
                2.890494054058511,
                50.843312416237616
              ],
              [
                2.8907160027259575,
                50.843088145960174
              ],
              [
                2.8909021612552372,
                50.8428511814134
              ],
              [
                2.890903320482567,
                50.842849251330215
              ],
              [
                2.8909041610522204,
                50.84284818134774
              ],
              [
                2.891052737031097,
                50.842600804798884
              ],
              [
                2.8911623001291127,
                50.84234539876591
              ],
              [
                2.8912317957887166,
                50.842084423057585
              ],
              [
                2.8912605553803217,
                50.84182039108332
              ],
              [
                2.891248302616525,
                50.841555845644926
              ],
              [
                2.8911951561866633,
                50.841293334446995
              ],
              [
                2.891101628587294,
                50.8410353855615
              ],
              [
                2.890968621160942,
                50.84078448308321
              ],
              [
                2.8907974153918246,
                50.84054304321015
              ],
              [
                2.890589660543326,
                50.840313390979226
              ]
            ]
          ],
          [
            [
              [
                2.879979812978125,
                50.86420672532082
              ],
              [
                2.8797374356825896,
                50.86399105174114
              ],
              [
                2.8794628241754103,
                50.86379145092524
              ],
              [
                2.8791586232104804,
                50.86360984492464
              ],
              [
                2.878827762369138,
                50.8634479824892
              ],
              [
                2.8784734278482356,
                50.86330742223407
              ],
              [
                2.8780990317820128,
                50.863189517637394
              ],
              [
                2.877708179392941,
                50.86309540401294
              ],
              [
                2.8773046342874555,
                50.863025987583086
              ],
              [
                2.876892282230192,
                50.86298193675689
              ],
              [
                2.876475093744815,
                50.86296367569715
              ],
              [
                2.8760570859007655,
                50.86297138023819
              ],
              [
                2.8756422836529545,
                50.86300497619359
              ],
              [
                2.8752346811057192,
                50.863064140070236
              ],
              [
                2.8748382030730975,
                50.86314830218155
              ],
              [
                2.8744566673045777,
                50.86325665213039
              ],
              [
                2.8740937477392605,
                50.8633881466085
              ],
              [
                2.873752939141443,
                50.86354151943805
              ],
              [
                2.8734375234575604,
                50.86371529375847
              ],
              [
                2.8731505382179634,
                50.86390779624149
              ],
              [
                2.872894747287492,
                50.86411717319816
              ],
              [
                2.8726726142464134,
                50.86434140842255
              ],
              [
                2.8724862786581253,
                50.864578342600815
              ],
              [
                2.872337535452434,
                50.86482569409929
              ],
              [
                2.8722725593756318,
                50.86497693727396
              ],
              [
                2.8722725593756313,
                50.864976937273966
              ],
              [
                2.8721855126239193,
                50.86512168891895
              ],
              [
                2.872075793277517,
                50.865377075587205
              ],
              [
                2.872006156780215,
                50.865638038234614
              ],
              [
                2.8719772744216536,
                50.86590206371899
              ],
              [
                2.8719894250385622,
                50.866166609360285
              ],
              [
                2.8720424923031103,
                50.866429127426834
              ],
              [
                2.872135965816739,
                50.86668708967187
              ],
              [
                2.872268945999885,
                50.86693801168406
              ],
              [
                2.872440152731544,
                50.867179476817256
              ],
              [
                2.872647937656359,
                50.86740915946924
              ],
              [
                2.872890300041538,
                50.86762484748461
              ],
              [
                2.873164906031566,
                50.867824463466256
              ],
              [
                2.873469111115792,
                50.868006084789634
              ],
              [
                2.873799985592845,
                50.868167962126954
              ],
              [
                2.8741543427868033,
                50.86830853630231
              ],
              [
                2.8745287697433035,
                50.86842645331556
              ],
              [
                2.874919660109716,
                50.86852057738938
              ],
              [
                2.8753232488823017,
                50.86859000191427
              ],
              [
                2.8757356486850663,
                50.868634058184874
              ],
              [
                2.8761528872302202,
                50.868652321844515
              ],
              [
                2.8765709455985404,
                50.86864461697448
              ],
              [
                2.876985796970052,
                50.868611017789405
              ],
              [
                2.8773934454310055,
                50.868551847922106
              ],
              [
                2.877789964482387,
                50.86846767730473
              ],
              [
                2.878171534878151,
                50.86835931667629
              ],
              [
                2.878534481427805,
                50.86822780976994
              ],
              [
                2.8788753084081504,
                50.86807442325496
              ],
              [
                2.879190733242439,
                50.86790063453101
              ],
              [
                2.8794777181220867,
                50.867708117491986
              ],
              [
                2.879733499266085,
                50.86749872639741
              ],
              [
                2.8799556135361613,
                50.867274478006614
              ],
              [
                2.8801419221514655,
                50.867037532148174
              ],
              [
                2.8802906312746233,
                50.8667901709122
              ],
              [
                2.8803447155479978,
                50.86666423159042
              ],
              [
                2.8804440088909486,
                50.86649906568309
              ],
              [
                2.880553685374561,
                50.86624367127232
              ],
              [
                2.88062327529835,
                50.86598270359846
              ],
              [
                2.8806521091255095,
                50.865718675993634
              ],
              [
                2.8806399098543776,
                50.86545413121763
              ],
              [
                2.8805867956598377,
                50.86519161696872
              ],
              [
                2.880585870059817,
                50.86518906382263
              ],
              [
                2.880585395236452,
                50.865186717018126
              ],
              [
                2.8804918783227875,
                50.86492876139624
              ],
              [
                2.880358859916968,
                50.86467784856208
              ],
              [
                2.880187621609627,
                50.86443639481344
              ],
              [
                2.879979812978125,
                50.86420672532082
              ]
            ]
          ],
          [
            [
              [
                2.887068469274205,
                50.870430911017735
              ],
              [
                2.886826027332178,
                50.870215252463744
              ],
              [
                2.8865513493338804,
                50.8700156685924
              ],
              [
                2.886247080673448,
                50.86983408129203
              ],
              [
                2.885916151584019,
                50.8696722391324
              ],
              [
                2.88556174891954,
                50.86953170053339
              ],
              [
                2.885187285470312,
                50.86941381876461
              ],
              [
                2.8847963671075267,
                50.869319728919955
              ],
              [
                2.884392758072756,
                50.86925033699286
              ],
              [
                2.8839803447460883,
                50.869206311156425
              ],
              [
                2.8835630982410274,
                50.869188075332815
              ],
              [
                2.883145036185577,
                50.86919580511334
              ],
              [
                2.882730184056557,
                50.86922942606859
              ],
              [
                2.882322536438547,
                50.869288614464686
              ],
              [
                2.881926018579532,
                50.86937280037901
              ],
              [
                2.8815444486124857,
                50.86948117318516
              ],
              [
                2.881181500805835,
                50.86961268935483
              ],
              [
                2.8808406701958758,
                50.86976608250132
              ],
              [
                2.880525238941099,
                50.86993987556838
              ],
              [
                2.8802382447219173,
                50.87013239504725
              ],
              [
                2.879982451489789,
                50.87034178708531
              ],
              [
                2.879760322847323,
                50.87056603533132
              ],
              [
                2.8795739983157542,
                50.87080298034613
              ],
              [
                2.87942527271862,
                50.871050340391605
              ],
              [
                2.8793155788806337,
                50.87130573339858
              ],
              [
                2.879245973808976,
                50.8715666999019
              ],
              [
                2.879217128490851,
                50.87183072672221
              ],
              [
                2.8792293214064584,
                50.87209527116653
              ],
              [
                2.879244474350096,
                50.87217016385424
              ],
              [
                2.8791267645207137,
                50.87236593039611
              ],
              [
                2.879017065988406,
                50.87262132302821
              ],
              [
                2.8789474573095317,
                50.872882289256516
              ],
              [
                2.878918609506071,
                50.87314631590432
              ],
              [
                2.8789308010821943,
                50.873410860280316
              ],
              [
                2.878983915315818,
                50.873673374665
              ],
              [
                2.8790774413562183,
                50.87393133084701
              ],
              [
                2.879210479118107,
                50.87418224447336
              ],
              [
                2.8793817479260553,
                50.87442369897867
              ],
              [
                2.879589598826924,
                50.87465336886297
              ],
              [
                2.879832030452533,
                50.87486904209382
              ],
              [
                2.880106708280489,
                50.87506864141647
              ],
              [
                2.880410987108206,
                50.87525024436682
              ],
              [
                2.8807419365239815,
                50.87541210179397
              ],
              [
                2.881096369130014,
                50.875552654713786
              ],
              [
                2.881470871245472,
                50.87567054933081
              ],
              [
                2.8818618357936723,
                50.87576465008348
              ],
              [
                2.8822654970562187,
                50.875834050586846
              ],
              [
                2.882677966958752,
                50.87587808236696
              ],
              [
                2.8830952725381382,
                50.875896321303024
              ],
              [
                2.8830966781306273,
                50.875896295321105
              ],
              [
                2.8830972726529276,
                50.87589632130449
              ],
              [
                2.88351539434381,
                50.87588859170881
              ],
              [
                2.8839303047154017,
                50.8758549680413
              ],
              [
                2.884338007285576,
                50.8757957741706
              ],
              [
                2.8847345750340834,
                50.875711580260045
              ],
              [
                2.8851161882458047,
                50.875603197273016
              ],
              [
                2.885479171317862,
                50.875471669158046
              ],
              [
                2.8858200281753303,
                50.87531826278871
              ],
              [
                2.8861354759537803,
                50.87514445575584
              ],
              [
                2.8864224766237614,
                50.87495192212972
              ],
              [
                2.8866782662523365,
                50.874742516329604
              ],
              [
                2.8869003816197023,
                50.874518255256454
              ],
              [
                2.887086683934649,
                50.87428129886098
              ],
              [
                2.887235379420709,
                50.87403392933472
              ],
              [
                2.8873450365751907,
                50.87377852912473
              ],
              [
                2.887414599935486,
                50.87351755798371
              ],
              [
                2.8874434002208638,
                50.873253529277115
              ],
              [
                2.887431160752923,
                50.872988985775336
              ],
              [
                2.8874154905002642,
                50.8729116054113
              ],
              [
                2.887531671177656,
                50.872718319412144
              ],
              [
                2.887641323650811,
                50.8724629188293
              ],
              [
                2.887710883417412,
                50.87220194741461
              ],
              [
                2.8877396812313,
                50.87193791853613
              ],
              [
                2.8877274404378412,
                50.87167337496593
              ],
              [
                2.8876742796119736,
                50.87141086439058
              ],
              [
                2.8875807113897727,
                50.871152914876085
              ],
              [
                2.8874476375058054,
                50.8709020105233
              ],
              [
                2.887276340085057,
                50.87066056754826
              ],
              [
                2.887068469274205,
                50.870430911017735
              ]
            ]
          ],
          [
            [
              [
                2.941887884917196,
                50.80503750799838
              ],
              [
                2.9416455287304304,
                50.804821958891594
              ],
              [
                2.941371000027233,
                50.80462249981362
              ],
              [
                2.9410669427626734,
                50.804441051450944
              ],
              [
                2.94073628513313,
                50.80427936103546
              ],
              [
                2.940382211377743,
                50.80413898552583
              ],
              [
                2.9400081311191584,
                50.80402127662121
              ],
              [
                2.939617646538581,
                50.80392736775103
              ],
              [
                2.9392145177007816,
                50.80385816316612
              ],
              [
                2.9388026263624263,
                50.803814329235706
              ],
              [
                2.938385938611468,
                50.80379628803413
              ],
              [
                2.937968466696562,
                50.8038042132787
              ],
              [
                2.93755423041313,
                50.80383802865789
              ],
              [
                2.9371472184169316,
                50.8038974085657
              ],
              [
                2.936751349836737,
                50.803981781235414
              ],
              [
                2.936370436554754,
                50.804090334242254
              ],
              [
                2.9360081465172065,
                50.80422202232263
              ],
              [
                2.9356679684275666,
                50.8043755774343
              ],
              [
                2.935353178161785,
                50.80454952096124
              ],
              [
                2.9350668072284716,
                50.80474217794561
              ],
              [
                2.934811613577405,
                50.804951693210434
              ],
              [
                2.934590055037402,
                50.805176049217586
              ],
              [
                2.9344042656393765,
                50.805413085489846
              ],
              [
                2.934256035052892,
                50.80566051940999
              ],
              [
                2.934146791334683,
                50.80591596819708
              ],
              [
                2.9340775871558877,
                50.80617697184842
              ],
              [
                2.9340490896414164,
                50.806441016826625
              ],
              [
                2.934061573920167,
                50.806705560263474
              ],
              [
                2.934114920449156,
                50.806968054448205
              ],
              [
                2.934208616138376,
                50.80722597136374
              ],
              [
                2.9343417592665197,
                50.807476827034975
              ],
              [
                2.9345130681412455,
                50.80771820545445
              ],
              [
                2.934720893421483,
                50.80794778185484
              ],
              [
                2.9349632339839196,
                50.80816334510393
              ],
              [
                2.935237756181543,
                50.80836281900614
              ],
              [
                2.935541816309289,
                50.80854428230527
              ],
              [
                2.935872486060747,
                50.80870598719546
              ],
              [
                2.9362265807309402,
                50.808846376161775
              ],
              [
                2.9366006898934773,
                50.80896409698794
              ],
              [
                2.936991210256392,
                50.80905801578638
              ],
              [
                2.937394380379818,
                50.80912722792471
              ],
              [
                2.9378063169205046,
                50.80917106674345
              ],
              [
                2.9382230520534,
                50.80918910998042
              ],
              [
                2.938640571708986,
                50.809181183840046
              ],
              [
                2.9390548542571953,
                50.80914736466831
              ],
              [
                2.9394619092643377,
                50.80908797821694
              ],
              [
                2.9398578159487565,
                50.80900359650416
              ],
              [
                2.9402387609639207,
                50.80889503230222
              ],
              [
                2.9406010751441163,
                50.80876333130496
              ],
              [
                2.9409412688580847,
                50.808609762050985
              ],
              [
                2.94125606562944,
                50.80843580369984
              ],
              [
                2.941542433699567,
                50.80824313177897
              ],
              [
                2.941797615228719,
                50.808033602039444
              ],
              [
                2.9420191528539164,
                50.80780923257561
              ],
              [
                2.9422049133479877,
                50.807572184381826
              ],
              [
                2.9423531081521346,
                50.80732474053342
              ],
              [
                2.942462310584718,
                50.80706928419289
              ],
              [
                2.9425314695611826,
                50.80680827565322
              ],
              [
                2.9425599196937173,
                50.80654422863966
              ],
              [
                2.9425473876742863,
                50.8062796860986
              ],
              [
                2.9424939948805204,
                50.8060171957064
              ],
              [
                2.9424002561803566,
                50.80575928533442
              ],
              [
                2.9422670749479893,
                50.805508438706276
              ],
              [
                2.942095734340083,
                50.80526707148188
              ],
              [
                2.941887884917196,
                50.80503750799838
              ]
            ]
          ],
          [
            [
              [
                2.937034891078961,
                50.8228349633637
              ],
              [
                2.93679246542493,
                50.82261940524637
              ],
              [
                2.936517853420793,
                50.82241993574832
              ],
              [
                2.936213699824014,
                50.82223847565637
              ],
              [
                2.9358829337587613,
                50.82207677231533
              ],
              [
                2.9355287405084245,
                50.82193638280829
              ],
              [
                2.9351545308463067,
                50.82181865896921
              ],
              [
                2.934763908199594,
                50.821724734371294
              ],
              [
                2.93436063396238,
                50.82165551341681
              ],
              [
                2.9339485912912022,
                50.82161166263258
              ],
              [
                2.9335317477309686,
                50.82159360425521
              ],
              [
                2.933114117030359,
                50.82160151216744
              ],
              [
                2.932699720513461,
                50.8216353102246
              ],
              [
                2.9322925483786446,
                50.82169467298749
              ],
              [
                2.932071445769666,
                50.821741769217304
              ],
              [
                2.9317730748153403,
                50.82178526792179
              ],
              [
                2.931377046038597,
                50.8218696220317
              ],
              [
                2.9309959754843646,
                50.82197815704846
              ],
              [
                2.9306335326130633,
                50.822109827881725
              ],
              [
                2.9302932075996866,
                50.822263366655385
              ],
              [
                2.929978277734876,
                50.822437294910735
              ],
              [
                2.9296917758714858,
                50.82262993783708
              ],
              [
                2.929436461220154,
                50.82283944039281
              ],
              [
                2.929214792775033,
                50.82306378516224
              ],
              [
                2.929028905625623,
                50.82330081177644
              ],
              [
                2.928880590383124,
                50.823548237711194
              ],
              [
                2.928771275919877,
                50.823803680262536
              ],
              [
                2.928702015588739,
                50.82406467948788
              ],
              [
                2.9286734770558587,
                50.824328721892456
              ],
              [
                2.9286859358456696,
                50.82459326463291
              ],
              [
                2.92873927266119,
                50.824855760005185
              ],
              [
                2.9288329745064896,
                50.82511367998082
              ],
              [
                2.92896613960149,
                50.82536454055521
              ],
              [
                2.9291374860427744,
                50.82560592567373
              ],
              [
                2.9293453641279097,
                50.82583551050453
              ],
              [
                2.9295877722253922,
                50.82605108383418
              ],
              [
                2.929597190271642,
                50.82605792559888
              ],
              [
                2.929619971442903,
                50.82607818474007
              ],
              [
                2.9298945755504118,
                50.826277670199005
              ],
              [
                2.930198730886931,
                50.826459146487885
              ],
              [
                2.9303068664534755,
                50.8265120148935
              ],
              [
                2.9304450336788226,
                50.82659445221975
              ],
              [
                2.930775812819746,
                50.82675617070671
              ],
              [
                2.9311300281810535,
                50.82689657439148
              ],
              [
                2.9315042681738865,
                50.82701431091604
              ],
              [
                2.9318949282460673,
                50.82710824624157
              ],
              [
                2.932298245611921,
                50.827177475576505
              ],
              [
                2.9327103355097623,
                50.827221332095675
              ],
              [
                2.9331272286371575,
                50.82723939336641
              ],
              [
                2.9335449094025043,
                50.82723148541947
              ],
              [
                2.9339593546236262,
                50.82719768442554
              ],
              [
                2.9343665722996692,
                50.8271383159613
              ],
              [
                2.934762640081868,
                50.82705395187172
              ],
              [
                2.9351437430717544,
                50.826945404759314
              ],
              [
                2.935506210581809,
                50.82681372015335
              ],
              [
                2.9358465515037753,
                50.8266601664346
              ],
              [
                2.9361614879433113,
                50.82648622261296
              ],
              [
                2.9364479867965554,
                50.82629356407604
              ],
              [
                2.936703288964184,
                50.826084046445985
              ],
              [
                2.9367240155901286,
                50.82606306634467
              ],
              [
                2.936834853488334,
                50.825972104676104
              ],
              [
                2.9370564992903825,
                50.82574774567514
              ],
              [
                2.9372423556518386,
                50.825510706489766
              ],
              [
                2.937246190699774,
                50.82550430683015
              ],
              [
                2.937351777930689,
                50.82536964078391
              ],
              [
                2.937500054349292,
                50.82512220425491
              ],
              [
                2.93760932446673,
                50.82486675365683
              ],
              [
                2.937678536547008,
                50.8246057492274
              ],
              [
                2.937707024691363,
                50.82434170465233
              ],
              [
                2.937694515226186,
                50.82407716285456
              ],
              [
                2.9376411293124245,
                50.823814671503314
              ],
              [
                2.9375473817522857,
                50.8235567584792
              ],
              [
                2.9374141760057952,
                50.8233059075314
              ],
              [
                2.9372427954661755,
                50.823064534361436
              ],
              [
                2.937034891078961,
                50.8228349633637
              ]
            ]
          ],
          [
            [
              [
                2.9625756254587436,
                50.84283419036031
              ],
              [
                2.962332979583799,
                50.842618686253275
              ],
              [
                2.9620581424105894,
                50.84241927768885
              ],
              [
                2.9617537608646884,
                50.84223788486699
              ],
              [
                2.9614227662650325,
                50.842076254484624
              ],
              [
                2.9610683460953133,
                50.841935942922234
              ],
              [
                2.960693913313509,
                50.84181830126316
              ],
              [
                2.9603030734948383,
                50.84172446228923
              ],
              [
                2.9598995901241247,
                50.841655329578224
              ],
              [
                2.9594873483712325,
                50.84161156880721
              ],
              [
                2.9590703176976247,
                50.84159360134608
              ],
              [
                2.9586525136533393,
                50.84160160020209
              ],
              [
                2.958237959231303,
                50.841635488354925
              ],
              [
                2.9578306461501507,
                50.8416949394979
              ],
              [
                2.9574344964374366,
                50.8417793811783
              ],
              [
                2.957053324682179,
                50.84188800030694
              ],
              [
                2.9566908013193935,
                50.84201975098356
              ],
              [
                2.9563504172993724,
                50.84217336456318
              ],
              [
                2.9560354504812922,
                50.842347361866764
              ],
              [
                2.955748934074286,
                50.842540067418696
              ],
              [
                2.955493627429574,
                50.84274962557428
              ],
              [
                2.9552719894648147,
                50.842974018382364
              ],
              [
                2.955086154976658,
                50.843211085011305
              ],
              [
                2.9549379140698844,
                50.84345854255145
              ],
              [
                2.9548286949017006,
                50.843714007994436
              ],
              [
                2.9547595499079664,
                50.84397502117703
              ],
              [
                2.954731145644779,
                50.84423906846993
              ],
              [
                2.954743756344127,
                50.84450360698256
              ],
              [
                2.954797261246609,
                50.84476608905146
              ],
              [
                2.9548911457379674,
                50.84502398677607
              ],
              [
                2.955024506279457,
                50.845274816365986
              ],
              [
                2.9551960590855773,
                50.84551616206482
              ],
              [
                2.955404152466514,
                50.845745699420206
              ],
              [
                2.955646782717223,
                50.845961217675885
              ],
              [
                2.9559216134008364,
                50.846160641069446
              ],
              [
                2.9562259978411713,
                50.8463420488311
              ],
              [
                2.95655700460806,
                50.84650369368975
              ],
              [
                2.95691144575023,
                50.846644018708595
              ],
              [
                2.9572859075037443,
                50.84676167228722
              ],
              [
                2.9576767831800184,
                50.84685552118568
              ],
              [
                2.958080307916239,
                50.84692466144487
              ],
              [
                2.958492594952891,
                50.84696842709758
              ],
              [
                2.9589096730882805,
                50.84698639658635
              ],
              [
                2.95932752494844,
                50.84697839682598
              ],
              [
                2.9597421257029057,
                50.84694450487156
              ],
              [
                2.960149481852514,
                50.84688504717589
              ],
              [
                2.9605456697146115,
                50.84680059644345
              ],
              [
                2.960926873234125,
                50.846691966111315
              ],
              [
                2.9612894207553526,
                50.8465602025103
              ],
              [
                2.961629820399607,
                50.84640657478205
              ],
              [
                2.9619447937072834,
                50.846232562649305
              ],
              [
                2.9622313072198554,
                50.846039842157595
              ],
              [
                2.9624866016973357,
                50.84583026952573
              ],
              [
                2.962708218689643,
                50.84560586326118
              ],
              [
                2.9628940242060895,
                50.84536878471273
              ],
              [
                2.9630422292552603,
                50.84512131724799
              ],
              [
                2.9631514070579374,
                50.84486584425686
              ],
              [
                2.9632205067679123,
                50.844604826192565
              ],
              [
                2.963248863569318,
                50.84434077687205
              ],
              [
                2.963236205054097,
                50.84407623926375
              ],
              [
                2.963182653819186,
                50.84381376099644
              ],
              [
                2.9630887262593717,
                50.84355586982453
              ],
              [
                2.9629553275684968,
                50.843305049286656
              ],
              [
                2.962783742998122,
                50.84306371479131
              ],
              [
                2.9625756254587436,
                50.84283419036031
              ]
            ]
          ],
          [
            [
              [
                2.9171973956211086,
                50.84762557999656
              ],
              [
                2.9169549330933613,
                50.847409982326226
              ],
              [
                2.916680260453681,
                50.84721046771788
              ],
              [
                2.9163760230439486,
                50.84702895739272
              ],
              [
                2.916045150795824,
                50.846867199179314
              ],
              [
                2.9156908300154667,
                50.84672675068917
              ],
              [
                2.9153164727043768,
                50.84660896432412
              ],
              [
                2.914925683711536,
                50.84651497425952
              ],
              [
                2.914522226032742,
                50.84644568552794
              ],
              [
                2.9141099845907346,
                50.846401765308855
              ],
              [
                2.9136929288441262,
                50.846383636507454
              ],
              [
                2.9132750745843987,
                50.84639147368451
              ],
              [
                2.9128604452878877,
                50.84642520137653
              ],
              [
                2.912453033393961,
                50.846484494821865
              ],
              [
                2.912056761881301,
                50.846568783086326
              ],
              [
                2.911675446511301,
                50.846677254557974
              ],
              [
                2.911312759101344,
                50.84680886475838
              ],
              [
                2.9109721921807874,
                50.84696234639532
              ],
              [
                2.910657025369396,
                50.84713622156039
              ],
              [
                2.9103702938014937,
                50.84732881595415
              ],
              [
                2.910114758899585,
                50.84753827500248
              ],
              [
                2.9098928817787897,
                50.84776258170871
              ],
              [
                2.9097067995382644,
                50.847999576070585
              ],
              [
                2.9095583046681934,
                50.84824697587458
              ],
              [
                2.9094488277711332,
                50.84850239866852
              ],
              [
                2.9093794237647104,
                50.84876338470018
              ],
              [
                2.9093507616993137,
                50.84902742060195
              ],
              [
                2.9093631182897295,
                50.849291963593274
              ],
              [
                2.909416375223958,
                50.849554465967756
              ],
              [
                2.90951002027616,
                50.84981239962959
              ],
              [
                2.9096431522140143,
                50.850063280442484
              ],
              [
                2.9098144894542206,
                50.85030469215694
              ],
              [
                2.9100223823837057,
                50.85053430968503
              ],
              [
                2.9102648292286823,
                50.850749921498476
              ],
              [
                2.9105394953194237,
                50.85094945093397
              ],
              [
                2.9108437355657184,
                50.851130976200466
              ],
              [
                2.9111746199269017,
                50.851292748895276
              ],
              [
                2.911528961631314,
                50.85143321085034
              ],
              [
                2.911903347873357,
                50.851551009146355
              ],
              [
                2.9122941726922478,
                50.85164500914952
              ],
              [
                2.9126976717154136,
                50.851714305445284
              ],
              [
                2.913109958431274,
                50.85175823056353
              ],
              [
                2.9135270616413673,
                50.851776361410764
              ],
              [
                2.913944963730218,
                50.85176852334758
              ],
              [
                2.9143596393834432,
                50.85173479187156
              ],
              [
                2.9147670943802106,
                50.851675491889765
              ],
              [
                2.9151634040854235,
                50.85159119458755
              ],
              [
                2.915544751269967,
                50.851482711924184
              ],
              [
                2.915907462893844,
                50.8513510888082
              ],
              [
                2.916248045497171,
                50.851197593028125
              ],
              [
                2.916563218857502,
                50.851023703035935
              ],
              [
                2.9168499475888403,
                50.85083109370082
              ],
              [
                2.917105470377691,
                50.8506216201711
              ],
              [
                2.91732732657443,
                50.85039729999996
              ],
              [
                2.917513379884003,
                50.850160293707106
              ],
              [
                2.917661838928024,
                50.84991288396455
              ],
              [
                2.9177712744807125,
                50.84965745360642
              ],
              [
                2.917840633213282,
                50.849396462675614
              ],
              [
                2.9178692478151933,
                50.849132424728005
              ],
              [
                2.9178568433956547,
                50.84886788262281
              ],
              [
                2.9178035401047135,
                50.848605384032325
              ],
              [
                2.9177098519496707,
                50.84834745690697
              ],
              [
                2.9175766818192637,
                50.84809658513183
              ],
              [
                2.917405312764514,
                50.84785518460908
              ],
              [
                2.9171973956211086,
                50.84762557999656
              ]
            ]
          ],
          [
            [
              [
                2.903567939415662,
                50.84922599754991
              ],
              [
                2.9033255311497683,
                50.84901037180338
              ],
              [
                2.903050907012264,
                50.848810825368304
              ],
              [
                2.902746711878185,
                50.848629279772446
              ],
              [
                2.902415875272301,
                50.848467483184024
              ],
              [
                2.9020615831577525,
                50.84832699358409
              ],
              [
                2.901687247260179,
                50.84820916377038
              ],
              [
                2.901296472222511,
                50.84811512833659
              ],
              [
                2.900893020906285,
                50.848045792752174
              ],
              [
                2.9004807781730535,
                50.848001824647774
              ],
              [
                2.900063713493901,
                50.84798364738963
              ],
              [
                2.8996458427463225,
                50.847991436005174
              ],
              [
                2.8992311895653797,
                50.84802511549843
              ],
              [
                2.898823746620352,
                50.848084361571864
              ],
              [
                2.898427437188807,
                50.848168603747474
              ],
              [
                2.8980460773971277,
                50.8482770308571
              ],
              [
                2.8976833394902815,
                50.84840859884949
              ],
              [
                2.897342716483696,
                50.84856204083888
              ],
              [
                2.8970274885370197,
                50.84873587929862
              ],
              [
                2.896740691373088,
                50.84892844028283
              ],
              [
                2.8964850870458787,
                50.849137869539085
              ],
              [
                2.8962631373388827,
                50.84936215035772
              ],
              [
                2.8962138632537755,
                50.849424875048406
              ],
              [
                2.8959047465057597,
                50.84943062642792
              ],
              [
                2.895490077949275,
                50.84946429268148
              ],
              [
                2.8950826178147233,
                50.849523525734924
              ],
              [
                2.8946862895451484,
                50.84960775523556
              ],
              [
                2.8943049094482793,
                50.8497161701373
              ],
              [
                2.8939421499645523,
                50.84984772650646
              ],
              [
                2.893601504317111,
                50.850001157569196
              ],
              [
                2.8934585915794564,
                50.85007995932625
              ],
              [
                2.8933141044173603,
                50.850073653788705
              ],
              [
                2.8928962139731933,
                50.85008141835216
              ],
              [
                2.892481537521128,
                50.850115073963266
              ],
              [
                2.8920740679544656,
                50.85017429655446
              ],
              [
                2.891677728807044,
                50.85025851587381
              ],
              [
                2.8912963364913034,
                50.85036692097328
              ],
              [
                2.8909335635653,
                50.85049846801357
              ],
              [
                2.8905929033815774,
                50.85065189031064
              ],
              [
                2.8902776364576797,
                50.85082571052754
              ],
              [
                2.8899907988916818,
                50.85101825489403
              ],
              [
                2.889735153126534,
                50.851227669317716
              ],
              [
                2.8896031562035325,
                50.85136101994548
              ],
              [
                2.889601147486011,
                50.85136266538327
              ],
              [
                2.889379154427216,
                50.85158693303529
              ],
              [
                2.8891929536214325,
                50.851823894589465
              ],
              [
                2.8890443387004576,
                50.85207126814836
              ],
              [
                2.8889347414228346,
                50.852326671512564
              ],
              [
                2.888865217865425,
                50.85258764511713
              ],
              [
                2.888836438229938,
                50.85285167571425
              ],
              [
                2.888848680363486,
                50.85311622057453
              ],
              [
                2.8889018270564826,
                50.85337873197373
              ],
              [
                2.88899536714498,
                50.85363668172923
              ],
              [
                2.889128400407781,
                50.85388758554984
              ],
              [
                2.889299646212199,
                50.854129026964614
              ],
              [
                2.889507455826098,
                50.854358680599645
              ],
              [
                2.889749828278451,
                50.85457433457897
              ],
              [
                2.890024429616368,
                50.85477391183325
              ],
              [
                2.8903286153736385,
                50.854955490110925
              ],
              [
                2.890659456034729,
                50.85511732049876
              ],
              [
                2.891013765249178,
                50.85525784427306
              ],
              [
                2.8913881305245757,
                50.8553757079191
              ],
              [
                2.891778946102297,
                50.85546977617364
              ],
              [
                2.892182447698935,
                50.85553914296478
              ],
              [
                2.8925947487782215,
                50.85558314014332
              ],
              [
                2.893011878003387,
                50.85560134392173
              ],
              [
                2.8934298175083564,
                50.85559357895808
              ],
              [
                2.893844541618274,
                50.85555992004587
              ],
              [
                2.89425205564544,
                50.8555006913932
              ],
              [
                2.894648434385993,
                50.8554164634984
              ],
              [
                2.895029859945653,
                50.8553080476522
              ],
              [
                2.895392658529265,
                50.8551764881196
              ],
              [
                2.8956015071806727,
                50.855082425999846
              ],
              [
                2.8957489336720528,
                50.85509815398215
              ],
              [
                2.8961660598141443,
                50.855116346547085
              ],
              [
                2.8965839944848013,
                50.855108570344676
              ],
              [
                2.8969987120557428,
                50.855074900276676
              ],
              [
                2.897406217902271,
                50.85501566065865
              ],
              [
                2.8978025868993478,
                50.85493142209454
              ],
              [
                2.898184001246572,
                50.854822995977855
              ],
              [
                2.8985467872568287,
                50.85469142667248
              ],
              [
                2.898887450753523,
                50.854537981448686
              ],
              [
                2.899202710734825,
                50.85436413827151
              ],
              [
                2.899204736231733,
                50.85436277839198
              ],
              [
                2.8992077107531746,
                50.854361138147276
              ],
              [
                2.8994945309597546,
                50.85416857142267
              ],
              [
                2.8997501492354605,
                50.853959135902215
              ],
              [
                2.8999721040107924,
                50.85373484877301
              ],
              [
                2.8999739595869354,
                50.8537324865935
              ],
              [
                2.900117096450691,
                50.85358784423239
              ],
              [
                2.9002044611880713,
                50.853476626269696
              ],
              [
                2.9003098959907083,
                50.85347466096036
              ],
              [
                2.9007245964751784,
                50.85344097770458
              ],
              [
                2.901132083458928,
                50.853381725116215
              ],
              [
                2.9015284319986505,
                50.853297473924165
              ],
              [
                2.9019098244910433,
                50.853189035643545
              ],
              [
                2.902272587459546,
                50.85305745475541
              ],
              [
                2.9026132269495544,
                50.85290399864157
              ],
              [
                2.9029284621905167,
                50.85273014537197
              ],
              [
                2.9032152572002343,
                50.85253756946213
              ],
              [
                2.9034708500266646,
                50.85232812573849
              ],
              [
                2.903692779345452,
                50.85210383146718
              ],
              [
                2.9038789081571297,
                50.85186684691855
              ],
              [
                2.9040274443560143,
                50.85161945455521
              ],
              [
                2.9041369579731495,
                50.851364037044036
              ],
              [
                2.904206394927862,
                50.85110305430422
              ],
              [
                2.9042350871562554,
                50.850839019812845
              ],
              [
                2.904232914399916,
                50.850792395920216
              ],
              [
                2.904239377546616,
                50.85073291965844
              ],
              [
                2.904227049414008,
                50.85046837623413
              ],
              [
                2.904173820424689,
                50.85020587157084
              ],
              [
                2.904080203870505,
                50.849947933677576
              ],
              [
                2.903947101950791,
                50.849697046543135
              ],
              [
                2.903775797059851,
                50.84945562621772
              ],
              [
                2.903567939415662,
                50.84922599754991
              ]
            ]
          ],
          [
            [
              [
                2.916667134909528,
                50.85709560007611
              ],
              [
                2.916424625958562,
                50.85688000187969
              ],
              [
                2.9161499002243607,
                50.856680486556805
              ],
              [
                2.9158456035601814,
                50.85649897533562
              ],
              [
                2.91551466646833,
                50.85633721605325
              ],
              [
                2.9151602758793853,
                50.856196766331486
              ],
              [
                2.9147858444670303,
                50.85607897858406
              ],
              [
                2.9143949777937217,
                50.85598498699956
              ],
              [
                2.9139914396031616,
                50.85591569662523
              ],
              [
                2.9135791155932282,
                50.85587177465633
              ],
              [
                2.9131619760174474,
                50.85585364401491
              ],
              [
                2.9127440374743476,
                50.855861479279454
              ],
              [
                2.912329324251682,
                50.85589520500489
              ],
              [
                2.911921829596802,
                50.855954496448476
              ],
              [
                2.911525477285167,
                50.85603878269536
              ],
              [
                2.9111440838560836,
                50.856147252152994
              ],
              [
                2.9107813218784933,
                50.85627886036237
              ],
              [
                2.9104406845997306,
                50.85643234005045
              ],
              [
                2.910125452317048,
                50.8566062133276
              ],
              [
                2.909838660795248,
                50.856798805912604
              ],
              [
                2.9095830720342284,
                50.85700826324874
              ],
              [
                2.9093611476678634,
                50.85723256835586
              ],
              [
                2.9091750252504216,
                50.8574695612471
              ],
              [
                2.909026497659174,
                50.85771695972318
              ],
              [
                2.9089169958120014,
                50.857972381344624
              ],
              [
                2.9088475748670484,
                50.85823336637056
              ],
              [
                2.9088189040380894,
                50.8584974014431
              ],
              [
                2.908831260124584,
                50.85876194378964
              ],
              [
                2.9088845248196624,
                50.859024445710006
              ],
              [
                2.9089781858230173,
                50.85928237911275
              ],
              [
                2.909111341748963,
                50.85953325986409
              ],
              [
                2.909282710783408,
                50.85977467171512
              ],
              [
                2.9094906430072753,
                50.86000428957658
              ],
              [
                2.909733136268502,
                50.86021990191696
              ],
              [
                2.910007855450445,
                50.86041943206789
              ],
              [
                2.9103121549516455,
                50.86060095823141
              ],
              [
                2.9106431041607745,
                50.860762731996154
              ],
              [
                2.9109975156815913,
                50.860903195183774
              ],
              [
                2.9113719760360137,
                50.861020994863075
              ],
              [
                2.9117628785493563,
                50.86111499638693
              ],
              [
                2.9121664581006055,
                50.86118429432611
              ],
              [
                2.912578827402415,
                50.86122822119467
              ],
              [
                2.9129960144607185,
                50.86124635388228
              ],
              [
                2.9134140008522587,
                50.861238517731756
              ],
              [
                2.9138287604504955,
                50.861204788222295
              ],
              [
                2.9142362982258896,
                50.861145490242
              ],
              [
                2.914632688745883,
                50.86106119495698
              ],
              [
                2.915014114002846,
                50.86095271430706
              ],
              [
                2.915376900204708,
                50.860821093181364
              ],
              [
                2.91571755317321,
                50.860667599349334
              ],
              [
                2.9160327920081497,
                50.860493711244125
              ],
              [
                2.9163195806929276,
                50.86030110371681
              ],
              [
                2.9165751573366707,
                50.860091631898314
              ],
              [
                2.9167970607711626,
                50.859867313325324
              ],
              [
                2.916983154246538,
                50.859630308502204
              ],
              [
                2.9171316459977508,
                50.8593829000868
              ],
              [
                2.9172411064842345,
                50.85912747090047
              ],
              [
                2.917310482137311,
                50.85886648097486
              ],
              [
                2.917339105483748,
                50.85860244385616
              ],
              [
                2.917326701548813,
                50.85833790239558
              ],
              [
                2.9172733904781643,
                50.85807540425926
              ],
              [
                2.9171796863542956,
                50.85781747739322
              ],
              [
                2.917046492219991,
                50.85756660568002
              ],
              [
                2.9168750913576664,
                50.857325205021276
              ],
              [
                2.916667134909528,
                50.85709560007611
              ]
            ]
          ]
        ]
      },
      "properties": {
        "type": "buffer_union_300m",
        "buffer_m": 300
      }
    },
    {
      "type": "Feature",
      "geometry": {
        "type": "MultiPolygon",
        "coordinates": [
          [
            [
              [
                2.837370145127118,
                50.819120381455676
              ],
              [
                2.8370936131552895,
                50.81881405048471
              ],
              [
                2.8367710180439483,
                50.818526363916874
              ],
              [
                2.836405466963642,
                50.8182600919694
              ],
              [
                2.836000480540996,
                50.818017798607336
              ],
              [
                2.8355599589466425,
                50.81780181686579
              ],
              [
                2.8350881443371376,
                50.81761422639619
              ],
              [
                2.8345895800124876,
                50.817456833452376
              ],
              [
                2.8340690666821566,
                50.81733115350858
              ],
              [
                2.8335316162599464,
                50.817238396676444
              ],
              [
                2.8329824036316555,
                50.81717945606067
              ],
              [
                2.8324267168586523,
                50.817154899165445
              ],
              [
                2.831869906295386,
                50.8171649624339
              ],
              [
                2.831317333109152,
                50.8172095489731
              ],
              [
                2.8307743176961,
                50.817288229486344
              ],
              [
                2.8302460884884626,
                50.817400246403764
              ],
              [
                2.8297377316442787,
                50.81754452117181
              ],
              [
                2.8292541421024837,
                50.817719664631454
              ],
              [
                2.8287999764733063,
                50.81792399038554
              ],
              [
                2.8283796082164443,
                50.81815553102701
              ],
              [
                2.827997085537772,
                50.81841205707223
              ],
              [
                2.8276560924094487,
                50.81869109841764
              ],
              [
                2.8273599130885927,
                50.81898996811331
              ],
              [
                2.8271114004763005,
                50.8193057882257
              ],
              [
                2.8269129486222075,
                50.81963551754038
              ],
              [
                2.8267664696401544,
                50.81997598083878
              ],
              [
                2.8266733752583777,
                50.8203238994676
              ],
              [
                2.8266345631832355,
                50.820675922906474
              ],
              [
                2.8266504084093604,
                50.821028661030475
              ],
              [
                2.826720759561646,
                50.82137871675685
              ],
              [
                2.8268449403060614,
                50.82172271876159
              ],
              [
                2.8270217558175372,
                50.82205735395087
              ],
              [
                2.8272495042443797,
                50.82237939937423
              ],
              [
                2.82752599306042,
                50.82268575327233
              ],
              [
                2.8278485601488823,
                50.822973464959524
              ],
              [
                2.828214099416122,
                50.823239763253284
              ],
              [
                2.8286190906894837,
                50.82348208317606
              ],
              [
                2.8290596336119256,
                50.82369809067204
              ],
              [
                2.8295314852072644,
                50.82388570510007
              ],
              [
                2.8300301007541493,
                50.82404311928558
              ],
              [
                2.8305506775746743,
                50.82416881693805
              ],
              [
                2.8310882013151453,
                50.824261587265305
              ],
              [
                2.8316374942721847,
                50.82432053664403
              ],
              [
                2.8321932652974344,
                50.8243450972333
              ],
              [
                2.832750160798678,
                50.824335032447976
              ],
              [
                2.833302816344502,
                50.82429043923934
              ],
              [
                2.833845908373724,
                50.82421174716036
              ],
              [
                2.834374205509795,
                50.82409971422539
              ],
              [
                2.8348826189842242,
                50.82395541960351
              ],
              [
                2.835366251681807,
                50.823780253216704
              ],
              [
                2.835820445333863,
                50.82357590234326
              ],
              [
                2.8362408254037907,
                50.823344335355515
              ],
              [
                2.836623343231746,
                50.82308778274957
              ],
              [
                2.836964315031979,
                50.82280871564975
              ],
              [
                2.8372604573670013,
                50.822509821995645
              ],
              [
                2.837508918757058,
                50.82219398064154
              ],
              [
                2.8377073071209566,
                50.82186423361819
              ],
              [
                2.8378537127847494,
                50.82152375682466
              ],
              [
                2.8379467268377794,
                50.82117582943289
              ],
              [
                2.8379854546606764,
                50.82082380229999
              ],
              [
                2.837969524496575,
                50.82047106569285
              ],
              [
                2.8378990909847,
                50.82012101663591
              ],
              [
                2.8377748336241146,
                50.81977702619689
              ],
              [
                2.837597950184206,
                50.81944240702519
              ],
              [
                2.837370145127118,
                50.819120381455676
              ]
            ]
          ],
          [
            [
              [
                2.8799885216474843,
                50.842160712614266
              ],
              [
                2.8796655039062,
                50.841873145979534
              ],
              [
                2.8792995284137244,
                50.84160700954412
              ],
              [
                2.87889411988277,
                50.84136486596787
              ],
              [
                2.8784531825476187,
                50.841149046843384
              ],
              [
                2.8779809625669626,
                50.84096163025601
              ],
              [
                2.877482007142947,
                50.84080442078517
              ],
              [
                2.876961120749676,
                50.840678932138374
              ],
              [
                2.876423318891901,
                50.84058637258524
              ],
              [
                2.87587377983817,
                50.84052763333092
              ],
              [
                2.8753177947918918,
                50.840503279940776
              ],
              [
                2.874760716978651,
                50.84051354689854
              ],
              [
                2.8742079101383715,
                50.84055833535003
              ],
              [
                2.873664696916598,
                50.84063721405448
              ],
              [
                2.8731363076500895,
                50.84074942353379
              ],
              [
                2.872627830038221,
                50.840893883380275
              ],
              [
                2.8721441601832334,
                50.84106920265289
              ],
              [
                2.87168995546942,
                50.84127369326152
              ],
              [
                2.8712695897338216,
                50.841505386211715
              ],
              [
                2.871165907987374,
                50.84157496281721
              ],
              [
                2.870888292134777,
                50.84172797357817
              ],
              [
                2.8705058096676903,
                50.84198463666023
              ],
              [
                2.8701648979248366,
                50.84226379983185
              ],
              [
                2.8698688403812147,
                50.84256277496987
              ],
              [
                2.8696204887669388,
                50.84287868312511
              ],
              [
                2.8694222355830035,
                50.843208482235006
              ],
              [
                2.8692759910317998,
                50.84354899640858
              ],
              [
                2.869183164585637,
                50.8438969465022
              ],
              [
                2.869144651372129,
                50.844248981692076
              ],
              [
                2.8691608235091195,
                50.84460171173971
              ],
              [
                2.869231526474317,
                50.84495173963968
              ],
              [
                2.8693560805463783,
                50.84529569433555
              ],
              [
                2.86953328730538,
                50.84563026318859
              ],
              [
                2.869761441131837,
                50.845952223886876
              ],
              [
                2.870038345595129,
                50.84625847548669
              ],
              [
                2.870361334574985,
                50.846546068287296
              ],
              [
                2.870727297913793,
                50.84681223225087
              ],
              [
                2.871078770935852,
                50.847022182913335
              ],
              [
                2.870935234176801,
                50.84726095317267
              ],
              [
                2.870788987977915,
                50.847601468850456
              ],
              [
                2.8706961647285336,
                50.84794941975062
              ],
              [
                2.8706576595256994,
                50.848301455041586
              ],
              [
                2.870673844410325,
                50.8486541844839
              ],
              [
                2.870711331607027,
                50.84883972607971
              ],
              [
                2.8704057591065517,
                50.84895046392205
              ],
              [
                2.869951470675896,
                50.84915494735087
              ],
              [
                2.8695310258903115,
                50.84938663356308
              ],
              [
                2.8691484736938064,
                50.84964329167328
              ],
              [
                2.868807498344261,
                50.84992245030606
              ],
              [
                2.8687617072661604,
                50.84996868343677
              ],
              [
                2.8685881892797407,
                50.85011074170359
              ],
              [
                2.868292072283695,
                50.85040971221017
              ],
              [
                2.8680436686122732,
                50.850725616338195
              ],
              [
                2.867845371268016,
                50.851055412063886
              ],
              [
                2.867699090878871,
                50.8513959235289
              ],
              [
                2.867606237262615,
                50.85174387161571
              ],
              [
                2.867567705808894,
                50.85209590551984
              ],
              [
                2.8675838688116126,
                50.85244863501526
              ],
              [
                2.8676545718368596,
                50.85279866310183
              ],
              [
                2.8677791351631226,
                50.85314261872132
              ],
              [
                2.8679563602817475,
                50.85347718922617
              ],
              [
                2.868184541396793,
                50.85379915228853
              ],
              [
                2.868461481815147,
                50.85410540694187
              ],
              [
                2.8687845150705216,
                50.854393003456046
              ],
              [
                2.8691505305790947,
                50.85465917175749
              ],
              [
                2.869151927402283,
                50.85466000604308
              ],
              [
                2.869153530563783,
                50.85466117186087
              ],
              [
                2.8695590035980345,
                50.85490334821328
              ],
              [
                2.8700000291272936,
                50.85511919995298
              ],
              [
                2.8704723595258876,
                50.85530664793882
              ],
              [
                2.8709714454594004,
                50.85546388659933
              ],
              [
                2.871492479717778,
                50.85558940133454
              ],
              [
                2.872030443539826,
                50.85568198311414
              ],
              [
                2.872580154981843,
                50.855740740130955
              ],
              [
                2.873136318863241,
                50.85576510639697
              ],
              [
                2.873693577806571,
                50.855754847198924
              ],
              [
                2.8742465638787174,
                50.85571006136077
              ],
              [
                2.874789950334102,
                50.85563118029111
              ],
              [
                2.8753185029598023,
                50.855518963824714
              ],
              [
                2.8758271305263325,
                50.855374492898605
              ],
              [
                2.8763109338565807,
                50.855199159133036
              ],
              [
                2.8767652530389194,
                50.85499465141847
              ],
              [
                2.8771857123285565,
                50.85476293963798
              ],
              [
                2.877568262303834,
                50.85450625568221
              ],
              [
                2.877885108606997,
                50.8542468141682
              ],
              [
                2.878110148392874,
                50.85421413807209
              ],
              [
                2.8786386771553474,
                50.85410190660138
              ],
              [
                2.8791472791808976,
                50.85395742122219
              ],
              [
                2.879631055538517,
                50.85378207369401
              ],
              [
                2.8800853465764713,
                50.85357755303988
              ],
              [
                2.8805057768211424,
                50.85334582926742
              ],
              [
                2.88088829713071,
                50.853089134382856
              ],
              [
                2.881229223697075,
                50.85280994088074
              ],
              [
                2.88152527352018,
                50.85251093791796
              ],
              [
                2.8816702778300556,
                50.852326454300886
              ],
              [
                2.8820970124629612,
                50.8523451184879
              ],
              [
                2.8826542288990438,
                50.85233481671294
              ],
              [
                2.883207166192215,
                50.852289988591686
              ],
              [
                2.8837504980669144,
                50.85221106593998
              ],
              [
                2.8842789908361492,
                50.852098808993226
              ],
              [
                2.884787553847206,
                50.85195429907828
              ],
              [
                2.885271288545019,
                50.85177892819094
              ],
              [
                2.8857255356792706,
                50.85157438557924
              ],
              [
                2.886145920199374,
                50.85134264146234
              ],
              [
                2.8865283934040566,
                50.85108592804231
              ],
              [
                2.886869271939047,
                50.85080671799224
              ],
              [
                2.8871652732670112,
                50.85050770062837
              ],
              [
                2.887413547268291,
                50.850191755996214
              ],
              [
                2.887611703668546,
                50.84986192712086
              ],
              [
                2.8877578350299484,
                50.84952139068936
              ],
              [
                2.8878505350856174,
                50.84917342644757
              ],
              [
                2.8878889122420706,
                50.848821385607046
              ],
              [
                2.887872598121224,
                50.84846865856617
              ],
              [
                2.887801751061378,
                50.84811864225676
              ],
              [
                2.887677054545288,
                50.84777470743062
              ],
              [
                2.887499710572243,
                50.84744016620107
              ],
              [
                2.8872714280397465,
                50.84711824015188
              ],
              [
                2.8870125631615453,
                50.8468320995219
              ],
              [
                2.8868896330479386,
                50.84660019340838
              ],
              [
                2.8866613587724483,
                50.84627826609673
              ],
              [
                2.886384345904873,
                50.84597205375316
              ],
              [
                2.886061262851045,
                50.84568450503949
              ],
              [
                2.885695221479594,
                50.845418388845125
              ],
              [
                2.885339711851021,
                50.845206103314666
              ],
              [
                2.885781740593219,
                50.845282136175605
              ],
              [
                2.886331347601557,
                50.8453408289218
              ],
              [
                2.8868873955607945,
                50.84536513006226
              ],
              [
                2.8874445282103536,
                50.84535480551111
              ],
              [
                2.887997378833963,
                50.845309954721834
              ],
              [
                2.888540621991127,
                50.84523100972865
              ],
              [
                2.8890690248496527,
                50.845118730982115
              ],
              [
                2.8895774976230983,
                50.844974200019074
              ],
              [
                2.8900611426257967,
                50.844798809038075
              ],
              [
                2.890515301471565,
                50.84459424748065
              ],
              [
                2.8909355999603505,
                50.84436248574841
              ],
              [
                2.8913179902196178,
                50.84410575621307
              ],
              [
                2.89165878969404,
                50.84382653170291
              ],
              [
                2.8919547166077417,
                50.843527501673385
              ],
              [
                2.892202921557698,
                50.84321154629191
              ],
              [
                2.8922040807405103,
                50.84320961619606
              ],
              [
                2.8922049212870022,
                50.84320854620438
              ],
              [
                2.8924030146371082,
                50.842878708595954
              ],
              [
                2.8925490895858585,
                50.842538165536105
              ],
              [
                2.8926417404094216,
                50.84219019683454
              ],
              [
                2.8926800759881535,
                50.84183815374564
              ],
              [
                2.8926637283440484,
                50.84148542668942
              ],
              [
                2.8925928561378815,
                50.84113541259781
              ],
              [
                2.892468143094187,
                50.84079148220119
              ],
              [
                2.8922907913710287,
                50.8404569475702
              ],
              [
                2.89206250994016,
                50.84013503022504
              ],
              [
                2.8917854980911395,
                50.83982883011942
              ],
              [
                2.891462424219673,
                50.8395412957973
              ],
              [
                2.891096400105684,
                50.839275196009396
              ],
              [
                2.8906909509297347,
                50.839033093062696
              ],
              [
                2.890249981317158,
                50.838817318158476
              ],
              [
                2.8897777377371496,
                50.83862994895626
              ],
              [
                2.8892787676188334,
                50.838472789579185
              ],
              [
                2.888757875577587,
                50.83834735325245
              ],
              [
                2.8882200771723885,
                50.838254847741815
              ],
              [
                2.887670550638443,
                50.83819616373215
              ],
              [
                2.8871145870585746,
                50.83817186625687
              ],
              [
                2.8865575394517013,
                50.838182189261325
              ],
              [
                2.886004771266988,
                50.838227033351735
              ],
              [
                2.8854616047779187,
                50.838305966751584
              ],
              [
                2.884933269871473,
                50.838418229456124
              ],
              [
                2.884424853723838,
                50.83856274054523
              ],
              [
                2.8839412518456955,
                50.83873810858436
              ],
              [
                2.8834871209670783,
                50.83894264501388
              ],
              [
                2.8830668342143646,
                50.83917438039804
              ],
              [
                2.8826844390101334,
                50.839431083377896
              ],
              [
                2.8823436181007613,
                50.83971028214587
              ],
              [
                2.8820476540868265,
                50.84000928823595
              ],
              [
                2.8817993977980043,
                50.84032522240079
              ],
              [
                2.8817982382591767,
                50.840327152395325
              ],
              [
                2.881797397527366,
                50.84032822231326
              ],
              [
                2.8815992405201802,
                50.840658042236115
              ],
              [
                2.8814530921002355,
                50.840998571829935
              ],
              [
                2.881360360814136,
                50.84134653180247
              ],
              [
                2.8813219408730566,
                50.84169857123468
              ],
              [
                2.8813382034964996,
                50.84205129984708
              ],
              [
                2.8814089932905853,
                50.84240132064795
              ],
              [
                2.88153362969753,
                50.84274526264907
              ],
              [
                2.8817109135041847,
                50.84307981333392
              ],
              [
                2.881939138348705,
                50.84340175056541
              ],
              [
                2.88221610711614,
                50.843707973625754
              ],
              [
                2.882539153066518,
                50.84399553308899
              ],
              [
                2.8829051654931486,
                50.844261659238335
              ],
              [
                2.8832606569856822,
                50.84447395220403
              ],
              [
                2.882818639920409,
                50.84439790982418
              ],
              [
                2.882269048322151,
                50.8443392006013
              ],
              [
                2.8817130148862726,
                50.84431487755758
              ],
              [
                2.8811558933041477,
                50.84432517488456
              ],
              [
                2.8809445267309526,
                50.844342310446216
              ],
              [
                2.8809470577813636,
                50.84431912179381
              ],
              [
                2.8809307973082103,
                50.843966393348296
              ],
              [
                2.8808600087178187,
                50.84361637241022
              ],
              [
                2.8807353749296807,
                50.84327242977601
              ],
              [
                2.8807024018255802,
                50.84321020445675
              ],
              [
                2.8806709589393074,
                50.843123432738096
              ],
              [
                2.880493682368749,
                50.84278888048521
              ],
              [
                2.88026547039781,
                50.84246694038631
              ],
              [
                2.8799885216474843,
                50.842160712614266
              ]
            ]
          ],
          [
            [
              [
                2.8297354933396086,
                50.84989495715758
              ],
              [
                2.829214633786281,
                50.849769256772404
              ],
              [
                2.8286768220547502,
                50.849676478503426
              ],
              [
                2.8281272365090437,
                50.849617515661734
              ],
              [
                2.8275711688003846,
                50.84959293596548
              ],
              [
                2.8270139729501897,
                50.84960297607733
              ],
              [
                2.82646101383458,
                50.84964753932732
              ],
              [
                2.8259176155647374,
                50.84972619664298
              ],
              [
                2.8253890102584247,
                50.84983819067787
              ],
              [
                2.824880287694267,
                50.84998244309882
              ],
              [
                2.8243963463320405,
                50.85015756496204
              ],
              [
                2.823941846169198,
                50.85036187007838
              ],
              [
                2.8239398442265102,
                50.85036297185021
              ],
              [
                2.8239378462602627,
                50.850363869960184
              ],
              [
                2.8235171639399366,
                50.850595391106964
              ],
              [
                2.8231343507289335,
                50.85085189900397
              ],
              [
                2.8227930933973315,
                50.85113092372248
              ],
              [
                2.8224966787469405,
                50.85142977847282
              ],
              [
                2.8222479619457994,
                50.85174558546548
              ],
              [
                2.8220493390108823,
                50.85207530361246
              ],
              [
                2.8219027237047882,
                50.852415757802845
              ],
              [
                2.821809529070004,
                50.85276366947112
              ],
              [
                2.8217706537799234,
                50.85311568816405
              ],
              [
                2.821786473439625,
                50.85346842380246
              ],
              [
                2.8218568369219206,
                50.85381847932757
              ],
              [
                2.8219810677757113,
                50.854162483417376
              ],
              [
                2.822157970694942,
                50.85449712295792
              ],
              [
                2.8223858429875808,
                50.85481917495689
              ],
              [
                2.8226624909358105,
                50.855125537591555
              ],
              [
                2.822985250891322,
                50.85541326009211
              ],
              [
                2.82322033838946,
                50.855584426688
              ],
              [
                2.823279843528499,
                50.85563747116537
              ],
              [
                2.8236456109550847,
                50.85590378130975
              ],
              [
                2.8240508601400114,
                50.85614611483488
              ],
              [
                2.824491688242462,
                50.85636213755382
              ],
              [
                2.8249638495395324,
                50.85654976867873
              ],
              [
                2.8254627963266716,
                50.856707200874176
              ],
              [
                2.825983722735043,
                50.85683291767604
              ],
              [
                2.826521611043058,
                50.85692570810769
              ],
              [
                2.827071280034965,
                50.85698467835207
              ],
              [
                2.8276274349394246,
                50.85700926036724
              ],
              [
                2.828184718465587,
                50.85699921736172
              ],
              [
                2.828737762443438,
                50.8569546460769
              ],
              [
                2.829281239569294,
                50.85687597585466
              ],
              [
                2.829809914756315,
                50.856763964498825
              ],
              [
                2.830318695593723,
                50.85661969097067
              ],
              [
                2.83080268142716,
                50.856444544989074
              ],
              [
                2.8312572105860605,
                50.85624021363585
              ],
              [
                2.8316779053020036,
                50.85600866509544
              ],
              [
                2.832060713884548,
                50.85575212968633
              ],
              [
                2.8324019497477666,
                50.855473078367325
              ],
              [
                2.832698326911377,
                50.85517419892616
              ],
              [
                2.8329469916347048,
                50.85485837008029
              ],
              [
                2.8331455498792524,
                50.85452863374013
              ],
              [
                2.8332920903362004,
                50.854188165701935
              ],
              [
                2.8333852027981496,
                50.85384024505345
              ],
              [
                2.8334239916995587,
                50.85348822258687
              ],
              [
                2.8334080846970084,
                50.85313548852424
              ],
              [
                2.833337636208374,
                50.85278543986552
              ],
              [
                2.833213325878641,
                50.85244144767463
              ],
              [
                2.8330363519889157,
                50.85210682461781
              ],
              [
                2.8328084198738748,
                50.85178479306737
              ],
              [
                2.8325317254608393,
                50.85147845407722
              ],
              [
                2.8322089340904286,
                50.85119075752915
              ],
              [
                2.8321522429711394,
                50.85114948721237
              ],
              [
                2.8320143277006182,
                50.85102656483377
              ],
              [
                2.8316485508143576,
                50.85076028042196
              ],
              [
                2.831587878343832,
                50.850724002580044
              ],
              [
                2.8315525504933134,
                50.85069828373326
              ],
              [
                2.831147309603525,
                50.85045597575562
              ],
              [
                2.830706506305259,
                50.850239977691885
              ],
              [
                2.830234385467768,
                50.850052369350585
              ],
              [
                2.8297354933396086,
                50.84989495715758
              ]
            ]
          ],
          [
            [
              [
                2.822530822083845,
                50.883704680047835
              ],
              [
                2.8222078705094793,
                50.88341695861233
              ],
              [
                2.8218418969893735,
                50.883150646069375
              ],
              [
                2.8214364262194267,
                50.88290830677484
              ],
              [
                2.820995363035086,
                50.88269227420598
              ],
              [
                2.8205229548083337,
                50.882504628503575
              ],
              [
                2.8200237505549954,
                50.88234717645309
              ],
              [
                2.819502557145744,
                50.882221434097836
              ],
              [
                2.818964393041707,
                50.88212861215023
              ],
              [
                2.818414439999155,
                50.88206960434189
              ],
              [
                2.817857993207011,
                50.8820449788239
              ],
              [
                2.817300410335839,
                50.8820549727001
              ],
              [
                2.8167470599872733,
                50.8820994897457
              ],
              [
                2.8162032700385624,
                50.88217810133311
              ],
              [
                2.8156742763778815,
                50.882290050556264
              ],
              [
                2.8151651725223763,
                50.88243425951349
              ],
              [
                2.815163252936736,
                50.882434953455814
              ],
              [
                2.8151621726723044,
                50.88243525944861
              ],
              [
                2.814677860730934,
                50.882610339602294
              ],
              [
                2.8142230042889405,
                50.88281460517803
              ],
              [
                2.8138019834573584,
                50.88304608934844
              ],
              [
                2.8134188527257646,
                50.883302563173906
              ],
              [
                2.813077301921911,
                50.88358155705389
              ],
              [
                2.8127806206740167,
                50.88388038449585
              ],
              [
                2.8125316667180487,
                50.884196167973364
              ],
              [
                2.8123328383556756,
                50.88452586662502
              ],
              [
                2.812186051328925,
                50.8848663055278
              ],
              [
                2.812092720335346,
                50.885214206263555
              ],
              [
                2.8120537453630368,
                50.88556621848441
              ],
              [
                2.812069502978704,
                50.88591895217368
              ],
              [
                2.812139842654389,
                50.88626901029146
              ],
              [
                2.8122640881699863,
                50.88661302149081
              ],
              [
                2.812441044079905,
                50.886947672589386
              ],
              [
                2.812669007183334,
                50.88726974048357
              ],
              [
                2.8129457828892654,
                50.88757612319758
              ],
              [
                2.8132687063201525,
                50.887863869768196
              ],
              [
                2.813634667952151,
                50.88813020867681
              ],
              [
                2.8140401435459492,
                50.88837257455461
              ],
              [
                2.8144812280805263,
                50.88858863290302
              ],
              [
                2.8149536733632936,
                50.888776302590955
              ],
              [
                2.815452928954329,
                50.888933775911454
              ],
              [
                2.8159741860100986,
                50.88905953600425
              ],
              [
                2.816512423623661,
                50.8891523714756
              ],
              [
                2.8170624572139764,
                50.88921138807466
              ],
              [
                2.817618988496944,
                50.88923601731286
              ],
              [
                2.8181766565553614,
                50.889226021943834
              ],
              [
                2.818730089514256,
                50.88918149825013
              ],
              [
                2.8192739563221325,
                50.88910287511522
              ],
              [
                2.819803018137638,
                50.8889909098894
              ],
              [
                2.8203121788250067,
                50.888846681089625
              ],
              [
                2.820314098596625,
                50.88884598706438
              ],
              [
                2.820315178974942,
                50.88884568102472
              ],
              [
                2.820799534198785,
                50.88867057792671
              ],
              [
                2.8212544187500215,
                50.88846628721235
              ],
              [
                2.8216754514367404,
                50.888234776674715
              ],
              [
                2.8220585773130957,
                50.887978276266416
              ],
              [
                2.8224001067372115,
                50.887699256609274
              ],
              [
                2.8226967509017578,
                50.88740040518616
              ],
              [
                2.8229456534951294,
                50.88708460044489
              ],
              [
                2.823144418188758,
                50.88675488406382
              ],
              [
                2.8232911316866436,
                50.88641443164714
              ],
              [
                2.8233843821161932,
                50.88606652213223
              ],
              [
                2.823423272584643,
                50.88571450620428
              ],
              [
                2.8234074297720477,
                50.8853617740224
              ],
              [
                2.8233370074798,
                50.88501172256858
              ],
              [
                2.823212685102312,
                50.88466772293371
              ],
              [
                2.8230356610383764,
                50.884333087855815
              ],
              [
                2.822807641107419,
                50.88401103982296
              ],
              [
                2.822530822083845,
                50.883704680047835
              ]
            ]
          ],
          [
            [
              [
                2.8444077578766462,
                50.91151080306717
              ],
              [
                2.844084480933626,
                50.91122314417979
              ],
              [
                2.8437181665436864,
                50.9109569020267
              ],
              [
                2.8433123426849742,
                50.910714640285754
              ],
              [
                2.8428709175925695,
                50.91049869168732
              ],
              [
                2.8423981421227604,
                50.91031113556343
              ],
              [
                2.8418985688268386,
                50.910153777836925
              ],
              [
                2.841377008128105,
                50.9100281336428
              ],
              [
                2.8408384820233175,
                50.909935412748254
              ],
              [
                2.8402881757533893,
                50.90987650791184
              ],
              [
                2.8397313879074044,
                50.90985198629317
              ],
              [
                2.8391734794389207,
                50.909862083995684
              ],
              [
                2.838619822083839,
                50.90990670379493
              ],
              [
                2.838075746674821,
                50.909985416073994
              ],
              [
                2.837546491848186,
                50.91009746295727
              ],
              [
                2.8370371536355226,
                50.91024176560286
              ],
              [
                2.8365526364238405,
                50.91041693458345
              ],
              [
                2.8360976057550857,
                50.910621283256376
              ],
              [
                2.835676443418395,
                50.91085284399408
              ],
              [
                2.835674346494665,
                50.91085424770508
              ],
              [
                2.8356714434430077,
                50.91085584382872
              ],
              [
                2.835288205239429,
                50.91111238693776
              ],
              [
                2.8349465820841107,
                50.91139144216858
              ],
              [
                2.834649864303122,
                50.911690322437785
              ],
              [
                2.834400909985548,
                50.91200614971017
              ],
              [
                2.8342021174379934,
                50.91233588270248
              ],
              [
                2.8340554020591386,
                50.91267634616088
              ],
              [
                2.8339621778581456,
                50.91302426143053
              ],
              [
                2.8339233437962545,
                50.913376278023456
              ],
              [
                2.833939275084672,
                50.9137290058806
              ],
              [
                2.8340098195242867,
                50.914079048018
              ],
              [
                2.8341342989242335,
                50.9144230332424
              ],
              [
                2.8343115155874843,
                50.91475764862139
              ],
              [
                2.834539763802758,
                50.91507967139508
              ],
              [
                2.834816846233693,
                50.915386000022075
              ],
              [
                2.8351400950489283,
                50.91567368405981
              ],
              [
                2.8355063975907866,
                50.91593995259181
              ],
              [
                2.835912226336295,
                50.91618224092688
              ],
              [
                2.8363536728625798,
                50.91639821531319
              ],
              [
                2.836826485489811,
                50.91658579542822
              ],
              [
                2.8373261102390526,
                50.91674317442772
              ],
              [
                2.837847734710118,
                50.916868836359825
              ],
              [
                2.8383863344560907,
                50.916961570776294
              ],
              [
                2.8389367214067724,
                50.91702048439959
              ],
              [
                2.8394935938733963,
                50.917045009733116
              ],
              [
                2.8400515876514305,
                50.917034910531314
              ],
              [
                2.8406053277276344,
                50.91699028407699
              ],
              [
                2.8411494800915746,
                50.91691156024346
              ],
              [
                2.8416788031508413,
                50.916799497351
              ],
              [
                2.842188198253021,
                50.91665517485745
              ],
              [
                2.842672758826253,
                50.916479982953454
              ],
              [
                2.84312781766366,
                50.91627560916326
              ],
              [
                2.8435489918950645,
                50.91604402208015
              ],
              [
                2.8435510888151367,
                50.91604261823071
              ],
              [
                2.843553991919626,
                50.9160410219148
              ],
              [
                2.8439372251847166,
                50.91578445221213
              ],
              [
                2.844278826859805,
                50.91550537119724
              ],
              [
                2.8445755074428085,
                50.915206466943964
              ],
              [
                2.8448244102726785,
                50.91489061840882
              ],
              [
                2.845023139020025,
                50.914560867691876
              ],
              [
                2.845169780736599,
                50.914220390727856
              ],
              [
                2.8452629242427223,
                50.913872466690414
              ],
              [
                2.8453016736769743,
                50.91352044640437
              ],
              [
                2.845285657079191,
                50.913167720070625
              ],
              [
                2.845215029925822,
                50.91281768461461
              ],
              [
                2.845090473585431,
                50.9124737109729
              ],
              [
                2.8449131887109984,
                50.91213911163296
              ],
              [
                2.844684883634424,
                50.911817108738454
              ],
              [
                2.8444077578766462,
                50.91151080306717
              ]
            ]
          ],
          [
            [
              [
                2.881176367960566,
                50.86372227588814
              ],
              [
                2.8808531947369405,
                50.86343471425749
              ],
              [
                2.880487044594964,
                50.86316858313112
              ],
              [
                2.880081443929436,
                50.86292644511778
              ],
              [
                2.879640298824892,
                50.862710631756364
              ],
              [
                2.8791678574406383,
                50.862523221076714
              ],
              [
                2.8786686691105317,
                50.86236601760126
              ],
              [
                2.8781475405509775,
                50.862240534979804
              ],
              [
                2.877609489598055,
                50.86214798142385
              ],
              [
                2.8770596969182436,
                50.86208924808083
              ],
              [
                2.8765034561564358,
                50.86206490045912
              ],
              [
                2.875946122999775,
                50.86207517298691
              ],
              [
                2.875393063646163,
                50.86211996675642
              ],
              [
                2.8748496031719033,
                50.862198850475686
              ],
              [
                2.874320974293938,
                50.86231106461831
              ],
              [
                2.873812267018357,
                50.8624555287318
              ],
              [
                2.873328379658469,
                50.86263085183402
              ],
              [
                2.872873971692722,
                50.862835345798075
              ],
              [
                2.8724534189152524,
                50.863067041597205
              ],
              [
                2.872070771310084,
                50.863323708253745
              ],
              [
                2.8717297140540765,
                50.863602874309954
              ],
              [
                2.8714335320239277,
                50.863901851615
              ],
              [
                2.8711850781491575,
                50.86421776119884
              ],
              [
                2.870986745916299,
                50.864547560985216
              ],
              [
                2.870921765876421,
                50.864698803423735
              ],
              [
                2.870834715478862,
                50.86484355407793
              ],
              [
                2.8706884138291957,
                50.86518406795124
              ],
              [
                2.8705955551022404,
                50.86553201705539
              ],
              [
                2.8705570347375735,
                50.86588405057613
              ],
              [
                2.8705732249230325,
                50.866236778291004
              ],
              [
                2.8706439709636355,
                50.866586803217054
              ],
              [
                2.8707685927242803,
                50.86693075432642
              ],
              [
                2.870945891134162,
                50.86726531901496
              ],
              [
                2.8711741596920213,
                50.86758727501075
              ],
              [
                2.8714512008630266,
                50.86789352141535
              ],
              [
                2.8717743472108688,
                50.86818110857789
              ],
              [
                2.8721404870627247,
                50.86844726651494
              ],
              [
                2.87254609446087,
                50.86868943160039
              ],
              [
                2.8729872631130604,
                50.86890527126957
              ],
              [
                2.873459744014996,
                50.86909270649754
              ],
              [
                2.8739589863824255,
                50.86924993183568
              ],
              [
                2.87448018149824,
                50.86937543281228
              ],
              [
                2.875018309051496,
                50.86946800052958
              ],
              [
                2.875568185521,
                50.869526743315824
              ],
              [
                2.8761245141361456,
                50.86955109532004
              ],
              [
                2.876681935932283,
                50.86954082196639
              ],
              [
                2.8772350814072194,
                50.86949602221514
              ],
              [
                2.877778622279571,
                50.869417127608926
              ],
              [
                2.8783073228486886,
                50.86930489811297
              ],
              [
                2.8788160904597957,
                50.869160414789775
              ],
              [
                2.8793000245866716,
                50.86898506937905
              ],
              [
                2.8797544640577635,
                50.86878055088346
              ],
              [
                2.8801750319696926,
                50.868548829289914
              ],
              [
                2.8805576778547066,
                50.86829213658364
              ],
              [
                2.880898716695382,
                50.86801294523829
              ],
              [
                2.8811948644105887,
                50.867713944390005
              ],
              [
                2.881443269471094,
                50.867398013925325
              ],
              [
                2.8816415403407687,
                50.867068196732994
              ],
              [
                2.8816956213133693,
                50.86694225679849
              ],
              [
                2.8817949104952914,
                50.86677708976101
              ],
              [
                2.881941136617036,
                50.86643656219634
              ],
              [
                2.8820339131169463,
                50.86608860420631
              ],
              [
                2.882072347666109,
                50.86573656694232
              ],
              [
                2.882056071334568,
                50.86538384076838
              ],
              [
                2.8819852420975836,
                50.86503382260802
              ],
              [
                2.8819843164246874,
                50.86503126947284
              ],
              [
                2.8819838415330743,
                50.86502892267389
              ],
              [
                2.8818591427259155,
                50.86468498329481
              ],
              [
                2.881681776352996,
                50.86435043485555
              ],
              [
                2.8814534515283614,
                50.86402849900937
              ],
              [
                2.881176367960566,
                50.86372227588814
              ]
            ]
          ],
          [
            [
              [
                2.8882651096712477,
                50.86994639014956
              ],
              [
                2.8879418502532954,
                50.869658848553485
              ],
              [
                2.887575611458123,
                50.869392740020096
              ],
              [
                2.887169920534119,
                50.8691506269405
              ],
              [
                2.8867286844348077,
                50.86893484061347
              ],
              [
                2.886256152195513,
                50.8687474588085
              ],
              [
                2.8857568740247252,
                50.86859028576996
              ],
              [
                2.88523565750368,
                50.868464834854535
              ],
              [
                2.884697521315176,
                50.86837231396844
              ],
              [
                2.8841476469461584,
                50.86831361394452
              ],
              [
                2.8835913288278476,
                50.86828929997038
              ],
              [
                2.883033923392018,
                50.86829960615019
              ],
              [
                2.8824807975323474,
                50.868344433252176
              ],
              [
                2.8819372769653757,
                50.86842334966342
              ],
              [
                2.8814085949865786,
                50.86853559554279
              ],
              [
                2.880899842113317,
                50.868680090132194
              ],
              [
                2.8804159170979924,
                50.868855442156054
              ],
              [
                2.8799614797817292,
                50.869059963209
              ],
              [
                2.8795409062414414,
                50.86929168400343
              ],
              [
                2.879158246661298,
                50.86954837332098
              ],
              [
                2.878817186333735,
                50.86982755948573
              ],
              [
                2.878521010165342,
                50.870126554153124
              ],
              [
                2.878272571029538,
                50.87044247818595
              ],
              [
                2.8780742622712947,
                50.8707722893687
              ],
              [
                2.8779279946294785,
                50.87111281169413
              ],
              [
                2.8778351778001605,
                50.87146076594005
              ],
              [
                2.877796706819792,
                50.87181280124264
              ],
              [
                2.8778069819389986,
                50.87203588282287
              ],
              [
                2.877775718009564,
                50.87208787604054
              ],
              [
                2.877629444108181,
                50.8724283978661
              ],
              [
                2.8775366224687065,
                50.872776351745316
              ],
              [
                2.8774981481739768,
                50.87312838681786
              ],
              [
                2.8775143929685574,
                50.873481112846314
              ],
              [
                2.877585201631916,
                50.873831132863835
              ],
              [
                2.877709893426167,
                50.87417507588981
              ],
              [
                2.877887268606285,
                50.874509629397835
              ],
              [
                2.878115619931834,
                50.874831571223616
              ],
              [
                2.878392749070966,
                50.87513780060508
              ],
              [
                2.8787159877401836,
                50.87542536805534
              ],
              [
                2.8790822233774653,
                50.87569150378062
              ],
              [
                2.8794879291024467,
                50.87593364436882
              ],
              [
                2.87992919767569,
                50.8761494574911
              ],
              [
                2.8804017791302834,
                50.87633686437823
              ],
              [
                2.880901121713228,
                50.87649405985452
              ],
              [
                2.8814224157418726,
                50.876619529735876
              ],
              [
                2.8819606399522537,
                50.87671206542405
              ],
              [
                2.8825106098918742,
                50.876770775555755
              ],
              [
                2.8830670278895263,
                50.876795094594634
              ],
              [
                2.8830684335089223,
                50.87679506861305
              ],
              [
                2.883069028042581,
                50.87679509459655
              ],
              [
                2.883626534271967,
                50.87678478827474
              ],
              [
                2.8841797584163555,
                50.8767399558796
              ],
              [
                2.884723371436423,
                50.87666102926822
              ],
              [
                2.8852521369364603,
                50.8765487687141
              ],
              [
                2.8857609616362057,
                50.87640425557894
              ],
              [
                2.8862449444595644,
                50.8762288818896
              ],
              [
                2.8866994237660153,
                50.87602433692115
              ],
              [
                2.8871200222686366,
                50.87579259091549
              ],
              [
                2.8875026892052458,
                50.87553587609295
              ],
              [
                2.887843739355933,
                50.87525666514022
              ],
              [
                2.888139888530965,
                50.87495764738226
              ],
              [
                2.888388285187421,
                50.87464170286843
              ],
              [
                2.8885865378705193,
                50.87431187462276
              ],
              [
                2.888732738216154,
                50.87397133932625
              ],
              [
                2.8888254792942054,
                50.87362337671384
              ],
              [
                2.8888638691173387,
                50.87327133798141
              ],
              [
                2.888853398197227,
                50.87304516801984
              ],
              [
                2.8888827935443073,
                50.87299626139348
              ],
              [
                2.889028987648645,
                50.87265572559988
              ],
              [
                2.889121723935638,
                50.87230776262261
              ],
              [
                2.889160110464032,
                50.871955723661046
              ],
              [
                2.88914377876669,
                50.87160299909546
              ],
              [
                2.889072887352386,
                50.871252985833834
              ],
              [
                2.8889481201321914,
                50.870909054598584
              ],
              [
                2.8887706797873833,
                50.87057451746839
              ],
              [
                2.8885422761445168,
                50.870252595987566
              ],
              [
                2.8882651096712477,
                50.86994639014956
              ]
            ]
          ],
          [
            [
              [
                2.9430822972988606,
                50.804552419522665
              ],
              [
                2.9427591522457943,
                50.80426502385643
              ],
              [
                2.9423931125303655,
                50.80399908171339
              ],
              [
                2.941987703481459,
                50.80375715388233
              ],
              [
                2.9415468293363807,
                50.803541569878156
              ],
              [
                2.9410747356437503,
                50.80335440552221
              ],
              [
                2.940575968388474,
                50.803197462965095
              ],
              [
                2.9400553302320076,
                50.80307225334432
              ],
              [
                2.9395178342885306,
                50.802979982242846
              ],
              [
                2.938968655881107,
                50.8029215380885
              ],
              [
                2.938413082741094,
                50.80289748360531
              ],
              [
                2.9378564641288483,
                50.80290805039903
              ],
              [
                2.937304159364017,
                50.80295313672857
              ],
              [
                2.936761486259304,
                50.80303230848501
              ],
              [
                2.9362336699525176,
                50.80314480336851
              ],
              [
                2.9357257926279337,
                50.80328953822334
              ],
              [
                2.93524274460956,
                50.80346511946024
              ],
              [
                2.9347891772958463,
                50.80366985646654
              ],
              [
                2.934369458387933,
                50.80390177787494
              ],
              [
                2.9339876298416727,
                50.80415865053493
              ],
              [
                2.9336473689477964,
                50.80443800100471
              ],
              [
                2.9333519529148018,
                50.80473713935708
              ],
              [
                2.933104227295728,
                50.80505318507064
              ],
              [
                2.932906578563377,
                50.80538309475759
              ],
              [
                2.9327609110988573,
                50.80572369146148
              ],
              [
                2.932668628816179,
                50.80607169524324
              ],
              [
                2.9326306216011884,
                50.806423754761404
              ],
              [
                2.9326472566970203,
                50.8067764795425
              ],
              [
                2.9327183751207477,
                50.807126472631175
              ],
              [
                2.932843293147497,
                50.80747036330563
              ],
              [
                2.9330208088495757,
                50.80780483954318
              ],
              [
                2.9332492136293706,
                50.808126679923376
              ],
              [
                2.9335263086365684,
                50.80843278466083
              ],
              [
                2.93384942591305,
                50.80872020546893
              ],
              [
                2.9342154540630134,
                50.80898617396616
              ],
              [
                2.934620868202028,
                50.809228128350945
              ],
              [
                2.9350617638971777,
                50.80944373808791
              ],
              [
                2.9355338947716856,
                50.80963092636687
              ],
              [
                2.936032713411768,
                50.809787890117825
              ],
              [
                2.9365534151812778,
                50.80991311738884
              ],
              [
                2.937090984521423,
                50.81000540191863
              ],
              [
                2.937640243288548,
                50.81006385476333
              ],
              [
                2.9381959006631155,
                50.81008791286495
              ],
              [
                2.9387526041476817,
                50.81007734447872
              ],
              [
                2.9393049911610056,
                50.81003225140688
              ],
              [
                2.9398477407296197,
                50.80995306801748
              ],
              [
                2.940375624777249,
                50.80984055705738
              ],
              [
                2.940883558516376,
                50.80969580230016
              ],
              [
                2.9413666494550146,
                50.80952019809989
              ],
              [
                2.9418202445453114,
                50.80931543595173
              ],
              [
                2.9422399750186896,
                50.80908348818916
              ],
              [
                2.942621798474841,
                50.80882658897544
              ],
              [
                2.9429620378186443,
                50.808547212772844
              ],
              [
                2.9432574166697614,
                50.80824805049749
              ],
              [
                2.9435050909040292,
                50.80793198359009
              ],
              [
                2.943702676023336,
                50.80760205625291
              ],
              [
                2.9438482700911877,
                50.80726144612069
              ],
              [
                2.9439404720141664,
                50.80691343364856
              ],
              [
                2.9439783949946037,
                50.80656137051195
              ],
              [
                2.943961675026451,
                50.80620864732339
              ],
              [
                2.943890474354232,
                50.80585866097701
              ],
              [
                2.943765479863583,
                50.80551478193552
              ],
              [
                2.9435878964206617,
                50.80518032177456
              ],
              [
                2.9433594352263235,
                50.80485850129677
              ],
              [
                2.9430822972988606,
                50.804552419522665
              ]
            ]
          ],
          [
            [
              [
                2.938229805480224,
                50.82234992666277
              ],
              [
                2.9379065678001965,
                50.822062518982726
              ],
              [
                2.9375404170143775,
                50.82179656294659
              ],
              [
                2.9371348795216057,
                50.8215546194769
              ],
              [
                2.9366938607962765,
                50.82133901823913
              ],
              [
                2.9362216077793155,
                50.82115183522054
              ],
              [
                2.935722667989747,
                50.82099487275139
              ],
              [
                2.9352018457501967,
                50.82086964216089
              ],
              [
                2.934664155947076,
                50.8207773492339
              ],
              [
                2.9341147757697037,
                50.820718882608325
              ],
              [
                2.9335589948917695,
                50.820694805224605
              ],
              [
                2.933002164573365,
                50.82070534890892
              ],
              [
                2.9324496461720457,
                50.820750412142736
              ],
              [
                2.931906759557017,
                50.82082956103948
              ],
              [
                2.9316856606285193,
                50.82087665655262
              ],
              [
                2.9313872948054067,
                50.8209201542853
              ],
              [
                2.9308592649105933,
                50.82103262442255
              ],
              [
                2.9303511778961946,
                50.82117733529061
              ],
              [
                2.9298679261048926,
                50.82135289353129
              ],
              [
                2.92941416289696,
                50.82155760875334
              ],
              [
                2.928994257859633,
                50.82178950979929
              ],
              [
                2.928612254740991,
                50.822046363714804
              ],
              [
                2.92827183251287,
                50.822325697238625
              ],
              [
                2.927976269937569,
                50.8226248206068
              ],
              [
                2.927728413979657,
                50.82294085344231
              ],
              [
                2.927530652367592,
                50.823270752481456
              ],
              [
                2.9273848905701545,
                50.82361134087042
              ],
              [
                2.927292533410547,
                50.82395933875025
              ],
              [
                2.927254471496543,
                50.8243113948364
              ],
              [
                2.9272710725989586,
                50.824664118688496
              ],
              [
                2.927342178063181,
                50.82501411336022
              ],
              [
                2.927467104290091,
                50.8253580081145
              ],
              [
                2.9276446492739385,
                50.82569249088949
              ],
              [
                2.92787310413596,
                50.82601434020171
              ],
              [
                2.9281502695442754,
                50.826320456179815
              ],
              [
                2.9284734768633873,
                50.82660789042888
              ],
              [
                2.928482894859034,
                50.82661473228207
              ],
              [
                2.9285056758199968,
                50.82663499163673
              ],
              [
                2.9288718131805207,
                50.826900975543246
              ],
              [
                2.9292773542635224,
                50.82714294724815
              ],
              [
                2.9293854903665824,
                50.82719581649381
              ],
              [
                2.9295236579857935,
                50.82727825489067
              ],
              [
                2.9299646995342163,
                50.82749388275715
              ],
              [
                2.930436991332466,
                50.82768109066129
              ],
              [
                2.93093598441671,
                50.82783807534405
              ],
              [
                2.931456872470379,
                50.82796332465178
              ],
              [
                2.9319946381400683,
                50.82805563211096
              ],
              [
                2.9325441013906355,
                50.82811410855683
              ],
              [
                2.933099969432423,
                50.828138190704
              ],
              [
                2.933656887738238,
                50.82812764657607
              ],
              [
                2.9342094916570436,
                50.82808257774166
              ],
              [
                2.934752458125502,
                50.82800341833533
              ],
              [
                2.9352805569775566,
                50.82789093087293
              ],
              [
                2.935788701356153,
                50.82774619890177
              ],
              [
                2.936271996739983,
                50.82757061655646
              ],
              [
                2.9367257881116555,
                50.82736587512167
              ],
              [
                2.9371457048118303,
                50.82713394673145
              ],
              [
                2.937527702646438,
                50.826877065362545
              ],
              [
                2.9378681028408873,
                50.82659770530542
              ],
              [
                2.9378888291735743,
                50.82657672500109
              ],
              [
                2.9379996660294125,
                50.82648576224393
              ],
              [
                2.938295189114062,
                50.82618661391849
              ],
              [
                2.9385429911677394,
                50.82587055902173
              ],
              [
                2.9385468260680314,
                50.82586415932018
              ],
              [
                2.938652410382559,
                50.825729492115656
              ],
              [
                2.9388501043160433,
                50.82539957453707
              ],
              [
                2.938995788624123,
                50.825058972060894
              ],
              [
                2.9390880613450374,
                50.82471096506855
              ],
              [
                2.939126035000119,
                50.82435890518278
              ],
              [
                2.9391093450961914,
                50.824006182984846
              ],
              [
                2.9390381535891774,
                50.82365619535942
              ],
              [
                2.9389131472773844,
                50.82331231278154
              ],
              [
                2.938735531141718,
                50.82297784686092
              ],
              [
                2.938507016698718,
                50.82265601845571
              ],
              [
                2.938229805480224,
                50.82234992666277
              ]
            ]
          ],
          [
            [
              [
                2.9637707845957246,
                50.84234889598909
              ],
              [
                2.963447253291777,
                50.842061560323934
              ],
              [
                2.9630808022865516,
                50.841795685533405
              ],
              [
                2.9626749608694682,
                50.84155383175747
              ],
              [
                2.9622336374409772,
                50.84133832779781
              ],
              [
                2.9617610818753803,
                50.84115124870479
              ],
              [
                2.9612618446041985,
                50.84099439580797
              ],
              [
                2.9607407328136635,
                50.840869279381366
              ],
              [
                2.9602027641773843,
                50.84077710411058
              ],
              [
                2.959653118568669,
                50.84071875750062
              ],
              [
                2.9590970882161955,
                50.840694801336305
              ],
              [
                2.958540026781484,
                50.84070546627673
              ],
              [
                2.9579872978468784,
                50.8407506496358
              ],
              [
                2.9574442233083387,
                50.84082991637037
              ],
              [
                2.9569160321682277,
                50.84094250326617
              ],
              [
                2.9564078102195173,
                50.841087326281546
              ],
              [
                2.9559244511043357,
                50.841262990978436
              ],
              [
                2.955470609216763,
                50.84146780594059
              ],
              [
                2.9550506549022364,
                50.84169979905011
              ],
              [
                2.9546686323841116,
                50.8419567364661
              ],
              [
                2.954328220821975,
                50.84223614412321
              ],
              [
                2.9540326988765,
                50.842535331543516
              ],
              [
                2.9537849131221967,
                50.84285141773308
              ],
              [
                2.9535872506127365,
                50.843181358914244
              ],
              [
                2.9534416158638344,
                50.84352197782712
              ],
              [
                2.9533494124764763,
                50.843869994318695
              ],
              [
                2.9533115295787877,
                50.844222056924856
              ],
              [
                2.9533283332187037,
                50.844574775142235
              ],
              [
                2.953399662792051,
                50.84492475207846
              ],
              [
                2.9535248325422025,
                50.84526861716706
              ],
              [
                2.953702638118704,
                50.84560305863151
              ],
              [
                2.9539313681334494,
                50.84592485538604
              ],
              [
                2.954208820604732,
                50.846230908065166
              ],
              [
                2.9545323241322623,
                50.84651826888344
              ],
              [
                2.954898763600428,
                50.846784170036905
              ],
              [
                2.95530461016317,
                50.84702605037243
              ],
              [
                2.955745955222297,
                50.84724158006772
              ],
              [
                2.956218548072251,
                50.84742868308334
              ],
              [
                2.9567178368486955,
                50.847585557170454
              ],
              [
                2.9572390123860792,
                50.84771069124069
              ],
              [
                2.9577770545610393,
                50.847802879930455
              ],
              [
                2.9583267806742155,
                50.847861235218986
              ],
              [
                2.95888289540319,
                50.84788519498797
              ],
              [
                2.9594400418439,
                50.847874528439824
              ],
              [
                2.959992853147269,
                50.847829338322406
              ],
              [
                2.9605360042519524,
                50.84775005993856
              ],
              [
                2.961064263213192,
                50.847637456950245
              ],
              [
                2.961572541631689,
                50.84749261401755
              ],
              [
                2.9620559436952116,
                50.84731692634396
              ],
              [
                2.962509813359201,
                50.847112086228684
              ],
              [
                2.962929779210787,
                50.84688006675624
              ],
              [
                2.9633117965832505,
                50.846623102780654
              ],
              [
                2.9636521865147514,
                50.84634366938793
              ],
              [
                2.9639476711758688,
                50.846044458045
              ],
              [
                2.9641954054249093,
                50.84572835066514
              ],
              [
                2.9643930041875204,
                50.845398391840334
              ],
              [
                2.9645385653977425,
                50.8450577595085
              ],
              [
                2.96463068828064,
                50.84470973433836
              ],
              [
                2.964668486801829,
                50.844357668127515
              ],
              [
                2.964651598155915,
                50.84400495151787
              ],
              [
                2.9645801862138046,
                50.84365498134
              ],
              [
                2.9644549398975104,
                50.84331112790068
              ],
              [
                2.964277066499881,
                50.84297670252871
              ],
              [
                2.9640482800153496,
                50.84265492569151
              ],
              [
                2.9637707845957246,
                50.84234889598909
              ]
            ]
          ],
          [
            [
              [
                2.9183931448298823,
                50.84714074881545
              ],
              [
                2.9180698579758566,
                50.846853288397995
              ],
              [
                2.9177036263354847,
                50.84658727221511
              ],
              [
                2.917297977087103,
                50.84634526176847
              ],
              [
                2.91685681678195,
                50.846129587368566
              ],
              [
                2.91638439372475,
                50.84594232570707
              ],
              [
                2.9158852570721328,
                50.845785279871514
              ],
              [
                2.915364213042362,
                50.845659961993775
              ],
              [
                2.91482627865728,
                50.84556757869914
              ],
              [
                2.914276633460878,
                50.84550901949562
              ],
              [
                2.9137205696781163,
                50.845484848215
              ],
              [
                2.9131634412924243,
                50.84549529758753
              ],
              [
                2.912610612530581,
                50.84554026700273
              ],
              [
                2.912067406249315,
                50.845619323477415
              ],
              [
                2.911539052718865,
                50.8457317058218
              ],
              [
                2.9110306392950056,
                50.84587633196379
              ],
              [
                2.910547061462588,
                50.84605180936102
              ],
              [
                2.91009297572064,
                50.84625644840085
              ],
              [
                2.90967275476155,
                50.846488278659436
              ],
              [
                2.90929044537509,
                50.84674506786419
              ],
              [
                2.9089497294820625,
                50.84702434337715
              ],
              [
                2.9086538886726276,
                50.84732341599314
              ],
              [
                2.9084057725908905,
                50.84763940582407
              ],
              [
                2.9082077714707135,
                50.84796927002056
              ],
              [
                2.9080617930880095,
                50.848309832064515
              ],
              [
                2.907969244352604,
                50.848657812350936
              ],
              [
                2.907931017718259,
                50.849009859764905
              ],
              [
                2.907947482543326,
                50.84936258394981
              ],
              [
                2.9080184814869403,
                50.849712587956255
              ],
              [
                2.9081433319772434,
                50.85005650095752
              ],
              [
                2.9083208327393058,
                50.8503910107161
              ],
              [
                2.908549275321657,
                50.85071289548885
              ],
              [
                2.9088264605120093,
                50.85101905506295
              ],
              [
                2.9091497194855545,
                50.851306540623696
              ],
              [
                2.909515939483367,
                50.851572583165954
              ],
              [
                2.909921593774527,
                50.851814620174984
              ],
              [
                2.910362775614005,
                50.852030320319585
              ],
              [
                2.9108352358695253,
                50.85221760591871
              ],
              [
                2.9113344239549472,
                50.85237467296491
              ],
              [
                2.9118555316754735,
                50.85250000851118
              ],
              [
                2.9123935395616622,
                50.852592405253276
              ],
              [
                2.9129432652449148,
                50.85265097316638
              ],
              [
                2.913499413407205,
                50.85267514808403
              ],
              [
                2.91405662682245,
                50.852664697136184
              ],
              [
                2.914609537996228,
                50.852619720993864
              ],
              [
                2.915152820904768,
                50.852540652898796
              ],
              [
                2.915681242333088,
                50.852428254487315
              ],
              [
                2.9161897123161373,
                50.85228360844894
              ],
              [
                2.916673333195524,
                50.85210810809066
              ],
              [
                2.9171274468179527,
                50.851903443907524
              ],
              [
                2.917547679419601,
                50.85167158728958
              ],
              [
                2.917929983763281,
                50.85141477152243
              ],
              [
                2.9182706781219827,
                50.85113547026478
              ],
              [
                2.9185664817330967,
                50.85083637371116
              ],
              [
                2.9188145463820283,
                50.8505203626696
              ],
              [
                2.9190124838114504,
                50.85019048080457
              ],
              [
                2.9191583886930483,
                50.84984990531316
              ],
              [
                2.9192508569416042,
                50.84950191631713
              ],
              [
                2.919288999196421,
                50.84914986526614
              ],
              [
                2.9192724493418036,
                50.848797142656565
              ],
              [
                2.9192013679862536,
                50.84844714537723
              ],
              [
                2.919076440868677,
                50.84810324399636
              ],
              [
                2.918898872208745,
                50.84776875030488
              ],
              [
                2.9186703730672043,
                50.84744688542851
              ],
              [
                2.9183931448298823,
                50.84714074881545
              ]
            ]
          ],
          [
            [
              [
                2.9047638698942717,
                50.84874130554654
              ],
              [
                2.9044406553854545,
                50.84845380769379
              ],
              [
                2.90407448841068,
                50.848187749075144
              ],
              [
                2.9036688955259757,
                50.847945691601026
              ],
              [
                2.9032277827402124,
                50.84772996603476
              ],
              [
                2.9027553979008918,
                50.847542649560786
              ],
              [
                2.9022562897969513,
                50.84738554579443
              ],
              [
                2.9017352643720256,
                50.84726016742538
              ],
              [
                2.9011973384690166,
                50.84716772166137
              ],
              [
                2.9006476915503856,
                50.847109098611945
              ],
              [
                2.9000916158577486,
                50.84708486272357
              ],
              [
                2.8995344654892095,
                50.847095247348605
              ],
              [
                2.8989816048831463,
                50.847140152499954
              ],
              [
                2.89843835720277,
                50.84721914581319
              ],
              [
                2.897909953116744,
                50.847331466706734
              ],
              [
                2.897401480467381,
                50.847476033700126
              ],
              [
                2.896917835309517,
                50.84765145482061
              ],
              [
                2.896463674790126,
                50.84785604099738
              ],
              [
                2.8960433723212953,
                50.84808782231569
              ],
              [
                2.895660975477321,
                50.848344566974234
              ],
              [
                2.895389183598523,
                50.84856725551866
              ],
              [
                2.8952405560576895,
                50.84857932207725
              ],
              [
                2.8946972854590025,
                50.84865829803077
              ],
              [
                2.894168856256771,
                50.84877060202458
              ],
              [
                2.893660356535056,
                50.848915152741014
              ],
              [
                2.893176682609272,
                50.84909055836398
              ],
              [
                2.8929743177305696,
                50.84918170577698
              ],
              [
                2.8927849604493723,
                50.8491852238107
              ],
              [
                2.8922320688165493,
                50.84923009711977
              ],
              [
                2.8916887856423568,
                50.84930905912386
              ],
              [
                2.8911603419370855,
                50.84942134954284
              ],
              [
                2.8906518259243836,
                50.84956588718974
              ],
              [
                2.8901681340764585,
                50.84974128037433
              ],
              [
                2.88971392398969,
                50.84994584029486
              ],
              [
                2.8892935695532778,
                50.85017759728939
              ],
              [
                2.8889111188417593,
                50.85043431979091
              ],
              [
                2.8885702551363135,
                50.85071353580382
              ],
              [
                2.8884382563523068,
                50.85084688513977
              ],
              [
                2.888436247615977,
                50.850848530557855
              ],
              [
                2.888140252227079,
                50.85114755110068
              ],
              [
                2.887891978061977,
                50.85146349718686
              ],
              [
                2.887693816876541,
                50.85179332638842
              ],
              [
                2.887547677987901,
                50.85213386252445
              ],
              [
                2.8874549698514698,
                50.85248182623966
              ],
              [
                2.887416586456096,
                50.85283386657892
              ],
              [
                2.887432898669929,
                50.85318659325393
              ],
              [
                2.8875037506220744,
                50.85353660929157
              ],
              [
                2.8876284611566443,
                50.85388054374945
              ],
              [
                2.887805830347036,
                50.854215084183586
              ],
              [
                2.8880341510094536,
                50.8545370085556
              ],
              [
                2.8883112251064045,
                50.85484321627141
              ],
              [
                2.888634384883657,
                50.855130758052816
              ],
              [
                2.889000518538304,
                50.855396864353274
              ],
              [
                2.8894061001716596,
                50.85563897204409
              ],
              [
                2.8898472237390913,
                50.85585474911328
              ],
              [
                2.8903196406701217,
                50.85604211713891
              ],
              [
                2.8908188007963713,
                50.856199271319646
              ],
              [
                2.8913398961927235,
                50.85632469786921
              ],
              [
                2.891877907508728,
                50.856417188606734
              ],
              [
                2.8924276523429255,
                50.856475852602024
              ],
              [
                2.89298383519289,
                50.85650012476305
              ],
              [
                2.8935410984983694,
                50.856489771283094
              ],
              [
                2.8940940742842356,
                50.85644489189428
              ],
              [
                2.8946374359041016,
                50.85636591890633
              ],
              [
                2.8951659493844772,
                50.85625361303947
              ],
              [
                2.895674523873231,
                50.856109056091825
              ],
              [
                2.895955503994585,
                50.856007165781776
              ],
              [
                2.89613807761189,
                50.85601512826382
              ],
              [
                2.896695334471347,
                50.85600475979855
              ],
              [
                2.8972483015381365,
                50.855959865535084
              ],
              [
                2.8977916522498934,
                50.855880877926424
              ],
              [
                2.8983201527382443,
                50.85576855783359
              ],
              [
                2.8988287122762637,
                50.85562398719177
              ],
              [
                2.8993124323425508,
                50.8554485585817
              ],
              [
                2.8997666538280042,
                50.85524396180737
              ],
              [
                2.900187001929421,
                50.855012167609594
              ],
              [
                2.900189027425777,
                50.855010807713334
              ],
              [
                2.90019200195388,
                50.85500916744395
              ],
              [
                2.900574428269429,
                50.854752408490654
              ],
              [
                2.900915249948372,
                50.854473157911535
              ],
              [
                2.901075509006089,
                50.854311211217635
              ],
              [
                2.901517572994777,
                50.854246930536455
              ],
              [
                2.9020460462054216,
                50.85413459360613
              ],
              [
                2.9025545766023737,
                50.85399000674553
              ],
              [
                2.903038265945027,
                50.85381456269164
              ],
              [
                2.903492455420312,
                50.85360995139718
              ],
              [
                2.9039127705334487,
                50.85337814374281
              ],
              [
                2.90429516325216,
                50.85312137254259
              ],
              [
                2.9046359509978896,
                50.85284211102604
              ],
              [
                2.9049318521082483,
                50.85254304900498
              ],
              [
                2.9051800174293034,
                50.85222706695493
              ],
              [
                2.905378057733895,
                50.85189720826127
              ],
              [
                2.9055240667027324,
                50.85155664989804
              ],
              [
                2.9056166392480285,
                50.85120867182217
              ],
              [
                2.9056548850045885,
                50.85085662537826
              ],
              [
                2.9056527108391244,
                50.85081000151217
              ],
              [
                2.9056591721917213,
                50.850750525172465
              ],
              [
                2.9056427240520555,
                50.850397800802874
              ],
              [
                2.9055717417636466,
                50.85004779542531
              ],
              [
                2.905446910111523,
                50.84970387968611
              ],
              [
                2.9052694323962425,
                50.84936936551461
              ],
              [
                2.905041018803045,
                50.8490474742339
              ],
              [
                2.9047638698942717,
                50.84874130554654
              ]
            ]
          ],
          [
            [
              [
                2.9178631305282163,
                50.85661077558176
              ],
              [
                2.9175397817750186,
                50.85632331446302
              ],
              [
                2.917173479341215,
                50.856057297327666
              ],
              [
                2.9167677510870065,
                50.85581528568651
              ],
              [
                2.916326504324489,
                50.85559960986153
              ],
              [
                2.91585398819091,
                50.855412346558126
              ],
              [
                2.9153547527390753,
                50.85525529887956
              ],
              [
                2.914833605138455,
                50.855129978975484
              ],
              [
                2.9142955634079777,
                50.855037593490664
              ],
              [
                2.9137458081250114,
                50.854979031954194
              ],
              [
                2.913189632574249,
                50.85495485822028
              ],
              [
                2.91263239181502,
                50.854965305042825
              ],
              [
                2.912079451155827,
                50.855010271835894
              ],
              [
                2.911536134530549,
                50.85508932564155
              ],
              [
                2.9110076732716457,
                50.85520170529572
              ],
              [
                2.910499155771971,
                50.85534632875223
              ],
              [
                2.910015478518342,
                50.85552180349461
              ],
              [
                2.909561298967001,
                50.85572643993577
              ],
              [
                2.909140990713596,
                50.85595826767693
              ],
              [
                2.908758601388503,
                50.85621505446978
              ],
              [
                2.908417813682391,
                50.85649432769958
              ],
              [
                2.908121909877126,
                50.85679339818322
              ],
              [
                2.907873740223699,
                50.85710938605312
              ],
              [
                2.9076756954721796,
                50.85743924847884
              ],
              [
                2.9075296838190337,
                50.85777980895933
              ],
              [
                2.9074371124949154,
                50.85812778790471
              ],
              [
                2.907398874171591,
                50.85847983421294
              ],
              [
                2.9074153383204697,
                50.858832557538086
              ],
              [
                2.9074863476076946,
                50.85918256093904
              ],
              [
                2.907611219362273,
                50.859526473594926
              ],
              [
                2.9077887521049433,
                50.85986098327155
              ],
              [
                2.908017237076649,
                50.86018286822651
              ],
              [
                2.90829447465721,
                50.86048902824525
              ],
              [
                2.9086177955175385,
                50.86077651450878
              ],
              [
                2.908984086302882,
                50.86104255800513
              ],
              [
                2.9093898196006855,
                50.8612845962104
              ],
              [
                2.909831087905028,
                50.861500297781824
              ],
              [
                2.910303641250824,
                50.86168758502457
              ],
              [
                2.910802928155222,
                50.861844653915334
              ],
              [
                2.9113241394714584,
                50.861969991489374
              ],
              [
                2.911862254732051,
                50.86206239042284
              ],
              [
                2.91241209053391,
                50.86212096066983
              ],
              [
                2.9129683504980437,
                50.86214513804137
              ],
              [
                2.9135256763211683,
                50.86213468964379
              ],
              [
                2.9140786994258208,
                50.86208971612353
              ],
              [
                2.9146220927097897,
                50.86201065069709
              ],
              [
                2.9151506218946652,
                50.86189825497509
              ],
              [
                2.915659195977237,
                50.86175361162119
              ],
              [
                2.916142916296237,
                50.86157811391647
              ],
              [
                2.916597123740447,
                50.86137345233053
              ],
              [
                2.9170174436423113,
                50.86114159822837
              ],
              [
                2.9173998279238087,
                50.8608847848714
              ],
              [
                2.917740594088094,
                50.860605485895135
              ],
              [
                2.918036460681141,
                50.8603063914722
              ],
              [
                2.9182845788820044,
                50.85999038239007
              ],
              [
                2.918482559917907,
                50.8596605022944
              ],
              [
                2.918628498040939,
                50.85931992836527
              ],
              [
                2.9187209888461663,
                50.85897194070938
              ],
              [
                2.918759142756119,
                50.8586198907635
              ],
              [
                2.918742593543347,
                50.85826716901339
              ],
              [
                2.918671501810663,
                50.857917172339604
              ],
              [
                2.918546553397394,
                50.85757327130454
              ],
              [
                2.9183689527287515,
                50.85723877769574
              ],
              [
                2.9181404111741487,
                50.85691691263818
              ],
              [
                2.9178631305282163,
                50.85661077558176
              ]
            ]
          ]
        ]
      },
      "properties": {
        "type": "buffer_union_400m",
        "buffer_m": 400
      }
    },
    {
      "type": "Feature",
      "geometry": {
        "type": "Polygon",
        "coordinates": [
          [
            [
              2.7690581,
              50.8894809
            ],
            [
              2.7709027,
              50.8882359
            ],
            [
              2.7737589,
              50.8895296
            ],
            [
              2.7742946,
              50.8896622
            ],
            [
              2.7750323,
              50.8896868
            ],
            [
              2.7757091,
              50.8900793
            ],
            [
              2.7781945,
              50.8888268
            ],
            [
              2.7786171,
              50.8886839
            ],
            [
              2.7796969,
              50.8880017
            ],
            [
              2.7803082,
              50.8877251
            ],
            [
              2.7818511,
              50.8861713
            ],
            [
              2.7804022,
              50.885445
            ],
            [
              2.7810815,
              50.8849453
            ],
            [
              2.7807175,
              50.8847623
            ],
            [
              2.7815077,
              50.8841327
            ],
            [
              2.7808265,
              50.8815958
            ],
            [
              2.7804935,
              50.8794138
            ],
            [
              2.7806447,
              50.8790053
            ],
            [
              2.7808432,
              50.8773967
            ],
            [
              2.7811725,
              50.8765801
            ],
            [
              2.7817908,
              50.8754021
            ],
            [
              2.7811736,
              50.8735653
            ],
            [
              2.7811617,
              50.8733495
            ],
            [
              2.7818703,
              50.8711548
            ],
            [
              2.7823814,
              50.870809
            ],
            [
              2.7816224,
              50.8702042
            ],
            [
              2.7815443,
              50.8700395
            ],
            [
              2.7819253,
              50.869573
            ],
            [
              2.7826345,
              50.8690912
            ],
            [
              2.7823781,
              50.868807
            ],
            [
              2.7825118,
              50.8687172
            ],
            [
              2.7822434,
              50.8684847
            ],
            [
              2.7812796,
              50.867124
            ],
            [
              2.7804286,
              50.8662962
            ],
            [
              2.780091,
              50.8657676
            ],
            [
              2.7791923,
              50.8647274
            ],
            [
              2.7774428,
              50.8633061
            ],
            [
              2.7781736,
              50.8629801
            ],
            [
              2.7777044,
              50.8624718
            ],
            [
              2.7762385,
              50.8610928
            ],
            [
              2.7757291,
              50.86143
            ],
            [
              2.7738165,
              50.8600148
            ],
            [
              2.7741954,
              50.8597184
            ],
            [
              2.7739509,
              50.8593594
            ],
            [
              2.7740809,
              50.8593245
            ],
            [
              2.773668,
              50.8586912
            ],
            [
              2.7730843,
              50.8588686
            ],
            [
              2.7728704,
              50.8583433
            ],
            [
              2.7727832,
              50.8577795
            ],
            [
              2.7732422,
              50.8559728
            ],
            [
              2.7732733,
              50.8551719
            ],
            [
              2.7731004,
              50.8542796
            ],
            [
              2.7729334,
              50.8539486
            ],
            [
              2.7716559,
              50.8522418
            ],
            [
              2.7711635,
              50.8512709
            ],
            [
              2.7710115,
              50.8507683
            ],
            [
              2.7705697,
              50.8480134
            ],
            [
              2.7705354,
              50.8470425
            ],
            [
              2.7704215,
              50.8468577
            ],
            [
              2.7697577,
              50.8463504
            ],
            [
              2.7696433,
              50.8461765
            ],
            [
              2.7696569,
              50.8459734
            ],
            [
              2.7701556,
              50.8450761
            ],
            [
              2.7708071,
              50.8432875
            ],
            [
              2.7708957,
              50.8423024
            ],
            [
              2.7708175,
              50.8416847
            ],
            [
              2.7708604,
              50.8415184
            ],
            [
              2.7718873,
              50.840602
            ],
            [
              2.7752791,
              50.8390108
            ],
            [
              2.7757913,
              50.8385635
            ],
            [
              2.777621,
              50.8395583
            ],
            [
              2.778047,
              50.8399376
            ],
            [
              2.7789639,
              50.8401219
            ],
            [
              2.7806353,
              50.8409651
            ],
            [
              2.7816923,
              50.841622
            ],
            [
              2.7820585,
              50.8419636
            ],
            [
              2.7833485,
              50.8427152
            ],
            [
              2.7869689,
              50.8407969
            ],
            [
              2.7869106,
              50.8403449
            ],
            [
              2.7922512,
              50.8397701
            ],
            [
              2.7925035,
              50.8396562
            ],
            [
              2.7932637,
              50.8396652
            ],
            [
              2.7935092,
              50.8397427
            ],
            [
              2.7937721,
              50.8395117
            ],
            [
              2.7943044,
              50.8393195
            ],
            [
              2.7958328,
              50.8395462
            ],
            [
              2.7965901,
              50.8395748
            ],
            [
              2.7970779,
              50.8396603
            ],
            [
              2.797114,
              50.8397314
            ],
            [
              2.7985486,
              50.8398036
            ],
            [
              2.7985527,
              50.839561
            ],
            [
              2.7993552,
              50.8395256
            ],
            [
              2.8006799,
              50.8392409
            ],
            [
              2.8008159,
              50.8390746
            ],
            [
              2.8006413,
              50.8388257
            ],
            [
              2.799917,
              50.8384417
            ],
            [
              2.8000353,
              50.8379658
            ],
            [
              2.8002374,
              50.8377973
            ],
            [
              2.8009643,
              50.8376455
            ],
            [
              2.8018685,
              50.8379561
            ],
            [
              2.8025977,
              50.8383823
            ],
            [
              2.8030997,
              50.8384015
            ],
            [
              2.8033777,
              50.8380201
            ],
            [
              2.8026748,
              50.8376279
            ],
            [
              2.8013916,
              50.8372882
            ],
            [
              2.801233,
              50.836949
            ],
            [
              2.8007989,
              50.8364409
            ],
            [
              2.8003511,
              50.8363412
            ],
            [
              2.7998401,
              50.8359045
            ],
            [
              2.7990026,
              50.8354166
            ],
            [
              2.798765,
              50.8351763
            ],
            [
              2.7987468,
              50.8350282
            ],
            [
              2.7989657,
              50.8349786
            ],
            [
              2.7990823,
              50.8348562
            ],
            [
              2.7990306,
              50.8347028
            ],
            [
              2.7991896,
              50.8344211
            ],
            [
              2.7996559,
              50.8340951
            ],
            [
              2.7997944,
              50.8336178
            ],
            [
              2.799757,
              50.8332882
            ],
            [
              2.7995149,
              50.8327628
            ],
            [
              2.7994946,
              50.8324791
            ],
            [
              2.7993503,
              50.8323261
            ],
            [
              2.799726,
              50.8320231
            ],
            [
              2.7992799,
              50.8312847
            ],
            [
              2.7993136,
              50.8311368
            ],
            [
              2.7991945,
              50.830912
            ],
            [
              2.7992626,
              50.8306384
            ],
            [
              2.7991017,
              50.8303523
            ],
            [
              2.7989806,
              50.8297251
            ],
            [
              2.800208,
              50.8286021
            ],
            [
              2.7994708,
              50.8281353
            ],
            [
              2.8021277,
              50.8271431
            ],
            [
              2.8019797,
              50.8268027
            ],
            [
              2.8017036,
              50.8266169
            ],
            [
              2.7999446,
              50.8246164
            ],
            [
              2.7986818,
              50.8237886
            ],
            [
              2.7988569,
              50.823661
            ],
            [
              2.7986323,
              50.8233993
            ],
            [
              2.7983366,
              50.8231706
            ],
            [
              2.7980472,
              50.8231476
            ],
            [
              2.7978438,
              50.8230134
            ],
            [
              2.7975578,
              50.823046
            ],
            [
              2.7973234,
              50.8229293
            ],
            [
              2.7975582,
              50.8227121
            ],
            [
              2.7963469,
              50.8217587
            ],
            [
              2.7958777,
              50.8216113
            ],
            [
              2.7955296,
              50.8216277
            ],
            [
              2.795259,
              50.8214159
            ],
            [
              2.7948591,
              50.8212477
            ],
            [
              2.7942917,
              50.8207303
            ],
            [
              2.7932359,
              50.8201461
            ],
            [
              2.7929078,
              50.8197537
            ],
            [
              2.7925815,
              50.8198055
            ],
            [
              2.7922779,
              50.8197081
            ],
            [
              2.7915295,
              50.8191102
            ],
            [
              2.7912006,
              50.8192645
            ],
            [
              2.7910373,
              50.8192576
            ],
            [
              2.7908285,
              50.8191362
            ],
            [
              2.7908802,
              50.8190045
            ],
            [
              2.790472,
              50.8187621
            ],
            [
              2.7900365,
              50.8186248
            ],
            [
              2.7899693,
              50.8183958
            ],
            [
              2.7897596,
              50.8183124
            ],
            [
              2.790958,
              50.8175322
            ],
            [
              2.793853,
              50.8159638
            ],
            [
              2.794181,
              50.8156533
            ],
            [
              2.7948422,
              50.8147638
            ],
            [
              2.795122,
              50.8145404
            ],
            [
              2.798686,
              50.8126565
            ],
            [
              2.800854,
              50.8112377
            ],
            [
              2.8033343,
              50.8091879
            ],
            [
              2.804092,
              50.8082934
            ],
            [
              2.804561,
              50.8078702
            ],
            [
              2.8049269,
              50.8077522
            ],
            [
              2.8059599,
              50.8077838
            ],
            [
              2.8074897,
              50.8074554
            ],
            [
              2.8093831,
              50.8065939
            ],
            [
              2.8103683,
              50.8059207
            ],
            [
              2.8115654,
              50.8052389
            ],
            [
              2.8124144,
              50.803981
            ],
            [
              2.8141742,
              50.8024028
            ],
            [
              2.8151098,
              50.8018527
            ],
            [
              2.8157082,
              50.8012724
            ],
            [
              2.8170199,
              50.7993758
            ],
            [
              2.8174488,
              50.7983998
            ],
            [
              2.8176234,
              50.7977855
            ],
            [
              2.8188194,
              50.7970117
            ],
            [
              2.8199215,
              50.7971724
            ],
            [
              2.8207753,
              50.7974633
            ],
            [
              2.8210902,
              50.7975092
            ],
            [
              2.8214717,
              50.7974518
            ],
            [
              2.822156,
              50.7978881
            ],
            [
              2.8218835,
              50.7982288
            ],
            [
              2.8218713,
              50.798424
            ],
            [
              2.8219682,
              50.798623
            ],
            [
              2.8243481,
              50.7994918
            ],
            [
              2.8252988,
              50.799576
            ],
            [
              2.8256137,
              50.7997559
            ],
            [
              2.8265765,
              50.7999166
            ],
            [
              2.8268248,
              50.8002534
            ],
            [
              2.8271941,
              50.8003912
            ],
            [
              2.8272486,
              50.8005711
            ],
            [
              2.8282284,
              50.8010141
            ],
            [
              2.8286553,
              50.8013557
            ],
            [
              2.8290436,
              50.8013284
            ],
            [
              2.8298417,
              50.8019366
            ],
            [
              2.8306381,
              50.8020057
            ],
            [
              2.8310704,
              50.8023046
            ],
            [
              2.8313343,
              50.8023455
            ],
            [
              2.8319754,
              50.8030597
            ],
            [
              2.8325307,
              50.8031571
            ],
            [
              2.8342009,
              50.8044173
            ],
            [
              2.834696,
              50.804421
            ],
            [
              2.8347068,
              50.8045119
            ],
            [
              2.8339866,
              50.8051798
            ],
            [
              2.8340638,
              50.8053828
            ],
            [
              2.8339555,
              50.8055149
            ],
            [
              2.8340282,
              50.8056928
            ],
            [
              2.8343768,
              50.8060372
            ],
            [
              2.8342504,
              50.8062802
            ],
            [
              2.8346688,
              50.8063599
            ],
            [
              2.8347209,
              50.806454
            ],
            [
              2.8343164,
              50.8066573
            ],
            [
              2.8344633,
              50.8068363
            ],
            [
              2.8343833,
              50.8069565
            ],
            [
              2.8342039,
              50.8070624
            ],
            [
              2.8337653,
              50.8071213
            ],
            [
              2.8335255,
              50.8073606
            ],
            [
              2.8337376,
              50.8075801
            ],
            [
              2.8337815,
              50.8078663
            ],
            [
              2.834993,
              50.8087979
            ],
            [
              2.8354718,
              50.809312
            ],
            [
              2.8359015,
              50.8093948
            ],
            [
              2.8362852,
              50.8096412
            ],
            [
              2.8364112,
              50.8097755
            ],
            [
              2.8363743,
              50.8098814
            ],
            [
              2.8365792,
              50.8099812
            ],
            [
              2.836599,
              50.810227
            ],
            [
              2.8367465,
              50.8102996
            ],
            [
              2.83671,
              50.8104784
            ],
            [
              2.8370452,
              50.8104721
            ],
            [
              2.8371391,
              50.8109051
            ],
            [
              2.8373057,
              50.81115
            ],
            [
              2.8375612,
              50.8112343
            ],
            [
              2.8376878,
              50.8114357
            ],
            [
              2.8381382,
              50.8117025
            ],
            [
              2.8382345,
              50.811971
            ],
            [
              2.8383746,
              50.8120086
            ],
            [
              2.8385845,
              50.8118678
            ],
            [
              2.8390798,
              50.811934
            ],
            [
              2.8392111,
              50.8120332
            ],
            [
              2.8392487,
              50.8121417
            ],
            [
              2.8391251,
              50.8122695
            ],
            [
              2.8397274,
              50.8128073
            ],
            [
              2.840572,
              50.8142489
            ],
            [
              2.8417669,
              50.8149598
            ],
            [
              2.8422889,
              50.8149819
            ],
            [
              2.8429432,
              50.8148987
            ],
            [
              2.8443077,
              50.8145387
            ],
            [
              2.8458514,
              50.8144022
            ],
            [
              2.8472623,
              50.8134541
            ],
            [
              2.8482508,
              50.8126581
            ],
            [
              2.8483982,
              50.8122276
            ],
            [
              2.8486629,
              50.8119624
            ],
            [
              2.8489217,
              50.8118372
            ],
            [
              2.8485628,
              50.8113792
            ],
            [
              2.8483014,
              50.8115044
            ],
            [
              2.8477443,
              50.8108029
            ],
            [
              2.8478555,
              50.8107687
            ],
            [
              2.8477569,
              50.8105143
            ],
            [
              2.8469889,
              50.8094155
            ],
            [
              2.848584,
              50.8089291
            ],
            [
              2.8480741,
              50.8081971
            ],
            [
              2.8481691,
              50.8078459
            ],
            [
              2.8488713,
              50.8075848
            ],
            [
              2.8491316,
              50.807692
            ],
            [
              2.8496949,
              50.8073488
            ],
            [
              2.8498417,
              50.8073848
            ],
            [
              2.8503188,
              50.8072242
            ],
            [
              2.8498253,
              50.8068357
            ],
            [
              2.8490874,
              50.8060429
            ],
            [
              2.8484703,
              50.8056186
            ],
            [
              2.8495786,
              50.8048131
            ],
            [
              2.8518987,
              50.8019055
            ],
            [
              2.8522745,
              50.801763
            ],
            [
              2.8522863,
              50.8015887
            ],
            [
              2.8532609,
              50.8010325
            ],
            [
              2.8547036,
              50.8004184
            ],
            [
              2.8614126,
              50.7982626
            ],
            [
              2.8623795,
              50.7993682
            ],
            [
              2.8638754,
              50.7997277
            ],
            [
              2.8641779,
              50.7999413
            ],
            [
              2.8643736,
              50.7998289
            ],
            [
              2.864507,
              50.7999132
            ],
            [
              2.8646404,
              50.8006666
            ],
            [
              2.8651831,
              50.8010826
            ],
            [
              2.8652186,
              50.8013131
            ],
            [
              2.8655211,
              50.8013581
            ],
            [
              2.8657435,
              50.8011557
            ],
            [
              2.8659481,
              50.8013188
            ],
            [
              2.8660192,
              50.8015099
            ],
            [
              2.867398,
              50.8020721
            ],
            [
              2.8673535,
              50.8022857
            ],
            [
              2.8675226,
              50.8023644
            ],
            [
              2.8677716,
              50.8022745
            ],
            [
              2.8678962,
              50.8023982
            ],
            [
              2.8678695,
              50.80246
            ],
            [
              2.8676204,
              50.8026062
            ],
            [
              2.8682075,
              50.8028086
            ],
            [
              2.8681541,
              50.803129
            ],
            [
              2.8683232,
              50.8033708
            ],
            [
              2.8686003,
              50.8034869
            ],
            [
              2.8689014,
              50.8032077
            ],
            [
              2.8693194,
              50.8034101
            ],
            [
              2.8695685,
              50.8033033
            ],
            [
              2.8697464,
              50.8033427
            ],
            [
              2.8697464,
              50.8034888
            ],
            [
              2.8695596,
              50.80368
            ],
            [
              2.8697464,
              50.8038374
            ],
            [
              2.8697375,
              50.8039835
            ],
            [
              2.870636,
              50.8041072
            ],
            [
              2.8704119,
              50.8044386
            ],
            [
              2.8705792,
              50.8046005
            ],
            [
              2.8707294,
              50.8046268
            ],
            [
              2.8707391,
              50.8047239
            ],
            [
              2.8712134,
              50.8044915
            ],
            [
              2.871383,
              50.8045847
            ],
            [
              2.8716197,
              50.8045415
            ],
            [
              2.8716848,
              50.8047597
            ],
            [
              2.8719245,
              50.8047653
            ],
            [
              2.8722767,
              50.804646
            ],
            [
              2.872526,
              50.8048465
            ],
            [
              2.8726633,
              50.805283
            ],
            [
              2.873072,
              50.8057616
            ],
            [
              2.8734083,
              50.805548
            ],
            [
              2.8737593,
              50.8055187
            ],
            [
              2.8739757,
              50.8053835
            ],
            [
              2.8742974,
              50.8055163
            ],
            [
              2.8742371,
              50.8055964
            ],
            [
              2.8743174,
              50.8056655
            ],
            [
              2.874222,
              50.8057536
            ],
            [
              2.8743541,
              50.8059644
            ],
            [
              2.874527,
              50.8059572
            ],
            [
              2.8747368,
              50.8061366
            ],
            [
              2.8750659,
              50.8061647
            ],
            [
              2.8760533,
              50.8065526
            ],
            [
              2.8762846,
              50.8067718
            ],
            [
              2.8762935,
              50.8069854
            ],
            [
              2.8760622,
              50.8070023
            ],
            [
              2.8767116,
              50.8073227
            ],
            [
              2.8766404,
              50.8074295
            ],
            [
              2.8763824,
              50.8074857
            ],
            [
              2.8763557,
              50.8076094
            ],
            [
              2.8773431,
              50.8079017
            ],
            [
              2.8772898,
              50.808194
            ],
            [
              2.8773698,
              50.8084863
            ],
            [
              2.8777345,
              50.8086774
            ],
            [
              2.8780103,
              50.8089529
            ],
            [
              2.8783661,
              50.808936
            ],
            [
              2.8790866,
              50.8087111
            ],
            [
              2.8790511,
              50.8083907
            ],
            [
              2.8795492,
              50.8082277
            ],
            [
              2.8797004,
              50.8080816
            ],
            [
              2.8801185,
              50.8081322
            ],
            [
              2.8808213,
              50.8078848
            ],
            [
              2.8814942,
              50.8074874
            ],
            [
              2.881868,
              50.8071469
            ],
            [
              2.8818019,
              50.8066856
            ],
            [
              2.882052,
              50.8064153
            ],
            [
              2.8822961,
              50.8063672
            ],
            [
              2.8828856,
              50.8066718
            ],
            [
              2.8830377,
              50.8065255
            ],
            [
              2.8831118,
              50.8065962
            ],
            [
              2.883398,
              50.806495
            ],
            [
              2.8845465,
              50.8052472
            ],
            [
              2.8841891,
              50.8050242
            ],
            [
              2.8841773,
              50.8049482
            ],
            [
              2.8851704,
              50.8034231
            ],
            [
              2.8846605,
              50.8029838
            ],
            [
              2.8855885,
              50.8022341
            ],
            [
              2.8868803,
              50.8014291
            ],
            [
              2.8870513,
              50.8011664
            ],
            [
              2.8886949,
              50.8016406
            ],
            [
              2.8890312,
              50.801978
            ],
            [
              2.8888061,
              50.8023603
            ],
            [
              2.8900608,
              50.8026033
            ],
            [
              2.8901432,
              50.8025693
            ],
            [
              2.890188,
              50.8022565
            ],
            [
              2.8903702,
              50.8020102
            ],
            [
              2.8916171,
              50.8021869
            ],
            [
              2.8925337,
              50.8026145
            ],
            [
              2.8935736,
              50.8034199
            ],
            [
              2.8942036,
              50.8037748
            ],
            [
              2.895042,
              50.804003
            ],
            [
              2.8956713,
              50.8050351
            ],
            [
              2.8966188,
              50.8052254
            ],
            [
              2.8975499,
              50.8045401
            ],
            [
              2.8987297,
              50.8039981
            ],
            [
              2.8989331,
              50.8036585
            ],
            [
              2.8992615,
              50.8034888
            ],
            [
              2.9000443,
              50.8027467
            ],
            [
              2.9008538,
              50.8021171
            ],
            [
              2.9022682,
              50.8014143
            ],
            [
              2.9025084,
              50.8010264
            ],
            [
              2.9036123,
              50.8006193
            ],
            [
              2.9036029,
              50.8004332
            ],
            [
              2.9037974,
              50.8002315
            ],
            [
              2.9048196,
              50.8005373
            ],
            [
              2.906833,
              50.8009596
            ],
            [
              2.9078545,
              50.801643
            ],
            [
              2.9083823,
              50.801889
            ],
            [
              2.9117786,
              50.8029166
            ],
            [
              2.9119114,
              50.8030018
            ],
            [
              2.9125501,
              50.8038983
            ],
            [
              2.9128025,
              50.8040837
            ],
            [
              2.9144628,
              50.8044694
            ],
            [
              2.9192665,
              50.806777
            ],
            [
              2.9215886,
              50.8046812
            ],
            [
              2.9218466,
              50.8046342
            ],
            [
              2.9220463,
              50.8044077
            ],
            [
              2.9288221,
              50.8049646
            ],
            [
              2.9329044,
              50.8045938
            ],
            [
              2.9330888,
              50.8045107
            ],
            [
              2.9342625,
              50.8027815
            ],
            [
              2.9350484,
              50.8018839
            ],
            [
              2.935884,
              50.8002135
            ],
            [
              2.9360334,
              50.7996301
            ],
            [
              2.9359715,
              50.7980613
            ],
            [
              2.9358429,
              50.7976299
            ],
            [
              2.9365146,
              50.7963832
            ],
            [
              2.93648,
              50.7951692
            ],
            [
              2.9369838,
              50.7942368
            ],
            [
              2.9371825,
              50.7936084
            ],
            [
              2.9399832,
              50.7940053
            ],
            [
              2.9420948,
              50.7945886
            ],
            [
              2.9426224,
              50.7944573
            ],
            [
              2.9447178,
              50.7946972
            ],
            [
              2.9468992,
              50.7945659
            ],
            [
              2.9481061,
              50.7947431
            ],
            [
              2.9488276,
              50.7949341
            ],
            [
              2.9499461,
              50.7954775
            ],
            [
              2.9505368,
              50.7958371
            ],
            [
              2.9508565,
              50.7962882
            ],
            [
              2.9514415,
              50.796545
            ],
            [
              2.9524115,
              50.7971663
            ],
            [
              2.9527987,
              50.7973127
            ],
            [
              2.9539056,
              50.797364
            ],
            [
              2.9545404,
              50.7973036
            ],
            [
              2.9550275,
              50.7974101
            ],
            [
              2.9562935,
              50.7974641
            ],
            [
              2.9564397,
              50.7974208
            ],
            [
              2.9566129,
              50.7971778
            ],
            [
              2.9567943,
              50.7971375
            ],
            [
              2.9599142,
              50.797672
            ],
            [
              2.9616843,
              50.7988092
            ],
            [
              2.9624993,
              50.7996092
            ],
            [
              2.9634335,
              50.8001081
            ],
            [
              2.9631986,
              50.8002641
            ],
            [
              2.9628881,
              50.8003235
            ],
            [
              2.9627627,
              50.8004904
            ],
            [
              2.9627919,
              50.8007136
            ],
            [
              2.9620197,
              50.8011321
            ],
            [
              2.961425,
              50.8017822
            ],
            [
              2.9611681,
              50.8023848
            ],
            [
              2.9598297,
              50.8047022
            ],
            [
              2.9594435,
              50.8058462
            ],
            [
              2.9594889,
              50.8062602
            ],
            [
              2.9589814,
              50.8066467
            ],
            [
              2.9589623,
              50.8077252
            ],
            [
              2.9598785,
              50.8078365
            ],
            [
              2.9594649,
              50.8084068
            ],
            [
              2.9590463,
              50.8100826
            ],
            [
              2.9587193,
              50.8100283
            ],
            [
              2.9585217,
              50.810767
            ],
            [
              2.9586142,
              50.810773
            ],
            [
              2.9584751,
              50.8114187
            ],
            [
              2.9577854,
              50.8114136
            ],
            [
              2.957538,
              50.8122427
            ],
            [
              2.9570417,
              50.8127002
            ],
            [
              2.9572235,
              50.8127817
            ],
            [
              2.95288,
              50.8166116
            ],
            [
              2.9545408,
              50.8171171
            ],
            [
              2.9533705,
              50.8184194
            ],
            [
              2.9572576,
              50.8186901
            ],
            [
              2.9573147,
              50.8189584
            ],
            [
              2.9574546,
              50.8191076
            ],
            [
              2.9575297,
              50.8202652
            ],
            [
              2.9573992,
              50.8211844
            ],
            [
              2.9572668,
              50.8215459
            ],
            [
              2.9555852,
              50.8240742
            ],
            [
              2.9556369,
              50.8245896
            ],
            [
              2.9557947,
              50.8251031
            ],
            [
              2.9562683,
              50.8255935
            ],
            [
              2.9568473,
              50.8259479
            ],
            [
              2.9572308,
              50.8263586
            ],
            [
              2.9573227,
              50.8270145
            ],
            [
              2.9572391,
              50.8275861
            ],
            [
              2.9574399,
              50.8281588
            ],
            [
              2.9586547,
              50.8274672
            ],
            [
              2.9592014,
              50.8269605
            ],
            [
              2.9600235,
              50.8267127
            ],
            [
              2.9604555,
              50.8266361
            ],
            [
              2.9617208,
              50.8266233
            ],
            [
              2.9661233,
              50.8254177
            ],
            [
              2.9684261,
              50.8252108
            ],
            [
              2.9688399,
              50.8244273
            ],
            [
              2.9692071,
              50.8239226
            ],
            [
              2.969484,
              50.8226221
            ],
            [
              2.9710638,
              50.821916
            ],
            [
              2.9725629,
              50.8215065
            ],
            [
              2.9726416,
              50.8224201
            ],
            [
              2.9734025,
              50.8265852
            ],
            [
              2.9733742,
              50.8274691
            ],
            [
              2.9735007,
              50.8276135
            ],
            [
              2.9746627,
              50.8278683
            ],
            [
              2.9748589,
              50.8280473
            ],
            [
              2.9751586,
              50.8295766
            ],
            [
              2.9760922,
              50.8308998
            ],
            [
              2.9764822,
              50.8320163
            ],
            [
              2.976327,
              50.8339149
            ],
            [
              2.976048,
              50.8352812
            ],
            [
              2.9754898,
              50.8393499
            ],
            [
              2.9568061,
              50.8449588
            ],
            [
              2.9533883,
              50.8454168
            ],
            [
              2.9521053,
              50.8492163
            ],
            [
              2.9504737,
              50.8495551
            ],
            [
              2.950463,
              50.8498623
            ],
            [
              2.9513311,
              50.8497708
            ],
            [
              2.952383,
              50.849461
            ],
            [
              2.9520623,
              50.8512888
            ],
            [
              2.9512346,
              50.8527209
            ],
            [
              2.9508564,
              50.8537522
            ],
            [
              2.9494375,
              50.8564351
            ],
            [
              2.9473454,
              50.8600948
            ],
            [
              2.9470302,
              50.8603496
            ],
            [
              2.9467419,
              50.8604084
            ],
            [
              2.9464657,
              50.8606256
            ],
            [
              2.9459862,
              50.8607792
            ],
            [
              2.9447876,
              50.8609084
            ],
            [
              2.9434241,
              50.8612412
            ],
            [
              2.9430016,
              50.8611078
            ],
            [
              2.9423271,
              50.8611813
            ],
            [
              2.9421384,
              50.8612849
            ],
            [
              2.9418321,
              50.861726
            ],
            [
              2.941612,
              50.8625451
            ],
            [
              2.9420292,
              50.8635635
            ],
            [
              2.9417392,
              50.8636852
            ],
            [
              2.9414673,
              50.8639531
            ],
            [
              2.9409427,
              50.8647537
            ],
            [
              2.94048,
              50.8651525
            ],
            [
              2.9403609,
              50.865387
            ],
            [
              2.9398021,
              50.8655716
            ],
            [
              2.9382492,
              50.8666527
            ],
            [
              2.9385732,
              50.8668187
            ],
            [
              2.9387682,
              50.8670446
            ],
            [
              2.9390453,
              50.8680144
            ],
            [
              2.9389167,
              50.8681479
            ],
            [
              2.9389449,
              50.8686946
            ],
            [
              2.9393423,
              50.8689947
            ],
            [
              2.9395334,
              50.8693976
            ],
            [
              2.9398727,
              50.8696468
            ],
            [
              2.9398131,
              50.8699435
            ],
            [
              2.9342912,
              50.8682992
            ],
            [
              2.9331223,
              50.8702325
            ],
            [
              2.9321863,
              50.8722951
            ],
            [
              2.9315543,
              50.8731428
            ],
            [
              2.9295401,
              50.8744723
            ],
            [
              2.9282202,
              50.8749313
            ],
            [
              2.9266863,
              50.875841
            ],
            [
              2.9262913,
              50.8761663
            ],
            [
              2.9252671,
              50.877102
            ],
            [
              2.920114,
              50.8834769
            ],
            [
              2.918198,
              50.8857277
            ],
            [
              2.9146238,
              50.8889186
            ],
            [
              2.9109724,
              50.8915746
            ],
            [
              2.9075843,
              50.8938086
            ],
            [
              2.9053478,
              50.8945335
            ],
            [
              2.9037031,
              50.8957321
            ],
            [
              2.8964629,
              50.899862
            ],
            [
              2.8936246,
              50.900727
            ],
            [
              2.8918318,
              50.9018053
            ],
            [
              2.8907014,
              50.9026079
            ],
            [
              2.8904756,
              50.902905
            ],
            [
              2.8894914,
              50.9036574
            ],
            [
              2.8887378,
              50.9041002
            ],
            [
              2.8887496,
              50.9041883
            ],
            [
              2.8831344,
              50.9061905
            ],
            [
              2.8826697,
              50.9061581
            ],
            [
              2.8818,
              50.9071879
            ],
            [
              2.8819882,
              50.907307
            ],
            [
              2.8826731,
              50.9074839
            ],
            [
              2.8820732,
              50.9081253
            ],
            [
              2.8791192,
              50.906801
            ],
            [
              2.8774175,
              50.9082119
            ],
            [
              2.8766377,
              50.9087358
            ],
            [
              2.8709882,
              50.9130877
            ],
            [
              2.869503,
              50.9143251
            ],
            [
              2.8682312,
              50.9151676
            ],
            [
              2.8669992,
              50.9161074
            ],
            [
              2.8658815,
              50.9166004
            ],
            [
              2.8645209,
              50.9173284
            ],
            [
              2.8637335,
              50.9167822
            ],
            [
              2.862432,
              50.9163468
            ],
            [
              2.8615122,
              50.9157518
            ],
            [
              2.8607955,
              50.9154296
            ],
            [
              2.8598666,
              50.9148636
            ],
            [
              2.8577319,
              50.9139985
            ],
            [
              2.8573632,
              50.9136191
            ],
            [
              2.8564033,
              50.9132596
            ],
            [
              2.85606,
              50.9127916
            ],
            [
              2.8557712,
              50.912643
            ],
            [
              2.855545,
              50.9125933
            ],
            [
              2.8544552,
              50.9127442
            ],
            [
              2.8534662,
              50.9124427
            ],
            [
              2.8522055,
              50.9123683
            ],
            [
              2.8514327,
              50.9125776
            ],
            [
              2.8507424,
              50.9126568
            ],
            [
              2.8506961,
              50.9127908
            ],
            [
              2.8504505,
              50.9128156
            ],
            [
              2.8503483,
              50.9132207
            ],
            [
              2.85054,
              50.9132956
            ],
            [
              2.8505006,
              50.9137536
            ],
            [
              2.8503426,
              50.913828
            ],
            [
              2.8510651,
              50.9142683
            ],
            [
              2.8511199,
              50.9144693
            ],
            [
              2.8500849,
              50.9148379
            ],
            [
              2.849499,
              50.9152562
            ],
            [
              2.8494159,
              50.9155602
            ],
            [
              2.8496278,
              50.9158763
            ],
            [
              2.8496232,
              50.916027
            ],
            [
              2.8491225,
              50.9164365
            ],
            [
              2.8490797,
              50.9167204
            ],
            [
              2.8477624,
              50.9167299
            ],
            [
              2.8475653,
              50.9172108
            ],
            [
              2.8472495,
              50.9176188
            ],
            [
              2.8456782,
              50.9187246
            ],
            [
              2.8447188,
              50.9195772
            ],
            [
              2.8444294,
              50.9195254
            ],
            [
              2.8444634,
              50.9193663
            ],
            [
              2.843891,
              50.9193357
            ],
            [
              2.8436697,
              50.9194063
            ],
            [
              2.8435652,
              50.9196586
            ],
            [
              2.847447,
              50.9223459
            ],
            [
              2.8507126,
              50.9252097
            ],
            [
              2.8512356,
              50.9258213
            ],
            [
              2.852236,
              50.9272443
            ],
            [
              2.8554213,
              50.9319205
            ],
            [
              2.8550059,
              50.9328378
            ],
            [
              2.854679,
              50.9333628
            ],
            [
              2.8545077,
              50.9334953
            ],
            [
              2.8540172,
              50.9336081
            ],
            [
              2.8527016,
              50.9336621
            ],
            [
              2.8523591,
              50.9338043
            ],
            [
              2.8516351,
              50.9344029
            ],
            [
              2.8516195,
              50.9345059
            ],
            [
              2.8517675,
              50.9347414
            ],
            [
              2.8520399,
              50.9350358
            ],
            [
              2.8523669,
              50.9352222
            ],
            [
              2.852507,
              50.9355165
            ],
            [
              2.8525539,
              50.9362982
            ],
            [
              2.8518453,
              50.9364977
            ],
            [
              2.8494179,
              50.9352903
            ],
            [
              2.8481521,
              50.9348026
            ],
            [
              2.8484294,
              50.9344613
            ],
            [
              2.8467519,
              50.9338585
            ],
            [
              2.8485192,
              50.9320615
            ],
            [
              2.849002,
              50.9316795
            ],
            [
              2.8490527,
              50.9310258
            ],
            [
              2.8442538,
              50.9289651
            ],
            [
              2.8443636,
              50.9286242
            ],
            [
              2.8443054,
              50.9283322
            ],
            [
              2.8431187,
              50.9287589
            ],
            [
              2.8425184,
              50.9287401
            ],
            [
              2.8422672,
              50.9286523
            ],
            [
              2.8423724,
              50.9284812
            ],
            [
              2.8414437,
              50.9280349
            ],
            [
              2.83809,
              50.9267838
            ],
            [
              2.8376646,
              50.9277996
            ],
            [
              2.8375059,
              50.9287738
            ],
            [
              2.837253,
              50.9293148
            ],
            [
              2.8365364,
              50.9299299
            ],
            [
              2.8359077,
              50.9306034
            ],
            [
              2.8324385,
              50.9357299
            ],
            [
              2.8317816,
              50.9372348
            ],
            [
              2.8314283,
              50.9387074
            ],
            [
              2.8306308,
              50.9384316
            ],
            [
              2.8301018,
              50.9383541
            ],
            [
              2.8300336,
              50.9384811
            ],
            [
              2.8295374,
              50.9383716
            ],
            [
              2.8271781,
              50.9375126
            ],
            [
              2.8261122,
              50.9370379
            ],
            [
              2.8265602,
              50.9364246
            ],
            [
              2.8220438,
              50.9347631
            ],
            [
              2.8188319,
              50.9329707
            ],
            [
              2.8193552,
              50.9320223
            ],
            [
              2.8181843,
              50.9314856
            ],
            [
              2.8165235,
              50.9308755
            ],
            [
              2.8160797,
              50.9313465
            ],
            [
              2.8127316,
              50.9300059
            ],
            [
              2.8126474,
              50.9295684
            ],
            [
              2.8133464,
              50.9287932
            ],
            [
              2.8134719,
              50.9290032
            ],
            [
              2.8136727,
              50.9290039
            ],
            [
              2.8140643,
              50.9287487
            ],
            [
              2.8141179,
              50.9285171
            ],
            [
              2.8147301,
              50.9284669
            ],
            [
              2.8153742,
              50.9285196
            ],
            [
              2.8154806,
              50.9282812
            ],
            [
              2.8158075,
              50.9282756
            ],
            [
              2.815965,
              50.9281823
            ],
            [
              2.815811,
              50.9278806
            ],
            [
              2.8164522,
              50.9274487
            ],
            [
              2.816746,
              50.9274253
            ],
            [
              2.8168754,
              50.9272302
            ],
            [
              2.8173036,
              50.9270319
            ],
            [
              2.8174886,
              50.9271985
            ],
            [
              2.8176345,
              50.9272
            ],
            [
              2.817677,
              50.9269225
            ],
            [
              2.8189089,
              50.9265989
            ],
            [
              2.8200549,
              50.9261022
            ],
            [
              2.8200675,
              50.9257109
            ],
            [
              2.8202179,
              50.9255773
            ],
            [
              2.8209522,
              50.9253749
            ],
            [
              2.8211997,
              50.925168
            ],
            [
              2.8213083,
              50.9247544
            ],
            [
              2.8219459,
              50.9247558
            ],
            [
              2.8225019,
              50.9250367
            ],
            [
              2.8230619,
              50.9251973
            ],
            [
              2.8233012,
              50.9251638
            ],
            [
              2.8238398,
              50.9247493
            ],
            [
              2.8241273,
              50.9246591
            ],
            [
              2.8243735,
              50.9243239
            ],
            [
              2.8243522,
              50.9240124
            ],
            [
              2.8245888,
              50.9236147
            ],
            [
              2.8241842,
              50.9233101
            ],
            [
              2.8243197,
              50.9231904
            ],
            [
              2.8246597,
              50.9231744
            ],
            [
              2.8250226,
              50.9230489
            ],
            [
              2.8251327,
              50.9228796
            ],
            [
              2.8257151,
              50.9226511
            ],
            [
              2.8260972,
              50.9223857
            ],
            [
              2.8255873,
              50.9219413
            ],
            [
              2.8260274,
              50.9218635
            ],
            [
              2.8259839,
              50.9214119
            ],
            [
              2.8263033,
              50.921068
            ],
            [
              2.8258007,
              50.9204733
            ],
            [
              2.8257031,
              50.9201432
            ],
            [
              2.8259712,
              50.9198127
            ],
            [
              2.8256306,
              50.9191632
            ],
            [
              2.8253367,
              50.9189895
            ],
            [
              2.8252225,
              50.9186854
            ],
            [
              2.8253783,
              50.9184255
            ],
            [
              2.8253386,
              50.9181395
            ],
            [
              2.8243771,
              50.9178924
            ],
            [
              2.8238954,
              50.9174932
            ],
            [
              2.8243046,
              50.9171552
            ],
            [
              2.8242998,
              50.9169839
            ],
            [
              2.8241578,
              50.9167868
            ],
            [
              2.8244511,
              50.9165197
            ],
            [
              2.8245479,
              50.9162757
            ],
            [
              2.8248362,
              50.9163021
            ],
            [
              2.82547,
              50.9161558
            ],
            [
              2.8257189,
              50.9162534
            ],
            [
              2.826,
              50.9161685
            ],
            [
              2.8260492,
              50.9159368
            ],
            [
              2.8259776,
              50.9157604
            ],
            [
              2.8252853,
              50.9151922
            ],
            [
              2.8252462,
              50.9150647
            ],
            [
              2.8255365,
              50.9148462
            ],
            [
              2.8253236,
              50.9144452
            ],
            [
              2.8253716,
              50.9141987
            ],
            [
              2.8258906,
              50.9134799
            ],
            [
              2.8257765,
              50.9133205
            ],
            [
              2.8247787,
              50.9132475
            ],
            [
              2.8247756,
              50.9131324
            ],
            [
              2.8250785,
              50.9129232
            ],
            [
              2.8246693,
              50.912462
            ],
            [
              2.8250133,
              50.9118374
            ],
            [
              2.8249262,
              50.9115534
            ],
            [
              2.8243626,
              50.9113034
            ],
            [
              2.8242594,
              50.9111141
            ],
            [
              2.8238954,
              50.9109481
            ],
            [
              2.8239612,
              50.9100255
            ],
            [
              2.8236526,
              50.9097939
            ],
            [
              2.8233817,
              50.9094208
            ],
            [
              2.8226396,
              50.909103
            ],
            [
              2.8221533,
              50.9091228
            ],
            [
              2.8222356,
              50.9088271
            ],
            [
              2.8221954,
              50.9085393
            ],
            [
              2.8226603,
              50.9078636
            ],
            [
              2.8225622,
              50.9077221
            ],
            [
              2.8221616,
              50.9076488
            ],
            [
              2.8218169,
              50.907767
            ],
            [
              2.8215493,
              50.9076077
            ],
            [
              2.8209816,
              50.9074896
            ],
            [
              2.8208888,
              50.9072522
            ],
            [
              2.8201061,
              50.907054
            ],
            [
              2.8197679,
              50.9068799
            ],
            [
              2.8196436,
              50.9066888
            ],
            [
              2.8199012,
              50.9064472
            ],
            [
              2.8197637,
              50.9063364
            ],
            [
              2.818878,
              50.9061366
            ],
            [
              2.8187166,
              50.9061937
            ],
            [
              2.8180237,
              50.9059732
            ],
            [
              2.8177914,
              50.9062587
            ],
            [
              2.8160388,
              50.9056554
            ],
            [
              2.8152949,
              50.9051674
            ],
            [
              2.8148235,
              50.9050588
            ],
            [
              2.8142768,
              50.9044575
            ],
            [
              2.8136192,
              50.9044105
            ],
            [
              2.8131857,
              50.9036941
            ],
            [
              2.8126153,
              50.9035422
            ],
            [
              2.8097961,
              50.9050318
            ],
            [
              2.8082809,
              50.9043145
            ],
            [
              2.8081381,
              50.9043534
            ],
            [
              2.8078861,
              50.9038193
            ],
            [
              2.8079508,
              50.9035636
            ],
            [
              2.8080765,
              50.9034212
            ],
            [
              2.8080145,
              50.9027098
            ],
            [
              2.8078558,
              50.9020585
            ],
            [
              2.8075285,
              50.9014771
            ],
            [
              2.8069606,
              50.9010601
            ],
            [
              2.804564,
              50.8999749
            ],
            [
              2.8035334,
              50.8991473
            ],
            [
              2.8034914,
              50.898924
            ],
            [
              2.802136,
              50.8973736
            ],
            [
              2.8011824,
              50.8959306
            ],
            [
              2.8004551,
              50.895342
            ],
            [
              2.8005422,
              50.895271
            ],
            [
              2.7982796,
              50.8929429
            ],
            [
              2.7952075,
              50.8901848
            ],
            [
              2.793533,
              50.8898953
            ],
            [
              2.7915576,
              50.8898172
            ],
            [
              2.7896684,
              50.8895899
            ],
            [
              2.7880329,
              50.889185
            ],
            [
              2.7879766,
              50.8892336
            ],
            [
              2.7843525,
              50.8879399
            ],
            [
              2.7824076,
              50.8888196
            ],
            [
              2.7810598,
              50.889714
            ],
            [
              2.7801807,
              50.8898945
            ],
            [
              2.7797723,
              50.8897407
            ],
            [
              2.778708,
              50.8901789
            ],
            [
              2.778335,
              50.8901889
            ],
            [
              2.7777516,
              50.8906985
            ],
            [
              2.7757965,
              50.8930052
            ],
            [
              2.770859,
              50.8905319
            ],
            [
              2.7690581,
              50.8894809
            ]
          ]
        ]
      },
      "properties": {
        "type": "boundary",
        "gemeente": "Ieper"
      }
    }
  ]
}