{
  "type": "FeatureCollection",
  "metadata": {
    "gemeente": "Jette",
    "slug": "jette",
    "generated_at": "2026-09-25T22:11:39.595158Z",
    "total_points": 76,
    "providers": [
      "bpost",
      "DHL",
      "GLS",
      "InPost",
      "VintedGo",
      "DPD",
      "Amazon"
    ],
    "bounds": [
      4.30674,
      50.86523786,
      4.337833,
      50.89244
    ]
  },
  "features": [
    {
      "type": "Feature",
      "geometry": {
        "type": "Point",
        "coordinates": [
          4.33554,
          50.86795
        ]
      },
      "properties": {
        "type": "pakketpunt",
        "locatieNaam": "Belgica",
        "straatNaam": "Philippe Werrieplein",
        "straatNr": "3",
        "vervoerder": "bpost",
        "puntType": "servicepunt",
        "bezettingsgraad": 50,
        "latitude": 50.86795,
        "longitude": 4.33554,
        "canPickup": true,
        "canDropoff": true,
        "openingstijden": null
      }
    },
    {
      "type": "Feature",
      "geometry": {
        "type": "Point",
        "coordinates": [
          4.33622,
          50.869
        ]
      },
      "properties": {
        "type": "pakketpunt",
        "locatieNaam": "Bbox Delhaize Ch Woeste Jette",
        "straatNaam": "Auguste Hainautstraat",
        "straatNr": "28",
        "vervoerder": "bpost",
        "puntType": "automaat",
        "bezettingsgraad": 50,
        "latitude": 50.869,
        "longitude": 4.33622,
        "canPickup": true,
        "canDropoff": true,
        "openingstijden": null
      }
    },
    {
      "type": "Feature",
      "geometry": {
        "type": "Point",
        "coordinates": [
          4.33652,
          50.87356
        ]
      },
      "properties": {
        "type": "pakketpunt",
        "locatieNaam": "Pakjesautomaat 24/7 Olv Lourdes Jette",
        "straatNaam": "Onze-Lieve-Vrouw Van Lourdeslaan",
        "straatNr": "32",
        "vervoerder": "bpost",
        "puntType": "automaat",
        "bezettingsgraad": 50,
        "latitude": 50.87356,
        "longitude": 4.33652,
        "canPickup": true,
        "canDropoff": true,
        "openingstijden": null
      }
    },
    {
      "type": "Feature",
      "geometry": {
        "type": "Point",
        "coordinates": [
          4.32689,
          50.87304
        ]
      },
      "properties": {
        "type": "pakketpunt",
        "locatieNaam": "Bbox 24/7 Intermarché Jette",
        "straatNaam": "Leopold I Straat",
        "straatNr": "513",
        "vervoerder": "bpost",
        "puntType": "automaat",
        "bezettingsgraad": 50,
        "latitude": 50.87304,
        "longitude": 4.32689,
        "canPickup": true,
        "canDropoff": true,
        "openingstijden": null
      }
    },
    {
      "type": "Feature",
      "geometry": {
        "type": "Point",
        "coordinates": [
          4.32459,
          50.87255
        ]
      },
      "properties": {
        "type": "pakketpunt",
        "locatieNaam": "Press Shop Reine Astrid",
        "straatNaam": "Koningin Astridplein",
        "straatNr": "22",
        "vervoerder": "bpost",
        "puntType": "servicepunt",
        "bezettingsgraad": 50,
        "latitude": 50.87255,
        "longitude": 4.32459,
        "canPickup": true,
        "canDropoff": true,
        "openingstijden": null
      }
    },
    {
      "type": "Feature",
      "geometry": {
        "type": "Point",
        "coordinates": [
          4.32607,
          50.87371
        ]
      },
      "properties": {
        "type": "pakketpunt",
        "locatieNaam": "Gks Parcelshop",
        "straatNaam": "Léon Theodorstraat",
        "straatNr": "16",
        "vervoerder": "bpost",
        "puntType": "servicepunt",
        "bezettingsgraad": 50,
        "latitude": 50.87371,
        "longitude": 4.32607,
        "canPickup": true,
        "canDropoff": true,
        "openingstijden": null
      }
    },
    {
      "type": "Feature",
      "geometry": {
        "type": "Point",
        "coordinates": [
          4.32942,
          50.87624
        ]
      },
      "properties": {
        "type": "pakketpunt",
        "locatieNaam": "Jette Ferdinand Lenoir",
        "straatNaam": "Ferdinand Lenoirstraat",
        "straatNr": "29",
        "vervoerder": "bpost",
        "puntType": "postkantoor",
        "bezettingsgraad": 50,
        "latitude": 50.87624,
        "longitude": 4.32942,
        "canPickup": true,
        "canDropoff": true,
        "openingstijden": null
      }
    },
    {
      "type": "Feature",
      "geometry": {
        "type": "Point",
        "coordinates": [
          4.32951,
          50.87635
        ]
      },
      "properties": {
        "type": "pakketpunt",
        "locatieNaam": "Bbox Bpost Jette",
        "straatNaam": "Ferdinand Lenoirstraat",
        "straatNr": "29",
        "vervoerder": "bpost",
        "puntType": "automaat",
        "bezettingsgraad": 50,
        "latitude": 50.87635,
        "longitude": 4.32951,
        "canPickup": true,
        "canDropoff": true,
        "openingstijden": null
      }
    },
    {
      "type": "Feature",
      "geometry": {
        "type": "Point",
        "coordinates": [
          4.33609,
          50.87894
        ]
      },
      "properties": {
        "type": "pakketpunt",
        "locatieNaam": "Pakjesautomaat 24/7 Dapperheid Jette",
        "straatNaam": "Dapperheidsstraat",
        "straatNr": "DISTRIB",
        "vervoerder": "bpost",
        "puntType": "automaat",
        "bezettingsgraad": 50,
        "latitude": 50.87894,
        "longitude": 4.33609,
        "canPickup": true,
        "canDropoff": true,
        "openingstijden": null
      }
    },
    {
      "type": "Feature",
      "geometry": {
        "type": "Point",
        "coordinates": [
          4.32853,
          50.87725
        ]
      },
      "properties": {
        "type": "pakketpunt",
        "locatieNaam": "Librairie Theodor.",
        "straatNaam": "Léon Theodorstraat",
        "straatNr": "160",
        "vervoerder": "bpost",
        "puntType": "servicepunt",
        "bezettingsgraad": 50,
        "latitude": 50.87725,
        "longitude": 4.32853,
        "canPickup": true,
        "canDropoff": true,
        "openingstijden": null
      }
    },
    {
      "type": "Feature",
      "geometry": {
        "type": "Point",
        "coordinates": [
          4.32713,
          50.87806
        ]
      },
      "properties": {
        "type": "pakketpunt",
        "locatieNaam": "Bbox Delhaize Theodor Jette",
        "straatNaam": "Henri Van Bortonnestraat",
        "straatNr": "68",
        "vervoerder": "bpost",
        "puntType": "automaat",
        "bezettingsgraad": 50,
        "latitude": 50.87806,
        "longitude": 4.32713,
        "canPickup": true,
        "canDropoff": true,
        "openingstijden": null
      }
    },
    {
      "type": "Feature",
      "geometry": {
        "type": "Point",
        "coordinates": [
          4.32255,
          50.8765
        ]
      },
      "properties": {
        "type": "pakketpunt",
        "locatieNaam": "Pakjesautomaat 24/7 St Legrelle Jette",
        "straatNaam": "Stanislas Legrellestraat",
        "straatNr": "36",
        "vervoerder": "bpost",
        "puntType": "automaat",
        "bezettingsgraad": 50,
        "latitude": 50.8765,
        "longitude": 4.32255,
        "canPickup": true,
        "canDropoff": true,
        "openingstijden": null
      }
    },
    {
      "type": "Feature",
      "geometry": {
        "type": "Point",
        "coordinates": [
          4.32872,
          50.88087
        ]
      },
      "properties": {
        "type": "pakketpunt",
        "locatieNaam": "Bbox 24/7 Nmbs Jette",
        "straatNaam": "Kardinaal Mercierplein",
        "straatNr": "22",
        "vervoerder": "bpost",
        "puntType": "automaat",
        "bezettingsgraad": 50,
        "latitude": 50.88087,
        "longitude": 4.32872,
        "canPickup": true,
        "canDropoff": true,
        "openingstijden": null
      }
    },
    {
      "type": "Feature",
      "geometry": {
        "type": "Point",
        "coordinates": [
          4.33783,
          50.88416
        ]
      },
      "properties": {
        "type": "pakketpunt",
        "locatieNaam": "Bbox Speed Queen - De Naeyer",
        "straatNaam": "De Smet De Naeyerlaan",
        "straatNr": "496",
        "vervoerder": "bpost",
        "puntType": "automaat",
        "bezettingsgraad": 50,
        "latitude": 50.88416,
        "longitude": 4.33783,
        "canPickup": true,
        "canDropoff": true,
        "openingstijden": null
      }
    },
    {
      "type": "Feature",
      "geometry": {
        "type": "Point",
        "coordinates": [
          4.33354,
          50.88526
        ]
      },
      "properties": {
        "type": "pakketpunt",
        "locatieNaam": "Lib Florair 3000 Jette",
        "straatNaam": "Guillaume De Greeflaan",
        "straatNr": "53",
        "vervoerder": "bpost",
        "puntType": "servicepunt",
        "bezettingsgraad": 50,
        "latitude": 50.88526,
        "longitude": 4.33354,
        "canPickup": true,
        "canDropoff": true,
        "openingstijden": null
      }
    },
    {
      "type": "Feature",
      "geometry": {
        "type": "Point",
        "coordinates": [
          4.32076,
          50.88444
        ]
      },
      "properties": {
        "type": "pakketpunt",
        "locatieNaam": "Bbox Happy Troc Jette",
        "straatNaam": "Bonaventurestraat",
        "straatNr": "51",
        "vervoerder": "bpost",
        "puntType": "automaat",
        "bezettingsgraad": 50,
        "latitude": 50.88444,
        "longitude": 4.32076,
        "canPickup": true,
        "canDropoff": true,
        "openingstijden": null
      }
    },
    {
      "type": "Feature",
      "geometry": {
        "type": "Point",
        "coordinates": [
          4.31668,
          50.88494
        ]
      },
      "properties": {
        "type": "pakketpunt",
        "locatieNaam": "Bbox Lidl Jette",
        "straatNaam": "Laarbeeklaan",
        "straatNr": "70",
        "vervoerder": "bpost",
        "puntType": "automaat",
        "bezettingsgraad": 50,
        "latitude": 50.88494,
        "longitude": 4.31668,
        "canPickup": true,
        "canDropoff": true,
        "openingstijden": null
      }
    },
    {
      "type": "Feature",
      "geometry": {
        "type": "Point",
        "coordinates": [
          4.31842,
          50.88561
        ]
      },
      "properties": {
        "type": "pakketpunt",
        "locatieNaam": "Pakjesautomaat 24/7 E. De Smet Jette",
        "straatNaam": "Eugène De Smetstraat",
        "straatNr": "18",
        "vervoerder": "bpost",
        "puntType": "automaat",
        "bezettingsgraad": 50,
        "latitude": 50.88561,
        "longitude": 4.31842,
        "canPickup": true,
        "canDropoff": true,
        "openingstijden": null
      }
    },
    {
      "type": "Feature",
      "geometry": {
        "type": "Point",
        "coordinates": [
          4.30674,
          50.88452
        ]
      },
      "properties": {
        "type": "pakketpunt",
        "locatieNaam": "Pakjesautomaat 24/7 Bxl Health Campus",
        "straatNaam": "Laarbeeklaan",
        "straatNr": "107",
        "vervoerder": "bpost",
        "puntType": "automaat",
        "bezettingsgraad": 50,
        "latitude": 50.88452,
        "longitude": 4.30674,
        "canPickup": true,
        "canDropoff": true,
        "openingstijden": null
      }
    },
    {
      "type": "Feature",
      "geometry": {
        "type": "Point",
        "coordinates": [
          4.32189,
          50.89242
        ]
      },
      "properties": {
        "type": "pakketpunt",
        "locatieNaam": "Mini Market Van Rolleghem",
        "straatNaam": "Maurice Van Rolleghemstraat",
        "straatNr": "66",
        "vervoerder": "bpost",
        "puntType": "servicepunt",
        "bezettingsgraad": 50,
        "latitude": 50.89242,
        "longitude": 4.32189,
        "canPickup": true,
        "canDropoff": true,
        "openingstijden": null
      }
    },
    {
      "type": "Feature",
      "geometry": {
        "type": "Point",
        "coordinates": [
          4.31124,
          50.89018
        ]
      },
      "properties": {
        "type": "pakketpunt",
        "locatieNaam": "Pakjesautomaat 24/7 J-L Thysplein Jette",
        "straatNaam": "Burgemeester Jean-Louis Thysplein",
        "straatNr": "DISTRIB",
        "vervoerder": "bpost",
        "puntType": "automaat",
        "bezettingsgraad": 50,
        "latitude": 50.89018,
        "longitude": 4.31124,
        "canPickup": true,
        "canDropoff": true,
        "openingstijden": null
      }
    },
    {
      "type": "Feature",
      "geometry": {
        "type": "Point",
        "coordinates": [
          4.306742,
          50.884522
        ]
      },
      "properties": {
        "type": "pakketpunt",
        "locatieNaam": "PARCEL LOCKER 24/7 BXL HEALTH CAMPU",
        "straatNaam": "AVENUE DU LAERBEEK",
        "straatNr": "107",
        "vervoerder": "DHL",
        "puntType": "packStation",
        "bezettingsgraad": 50,
        "latitude": 50.884522,
        "longitude": 4.306742,
        "canPickup": true,
        "canDropoff": true,
        "openingstijden": {
          "ma": "00:00 - 23:59",
          "di": "00:00 - 23:59",
          "wo": "00:00 - 23:59",
          "do": "00:00 - 23:59",
          "vr": "00:00 - 23:59",
          "za": "00:00 - 23:59",
          "zo": "00:00 - 23:59"
        }
      }
    },
    {
      "type": "Feature",
      "geometry": {
        "type": "Point",
        "coordinates": [
          4.31124,
          50.89018
        ]
      },
      "properties": {
        "type": "pakketpunt",
        "locatieNaam": "PARCEL LOCKER 24/7 J-L THYSPLEIN JE",
        "straatNaam": "PLACE DU BOURGMESTRE JEAN-LOUIS THY",
        "straatNr": "DISTRIB",
        "vervoerder": "DHL",
        "puntType": "packStation",
        "bezettingsgraad": 50,
        "latitude": 50.89018,
        "longitude": 4.31124,
        "canPickup": true,
        "canDropoff": true,
        "openingstijden": {
          "ma": "00:00 - 23:59",
          "di": "00:00 - 23:59",
          "wo": "00:00 - 23:59",
          "do": "00:00 - 23:59",
          "vr": "00:00 - 23:59",
          "za": "00:00 - 23:59",
          "zo": "00:00 - 23:59"
        }
      }
    },
    {
      "type": "Feature",
      "geometry": {
        "type": "Point",
        "coordinates": [
          4.316678,
          50.884937
        ]
      },
      "properties": {
        "type": "pakketpunt",
        "locatieNaam": "BBOX LIDL JETTE",
        "straatNaam": "AVENUE DU LAERBEEK",
        "straatNr": "70",
        "vervoerder": "DHL",
        "puntType": "packStation",
        "bezettingsgraad": 50,
        "latitude": 50.884937,
        "longitude": 4.316678,
        "canPickup": true,
        "canDropoff": true,
        "openingstijden": {
          "ma": "08:30 - 20:00",
          "di": "08:30 - 20:00",
          "wo": "08:30 - 20:00",
          "do": "08:30 - 20:00",
          "vr": "08:30 - 20:00",
          "za": "08:30 - 20:00",
          "zo": "gesloten"
        }
      }
    },
    {
      "type": "Feature",
      "geometry": {
        "type": "Point",
        "coordinates": [
          4.31842,
          50.885607
        ]
      },
      "properties": {
        "type": "pakketpunt",
        "locatieNaam": "PARCEL LOCKER 24/7 E. DE SMET JETTE",
        "straatNaam": "RUE EUGÈNE DE SMET",
        "straatNr": "18",
        "vervoerder": "DHL",
        "puntType": "packStation",
        "bezettingsgraad": 50,
        "latitude": 50.885607,
        "longitude": 4.31842,
        "canPickup": true,
        "canDropoff": true,
        "openingstijden": {
          "ma": "00:00 - 23:59",
          "di": "00:00 - 23:59",
          "wo": "00:00 - 23:59",
          "do": "00:00 - 23:59",
          "vr": "00:00 - 23:59",
          "za": "00:00 - 23:59",
          "zo": "00:00 - 23:59"
        }
      }
    },
    {
      "type": "Feature",
      "geometry": {
        "type": "Point",
        "coordinates": [
          4.321892,
          50.89242
        ]
      },
      "properties": {
        "type": "pakketpunt",
        "locatieNaam": "MINI MARKET VAN ROLLEGHEM",
        "straatNaam": "RUE MAURICE VAN ROLLEGHEM",
        "straatNr": "66",
        "vervoerder": "DHL",
        "puntType": "parcelShop",
        "bezettingsgraad": 50,
        "latitude": 50.89242,
        "longitude": 4.321892,
        "canPickup": true,
        "canDropoff": true,
        "openingstijden": {
          "ma": "07:30 - 19:00",
          "di": "07:30 - 19:00",
          "wo": "07:30 - 19:00",
          "do": "07:30 - 19:00",
          "vr": "07:30 - 19:00",
          "za": "07:30 - 19:00",
          "zo": "07:30 - 19:00"
        }
      }
    },
    {
      "type": "Feature",
      "geometry": {
        "type": "Point",
        "coordinates": [
          4.320758,
          50.884441
        ]
      },
      "properties": {
        "type": "pakketpunt",
        "locatieNaam": "BBOX HAPPY TROC JETTE",
        "straatNaam": "RUE BONAVENTURE",
        "straatNr": "51",
        "vervoerder": "DHL",
        "puntType": "packStation",
        "bezettingsgraad": 50,
        "latitude": 50.884441,
        "longitude": 4.320758,
        "canPickup": true,
        "canDropoff": true,
        "openingstijden": {
          "ma": "10:00 - 18:30",
          "di": "10:00 - 18:30",
          "wo": "10:00 - 18:30",
          "do": "10:00 - 18:30",
          "vr": "10:00 - 18:30",
          "za": "10:00 - 18:30",
          "zo": "gesloten"
        }
      }
    },
    {
      "type": "Feature",
      "geometry": {
        "type": "Point",
        "coordinates": [
          4.32255,
          50.8765
        ]
      },
      "properties": {
        "type": "pakketpunt",
        "locatieNaam": "PARCEL LOCKER 24/7 ST LEGRELLE JETT",
        "straatNaam": "RUE STANISLAS LEGRELLE",
        "straatNr": "36",
        "vervoerder": "DHL",
        "puntType": "packStation",
        "bezettingsgraad": 50,
        "latitude": 50.8765,
        "longitude": 4.32255,
        "canPickup": true,
        "canDropoff": true,
        "openingstijden": {
          "ma": "00:00 - 23:59",
          "di": "00:00 - 23:59",
          "wo": "00:00 - 23:59",
          "do": "00:00 - 23:59",
          "vr": "00:00 - 23:59",
          "za": "00:00 - 23:59",
          "zo": "00:00 - 23:59"
        }
      }
    },
    {
      "type": "Feature",
      "geometry": {
        "type": "Point",
        "coordinates": [
          4.32713,
          50.87806
        ]
      },
      "properties": {
        "type": "pakketpunt",
        "locatieNaam": "BBOX DELHAIZE THEODOR JETTE",
        "straatNaam": "RUE HENRI VAN BORTONNE",
        "straatNr": "68",
        "vervoerder": "DHL",
        "puntType": "packStation",
        "bezettingsgraad": 50,
        "latitude": 50.87806,
        "longitude": 4.32713,
        "canPickup": true,
        "canDropoff": true,
        "openingstijden": {
          "ma": "12:00 - 20:00",
          "di": "07:00 - 20:00",
          "wo": "07:00 - 20:00",
          "do": "07:00 - 20:00",
          "vr": "07:00 - 21:00",
          "za": "07:00 - 20:00",
          "zo": "07:00 - 12:00"
        }
      }
    },
    {
      "type": "Feature",
      "geometry": {
        "type": "Point",
        "coordinates": [
          4.328715,
          50.880867
        ]
      },
      "properties": {
        "type": "pakketpunt",
        "locatieNaam": "BBOX 24/7 NMBS JETTE",
        "straatNaam": "PLACE CARDINAL MERCIER",
        "straatNr": "22",
        "vervoerder": "DHL",
        "puntType": "packStation",
        "bezettingsgraad": 50,
        "latitude": 50.880867,
        "longitude": 4.328715,
        "canPickup": true,
        "canDropoff": true,
        "openingstijden": {
          "ma": "00:00 - 23:59",
          "di": "00:00 - 23:59",
          "wo": "00:00 - 23:59",
          "do": "00:00 - 23:59",
          "vr": "00:00 - 23:59",
          "za": "00:00 - 23:59",
          "zo": "00:00 - 23:59"
        }
      }
    },
    {
      "type": "Feature",
      "geometry": {
        "type": "Point",
        "coordinates": [
          4.324586,
          50.872549
        ]
      },
      "properties": {
        "type": "pakketpunt",
        "locatieNaam": "PRESS SHOP REINE ASTRID",
        "straatNaam": "PLACE REINE ASTRID",
        "straatNr": "22",
        "vervoerder": "DHL",
        "puntType": "parcelShop",
        "bezettingsgraad": 50,
        "latitude": 50.872549,
        "longitude": 4.324586,
        "canPickup": true,
        "canDropoff": true,
        "openingstijden": {
          "ma": "07:00 - 13:00",
          "di": "07:00 - 18:30",
          "wo": "07:00 - 18:30",
          "do": "07:00 - 18:30",
          "vr": "07:00 - 18:30",
          "za": "07:00 - 18:00",
          "zo": "08:00 - 13:00"
        }
      }
    },
    {
      "type": "Feature",
      "geometry": {
        "type": "Point",
        "coordinates": [
          4.326066,
          50.873712
        ]
      },
      "properties": {
        "type": "pakketpunt",
        "locatieNaam": "GKS PARCELSHOP",
        "straatNaam": "RUE LÉON THEODOR",
        "straatNr": "16",
        "vervoerder": "DHL",
        "puntType": "parcelShop",
        "bezettingsgraad": 50,
        "latitude": 50.873712,
        "longitude": 4.326066,
        "canPickup": true,
        "canDropoff": true,
        "openingstijden": {
          "ma": "08:00 - 20:00",
          "di": "08:00 - 20:00",
          "wo": "08:00 - 20:00",
          "do": "08:00 - 20:00",
          "vr": "08:00 - 20:00",
          "za": "08:00 - 20:00",
          "zo": "gesloten"
        }
      }
    },
    {
      "type": "Feature",
      "geometry": {
        "type": "Point",
        "coordinates": [
          4.326894,
          50.873044
        ]
      },
      "properties": {
        "type": "pakketpunt",
        "locatieNaam": "BBOX 24/7 INTERMARCHÉ JETTE",
        "straatNaam": "RUE LÉOPOLD I",
        "straatNr": "513",
        "vervoerder": "DHL",
        "puntType": "packStation",
        "bezettingsgraad": 50,
        "latitude": 50.873044,
        "longitude": 4.326894,
        "canPickup": true,
        "canDropoff": true,
        "openingstijden": {
          "ma": "00:00 - 23:59",
          "di": "00:00 - 23:59",
          "wo": "00:00 - 23:59",
          "do": "00:00 - 23:59",
          "vr": "00:00 - 23:59",
          "za": "00:00 - 23:59",
          "zo": "00:00 - 23:59"
        }
      }
    },
    {
      "type": "Feature",
      "geometry": {
        "type": "Point",
        "coordinates": [
          4.329419,
          50.876238
        ]
      },
      "properties": {
        "type": "pakketpunt",
        "locatieNaam": "JETTE FERDINAND LENOIR",
        "straatNaam": "RUE FERDINAND LENOIR",
        "straatNr": "29",
        "vervoerder": "DHL",
        "puntType": "postOffice",
        "bezettingsgraad": 50,
        "latitude": 50.876238,
        "longitude": 4.329419,
        "canPickup": true,
        "canDropoff": true,
        "openingstijden": {
          "ma": "09:30 - 12:30, 13:30 - 17:00",
          "di": "09:30 - 12:30, 13:30 - 18:00",
          "wo": "09:30 - 12:30, 13:30 - 17:00",
          "do": "09:30 - 12:30, 13:30 - 18:00",
          "vr": "09:30 - 12:30, 13:30 - 17:00",
          "za": "09:30 - 13:00",
          "zo": "gesloten"
        }
      }
    },
    {
      "type": "Feature",
      "geometry": {
        "type": "Point",
        "coordinates": [
          4.335542,
          50.867949
        ]
      },
      "properties": {
        "type": "pakketpunt",
        "locatieNaam": "BELGICA",
        "straatNaam": "PLACE PHILIPPE WERRIE",
        "straatNr": "3",
        "vervoerder": "DHL",
        "puntType": "parcelShop",
        "bezettingsgraad": 50,
        "latitude": 50.867949,
        "longitude": 4.335542,
        "canPickup": true,
        "canDropoff": true,
        "openingstijden": {
          "ma": "07:00 - 20:00",
          "di": "07:00 - 20:00",
          "wo": "07:00 - 20:00",
          "do": "07:00 - 20:00",
          "vr": "07:00 - 20:00",
          "za": "07:00 - 20:00",
          "zo": "gesloten"
        }
      }
    },
    {
      "type": "Feature",
      "geometry": {
        "type": "Point",
        "coordinates": [
          4.329512,
          50.876349
        ]
      },
      "properties": {
        "type": "pakketpunt",
        "locatieNaam": "BBOX BPOST JETTE",
        "straatNaam": "RUE FERDINAND LENOIR",
        "straatNr": "29",
        "vervoerder": "DHL",
        "puntType": "packStation",
        "bezettingsgraad": 50,
        "latitude": 50.876349,
        "longitude": 4.329512,
        "canPickup": true,
        "canDropoff": true,
        "openingstijden": {
          "ma": "06:00 - 23:00",
          "di": "06:00 - 23:00",
          "wo": "06:00 - 23:00",
          "do": "06:00 - 23:00",
          "vr": "06:00 - 23:00",
          "za": "06:00 - 23:00",
          "zo": "06:00 - 23:00"
        }
      }
    },
    {
      "type": "Feature",
      "geometry": {
        "type": "Point",
        "coordinates": [
          4.328531,
          50.877254
        ]
      },
      "properties": {
        "type": "pakketpunt",
        "locatieNaam": "LIBRAIRIE THEODOR.",
        "straatNaam": "RUE LÉON THEODOR",
        "straatNr": "160",
        "vervoerder": "DHL",
        "puntType": "parcelShop",
        "bezettingsgraad": 50,
        "latitude": 50.877254,
        "longitude": 4.328531,
        "canPickup": true,
        "canDropoff": true,
        "openingstijden": {
          "ma": "07:00 - 20:00",
          "di": "07:00 - 20:00",
          "wo": "07:00 - 20:00",
          "do": "07:00 - 20:00",
          "vr": "07:00 - 21:00",
          "za": "08:00 - 19:00",
          "zo": "gesloten"
        }
      }
    },
    {
      "type": "Feature",
      "geometry": {
        "type": "Point",
        "coordinates": [
          4.33622,
          50.869
        ]
      },
      "properties": {
        "type": "pakketpunt",
        "locatieNaam": "BBOX DELHAIZE CH WOESTE JETTE",
        "straatNaam": "RUE AUGUSTE HAINAUT",
        "straatNr": "28",
        "vervoerder": "DHL",
        "puntType": "packStation",
        "bezettingsgraad": 50,
        "latitude": 50.869,
        "longitude": 4.33622,
        "canPickup": true,
        "canDropoff": true,
        "openingstijden": {
          "ma": "08:00 - 20:00",
          "di": "08:00 - 20:00",
          "wo": "08:00 - 20:00",
          "do": "08:00 - 20:00",
          "vr": "08:00 - 20:00",
          "za": "08:00 - 20:00",
          "zo": "08:00 - 20:00"
        }
      }
    },
    {
      "type": "Feature",
      "geometry": {
        "type": "Point",
        "coordinates": [
          4.33609,
          50.87894
        ]
      },
      "properties": {
        "type": "pakketpunt",
        "locatieNaam": "PARCEL LOCKER 24/7 DAPPERHEID JETTE",
        "straatNaam": "RUE DE LA BRAVOURE",
        "straatNr": "DISTRIB",
        "vervoerder": "DHL",
        "puntType": "packStation",
        "bezettingsgraad": 50,
        "latitude": 50.87894,
        "longitude": 4.33609,
        "canPickup": true,
        "canDropoff": true,
        "openingstijden": {
          "ma": "00:00 - 23:59",
          "di": "00:00 - 23:59",
          "wo": "00:00 - 23:59",
          "do": "00:00 - 23:59",
          "vr": "00:00 - 23:59",
          "za": "00:00 - 23:59",
          "zo": "00:00 - 23:59"
        }
      }
    },
    {
      "type": "Feature",
      "geometry": {
        "type": "Point",
        "coordinates": [
          4.333542,
          50.885263
        ]
      },
      "properties": {
        "type": "pakketpunt",
        "locatieNaam": "LIB FLORAIR 3000 JETTE",
        "straatNaam": "AVENUE GUILLAUME DE GREEF",
        "straatNr": "53",
        "vervoerder": "DHL",
        "puntType": "parcelShop",
        "bezettingsgraad": 50,
        "latitude": 50.885263,
        "longitude": 4.333542,
        "canPickup": true,
        "canDropoff": true,
        "openingstijden": {
          "ma": "08:00 - 13:00, 14:00 - 18:00",
          "di": "08:00 - 13:00, 14:00 - 18:00",
          "wo": "08:00 - 13:00, 14:00 - 18:00",
          "do": "08:00 - 13:00, 14:00 - 18:00",
          "vr": "08:00 - 13:00, 14:00 - 18:00",
          "za": "08:00 - 13:00, 14:00 - 18:00",
          "zo": "gesloten"
        }
      }
    },
    {
      "type": "Feature",
      "geometry": {
        "type": "Point",
        "coordinates": [
          4.337833,
          50.884164
        ]
      },
      "properties": {
        "type": "pakketpunt",
        "locatieNaam": "BBOX SPEED QUEEN - DE NAEYER",
        "straatNaam": "BOULEVARD DE SMET DE NAEYER",
        "straatNr": "496",
        "vervoerder": "DHL",
        "puntType": "packStation",
        "bezettingsgraad": 50,
        "latitude": 50.884164,
        "longitude": 4.337833,
        "canPickup": true,
        "canDropoff": true,
        "openingstijden": {
          "ma": "07:00 - 22:00",
          "di": "07:00 - 22:00",
          "wo": "07:00 - 22:00",
          "do": "07:00 - 22:00",
          "vr": "07:00 - 22:00",
          "za": "07:00 - 22:00",
          "zo": "07:00 - 22:00"
        }
      }
    },
    {
      "type": "Feature",
      "geometry": {
        "type": "Point",
        "coordinates": [
          4.33652,
          50.87356
        ]
      },
      "properties": {
        "type": "pakketpunt",
        "locatieNaam": "PARCEL LOCKER 24/7 OLV LOURDES JETT",
        "straatNaam": "AVENUE NOTRE-DAME DE LOURDES",
        "straatNr": "32",
        "vervoerder": "DHL",
        "puntType": "packStation",
        "bezettingsgraad": 50,
        "latitude": 50.87356,
        "longitude": 4.33652,
        "canPickup": true,
        "canDropoff": true,
        "openingstijden": {
          "ma": "00:00 - 23:59",
          "di": "00:00 - 23:59",
          "wo": "00:00 - 23:59",
          "do": "00:00 - 23:59",
          "vr": "00:00 - 23:59",
          "za": "00:00 - 23:59",
          "zo": "00:00 - 23:59"
        }
      }
    },
    {
      "type": "Feature",
      "geometry": {
        "type": "Point",
        "coordinates": [
          4.33216,
          50.86833
        ]
      },
      "properties": {
        "type": "pakketpunt",
        "locatieNaam": "Inter-Print",
        "straatNaam": "Rue Honore Longtin",
        "straatNr": "88",
        "vervoerder": "GLS",
        "puntType": "parcel_shop",
        "bezettingsgraad": 50,
        "latitude": 50.86833,
        "longitude": 4.33216,
        "canPickup": true,
        "canDropoff": true,
        "openingstijden": "vr: 09:00 - 18:00; ma: 09:00 - 18:00"
      }
    },
    {
      "type": "Feature",
      "geometry": {
        "type": "Point",
        "coordinates": [
          4.3363368,
          50.8690802
        ]
      },
      "properties": {
        "type": "pakketpunt",
        "locatieNaam": "GLS Parcel Locker powered by bbox",
        "straatNaam": "Rue Auguste Hainaut",
        "straatNr": "28",
        "vervoerder": "GLS",
        "puntType": "locker",
        "bezettingsgraad": 50,
        "latitude": 50.8690802,
        "longitude": 4.3363368,
        "canPickup": true,
        "canDropoff": true,
        "openingstijden": "vr: 08:00 - 12:30, 13:00 - 20:00; za: 08:00 - 12:30, 13:00 - 20:00"
      }
    },
    {
      "type": "Feature",
      "geometry": {
        "type": "Point",
        "coordinates": [
          4.3273113,
          50.8739901
        ]
      },
      "properties": {
        "type": "pakketpunt",
        "locatieNaam": "GLS Parcel Locker powered by bbox",
        "straatNaam": "Leopold I Straat",
        "straatNr": "513",
        "vervoerder": "GLS",
        "puntType": "locker",
        "bezettingsgraad": 50,
        "latitude": 50.8739901,
        "longitude": 4.3273113,
        "canPickup": true,
        "canDropoff": true,
        "openingstijden": "vr: 00:00 - 24:00; ma: 00:00 - 24:00"
      }
    },
    {
      "type": "Feature",
      "geometry": {
        "type": "Point",
        "coordinates": [
          4.3295912,
          50.8764754
        ]
      },
      "properties": {
        "type": "pakketpunt",
        "locatieNaam": "GLS Parcel Locker powered by bbox",
        "straatNaam": "Rue Ferdinand Lenoir",
        "straatNr": "29",
        "vervoerder": "GLS",
        "puntType": "locker",
        "bezettingsgraad": 50,
        "latitude": 50.8764754,
        "longitude": 4.3295912,
        "canPickup": true,
        "canDropoff": true,
        "openingstijden": "vr: 06:00 - 23:00; za: 06:00 - 23:00"
      }
    },
    {
      "type": "Feature",
      "geometry": {
        "type": "Point",
        "coordinates": [
          4.327023,
          50.8782556
        ]
      },
      "properties": {
        "type": "pakketpunt",
        "locatieNaam": "GLS Parcel Locker powered by bbox",
        "straatNaam": "Leon Theodorstraat",
        "straatNr": "182",
        "vervoerder": "GLS",
        "puntType": "locker",
        "bezettingsgraad": 50,
        "latitude": 50.8782556,
        "longitude": 4.327023,
        "canPickup": true,
        "canDropoff": true,
        "openingstijden": "vr: 07:00 - 21:00; za: 07:00 - 20:00"
      }
    },
    {
      "type": "Feature",
      "geometry": {
        "type": "Point",
        "coordinates": [
          4.3178269,
          50.8857789
        ]
      },
      "properties": {
        "type": "pakketpunt",
        "locatieNaam": "RDL Company",
        "straatNaam": "Rue Eugene De Smet",
        "straatNr": "2",
        "vervoerder": "GLS",
        "puntType": "parcel_shop",
        "bezettingsgraad": 50,
        "latitude": 50.8857789,
        "longitude": 4.3178269,
        "canPickup": true,
        "canDropoff": true,
        "openingstijden": "vr: 08:00 - 12:30, 13:00 - 20:00; za: 08:00 - 12:30, 13:00 - 16:00"
      }
    },
    {
      "type": "Feature",
      "geometry": {
        "type": "Point",
        "coordinates": [
          4.33377,
          50.88534
        ]
      },
      "properties": {
        "type": "pakketpunt",
        "locatieNaam": "LIBRAIRIE FLORAIRE",
        "straatNaam": "53 Avenue Guillaume De Greef",
        "straatNr": "",
        "vervoerder": "InPost",
        "puntType": "servicepunt",
        "bezettingsgraad": 50,
        "latitude": 50.88534,
        "longitude": 4.33377,
        "canPickup": true,
        "canDropoff": true,
        "openingstijden": null
      }
    },
    {
      "type": "Feature",
      "geometry": {
        "type": "Point",
        "coordinates": [
          4.32802,
          50.8781
        ]
      },
      "properties": {
        "type": "pakketpunt",
        "locatieNaam": "",
        "straatNaam": "Rue Léon Theodor",
        "straatNr": "182",
        "vervoerder": "InPost",
        "puntType": "automaat",
        "bezettingsgraad": 50,
        "latitude": 50.8781,
        "longitude": 4.32802,
        "canPickup": true,
        "canDropoff": true,
        "openingstijden": "MON|08:00-20:00|-;TUE|08:00-20:00|-;WED|08:00-20:00|-;THU|08:00-20:00|-;FRI|08:00-20:00|-;SAT|08:00-20:00|-;SUN|-|-;"
      }
    },
    {
      "type": "Feature",
      "geometry": {
        "type": "Point",
        "coordinates": [
          4.32684,
          50.87348
        ]
      },
      "properties": {
        "type": "pakketpunt",
        "locatieNaam": "",
        "straatNaam": "Rue Léopold I",
        "straatNr": "513",
        "vervoerder": "InPost",
        "puntType": "automaat",
        "bezettingsgraad": 50,
        "latitude": 50.87348,
        "longitude": 4.32684,
        "canPickup": true,
        "canDropoff": true,
        "openingstijden": "24/7"
      }
    },
    {
      "type": "Feature",
      "geometry": {
        "type": "Point",
        "coordinates": [
          4.32164,
          50.89244
        ]
      },
      "properties": {
        "type": "pakketpunt",
        "locatieNaam": "MINI MARKET",
        "straatNaam": "Rue Maurice Van Rolleghem 66",
        "straatNr": "",
        "vervoerder": "InPost",
        "puntType": "servicepunt",
        "bezettingsgraad": 50,
        "latitude": 50.89244,
        "longitude": 4.32164,
        "canPickup": true,
        "canDropoff": true,
        "openingstijden": null
      }
    },
    {
      "type": "Feature",
      "geometry": {
        "type": "Point",
        "coordinates": [
          4.33602,
          50.8685
        ]
      },
      "properties": {
        "type": "pakketpunt",
        "locatieNaam": "",
        "straatNaam": "Rue Auguste Hainaut",
        "straatNr": "7",
        "vervoerder": "InPost",
        "puntType": "automaat",
        "bezettingsgraad": 50,
        "latitude": 50.8685,
        "longitude": 4.33602,
        "canPickup": true,
        "canDropoff": true,
        "openingstijden": "MON|07:00-22:00|-;TUE|07:00-22:00|-;WED|07:00-22:00|-;THU|07:00-22:00|-;FRI|07:00-22:00|-;SAT|07:00-22:00|-;SUN|07:00-22:00|-;"
      }
    },
    {
      "type": "Feature",
      "geometry": {
        "type": "Point",
        "coordinates": [
          4.32055,
          50.88424
        ]
      },
      "properties": {
        "type": "pakketpunt",
        "locatieNaam": "",
        "straatNaam": "Rue Bonaventure",
        "straatNr": "51",
        "vervoerder": "InPost",
        "puntType": "automaat",
        "bezettingsgraad": 50,
        "latitude": 50.88424,
        "longitude": 4.32055,
        "canPickup": true,
        "canDropoff": true,
        "openingstijden": "MON|07:00-18:30|-;TUE|07:00-18:30|-;WED|07:00-18:30|-;THU|07:00-18:30|-;FRI|07:00-18:30|-;SAT|07:00-18:30|-;SUN|-|-;"
      }
    },
    {
      "type": "Feature",
      "geometry": {
        "type": "Point",
        "coordinates": [
          4.31786,
          50.88564
        ]
      },
      "properties": {
        "type": "pakketpunt",
        "locatieNaam": "LIBRAIRIE DE L'ANCIENNE BARRIERE",
        "straatNaam": "Rue Eugène De Smet 2",
        "straatNr": "",
        "vervoerder": "InPost",
        "puntType": "servicepunt",
        "bezettingsgraad": 50,
        "latitude": 50.88564,
        "longitude": 4.31786,
        "canPickup": true,
        "canDropoff": true,
        "openingstijden": null
      }
    },
    {
      "type": "Feature",
      "geometry": {
        "type": "Point",
        "coordinates": [
          4.32333,
          50.87326
        ]
      },
      "properties": {
        "type": "pakketpunt",
        "locatieNaam": "Aquamiroir ",
        "straatNaam": "Jetse laan",
        "straatNr": "312",
        "vervoerder": "VintedGo",
        "puntType": "parcel_shop",
        "bezettingsgraad": 50,
        "latitude": 50.87326,
        "longitude": 4.32333,
        "canPickup": true,
        "canDropoff": true,
        "openingstijden": null
      }
    },
    {
      "type": "Feature",
      "geometry": {
        "type": "Point",
        "coordinates": [
          4.3361779,
          50.8683752
        ]
      },
      "properties": {
        "type": "pakketpunt",
        "locatieNaam": "Was Salon Lavoir",
        "straatNaam": "Rue Auguste Hainaut",
        "straatNr": "7",
        "vervoerder": "VintedGo",
        "puntType": "locker",
        "bezettingsgraad": 50,
        "latitude": 50.8683752,
        "longitude": 4.3361779,
        "canPickup": true,
        "canDropoff": true,
        "openingstijden": null
      }
    },
    {
      "type": "Feature",
      "geometry": {
        "type": "Point",
        "coordinates": [
          4.33247112,
          50.86523786
        ]
      },
      "properties": {
        "type": "pakketpunt",
        "locatieNaam": "Was-Salon Lavoir",
        "straatNaam": "Chaussée De Jette",
        "straatNr": "323",
        "vervoerder": "VintedGo",
        "puntType": "locker",
        "bezettingsgraad": 50,
        "latitude": 50.86523786,
        "longitude": 4.33247112,
        "canPickup": true,
        "canDropoff": true,
        "openingstijden": null
      }
    },
    {
      "type": "Feature",
      "geometry": {
        "type": "Point",
        "coordinates": [
          4.33139,
          50.87181
        ]
      },
      "properties": {
        "type": "pakketpunt",
        "locatieNaam": "AMRITSAR SPRL",
        "straatNaam": "AVENUE DE LÉVIS MIREPOIX",
        "straatNr": "62",
        "vervoerder": "DPD",
        "puntType": "pickup_point",
        "bezettingsgraad": 50,
        "latitude": 50.87181,
        "longitude": 4.33139,
        "canPickup": true,
        "canDropoff": false,
        "openingstijden": {
          "ma": "gesloten",
          "di": "14:30 - 21:00",
          "wo": "14:30 - 21:00",
          "do": "14:30 - 21:00",
          "vr": "14:30 - 21:00",
          "za": "14:30 - 21:00",
          "zo": "14:30 - 21:00"
        }
      }
    },
    {
      "type": "Feature",
      "geometry": {
        "type": "Point",
        "coordinates": [
          4.3189,
          50.885961
        ]
      },
      "properties": {
        "type": "pakketpunt",
        "locatieNaam": "LIBRAIRIE L'ANCIENNE BARRIERE",
        "straatNaam": "RUE EUGENE DE SMET",
        "straatNr": "2",
        "vervoerder": "DPD",
        "puntType": "pickup_point",
        "bezettingsgraad": 50,
        "latitude": 50.885961,
        "longitude": 4.3189,
        "canPickup": true,
        "canDropoff": false,
        "openingstijden": {
          "ma": "08:00 - 21:00",
          "di": "08:00 - 21:00",
          "wo": "08:00 - 21:00",
          "do": "08:00 - 21:00",
          "vr": "08:00 - 21:00",
          "za": "08:00 - 21:00",
          "zo": "gesloten"
        }
      }
    },
    {
      "type": "Feature",
      "geometry": {
        "type": "Point",
        "coordinates": [
          4.31671,
          50.88666
        ]
      },
      "properties": {
        "type": "pakketpunt",
        "locatieNaam": "LUKOIL",
        "straatNaam": "AVENUE DE L'EXPOSITION",
        "straatNr": "339",
        "vervoerder": "DPD",
        "puntType": "pickup_point",
        "bezettingsgraad": 50,
        "latitude": 50.88666,
        "longitude": 4.31671,
        "canPickup": true,
        "canDropoff": false,
        "openingstijden": {
          "ma": "06:00 - 11:45, 12:30 - 19:00",
          "di": "06:00 - 11:45, 12:30 - 19:00",
          "wo": "06:00 - 11:45, 12:30 - 19:00",
          "do": "06:00 - 11:45, 12:30 - 19:00",
          "vr": "06:00 - 11:45, 12:30 - 19:00",
          "za": "07:00 - 11:45, 12:30 - 19:00",
          "zo": "gesloten"
        }
      }
    },
    {
      "type": "Feature",
      "geometry": {
        "type": "Point",
        "coordinates": [
          4.324586,
          50.872549
        ]
      },
      "properties": {
        "type": "pakketpunt",
        "locatieNaam": "bpost - PRESS SHOP REINE ASTRID",
        "straatNaam": "PLACE REINE ASTRID,22",
        "straatNr": "",
        "vervoerder": "Amazon",
        "puntType": "3p",
        "bezettingsgraad": 50,
        "latitude": 50.872549,
        "longitude": 4.324586,
        "canPickup": true,
        "canDropoff": false,
        "openingstijden": null
      }
    },
    {
      "type": "Feature",
      "geometry": {
        "type": "Point",
        "coordinates": [
          4.326894,
          50.873044
        ]
      },
      "properties": {
        "type": "pakketpunt",
        "locatieNaam": "bpost - BBOX 24/7 INTERMARCHÉ JETTE",
        "straatNaam": "RUE LÉOPOLD I,513",
        "straatNr": "",
        "vervoerder": "Amazon",
        "puntType": "3p",
        "bezettingsgraad": 50,
        "latitude": 50.873044,
        "longitude": 4.326894,
        "canPickup": true,
        "canDropoff": false,
        "openingstijden": null
      }
    },
    {
      "type": "Feature",
      "geometry": {
        "type": "Point",
        "coordinates": [
          4.326066,
          50.873712
        ]
      },
      "properties": {
        "type": "pakketpunt",
        "locatieNaam": "bpost - GKS PARCELSHOP",
        "straatNaam": "RUE LÉON THEODOR,16",
        "straatNr": "",
        "vervoerder": "Amazon",
        "puntType": "3p",
        "bezettingsgraad": 50,
        "latitude": 50.873712,
        "longitude": 4.326066,
        "canPickup": true,
        "canDropoff": false,
        "openingstijden": null
      }
    },
    {
      "type": "Feature",
      "geometry": {
        "type": "Point",
        "coordinates": [
          4.316678,
          50.884937
        ]
      },
      "properties": {
        "type": "pakketpunt",
        "locatieNaam": "bpost - BBOX LIDL JETTE",
        "straatNaam": "AVENUE DU LAERBEEK,70",
        "straatNr": "",
        "vervoerder": "Amazon",
        "puntType": "3p",
        "bezettingsgraad": 50,
        "latitude": 50.884937,
        "longitude": 4.316678,
        "canPickup": true,
        "canDropoff": false,
        "openingstijden": null
      }
    },
    {
      "type": "Feature",
      "geometry": {
        "type": "Point",
        "coordinates": [
          4.32713,
          50.87806
        ]
      },
      "properties": {
        "type": "pakketpunt",
        "locatieNaam": "bpost - BBOX DELHAIZE THEODOR JETTE",
        "straatNaam": "RUE HENRI VAN BORTONNE,68",
        "straatNr": "",
        "vervoerder": "Amazon",
        "puntType": "3p",
        "bezettingsgraad": 50,
        "latitude": 50.87806,
        "longitude": 4.32713,
        "canPickup": true,
        "canDropoff": false,
        "openingstijden": null
      }
    },
    {
      "type": "Feature",
      "geometry": {
        "type": "Point",
        "coordinates": [
          4.320758,
          50.884441
        ]
      },
      "properties": {
        "type": "pakketpunt",
        "locatieNaam": "bpost - BBOX HAPPY TROC JETTE",
        "straatNaam": "RUE BONAVENTURE,51",
        "straatNr": "",
        "vervoerder": "Amazon",
        "puntType": "3p",
        "bezettingsgraad": 50,
        "latitude": 50.884441,
        "longitude": 4.320758,
        "canPickup": true,
        "canDropoff": false,
        "openingstijden": null
      }
    },
    {
      "type": "Feature",
      "geometry": {
        "type": "Point",
        "coordinates": [
          4.328531,
          50.877254
        ]
      },
      "properties": {
        "type": "pakketpunt",
        "locatieNaam": "bpost - LIBRAIRIE THEODOR.",
        "straatNaam": "RUE LÉON THEODOR,160",
        "straatNr": "",
        "vervoerder": "Amazon",
        "puntType": "3p",
        "bezettingsgraad": 50,
        "latitude": 50.877254,
        "longitude": 4.328531,
        "canPickup": true,
        "canDropoff": false,
        "openingstijden": null
      }
    },
    {
      "type": "Feature",
      "geometry": {
        "type": "Point",
        "coordinates": [
          4.329419,
          50.876238
        ]
      },
      "properties": {
        "type": "pakketpunt",
        "locatieNaam": "bpost - JETTE FERDINAND LENOIR",
        "straatNaam": "RUE FERDINAND LENOIR,29",
        "straatNr": "",
        "vervoerder": "Amazon",
        "puntType": "3p",
        "bezettingsgraad": 50,
        "latitude": 50.876238,
        "longitude": 4.329419,
        "canPickup": true,
        "canDropoff": false,
        "openingstijden": null
      }
    },
    {
      "type": "Feature",
      "geometry": {
        "type": "Point",
        "coordinates": [
          4.329512,
          50.876349
        ]
      },
      "properties": {
        "type": "pakketpunt",
        "locatieNaam": "bpost - BBOX BPOST JETTE",
        "straatNaam": "RUE FERDINAND LENOIR,29",
        "straatNr": "",
        "vervoerder": "Amazon",
        "puntType": "3p",
        "bezettingsgraad": 50,
        "latitude": 50.876349,
        "longitude": 4.329512,
        "canPickup": true,
        "canDropoff": false,
        "openingstijden": null
      }
    },
    {
      "type": "Feature",
      "geometry": {
        "type": "Point",
        "coordinates": [
          4.335542,
          50.867949
        ]
      },
      "properties": {
        "type": "pakketpunt",
        "locatieNaam": "bpost - BELGICA",
        "straatNaam": "PLACE PHILIPPE WERRIE,3",
        "straatNr": "",
        "vervoerder": "Amazon",
        "puntType": "3p",
        "bezettingsgraad": 50,
        "latitude": 50.867949,
        "longitude": 4.335542,
        "canPickup": true,
        "canDropoff": false,
        "openingstijden": null
      }
    },
    {
      "type": "Feature",
      "geometry": {
        "type": "Point",
        "coordinates": [
          4.33622,
          50.869
        ]
      },
      "properties": {
        "type": "pakketpunt",
        "locatieNaam": "bpost - BBOX DELHAIZE CH WOESTE JETTE",
        "straatNaam": "RUE AUGUSTE HAINAUT,28",
        "straatNr": "",
        "vervoerder": "Amazon",
        "puntType": "3p",
        "bezettingsgraad": 50,
        "latitude": 50.869,
        "longitude": 4.33622,
        "canPickup": true,
        "canDropoff": false,
        "openingstijden": null
      }
    },
    {
      "type": "Feature",
      "geometry": {
        "type": "Point",
        "coordinates": [
          4.337833,
          50.884164
        ]
      },
      "properties": {
        "type": "pakketpunt",
        "locatieNaam": "bpost - BBOX SPEED QUEEN - DE NAEYER",
        "straatNaam": "BOULEVARD DE SMET DE NAEYER,496",
        "straatNr": "",
        "vervoerder": "Amazon",
        "puntType": "3p",
        "bezettingsgraad": 50,
        "latitude": 50.884164,
        "longitude": 4.337833,
        "canPickup": true,
        "canDropoff": false,
        "openingstijden": null
      }
    },
    {
      "type": "Feature",
      "geometry": {
        "type": "Point",
        "coordinates": [
          4.3287153,
          50.880867
        ]
      },
      "properties": {
        "type": "pakketpunt",
        "locatieNaam": "bpost - BBOX 24/7 NMBS JETTE",
        "straatNaam": "PLACE CARDINAL MERCIER,22",
        "straatNr": "",
        "vervoerder": "Amazon",
        "puntType": "3p",
        "bezettingsgraad": 50,
        "latitude": 50.880867,
        "longitude": 4.3287153,
        "canPickup": true,
        "canDropoff": false,
        "openingstijden": null
      }
    },
    {
      "type": "Feature",
      "geometry": {
        "type": "Point",
        "coordinates": [
          4.321892,
          50.89242
        ]
      },
      "properties": {
        "type": "pakketpunt",
        "locatieNaam": "bpost - MINI MARKET VAN ROLLEGHEM",
        "straatNaam": "RUE MAURICE VAN ROLLEGHEM,66",
        "straatNr": "",
        "vervoerder": "Amazon",
        "puntType": "3p",
        "bezettingsgraad": 50,
        "latitude": 50.89242,
        "longitude": 4.321892,
        "canPickup": true,
        "canDropoff": false,
        "openingstijden": null
      }
    },
    {
      "type": "Feature",
      "geometry": {
        "type": "Point",
        "coordinates": [
          4.333542,
          50.885263
        ]
      },
      "properties": {
        "type": "pakketpunt",
        "locatieNaam": "bpost - LIB FLORAIR 3000 JETTE",
        "straatNaam": "AVENUE GUILLAUME DE GREEF,53",
        "straatNr": "",
        "vervoerder": "Amazon",
        "puntType": "3p",
        "bezettingsgraad": 50,
        "latitude": 50.885263,
        "longitude": 4.333542,
        "canPickup": true,
        "canDropoff": false,
        "openingstijden": null
      }
    },
    {
      "type": "Feature",
      "geometry": {
        "type": "MultiPolygon",
        "coordinates": [
          [
            [
              [
                4.325825079117464,
                50.86996862789182
              ],
              [
                4.325419412371464,
                50.869904205325376
              ],
              [
                4.325005720759738,
                50.8698652521843
              ],
              [
                4.324587987698057,
                50.86985214354584
              ],
              [
                4.324170235497042,
                50.86986500563205
              ],
              [
                4.3237564866515115,
                50.86990371459491
              ],
              [
                4.323350725128057,
                50.86996789770834
              ],
              [
                4.322956858022673,
                50.87005693695528
              ],
              [
                4.3225786779566855,
                50.87016997497572
              ],
              [
                4.322219826572275,
                50.87030592331817
              ],
              [
                4.321883759478314,
                50.870463472915795
              ],
              [
                4.321573712983505,
                50.87064110668603
              ],
              [
                4.321292672936689,
                50.870837114133074
              ],
              [
                4.321176041108021,
                50.87093651614984
              ],
              [
                4.320963850729602,
                50.87101689844759
              ],
              [
                4.320627774338535,
                50.871174444416205
              ],
              [
                4.320317718403425,
                50.87135207483188
              ],
              [
                4.320036668864006,
                50.87154807923105
              ],
              [
                4.31978733244792,
                50.87176057019878
              ],
              [
                4.319572110600898,
                50.871987501537184
              ],
              [
                4.319393076351851,
                50.87222668796365
              ],
              [
                4.319251954335979,
                50.8724758261489
              ],
              [
                4.319150104168794,
                50.872732516892945
              ],
              [
                4.319088507331783,
                50.872994288225385
              ],
              [
                4.31906775769681,
                50.873258619208016
              ],
              [
                4.3190880557814335,
                50.8735229642103
              ],
              [
                4.319149206791388,
                50.87378477742449
              ],
              [
                4.319250622470154,
                50.874041537383825
              ],
              [
                4.319391326738774,
                50.874290771248134
              ],
              [
                4.3195699650726045,
                50.87453007862248
              ],
              [
                4.3195965980202855,
                50.87455822694022
              ],
              [
                4.319537542337799,
                50.874592056574556
              ],
              [
                4.319256470160774,
                50.87478805892379
              ],
              [
                4.319007113020212,
                50.875000548037065
              ],
              [
                4.318791872561445,
                50.875227477734406
              ],
              [
                4.318612821992656,
                50.875466662749
              ],
              [
                4.318471686106266,
                50.875715799765146
              ],
              [
                4.3183698246514295,
                50.87597248959416
              ],
              [
                4.318308219218417,
                50.87623426027444
              ],
              [
                4.318287463761964,
                50.87649859087406
              ],
              [
                4.318307758855786,
                50.876762935766195
              ],
              [
                4.3183689097345175,
                50.87702474914415
              ],
              [
                4.318470328142996,
                50.87728150953958
              ],
              [
                4.318611037976069,
                50.87753074410813
              ],
              [
                4.318789684655586,
                50.8777700524481
              ],
              [
                4.319004548155188,
                50.87799712972282
              ],
              [
                4.3192535595482315,
                50.87820978886402
              ],
              [
                4.319534320920135,
                50.878405981641684
              ],
              [
                4.3198441284538776,
                50.87858381839758
              ],
              [
                4.320179998466587,
                50.87874158625199
              ],
              [
                4.320538696146618,
                50.87887776560787
              ],
              [
                4.320916766714227,
                50.87899104479333
              ],
              [
                4.32131056870548,
                50.879080332701115
              ],
              [
                4.32171630905837,
                50.87914476930291
              ],
              [
                4.32213007966257,
                50.879183733937246
              ],
              [
                4.322547895020093,
                50.87919685129056
              ],
              [
                4.322965730653204,
                50.87918399501423
              ],
              [
                4.323023079142638,
                50.879178631240435
              ],
              [
                4.323083988914498,
                50.879286493712705
              ],
              [
                4.323262665057663,
                50.87952579512288
              ],
              [
                4.323477558210108,
                50.87975286409365
              ],
              [
                4.323726599159564,
                50.8799655136367
              ],
              [
                4.324007389706744,
                50.88016169561442
              ],
              [
                4.324317225753574,
                50.8803395204726
              ],
              [
                4.324512804626719,
                50.88043137472763
              ],
              [
                4.3244727900038225,
                50.88060148342622
              ],
              [
                4.324452067307021,
                50.88086581478355
              ],
              [
                4.324472398979158,
                50.881130158277
              ],
              [
                4.324533589902713,
                50.881391968113306
              ],
              [
                4.324635051436963,
                50.88164872285821
              ],
              [
                4.324775807061487,
                50.881897949721726
              ],
              [
                4.324954501757166,
                50.8821372483763
              ],
              [
                4.3251694150352105,
                50.882364314078586
              ],
              [
                4.325418477489545,
                50.88257695987164
              ],
              [
                4.325699290713767,
                50.88277313765405
              ],
              [
                4.3257032425267905,
                50.882775405508504
              ],
              [
                4.325704290724057,
                50.882776137780866
              ],
              [
                4.326014150440398,
                50.882953958025446
              ],
              [
                4.326350072424493,
                50.883111708023584
              ],
              [
                4.3267088213640355,
                50.88324786835023
              ],
              [
                4.327086941985466,
                50.883361127516764
              ],
              [
                4.327480792342632,
                50.88345039460874
              ],
              [
                4.327886578907566,
                50.883514809798356
              ],
              [
                4.328300393124725,
                50.88355375263033
              ],
              [
                4.3287182490759495,
                50.883566848001145
              ],
              [
                4.329136121892423,
                50.88355396977391
              ],
              [
                4.329549986542803,
                50.883515241993955
              ],
              [
                4.329955856622897,
                50.8834510376934
              ],
              [
                4.330349822772333,
                50.8833619752962
              ],
              [
                4.330684142863891,
                50.883262048473114
              ],
              [
                4.330526534140231,
                50.883352343494536
              ],
              [
                4.330245455400303,
                50.88354837166738
              ],
              [
                4.329996101468448,
                50.8837608835926
              ],
              [
                4.329780873959371,
                50.8839878328705
              ],
              [
                4.329601845956839,
                50.88422703404569
              ],
              [
                4.329460742036272,
                50.88447618364682
              ],
              [
                4.329358921639304,
                50.88473288236393
              ],
              [
                4.329297365961118,
                50.88499465814979
              ],
              [
                4.329276668477592,
                50.88525899002326
              ],
              [
                4.329297029204406,
                50.88552333234515
              ],
              [
                4.32935825274435,
                50.88578513933347
              ],
              [
                4.329459750142682,
                50.886041889581385
              ],
              [
                4.3296005445336645,
                50.886291110342164
              ],
              [
                4.329601796019723,
                50.88629278583599
              ],
              [
                4.329602544325942,
                50.886294110408386
              ],
              [
                4.329781280338762,
                50.88653340140997
              ],
              [
                4.329996237067131,
                50.88676045798528
              ],
              [
                4.330245344686503,
                50.886973093265325
              ],
              [
                4.330526204355465,
                50.88716925924985
              ],
              [
                4.330836111310164,
                50.887347066538666
              ],
              [
                4.331172080910022,
                50.88750480253581
              ],
              [
                4.331530877384043,
                50.887640947951034
              ],
              [
                4.331649801305326,
                50.88767656028581
              ],
              [
                4.331758885630559,
                50.88771795180433
              ],
              [
                4.332137054417035,
                50.887831194555595
              ],
              [
                4.332530951856607,
                50.8879204445865
              ],
              [
                4.332936783967714,
                50.887984842233536
              ],
              [
                4.333350641756019,
                50.888023767210434
              ],
              [
                4.333768538883596,
                50.888036844585635
              ],
              [
                4.334186450084937,
                50.88802394839559
              ],
              [
                4.334600349958911,
                50.88798520285865
              ],
              [
                4.335006251762002,
                50.887920981177956
              ],
              [
                4.335400245828259,
                50.88783190194491
              ],
              [
                4.33577853724495,
                50.887718823177885
              ],
              [
                4.336137482420187,
                50.88758283405378
              ],
              [
                4.33647362418957,
                50.887425244412285
              ],
              [
                4.336783725123105,
                50.887247572134065
              ],
              [
                4.337064798711145,
                50.88705152851483
              ],
              [
                4.337314138128731,
                50.88683900177636
              ],
              [
                4.337314658082629,
                50.88683845341538
              ],
              [
                4.33741388441961,
                50.886847782635805
              ],
              [
                4.33783177221445,
                50.88686084555052
              ],
              [
                4.338249671835566,
                50.88684793489072
              ],
              [
                4.338663557993389,
                50.886809175014136
              ],
              [
                4.339069444076557,
                50.88674493926202
              ],
              [
                4.3394634205705716,
                50.88665584636132
              ],
              [
                4.339841692732009,
                50.886542754462056
              ],
              [
                4.3402006171544985,
                50.8864067528676
              ],
              [
                4.3405367368735845,
                50.88624915153773
              ],
              [
                4.340846814671712,
                50.88607146846572
              ],
              [
                4.341127864262118,
                50.88587541505121
              ],
              [
                4.341377179051027,
                50.885662879610315
              ],
              [
                4.341592358201023,
                50.885435909181844
              ],
              [
                4.341771329744728,
                50.885196689805284
              ],
              [
                4.341912370526473,
                50.88494752546071
              ],
              [
                4.342014122780381,
                50.88469081587382
              ],
              [
                4.342075607185873,
                50.88442903340002
              ],
              [
                4.342096232275646,
                50.88416469921025
              ],
              [
                4.342075800106411,
                50.883900359008535
              ],
              [
                4.3420145081387815,
                50.88363855851449
              ],
              [
                4.341912947309181,
                50.883381818947505
              ],
              [
                4.341772096313402,
                50.88313261274844
              ],
              [
                4.3415933121578085,
                50.882893339772544
              ],
              [
                4.341593257469701,
                50.88289328202203
              ],
              [
                4.341590311918748,
                50.882889339867184
              ],
              [
                4.341375316863841,
                50.882662304271676
              ],
              [
                4.341126181724983,
                50.88244969234825
              ],
              [
                4.340845306010604,
                50.88225355145971
              ],
              [
                4.340535394775413,
                50.882075770335504
              ],
              [
                4.34019943256663,
                50.881918060890506
              ],
              [
                4.3398406546837505,
                50.881781941746574
              ],
              [
                4.339462516028548,
                50.88166872361533
              ],
              [
                4.339068657844983,
                50.88157949668254
              ],
              [
                4.338662872668856,
                50.88151512011553
              ],
              [
                4.3382490678241385,
                50.881476213794095
              ],
              [
                4.337831227816702,
                50.88146315234469
              ],
              [
                4.337542378067102,
                50.881472076280794
              ],
              [
                4.337720146784026,
                50.88143187432888
              ],
              [
                4.33809838107416,
                50.88131878787671
              ],
              [
                4.338457270627525,
                50.8811827914076
              ],
              [
                4.338793358815518,
                50.88102519483198
              ],
              [
                4.33910340872426,
                50.88084751609727
              ],
              [
                4.33938443433556,
                50.880651466561346
              ],
              [
                4.339633729286527,
                50.88043893450299
              ],
              [
                4.33984889293072,
                50.880211966928414
              ],
              [
                4.340027853449992,
                50.87997274984962
              ],
              [
                4.340168887794718,
                50.879723587224575
              ],
              [
                4.3402706382608764,
                50.87946687876239
              ],
              [
                4.340332125544954,
                50.87920509680763
              ],
              [
                4.340352758151769,
                50.87894076252631
              ],
              [
                4.340332338065484,
                50.8786764216233
              ],
              [
                4.340271062630196,
                50.87841461982498
              ],
              [
                4.340169522622975,
                50.878157878363325
              ],
              [
                4.340028696538964,
                50.87790866969743
              ],
              [
                4.339849941144512,
                50.87766939370635
              ],
              [
                4.339634978390256,
                50.87744235458209
              ],
              [
                4.339385878810946,
                50.87722973864549
              ],
              [
                4.339105041572545,
                50.87703359329802
              ],
              [
                4.338795171359232,
                50.87685580731208
              ],
              [
                4.338459252323207,
                50.87669809264937
              ],
              [
                4.338100519348271,
                50.87656196798201
              ],
              [
                4.337722426903807,
                50.87644874407481
              ],
              [
                4.337328615788862,
                50.87635951116916
              ],
              [
                4.336922878086079,
                50.87629512848988
              ],
              [
                4.336514509597581,
                50.87625672279697
              ],
              [
                4.336518697117176,
                50.87625685376576
              ],
              [
                4.336936502770402,
                50.87624394774131
              ],
              [
                4.337350296588957,
                50.87620519237654
              ],
              [
                4.337756092851047,
                50.876140960969224
              ],
              [
                4.338149982907464,
                50.87605187220445
              ],
              [
                4.338528172847452,
                50.875938784192385
              ],
              [
                4.338887020056657,
                50.875802786198975
              ],
              [
                4.339223068314355,
                50.875645188149306
              ],
              [
                4.339533081091268,
                50.875467508005
              ],
              [
                4.339814072726833,
                50.87527145713751
              ],
              [
                4.340063337185355,
                50.87505892383842
              ],
              [
                4.340278474114011,
                50.874831955125856
              ],
              [
                4.340457411951873,
                50.874592737022816
              ],
              [
                4.3405984278676595,
                50.87434357349711
              ],
              [
                4.340700164334709,
                50.87408686426651
              ],
              [
                4.340761642184193,
                50.87382508168297
              ],
              [
                4.3407822700116405,
                50.87356074691857
              ],
              [
                4.340761849847085,
                50.87329640568281
              ],
              [
                4.34070057903522,
                50.8730346037053
              ],
              [
                4.340599048308436,
                50.87277786221972
              ],
              [
                4.3404582360723545,
                50.87252865368539
              ],
              [
                4.340279498959837,
                50.872289377980124
              ],
              [
                4.340064558745347,
                50.87206233929317
              ],
              [
                4.339815485746484,
                50.87184972394117
              ],
              [
                4.339534678873171,
                50.87165357931995
              ],
              [
                4.339224842517131,
                50.87147579419493
              ],
              [
                4.338888960504513,
                50.87131808051953
              ],
              [
                4.338792283738489,
                50.87128139200343
              ],
              [
                4.339039602450861,
                50.87116539503782
              ],
              [
                4.339349586362546,
                50.87098771515083
              ],
              [
                4.339630551971953,
                50.87079166447187
              ],
              [
                4.339879793494017,
                50.870579131290725
              ],
              [
                4.340094910796767,
                50.8703521626244
              ],
              [
                4.340273832508213,
                50.8701129444954
              ],
              [
                4.340414835952298,
                50.8698637808718
              ],
              [
                4.340516563722364,
                50.86960707147233
              ],
              [
                4.340578036733221,
                50.86934528865056
              ],
              [
                4.34059866362687,
                50.86908095358082
              ],
              [
                4.340578246442208,
                50.868816611975596
              ],
              [
                4.340516982495096,
                50.868554809568046
              ],
              [
                4.340438106769793,
                50.86835533483416
              ],
              [
                4.340419283694056,
                50.8681116176676
              ],
              [
                4.340358021551864,
                50.867849815124615
              ],
              [
                4.340256503900242,
                50.867593072963615
              ],
              [
                4.340115709018757,
                50.86734386365046
              ],
              [
                4.3399369933730245,
                50.86710458707043
              ],
              [
                4.339722078530676,
                50.866877547421225
              ],
              [
                4.3394730345649,
                50.866664931028744
              ],
              [
                4.339192260105977,
                50.86646878529888
              ],
              [
                4.338930866759869,
                50.86631877891316
              ],
              [
                4.338837127822766,
                50.86623874867985
              ],
              [
                4.338556358564926,
                50.866042601404594
              ],
              [
                4.33824656290826,
                50.865864813412955
              ],
              [
                4.337910724286994,
                50.86570709668597
              ],
              [
                4.337552076810589,
                50.865570969915666
              ],
              [
                4.337174074125194,
                50.86545774388708
              ],
              [
                4.336780356165639,
                50.86536850886207
              ],
              [
                4.336723208552634,
                50.865359438309596
              ],
              [
                4.3367326350722335,
                50.86523875399142
              ],
              [
                4.336712241305448,
                50.86497441142569
              ],
              [
                4.336651003906986,
                50.86471260671469
              ],
              [
                4.336549513287238,
                50.86445586111846
              ],
              [
                4.336408747465394,
                50.86420664713595
              ],
              [
                4.336230062627177,
                50.86396736469743
              ],
              [
                4.336015180043525,
                50.86374031805703
              ],
              [
                4.33576616947697,
                50.86352769360805
              ],
              [
                4.335485429236183,
                50.86333153883389
              ],
              [
                4.335175663071226,
                50.863153742597795
              ],
              [
                4.334839854132369,
                50.8629960169602
              ],
              [
                4.334481236243292,
                50.86285988069892
              ],
              [
                4.33410326276529,
                50.86274664469042
              ],
              [
                4.333709573352006,
                50.862657399292665
              ],
              [
                4.3333039589143825,
                50.86259300385077
              ],
              [
                4.3328903251326265,
                50.86255407842633
              ],
              [
                4.332472654865739,
                50.86254099782971
              ],
              [
                4.332054969819791,
                50.862553888012954
              ],
              [
                4.3316412918430895,
                50.86259262485751
              ],
              [
                4.331235604219968,
                50.86265683536883
              ],
              [
                4.330841813334979,
                50.86274590126601
              ],
              [
                4.330463711075665,
                50.86285896493242
              ],
              [
                4.330104938335134,
                50.8629949376696
              ],
              [
                4.329768949965106,
                50.863152510175794
              ],
              [
                4.329458981516332,
                50.86333016514783
              ],
              [
                4.3291780180861945,
                50.8635261918857
              ],
              [
                4.3289287655732025,
                50.863738702759264
              ],
              [
                4.328713624615152,
                50.863965651378955
              ],
              [
                4.328534667461982,
                50.86420485229565
              ],
              [
                4.328393618006405,
                50.8644540020405
              ],
              [
                4.328291835165061,
                50.86471070130216
              ],
              [
                4.328230299770924,
                50.86497247802813
              ],
              [
                4.3282096051039565,
                50.86523681122819
              ],
              [
                4.328229951152125,
                50.865501155250435
              ],
              [
                4.328291142658999,
                50.86576296429647
              ],
              [
                4.328392590977775,
                50.86601971693965
              ],
              [
                4.328533319714867,
                50.8662689404102
              ],
              [
                4.328711974109697,
                50.86650823441326
              ],
              [
                4.328838717366936,
                50.86664217454849
              ],
              [
                4.3286174223878024,
                50.86683083467661
              ],
              [
                4.328402265768149,
                50.86705778252661
              ],
              [
                4.328223295253205,
                50.86729698275885
              ],
              [
                4.328082234864413,
                50.86754613191104
              ],
              [
                4.327980443623772,
                50.86780283067754
              ],
              [
                4.327918902445225,
                50.86806460701067
              ],
              [
                4.327898204664525,
                50.868328939924
              ],
              [
                4.327918550299716,
                50.86859328376834
              ],
              [
                4.327979744098435,
                50.86885509274702
              ],
              [
                4.328081197391898,
                50.86911184543406
              ],
              [
                4.328221933738691,
                50.86936106905929
              ],
              [
                4.3284005983050235,
                50.8696003633263
              ],
              [
                4.328577723826457,
                50.869787535635
              ],
              [
                4.328377484081913,
                50.86990228094753
              ],
              [
                4.328096476839083,
                50.87009830473002
              ],
              [
                4.327847184569254,
                50.87031081290963
              ],
              [
                4.327761440942139,
                50.87040124694312
              ],
              [
                4.327723291385816,
                50.87039518933387
              ],
              [
                4.32730959354113,
                50.87035624432059
              ],
              [
                4.327043756513586,
                50.8703479077367
              ],
              [
                4.326959478810779,
                50.87030832073201
              ],
              [
                4.326600827944508,
                50.870172160666506
              ],
              [
                4.326222814636566,
                50.87005889950588
              ],
              [
                4.326220091607341,
                50.87005828211947
              ],
              [
                4.326218814813891,
                50.87005789956084
              ],
              [
                4.325825079117464,
                50.86996862789182
              ]
            ],
            [
              [
                4.332014301156839,
                50.88258167247465
              ],
              [
                4.332263639697935,
                50.88236915618978
              ],
              [
                4.332478847794508,
                50.882142202253505
              ],
              [
                4.3326578532002165,
                50.881902996546515
              ],
              [
                4.332798932433088,
                50.88165384291727
              ],
              [
                4.332900727356755,
                50.8813971409883
              ],
              [
                4.332962258239543,
                50.881135363041274
              ],
              [
                4.332982933166405,
                50.88087103020365
              ],
              [
                4.332975696638407,
                50.880777165485625
              ],
              [
                4.333074713704527,
                50.88084632819688
              ],
              [
                4.333384588590384,
                50.881024129082284
              ],
              [
                4.3337205215239525,
                50.881181858073695
              ],
              [
                4.33407927708736,
                50.881317995948365
              ],
              [
                4.334457399943161,
                50.881431231433936
              ],
              [
                4.334851248123616,
                50.88152047384407
              ],
              [
                4.335257028121676,
                50.881584863588664
              ],
              [
                4.335670831445026,
                50.881623780457545
              ],
              [
                4.336088672280435,
                50.88163684959727
              ],
              [
                4.336377523319404,
                50.881627929239144
              ],
              [
                4.336199752711453,
                50.881668129155244
              ],
              [
                4.335821511037575,
                50.88178120947759
              ],
              [
                4.335462609281196,
                50.881917197863714
              ],
              [
                4.335126503536354,
                50.88207478486115
              ],
              [
                4.334816430484119,
                50.88225245302723
              ],
              [
                4.334535376229303,
                50.882448491534866
              ],
              [
                4.334343159459643,
                50.88261233218912
              ],
              [
                4.3339593227503865,
                50.882576229967185
              ],
              [
                4.33354147415135,
                50.882563153250594
              ],
              [
                4.333123611357868,
                50.88257604716493
              ],
              [
                4.332709757929468,
                50.88261478755576
              ],
              [
                4.332303898839622,
                50.882679001394315
              ],
              [
                4.331909942123691,
                50.88276807036775
              ],
              [
                4.331575628155793,
                50.8828680006965
              ],
              [
                4.331733233237574,
                50.88277770425377
              ],
              [
                4.332014301156839,
                50.88258167247465
              ]
            ],
            [
              [
                4.334509529121232,
                50.8759380069879
              ],
              [
                4.334887609711414,
                50.87605124126246
              ],
              [
                4.335281413605468,
                50.87614048236703
              ],
              [
                4.335687147722964,
                50.87620487072406
              ],
              [
                4.336095515084332,
                50.8762432792965
              ],
              [
                4.336091327567127,
                50.876243148312625
              ],
              [
                4.335673521688863,
                50.87625605132817
              ],
              [
                4.3352597260391885,
                50.876294800780244
              ],
              [
                4.334853925035327,
                50.87635902355288
              ],
              [
                4.334460026153427,
                50.876448101247135
              ],
              [
                4.3340818223208295,
                50.876561176132775
              ],
              [
                4.333839939215365,
                50.87665283164398
              ],
              [
                4.333853734404864,
                50.876476398569885
              ],
              [
                4.333833351958951,
                50.8762120563502
              ],
              [
                4.333772115955665,
                50.875950250974704
              ],
              [
                4.333670616792291,
                50.875693503709876
              ],
              [
                4.333560142133418,
                50.87549794138617
              ],
              [
                4.333814917488011,
                50.87564414221448
              ],
              [
                4.3341508133955235,
                50.87580187021799
              ],
              [
                4.334509529121232,
                50.8759380069879
              ]
            ]
          ],
          [
            [
              [
                4.322920261298855,
                50.88199840982101
              ],
              [
                4.32256153288438,
                50.88186223786613
              ],
              [
                4.32218343524095,
                50.881748964072564
              ],
              [
                4.321789609217807,
                50.88165967916209
              ],
              [
                4.32138384704123,
                50.881595242860286
              ],
              [
                4.320970055813845,
                50.88155627562217
              ],
              [
                4.32055221991047,
                50.881543152660726
              ],
              [
                4.320134362631815,
                50.881556000335934
              ],
              [
                4.319720507484301,
                50.88159469493854
              ],
              [
                4.319314639457916,
                50.881658863880745
              ],
              [
                4.318920666674,
                50.88174788928193
              ],
              [
                4.318542382771303,
                50.881860913915425
              ],
              [
                4.318183430391736,
                50.881996849458694
              ],
              [
                4.317847266116582,
                50.88215438696814
              ],
              [
                4.317586009097117,
                50.88230401401655
              ],
              [
                4.3175120774251035,
                50.88229227090231
              ],
              [
                4.31709828326998,
                50.882253290022284
              ],
              [
                4.316680442248719,
                50.88224015328027
              ],
              [
                4.3162625777113055,
                50.88225298716893
              ],
              [
                4.315848713234042,
                50.88229166811177
              ],
              [
                4.315442833896726,
                50.88235582365248
              ],
              [
                4.315048847929572,
                50.882444836039525
              ],
              [
                4.314670549098235,
                50.882557848171544
              ],
              [
                4.314311580188326,
                50.88269377184638
              ],
              [
                4.313975397940251,
                50.88285129823472
              ],
              [
                4.313665239771462,
                50.88302891047753
              ],
              [
                4.313384092606099,
                50.883224898286336
              ],
              [
                4.3131346641119075,
                50.88343737440595
              ],
              [
                4.312919356621361,
                50.88366429278155
              ],
              [
                4.312740243988216,
                50.883903468255376
              ],
              [
                4.312599051602677,
                50.884152597603645
              ],
              [
                4.3124971397581415,
                50.884409281711534
              ],
              [
                4.3124354905303255,
                50.88467104867261
              ],
              [
                4.312414698295938,
                50.88493537759078
              ],
              [
                4.312434963983125,
                50.88519972285545
              ],
              [
                4.312496093109976,
                50.88546153865636
              ],
              [
                4.312597497631085,
                50.885718303501896
              ],
              [
                4.312658653208625,
                50.88582663398632
              ],
              [
                4.312630901435827,
                50.885875599104104
              ],
              [
                4.312528986026789,
                50.886132283111706
              ],
              [
                4.31246733471489,
                50.886394049958994
              ],
              [
                4.312446541896962,
                50.886658378751
              ],
              [
                4.312466808506818,
                50.886922723878314
              ],
              [
                4.312527940053712,
                50.887184539532
              ],
              [
                4.312629348468981,
                50.88744130422187
              ],
              [
                4.312753840004707,
                50.887661818436634
              ],
              [
                4.312480277468172,
                50.88759978193935
              ],
              [
                4.3120744767484736,
                50.88753531356586
              ],
              [
                4.3116606409147,
                50.887496313575085
              ],
              [
                4.311242754771135,
                50.887483157495446
              ],
              [
                4.310824842102176,
                50.88749597200575
              ],
              [
                4.3104109269474895,
                50.88753463371613
              ],
              [
                4.310004994874751,
                50.887598770355474
              ],
              [
                4.309610954621861,
                50.88768776435425
              ],
              [
                4.3092326004770936,
                50.88780075878814
              ],
              [
                4.30887357575858,
                50.88793666562542
              ],
              [
                4.308537337744033,
                50.88809417619896
              ],
              [
                4.308227124387826,
                50.888271773802
              ],
              [
                4.307945923145465,
                50.88846774828708
              ],
              [
                4.307696442205401,
                50.888680212527305
              ],
              [
                4.307481084405141,
                50.8889071205823
              ],
              [
                4.30730192408293,
                50.8891462873937
              ],
              [
                4.307160687088267,
                50.889395409821205
              ],
              [
                4.307058734144213,
                50.88965208881664
              ],
              [
                4.3069970477223825,
                50.889913852522845
              ],
              [
                4.306976222557805,
                50.890178180075125
              ],
              [
                4.306996459895901,
                50.89044252587605
              ],
              [
                4.307057565527943,
                50.89070434411023
              ],
              [
                4.3071589516349675,
                50.89096111326267
              ],
              [
                4.307299642423357,
                50.891210360404656
              ],
              [
                4.307478283498814,
                50.89144968501346
              ],
              [
                4.307693154889371,
                50.89167678209578
              ],
              [
                4.307942187592764,
                50.891889464392584
              ],
              [
                4.3082229834895,
                50.892085683450844
              ],
              [
                4.308532838430316,
                50.89226354935924
              ],
              [
                4.308868768275953,
                50.89242134895728
              ],
              [
                4.309227537638628,
                50.89255756234212
              ],
              [
                4.30960569104825,
                50.89267087751417
              ],
              [
                4.30999958624298,
                50.89276020301951
              ],
              [
                4.3104054292630325,
                50.89282467846772
              ],
              [
                4.310819311009085,
                50.89286368282306
              ],
              [
                4.311237244912468,
                50.89287684038946
              ],
              [
                4.311655205353408,
                50.89286402443091
              ],
              [
                4.312069166456381,
                50.892825358392976
              ],
              [
                4.31247514088795,
                50.89276121471306
              ],
              [
                4.312869218282384,
                50.89267221123124
              ],
              [
                4.313247602924084,
                50.89255920523631
              ],
              [
                4.313606650322935,
                50.89242328520423
              ],
              [
                4.313942902329634,
                50.89226576030923
              ],
              [
                4.314253120452097,
                50.89208814780841
              ],
              [
                4.314534317051653,
                50.89189215842178
              ],
              [
                4.31478378411827,
                50.891679679848856
              ],
              [
                4.314999119347593,
                50.89145275858083
              ],
              [
                4.315178249268763,
                50.89121358018383
              ],
              [
                4.315319449200577,
                50.890964448243395
              ],
              [
                4.3154213598442785,
                50.89070776217326
              ],
              [
                4.315483000353829,
                50.89044599410246
              ],
              [
                4.315503777758588,
                50.89018166506344
              ],
              [
                4.3154834926485135,
                50.889917320710744
              ],
              [
                4.315422341068184,
                50.88965550680411
              ],
              [
                4.315320912602329,
                50.88939874469226
              ],
              [
                4.3151964044095115,
                50.889178233311235
              ],
              [
                4.3154699797277285,
                50.88924026345031
              ],
              [
                4.3158757998394615,
                50.88930472005377
              ],
              [
                4.316289655107659,
                50.889343705163895
              ],
              [
                4.316707559218716,
                50.88935684326994
              ],
              [
                4.317125486839868,
                50.88934400782338
              ],
              [
                4.3175394124117785,
                50.889305322457474
              ],
              [
                4.317945348943321,
                50.889241159795795
              ],
              [
                4.318339386433903,
                50.88915213786128
              ],
              [
                4.318717729552364,
                50.88903911412039
              ],
              [
                4.319076734208628,
                50.88890317722006
              ],
              [
                4.319412942665163,
                50.88874563649697
              ],
              [
                4.319641944329267,
                50.88861449455549
              ],
              [
                4.319729523417363,
                50.88860630751871
              ],
              [
                4.320135450914932,
                50.88854213727072
              ],
              [
                4.320529478389383,
                50.88845310796685
              ],
              [
                4.320907810606059,
                50.88834007714458
              ],
              [
                4.321266803579917,
                50.88820413351903
              ],
              [
                4.32160299968598,
                50.88804658649167
              ],
              [
                4.321913160970691,
                50.887868953532696
              ],
              [
                4.322194300342911,
                50.887672945559196
              ],
              [
                4.32244371034387,
                50.88746045044966
              ],
              [
                4.322658989218884,
                50.88723351485451
              ],
              [
                4.322838064039888,
                50.88699432447784
              ],
              [
                4.322979210656352,
                50.88674518302049
              ],
              [
                4.322981986032244,
                50.8867381889273
              ],
              [
                4.323124815718519,
                50.88668409704371
              ],
              [
                4.323460994711627,
                50.88652654462572
              ],
              [
                4.323461597154403,
                50.886526199573176
              ],
              [
                4.323462994742884,
                50.88652554458024
              ],
              [
                4.323773138948567,
                50.886347906628586
              ],
              [
                4.324054261454072,
                50.88615189411417
              ],
              [
                4.324303654963095,
                50.88593939495922
              ],
              [
                4.3245189178798,
                50.88571245585316
              ],
              [
                4.324697977429816,
                50.885473262533836
              ],
              [
                4.32483910960968,
                50.885224118730456
              ],
              [
                4.324940955773109,
                50.88496742397096
              ],
              [
                4.325002535694981,
                50.88470565046803
              ],
              [
                4.3250232569880325,
                50.884441319306355
              ],
              [
                4.325002920782461,
                50.88417697616086
              ],
              [
                4.324941723614738,
                50.883915166779616
              ],
              [
                4.32484025550841,
                50.88365841246769
              ],
              [
                4.324699494266451,
                50.883409185808055
              ],
              [
                4.324520796031054,
                50.88316988685304
              ],
              [
                4.324305882202704,
                50.88294282001594
              ],
              [
                4.324197905957285,
                50.882850629657675
              ],
              [
                4.324095873798549,
                50.88274282627353
              ],
              [
                4.323846816452304,
                50.88253017768417
              ],
              [
                4.323566012417459,
                50.88233399545614
              ],
              [
                4.323256166058728,
                50.88215616871703
              ],
              [
                4.322920261298855,
                50.88199840982101
              ]
            ]
          ],
          [
            [
              [
                4.3087522439131485,
                50.88214247476266
              ],
              [
                4.30837417732168,
                50.88202915649585
              ],
              [
                4.307980375204809,
                50.881939825259245
              ],
              [
                4.3075746295587445,
                50.88187534122456
              ],
              [
                4.307160847327027,
                50.88183632530639
              ],
              [
                4.306743012797909,
                50.8818231531865
              ],
              [
                4.306325149258882,
                50.88183595169818
              ],
              [
                4.305911280276625,
                50.881874597605595
              ],
              [
                4.3055053909742815,
                50.8819387187898
              ],
              [
                4.3051113896779585,
                50.88202769783009
              ],
              [
                4.3047330703008315,
                50.88214067794615
              ],
              [
                4.304374075826244,
                50.88227657124417
              ],
              [
                4.304037863240646,
                50.882434069187326
              ],
              [
                4.303727670253485,
                50.882611655190544
              ],
              [
                4.303446484124035,
                50.88280761921801
              ],
              [
                4.3031970128951045,
                50.88302007424357
              ],
              [
                4.302981659310544,
                50.88324697441559
              ],
              [
                4.302802497667851,
                50.88348613475163
              ],
              [
                4.302661253829069,
                50.88373525217373
              ],
              [
                4.302559288582991,
                50.88399192768196
              ],
              [
                4.30249758451952,
                50.884253689452784
              ],
              [
                4.302476736543399,
                50.884518016640115
              ],
              [
                4.302496946119564,
                50.88478236365011
              ],
              [
                4.302558019306492,
                50.88504418465575
              ],
              [
                4.302659368597548,
                50.88530095811534
              ],
              [
                4.3028000185535635,
                50.885550211058764
              ],
              [
                4.302978615173406,
                50.885789542907425
              ],
              [
                4.303193438913197,
                50.886016648598314
              ],
              [
                4.303194001613665,
                50.886017129285825
              ],
              [
                4.303195438825904,
                50.88601864865787
              ],
              [
                4.303444421161936,
                50.88623134084471
              ],
              [
                4.303725164440996,
                50.88642757098305
              ],
              [
                4.304034965020623,
                50.88660544905486
              ],
              [
                4.3043708392851885,
                50.8867632617825
              ],
              [
                4.304729552382311,
                50.88689948913671
              ],
              [
                4.30510764938392,
                50.88701281898334
              ],
              [
                4.305501488571587,
                50.88710215972714
              ],
              [
                4.305907276525088,
                50.88716665083091
              ],
              [
                4.306321104675607,
                50.88720567110816
              ],
              [
                4.306738986970814,
                50.887218844709416
              ],
              [
                4.307156898288121,
                50.88720604474424
              ],
              [
                4.307570813225253,
                50.88716739450415
              ],
              [
                4.307976744893507,
                50.88710326627436
              ],
              [
                4.308370783339098,
                50.887014277746154
              ],
              [
                4.308749133221596,
                50.886901286064244
              ],
              [
                4.309108150385681,
                50.886765379566775
              ],
              [
                4.309444376973232,
                50.88660786729759
              ],
              [
                4.309754574736934,
                50.88643026639217
              ],
              [
                4.310035756234112,
                50.88623428745886
              ],
              [
                4.310285213600084,
                50.88602181809649
              ],
              [
                4.310500544623784,
                50.88579490470756
              ],
              [
                4.310679675874705,
                50.88555573278233
              ],
              [
                4.310820882658669,
                50.885306605843965
              ],
              [
                4.310922805610746,
                50.88504992325811
              ],
              [
                4.310984463766177,
                50.88478815712025
              ],
              [
                4.311005263984194,
                50.884523828444216
              ],
              [
                4.310985006634882,
                50.88425948288109
              ],
              [
                4.310923887495306,
                50.88399766620231
              ],
              [
                4.310822495837644,
                50.883740899783305
              ],
              [
                4.310681808728747,
                50.88349165632367
              ],
              [
                4.310503181597034,
                50.88325233603765
              ],
              [
                4.310288335158429,
                50.883025243543976
              ],
              [
                4.310287772421203,
                50.883024762890074
              ],
              [
                4.310286335071162,
                50.88302324360356
              ],
              [
                4.310037338760446,
                50.882810565732726
              ],
              [
                4.309756590730801,
                50.882614350486506
              ],
              [
                4.309446794807838,
                50.88243648731047
              ],
              [
                4.309110934428829,
                50.88227868890971
              ],
              [
                4.3087522439131485,
                50.88214247476266
              ]
            ]
          ],
          [
            [
              [
                4.325438448626158,
                50.89092278927614
              ],
              [
                4.325189341821062,
                50.89071014403959
              ],
              [
                4.324908483269009,
                50.89051396548823
              ],
              [
                4.324598577859739,
                50.89033614271426
              ],
              [
                4.324262610084637,
                50.89017838803364
              ],
              [
                4.323903815297022,
                50.89004222050382
              ],
              [
                4.323525648561616,
                50.88992895130232
              ],
              [
                4.3231317513928795,
                50.88983967110676
              ],
              [
                4.322725916702064,
                50.88977523959725
              ],
              [
                4.322312052289922,
                50.88973627718266
              ],
              [
                4.321894143235843,
                50.88972315902957
              ],
              [
                4.321893133036815,
                50.88972319009761
              ],
              [
                4.321892143350687,
                50.88972315902961
              ],
              [
                4.321474213659073,
                50.88973601144451
              ],
              [
                4.321277985936608,
                50.88975435757184
              ],
              [
                4.321224227769288,
                50.88975601057476
              ],
              [
                4.320810301260893,
                50.88979470892827
              ],
              [
                4.320404363859107,
                50.88985888148649
              ],
              [
                4.320010324353186,
                50.88994791033401
              ],
              [
                4.319631977024279,
                50.890060938210944
              ],
              [
                4.319272965124987,
                50.89019687676357
              ],
              [
                4.3189367458097045,
                50.89035441701932
              ],
              [
                4.3186265568528865,
                50.8905320419856
              ],
              [
                4.318345385475246,
                50.89072804125144
              ],
              [
                4.31809593957782,
                50.89094052745131
              ],
              [
                4.317880621660836,
                50.89116745443331
              ],
              [
                4.31770150567865,
                50.89140663695679
              ],
              [
                4.31756031705393,
                50.89165577173007
              ],
              [
                4.317458416044085,
                50.89191245958609
              ],
              [
                4.317396784620722,
                50.89217422858225
              ],
              [
                4.317376016989326,
                50.89243855780288
              ],
              [
                4.317396313841328,
                50.89270290163443
              ],
              [
                4.317457480394896,
                50.892964714280396
              ],
              [
                4.317558928244369,
                50.89322147427952
              ],
              [
                4.3176996810014785,
                50.893470708791256
              ],
              [
                4.317878383675068,
                50.8937100174144
              ],
              [
                4.318093315699836,
                50.89393709530958
              ],
              [
                4.318342407489439,
                50.894149755402516
              ],
              [
                4.318623260355189,
                50.89434594945399
              ],
              [
                4.31893316959899,
                50.89452378779353
              ],
              [
                4.319269150558419,
                50.894681557526106
              ],
              [
                4.319627967353233,
                50.89481773903654
              ],
              [
                4.320006164056342,
                50.89493102063221
              ],
              [
                4.320400097988775,
                50.89502031118263
              ],
              [
                4.320805974817508,
                50.895084750634005
              ],
              [
                4.32121988511747,
                50.895123718297356
              ],
              [
                4.321637842044884,
                50.895136838830034
              ],
              [
                4.322055819758155,
                50.89512398585272
              ],
              [
                4.322251089250793,
                50.895105730109
              ],
              [
                4.322307833984259,
                50.895103984975826
              ],
              [
                4.322721806057446,
                50.89506528140185
              ],
              [
                4.323127785298458,
                50.895001100927445
              ],
              [
                4.323521861295281,
                50.89491206174709
              ],
              [
                4.32390023834585,
                50.8947990214934
              ],
              [
                4.324259272033268,
                50.89466306897233
              ],
              [
                4.324595504340427,
                50.89450551367104
              ],
              [
                4.324905696965128,
                50.89432787313947
              ],
              [
                4.325186862514448,
                50.89413185836759
              ],
              [
                4.325436293277591,
                50.89391935729937
              ],
              [
                4.325651587300033,
                50.893692416642644
              ],
              [
                4.3258306715079655,
                50.89345322215025
              ],
              [
                4.325971821660623,
                50.89320407756268
              ],
              [
                4.326073678938829,
                50.89294738241542
              ],
              [
                4.3261352630106344,
                50.89268560892489
              ],
              [
                4.326155981449044,
                50.89242127817566
              ],
              [
                4.326135635411982,
                50.89215693583867
              ],
              [
                4.326074421530832,
                50.89189512765422
              ],
              [
                4.325972929990322,
                50.89163837491583
              ],
              [
                4.325832138819305,
                50.89138915019125
              ],
              [
                4.325653404448375,
                50.89114985351427
              ],
              [
                4.325438448626158,
                50.89092278927614
              ]
            ]
          ]
        ]
      },
      "properties": {
        "type": "buffer_union_300m",
        "buffer_m": 300
      }
    },
    {
      "type": "Feature",
      "geometry": {
        "type": "Polygon",
        "coordinates": [
          [
            [
              4.326238075246263,
              50.869108500526984
            ],
            [
              4.325697195645378,
              50.869022605342515
            ],
            [
              4.325145617024644,
              50.86897066878963
            ],
            [
              4.32458865021337,
              50.86895319093416
            ],
            [
              4.324031657884933,
              50.868970340059484
            ],
            [
              4.32348000295823,
              50.86902195104732
            ],
            [
              4.3229389969967755,
              50.86910752696661
            ],
            [
              4.322413849100583,
              50.869226243854676
            ],
            [
              4.321909615781304,
              50.86937695864583
            ],
            [
              4.32143115230174,
              50.869558220170205
            ],
            [
              4.3209830659469715,
              50.86976828311799
            ],
            [
              4.320569671675969,
              50.87000512483471
            ],
            [
              4.320209908095759,
              50.87025603311637
            ],
            [
              4.320175184512323,
              50.87026918700957
            ],
            [
              4.319727085761851,
              50.87047924511871
            ],
            [
              4.319313678904173,
              50.870716082362655
            ],
            [
              4.318938945151643,
              50.8709774182506
            ],
            [
              4.31860649351411,
              50.87126073635647
            ],
            [
              4.318319526037625,
              50.87156330853882
            ],
            [
              4.318080806953336,
              50.87188222120027
            ],
            [
              4.317892636034268,
              50.87221440333405
            ],
            [
              4.317756826417365,
              50.87255665608805
            ],
            [
              4.317674687105566,
              50.87290568356214
            ],
            [
              4.3176470103198215,
              50.873258124542595
            ],
            [
              4.31767406382443,
              50.873610584868075
            ],
            [
              4.317755588301392,
              50.87395967011585
            ],
            [
              4.3178907998007965,
              50.874302018293264
            ],
            [
              4.317945550743222,
              50.87439900574561
            ],
            [
              4.317826200951201,
              50.87450070680574
            ],
            [
              4.317539208658561,
              50.8748032767999
            ],
            [
              4.31730046781386,
              50.875122187578754
            ],
            [
              4.317112278399776,
              50.87545436815364
            ],
            [
              4.3169764537314785,
              50.87579661968749
            ],
            [
              4.316894302957004,
              50.87614564629194
            ],
            [
              4.316866618407844,
              50.876498086761636
            ],
            [
              4.3168936679232335,
              50.87685054694018
            ],
            [
              4.316975192223757,
              50.877199632406246
            ],
            [
              4.317110407361378,
              50.87754198116513
            ],
            [
              4.317298012224106,
              50.877874296030825
            ],
            [
              4.317536201024772,
              50.87819337638674
            ],
            [
              4.3178226806552065,
              50.8784961490186
            ],
            [
              4.318154692740138,
              50.87877969772269
            ],
            [
              4.318529040179544,
              50.87904129140332
            ],
            [
              4.318942117924715,
              50.879278410388984
            ],
            [
              4.319389947692147,
              50.8794887707128
            ],
            [
              4.319868216281158,
              50.87967034612293
            ],
            [
              4.320372317126013,
              50.879821387610754
            ],
            [
              4.320897394681872,
              50.879940440267625
            ],
            [
              4.321438391216251,
              50.88002635730794
            ],
            [
              4.321990095554207,
              50.88007831112264
            ],
            [
              4.32213571735995,
              50.88008288318879
            ],
            [
              4.322295694055497,
              50.880251928180456
            ],
            [
              4.322627745549977,
              50.880535464087146
            ],
            [
              4.32300213189095,
              50.880797043367934
            ],
            [
              4.323034971467023,
              50.8808158914127
            ],
            [
              4.323031089792234,
              50.88086538530447
            ],
            [
              4.3230424273392085,
              50.88101284962997
            ],
            [
              4.322727875155869,
              50.880918613314535
            ],
            [
              4.322202782026749,
              50.88079956888032
            ],
            [
              4.321661775189225,
              50.88071365538249
            ],
            [
              4.321110063752351,
              50.88066170003397
            ],
            [
              4.320552959823983,
              50.88064420308157
            ],
            [
              4.319995827397418,
              50.88066133299255
            ],
            [
              4.319444030740151,
              50.88071292483369
            ],
            [
              4.318902882780017,
              50.880798481858164
            ],
            [
              4.318377593983952,
              50.88091718028536
            ],
            [
              4.317873222219991,
              50.88106787722731
            ],
            [
              4.3173946240837475,
              50.88124912168604
            ],
            [
              4.317165635527393,
              50.8813564327369
            ],
            [
              4.316681256269306,
              50.88134120390731
            ],
            [
              4.316124114164821,
              50.881358315436565
            ],
            [
              4.315572305068513,
              50.881409889064976
            ],
            [
              4.315031142027937,
              50.88149542822111
            ],
            [
              4.314505835655173,
              50.88161410929638
            ],
            [
              4.314001443987419,
              50.88176478956988
            ],
            [
              4.313522823811847,
              50.88194601820419
            ],
            [
              4.313074583922071,
              50.88215605020619
            ],
            [
              4.312661040755244,
              50.88239286321948
            ],
            [
              4.312286176836178,
              50.88265417698661
            ],
            [
              4.311953602428134,
              50.88293747529458
            ],
            [
              4.311888768134448,
              50.88300580445439
            ],
            [
              4.311756863609856,
              50.88282908783163
            ],
            [
              4.3114703966531405,
              50.88252630077209
            ],
            [
              4.311469833909797,
              50.88252582012378
            ],
            [
              4.311468396536791,
              50.882524300851514
            ],
            [
              4.311136398347323,
              50.882240733539454
            ],
            [
              4.310762066582078,
              50.8819791165216
            ],
            [
              4.310349006382512,
              50.88174196893152
            ],
            [
              4.309901195625324,
              50.881531574248726
            ],
            [
              4.309422946617904,
              50.88134995832215
            ],
            [
              4.308918864582093,
              50.881198869874275
            ],
            [
              4.308393803325584,
              50.88107976367289
            ],
            [
              4.307852818526981,
              50.880993786532294
            ],
            [
              4.307301119083295,
              50.880941766278234
            ],
            [
              4.306744016987003,
              50.88092420378247
            ],
            [
              4.3061868762137845,
              50.880941268143324
            ],
            [
              4.305635061111462,
              50.8809927950587
            ],
            [
              4.305093884785359,
              50.88107828840693
            ],
            [
              4.304568557975364,
              50.881196925020525
            ],
            [
              4.304064138915307,
              50.881347562606685
            ],
            [
              4.303585484655923,
              50.881528750739
            ],
            [
              4.303137204318792,
              50.88173874481438
            ],
            [
              4.302723614730288,
              50.881975522841635
            ],
            [
              4.302348698861965,
              50.88223680490023
            ],
            [
              4.302016067477057,
              50.88252007508256
            ],
            [
              4.30172892435232,
              50.882822605708775
            ],
            [
              4.301490035410288,
              50.883141483581845
            ],
            [
              4.301301702059755,
              50.88347363803013
            ],
            [
              4.301165739002074,
              50.8838158704683
            ],
            [
              4.301083456718164,
              50.88416488519204
            ],
            [
              4.301055648806276,
              50.88451732111059
            ],
            [
              4.301082584294059,
              50.88486978411156
            ],
            [
              4.3011640050007145,
              50.88521887974658
            ],
            [
              4.301299127976423,
              50.88556124592315
            ],
            [
              4.301486652997382,
              50.8858935852877
            ],
            [
              4.301724775045996,
              50.886212696987776
            ],
            [
              4.302011201657626,
              50.88651550750736
            ],
            [
              4.302011764351971,
              50.88651598820046
            ],
            [
              4.302013201541231,
              50.88651750758676
            ],
            [
              4.302345174878076,
              50.886801100351455
            ],
            [
              4.302719498188812,
              50.88706274384637
            ],
            [
              4.303132566657663,
              50.88729991792023
            ],
            [
              4.303580402090941,
              50.88751033807559
            ],
            [
              4.304058691233779,
              50.88769197748435
            ],
            [
              4.30456282732276,
              50.88784308652143
            ],
            [
              4.305087954473766,
              50.88796220962753
            ],
            [
              4.305629014476691,
              50.88804819933848
            ],
            [
              4.306180795545233,
              50.888100227345156
            ],
            [
              4.306593988890321,
              50.8881132533807
            ],
            [
              4.306515306567061,
              50.88818025945526
            ],
            [
              4.30622815781904,
              50.88848280059219
            ],
            [
              4.305989270635023,
              50.88880168709926
            ],
            [
              4.305800946407177,
              50.88913384822164
            ],
            [
              4.305664999749318,
              50.88947608530969
            ],
            [
              4.30558274098476,
              50.88982510261431
            ],
            [
              4.3055549634855765,
              50.89017753901984
            ],
            [
              4.305581935986834,
              50.890530000409136
            ],
            [
              4.305663399951554,
              50.89087909234931
            ],
            [
              4.30579857201356,
              50.89122145278341
            ],
            [
              4.305986151476512,
              50.89155378441311
            ],
            [
              4.306224332798643,
              50.89187288646041
            ],
            [
              4.306510822944552,
              50.892175685502195
            ],
            [
              4.306842863438364,
              50.892459265080404
            ],
            [
              4.307217256907031,
              50.89272089380204
            ],
            [
              4.307630397859001,
              50.89295805165812
            ],
            [
              4.308078307402357,
              50.89316845430732
            ],
            [
              4.30855667156828,
              50.89335007509019
            ],
            [
              4.309060882870574,
              50.893501164561016
            ],
            [
              4.3095860847004674,
              50.893620267348936
            ],
            [
              4.310127218128336,
              50.89370623618547
            ],
            [
              4.3106790706604245,
              50.89375824296261
            ],
            [
              4.31123632647964,
              50.89377578671488
            ],
            [
              4.311793617684964,
              50.89375869844829
            ],
            [
              4.312345576034284,
              50.89370714276929
            ],
            [
              4.312886884690506,
              50.89362161629804
            ],
            [
              4.313412329470833,
              50.89350294288147
            ],
            [
              4.313916849103877,
              50.89335226565225
            ],
            [
              4.314395584009019,
              50.89317103601047
            ],
            [
              4.3148439231268405,
              50.89296099963446
            ],
            [
              4.315257548348445,
              50.89272417965601
            ],
            [
              4.315632476114975,
              50.89246285716235
            ],
            [
              4.315965095786135,
              50.89217954921346
            ],
            [
              4.315975901354763,
              50.89216816202922
            ],
            [
              4.315954689379036,
              50.89243804265521
            ],
            [
              4.315981741231435,
              50.89279050141959
            ],
            [
              4.316063286424739,
              50.89313958590972
            ],
            [
              4.316198540810505,
              50.89348193414027
            ],
            [
              4.316386202899517,
              50.89381424893036
            ],
            [
              4.3166244663541455,
              50.89413332966407
            ],
            [
              4.3169110373478174,
              50.8944361031235
            ],
            [
              4.317243156625804,
              50.894719653096885
            ],
            [
              4.317617626056027,
              50.8949812484763
            ],
            [
              4.3180308394150515,
              50.89521836957385
            ],
            [
              4.318478817113285,
              50.895428732402216
            ],
            [
              4.318957244525182,
              50.89561031068548
            ],
            [
              4.319461513555087,
              50.89576135538723
            ],
            [
              4.3199867670379435,
              50.89588041156791
            ],
            [
              4.32052794554637,
              50.895966332407895
            ],
            [
              4.321079836152191,
              50.8960182902615
            ],
            [
              4.321637122671432,
              50.89603578463453
            ],
            [
              4.322194436907265,
              50.896018647008674
            ],
            [
              4.322389710066326,
              50.89600039103919
            ],
            [
              4.322446455875756,
              50.895998645839455
            ],
            [
              4.322998428852117,
              50.89594704011147
            ],
            [
              4.323539743920388,
              50.89586146458002
            ],
            [
              4.324065186836081,
              50.895742743564625
            ],
            [
              4.3245696963458995,
              50.89559202065643
            ],
            [
              4.325048412966916,
              50.89541074769552
            ],
            [
              4.325496725816049,
              50.89520067077746
            ],
            [
              4.3259103170376925,
              50.89496381342452
            ],
            [
              4.326285203400763,
              50.8947024570839
            ],
            [
              4.326617774664067,
              50.894419119141524
            ],
            [
              4.326904828340289,
              50.894116528663545
            ],
            [
              4.327143600524014,
              50.893797600099916
            ],
            [
              4.3273317924874135,
              50.8934654052035
            ],
            [
              4.327467592788307,
              50.89312314343621
            ],
            [
              4.3275496946788445,
              50.8927741111469
            ],
            [
              4.327577308648569,
              50.89242166981893
            ],
            [
              4.327550169982651,
              50.89206921369285
            ],
            [
              4.3274685412642375,
              50.89172013707659
            ],
            [
              4.327333209798647,
              50.891377801657875
            ],
            [
              4.327145479985989,
              50.891045504133544
            ],
            [
              4.326907160717423,
              50.89072644446757
            ],
            [
              4.326620547918032,
              50.89042369508287
            ],
            [
              4.326288402405845,
              50.89014017128375
            ],
            [
              4.3259139232813615,
              50.889878603192685
            ],
            [
              4.325500717104733,
              50.889641509472064
            ],
            [
              4.3250527631579585,
              50.88943117308257
            ],
            [
              4.324574375126821,
              50.889249619311826
            ],
            [
              4.3240701595714,
              50.889098596283695
            ],
            [
              4.323544971584605,
              50.88897955813604
            ],
            [
              4.323003868064885,
              50.88889365102791
            ],
            [
              4.322452059051998,
              50.88884170211072
            ],
            [
              4.3223009248329625,
              50.88883695827363
            ],
            [
              4.322504052927918,
              50.88874176787673
            ],
            [
              4.322917602363473,
              50.88850492062078
            ],
            [
              4.323292453824884,
              50.888243573344795
            ],
            [
              4.323624997406948,
              50.887960243347386
            ],
            [
              4.323912030888739,
              50.88765765961818
            ],
            [
              4.324150790559083,
              50.887338736542105
            ],
            [
              4.324164686676808,
              50.88731420709615
            ],
            [
              4.324362046292529,
              50.88722171205551
            ],
            [
              4.324362648737602,
              50.887221366998446
            ],
            [
              4.324364046334202,
              50.887220711994885
            ],
            [
              4.324777572997121,
              50.88698385808203
            ],
            [
              4.325152401969114,
              50.88672250475156
            ],
            [
              4.325484923561618,
              50.886439169360365
            ],
            [
              4.325771935765515,
              50.88613658095003
            ],
            [
              4.326010675074567,
              50.88581765395056
            ],
            [
              4.32619884307725,
              50.88548546009979
            ],
            [
              4.32633462856179,
              50.8851431988495
            ],
            [
              4.326416724922644,
              50.88479416654361
            ],
            [
              4.326444342702196,
              50.88444172466562
            ],
            [
              4.326422313153135,
              50.88415548305271
            ],
            [
              4.32654255082022,
              50.88419149790836
            ],
            [
              4.327067692866622,
              50.88431052281045
            ],
            [
              4.327608751019644,
              50.884396411300735
            ],
            [
              4.328013885528204,
              50.884434537581505
            ],
            [
              4.327965249708222,
              50.884557143372334
            ],
            [
              4.327883165268793,
              50.884906176785115
            ],
            [
              4.327855558012601,
              50.885258618954225
            ],
            [
              4.327882695034996,
              50.885611075706805
            ],
            [
              4.327964316214242,
              50.88596015265437
            ],
            [
              4.328099636669642,
              50.88630248788415
            ],
            [
              4.328287354275172,
              50.886634784340366
            ],
            [
              4.328288605723542,
              50.88663645984802
            ],
            [
              4.328289353998203,
              50.88663778442865
            ],
            [
              4.328527661909849,
              50.88695684166751
            ],
            [
              4.328814265846209,
              50.8872595867008
            ],
            [
              4.329146406234775,
              50.88754310359049
            ],
            [
              4.329520884739676,
              50.88780466154724
            ],
            [
              4.3299340950496505,
              50.88804174124356
            ],
            [
              4.330382057604121,
              50.8882520590909
            ],
            [
              4.330860457923108,
              50.888433589246574
            ],
            [
              4.3309793833431005,
              50.88846920225234
            ],
            [
              4.331088468918499,
              50.888510594384336
            ],
            [
              4.331592700726881,
              50.88866158729274
            ],
            [
              4.332117905552312,
              50.88878058944644
            ],
            [
              4.33265902443604,
              50.888866454546296
            ],
            [
              4.333210845024248,
              50.88891835548352
            ],
            [
              4.333768051807505,
              50.88893579231218
            ],
            [
              4.334325277357217,
              50.88891859706826
            ],
            [
              4.334877154063893,
              50.88886693538868
            ],
            [
              4.3354183658771595,
              50.88878130491466
            ],
            [
              4.335943699547446,
              50.88866253049495
            ],
            [
              4.336448094874084,
              50.88851175623508
            ],
            [
              4.336926693474329,
              50.88833043446975
            ],
            [
              4.337374885602229,
              50.888120311764595
            ],
            [
              4.337788354565271,
              50.887883412082864
            ],
            [
              4.3379718085012815,
              50.88775545490181
            ],
            [
              4.3383885730300324,
              50.887742579062
            ],
            [
              4.338940431447659,
              50.88769089826254
            ],
            [
              4.339481622300006,
              50.88760524902631
            ],
            [
              4.340006932539484,
              50.88748645638281
            ],
            [
              4.340511302191208,
              50.88733566461306
            ],
            [
              4.3409898731198435,
              50.887154326220454
            ],
            [
              4.341438035846076,
              50.88694418793074
            ],
            [
              4.341851473960693,
              50.88670727385727
            ],
            [
              4.342226205707687,
              50.886445865993466
            ],
            [
              4.34255862233538,
              50.88616248222144
            ],
            [
              4.342845522846065,
              50.88585985204864
            ],
            [
              4.343084144809655,
              50.885540890307155
            ],
            [
              4.34327219094516,
              50.885208669069314
            ],
            [
              4.343407851214802,
              50.88486638805052
            ],
            [
              4.343489820219176,
              50.88451734378492
            ],
            [
              4.343517309727332,
              50.88416489787101
            ],
            [
              4.343490056222694,
              50.88381244459337
            ],
            [
              4.3434083233938905,
              50.88346337823231
            ],
            [
              4.343272899548312,
              50.88312106037665
            ],
            [
              4.343085089975108,
              50.88278878755396
            ],
            [
              4.342846704332905,
              50.88246975949019
            ],
            [
              4.34284664964375,
              50.88246970174027
            ],
            [
              4.342843704014168,
              50.88246575961637
            ],
            [
              4.342557038910332,
              50.882163048422385
            ],
            [
              4.342224855625264,
              50.881879569041
            ],
            [
              4.3418503536226085,
              50.88161805116696
            ],
            [
              4.341437139682276,
              50.88138101297903
            ],
            [
              4.340989193160553,
              50.88117073690312
            ],
            [
              4.340680193525294,
              50.88105350451153
            ],
            [
              4.340815022639176,
              50.8809385554158
            ],
            [
              4.341101902477016,
              50.88063592904823
            ],
            [
              4.341340509743252,
              50.88031697037044
            ],
            [
              4.341528547298217,
              50.87998475142524
            ],
            [
              4.34166420518652,
              50.879642471905974
            ],
            [
              4.341746178031423,
              50.87929342833233
            ],
            [
              4.34177367756471,
              50.87894098229621
            ],
            [
              4.341746440172984,
              50.87858852808331
            ],
            [
              4.341664729389426,
              50.87823945998304
            ],
            [
              4.341529333308875,
              50.87789713960096
            ],
            [
              4.3413415569528775,
              50.877564863489
            ],
            [
              4.341103209659984,
              50.877245831404785
            ],
            [
              4.340816587624359,
              50.87694311550559
            ],
            [
              4.340484451752236,
              50.876659630773155
            ],
            [
              4.3401100010506175,
              50.87639810695376
            ],
            [
              4.340060862743912,
              50.87636991470045
            ],
            [
              4.3401241444093115,
              50.87634023675295
            ],
            [
              4.340537495828879,
              50.87610332658332
            ],
            [
              4.340912150303594,
              50.87584192211578
            ],
            [
              4.341244499825861,
              50.87555854119967
            ],
            [
              4.341531344044028,
              50.87525591331494
            ],
            [
              4.341769921069838,
              50.8749369532716
            ],
            [
              4.341957934054691,
              50.874604733125636
            ],
            [
              4.34209357327961,
              50.874262452581895
            ],
            [
              4.342175533547356,
              50.873913408169955
            ],
            [
              4.34220302671057,
              50.873560961489765
            ],
            [
              4.342175789216925,
              50.87320850683325
            ],
            [
              4.342094084600303,
              50.87285943849405
            ],
            [
              4.34195870089588,
              50.87251711808004
            ],
            [
              4.341770943005755,
              50.872184842143454
            ],
            [
              4.341532620090418,
              50.87186581044027
            ],
            [
              4.341246028109076,
              50.87156309512406
            ],
            [
              4.340913927678374,
              50.87127961117096
            ],
            [
              4.3408652045495195,
              50.871245578648185
            ],
            [
              4.341060841561267,
              50.871078751139095
            ],
            [
              4.34134765961256,
              50.87077612331606
            ],
            [
              4.341586215137814,
              50.8704571632382
            ],
            [
              4.341774211495334,
              50.87012494296176
            ],
            [
              4.3419098391260915,
              50.86978266219287
            ],
            [
              4.341991792944294,
              50.8694336174633
            ],
            [
              4.342019284864473,
              50.869081170376
            ],
            [
              4.341992051346035,
              50.86872871522684
            ],
            [
              4.341910355884349,
              50.86837964631422
            ],
            [
              4.341848477589435,
              50.868223169683525
            ],
            [
              4.341833067682377,
              50.86802372281668
            ],
            [
              4.341751374627544,
              50.86767465372345
            ],
            [
              4.341616008358699,
              50.8673323324088
            ],
            [
              4.341428273609793,
              50.867000055433664
            ],
            [
              4.341189979318251,
              50.86668102256402
            ],
            [
              4.340903421167456,
              50.86637830596468
            ],
            [
              4.340571359448128,
              50.866094820624184
            ],
            [
              4.340196992452978,
              50.86583329629468
            ],
            [
              4.339987482578505,
              50.86571306613787
            ],
            [
              4.339935450459765,
              50.86566864415895
            ],
            [
              4.339561090399229,
              50.865407117768925
            ],
            [
              4.339148030562225,
              50.86517007042408
            ],
            [
              4.338700248821099,
              50.86495978463858
            ],
            [
              4.338222057203138,
              50.864778285212765
            ],
            [
              4.338091456821857,
              50.86473916592797
            ],
            [
              4.338044277775495,
              50.86453748917847
            ],
            [
              4.337908947549904,
              50.864195163283185
            ],
            [
              4.3377212515476105,
              50.86386288008194
            ],
            [
              4.337482998332838,
              50.863543839400705
            ],
            [
              4.337196483193369,
              50.86324111347959
            ],
            [
              4.336864466005734,
              50.86295761739689
            ],
            [
              4.336490144633846,
              50.86269608100824
            ],
            [
              4.336077124118123,
              50.862459022670755
            ],
            [
              4.3356293819523435,
              50.862248725004456
            ],
            [
              4.335151229782797,
              50.86206721292409
            ],
            [
              4.334647271898447,
              50.861916234152204
            ],
            [
              4.33412236091132,
              50.861797242400534
            ],
            [
              4.333581551053083,
              50.861711383381426
            ],
            [
              4.333030049536462,
              50.86165948378331
            ],
            [
              4.332473166448503,
              50.861642043316266
            ],
            [
              4.331916263656636,
              50.86165922990361
            ],
            [
              4.331364703217876,
              50.86171087806643
            ],
            [
              4.330823795786208,
              50.86179649051566
            ],
            [
              4.3302987495132115,
              50.861915242936945
            ],
            [
              4.329794619932309,
              50.8620659919224
            ],
            [
              4.329316261307691,
              50.862247285972906
            ],
            [
              4.328868279915037,
              50.8624573794654
            ],
            [
              4.328454989702833,
              50.86269424945129
            ],
            [
              4.328080370760421,
              50.86295561512441
            ],
            [
              4.327748030992223,
              50.863238959771806
            ],
            [
              4.327461171367093,
              50.8635415549964
            ],
            [
              4.327222555077586,
              50.86386048697884
            ],
            [
              4.327034480906721,
              50.864192684526174
            ],
            [
              4.3268987610595735,
              50.86453494863778
            ],
            [
              4.326816703674326,
              50.86488398330407
            ],
            [
              4.326789100182615,
              50.86523642724194
            ],
            [
              4.326816217642494,
              50.8655888862615
            ],
            [
              4.326897796119589,
              50.86593796595245
            ],
            [
              4.327033051143453,
              50.86628030437564
            ],
            [
              4.3272016581617825,
              50.8665789141116
            ],
            [
              4.3271497329106285,
              50.86663368319134
            ],
            [
              4.326911098804601,
              50.866952614261066
            ],
            [
              4.3267230100550895,
              50.867284811018116
            ],
            [
              4.326587279007685,
              50.867627074469496
            ],
            [
              4.326505213908574,
              50.86797610861195
            ],
            [
              4.3264776062638335,
              50.86832855216744
            ],
            [
              4.326504723171673,
              50.86868101094977
            ],
            [
              4.326586304703193,
              50.869030090550936
            ],
            [
              4.326654598714207,
              50.8692029389128
            ],
            [
              4.326238075246263,
              50.869108500526984
            ]
          ],
          [
            [
              4.316903831452423,
              50.890452066624434
            ],
            [
              4.316919767704775,
              50.890249248509186
            ],
            [
              4.317147583724245,
              50.890242251701785
            ],
            [
              4.316914636395976,
              50.890440679348075
            ],
            [
              4.316903831452423,
              50.890452066624434
            ]
          ]
        ]
      },
      "properties": {
        "type": "buffer_union_400m",
        "buffer_m": 400
      }
    },
    {
      "type": "Feature",
      "geometry": {
        "type": "Polygon",
        "coordinates": [
          [
            [
              4.2937616,
              50.8890454
            ],
            [
              4.2939145,
              50.8871545
            ],
            [
              4.2941995,
              50.8866384
            ],
            [
              4.2946769,
              50.886064
            ],
            [
              4.2957582,
              50.8853265
            ],
            [
              4.2965654,
              50.8849768
            ],
            [
              4.2969186,
              50.8850838
            ],
            [
              4.297053,
              50.8850387
            ],
            [
              4.2971231,
              50.884793
            ],
            [
              4.2978972,
              50.8835097
            ],
            [
              4.2980041,
              50.8828271
            ],
            [
              4.2982032,
              50.8825138
            ],
            [
              4.2982052,
              50.8821012
            ],
            [
              4.3060137,
              50.8813978
            ],
            [
              4.3081023,
              50.8810494
            ],
            [
              4.3133079,
              50.8799656
            ],
            [
              4.3142847,
              50.8799118
            ],
            [
              4.3159334,
              50.8799587
            ],
            [
              4.3196577,
              50.8802379
            ],
            [
              4.3197187,
              50.8798977
            ],
            [
              4.3195236,
              50.8793801
            ],
            [
              4.319339,
              50.8784703
            ],
            [
              4.321098,
              50.8777277
            ],
            [
              4.3207345,
              50.8770497
            ],
            [
              4.320416,
              50.875186
            ],
            [
              4.322258,
              50.8742436
            ],
            [
              4.3225281,
              50.8739669
            ],
            [
              4.3233704,
              50.8727068
            ],
            [
              4.3205646,
              50.8721694
            ],
            [
              4.3240525,
              50.8669691
            ],
            [
              4.3248478,
              50.8671216
            ],
            [
              4.324878,
              50.8669387
            ],
            [
              4.3250214,
              50.8669743
            ],
            [
              4.3252223,
              50.8666754
            ],
            [
              4.3276146,
              50.8674676
            ],
            [
              4.3277086,
              50.8673858
            ],
            [
              4.3280383,
              50.8674781
            ],
            [
              4.3283376,
              50.8671837
            ],
            [
              4.3296159,
              50.867586
            ],
            [
              4.3323674,
              50.8645451
            ],
            [
              4.3405232,
              50.8713633
            ],
            [
              4.3402258,
              50.8714962
            ],
            [
              4.3397768,
              50.8731229
            ],
            [
              4.3383628,
              50.8763942
            ],
            [
              4.339476,
              50.8765944
            ],
            [
              4.3392918,
              50.8817556
            ],
            [
              4.3378212,
              50.8843414
            ],
            [
              4.3382676,
              50.884552
            ],
            [
              4.3383323,
              50.8848304
            ],
            [
              4.3376831,
              50.8848906
            ],
            [
              4.3370387,
              50.8869662
            ],
            [
              4.3346911,
              50.8867883
            ],
            [
              4.3338241,
              50.8861649
            ],
            [
              4.3329105,
              50.885751
            ],
            [
              4.3324042,
              50.8855885
            ],
            [
              4.3322929,
              50.8857086
            ],
            [
              4.3304475,
              50.8851636
            ],
            [
              4.3301941,
              50.8851177
            ],
            [
              4.3299899,
              50.8851845
            ],
            [
              4.3274795,
              50.8889236
            ],
            [
              4.3275743,
              50.88912
            ],
            [
              4.329944,
              50.8901075
            ],
            [
              4.3297021,
              50.8901635
            ],
            [
              4.3298012,
              50.8905499
            ],
            [
              4.3260821,
              50.8911454
            ],
            [
              4.3276456,
              50.8933615
            ],
            [
              4.3268921,
              50.8937921
            ],
            [
              4.3244843,
              50.8940735
            ],
            [
              4.3233659,
              50.8941154
            ],
            [
              4.3222873,
              50.8940188
            ],
            [
              4.3166962,
              50.8930127
            ],
            [
              4.314818,
              50.8930782
            ],
            [
              4.3137681,
              50.8933121
            ],
            [
              4.3074286,
              50.8909925
            ],
            [
              4.3057759,
              50.8909458
            ],
            [
              4.3040899,
              50.8906163
            ],
            [
              4.3019804,
              50.8903971
            ],
            [
              4.3011579,
              50.8904202
            ],
            [
              4.3009376,
              50.8905635
            ],
            [
              4.2937616,
              50.8890454
            ]
          ]
        ]
      },
      "properties": {
        "type": "boundary",
        "gemeente": "Jette"
      }
    }
  ]
}