{
  "type": "FeatureCollection",
  "metadata": {
    "gemeente": "Kapelle-op-den-Bos",
    "slug": "kapelle-op-den-bos",
    "generated_at": "2026-09-25T22:11:39.710233Z",
    "total_points": 20,
    "providers": [
      "bpost",
      "DHL",
      "GLS",
      "InPost",
      "VintedGo",
      "PostNL",
      "DPD",
      "Amazon"
    ],
    "bounds": [
      4.3475391,
      50.9787017,
      4.36907,
      51.0142998
    ]
  },
  "features": [
    {
      "type": "Feature",
      "geometry": {
        "type": "Point",
        "coordinates": [
          4.35234,
          50.98441
        ]
      },
      "properties": {
        "type": "pakketpunt",
        "locatieNaam": "Bbox 24/7 Molenstraat. Schoolpl.",
        "straatNaam": "Molenstraat",
        "straatNr": "52",
        "vervoerder": "bpost",
        "puntType": "automaat",
        "bezettingsgraad": 50,
        "latitude": 50.98441,
        "longitude": 4.35234,
        "canPickup": true,
        "canDropoff": true,
        "openingstijden": null
      }
    },
    {
      "type": "Feature",
      "geometry": {
        "type": "Point",
        "coordinates": [
          4.35914,
          51.01064
        ]
      },
      "properties": {
        "type": "pakketpunt",
        "locatieNaam": "Pakjesautomaat 24/7 Station Kap Od Bos",
        "straatNaam": "Spoorwegstraat",
        "straatNr": "AUTOMAAT",
        "vervoerder": "bpost",
        "puntType": "automaat",
        "bezettingsgraad": 50,
        "latitude": 51.01064,
        "longitude": 4.35914,
        "canPickup": true,
        "canDropoff": true,
        "openingstijden": null
      }
    },
    {
      "type": "Feature",
      "geometry": {
        "type": "Point",
        "coordinates": [
          4.35385,
          51.01369
        ]
      },
      "properties": {
        "type": "pakketpunt",
        "locatieNaam": "Kapelle-Op-Den-Bos",
        "straatNaam": "Mechelseweg",
        "straatNr": "92",
        "vervoerder": "bpost",
        "puntType": "postkantoor",
        "bezettingsgraad": 50,
        "latitude": 51.01369,
        "longitude": 4.35385,
        "canPickup": true,
        "canDropoff": true,
        "openingstijden": null
      }
    },
    {
      "type": "Feature",
      "geometry": {
        "type": "Point",
        "coordinates": [
          4.34756,
          51.01415
        ]
      },
      "properties": {
        "type": "pakketpunt",
        "locatieNaam": "Bbox 24/7 Carrefour Market Den Bels",
        "straatNaam": "Mechelseweg",
        "straatNr": "43",
        "vervoerder": "bpost",
        "puntType": "automaat",
        "bezettingsgraad": 50,
        "latitude": 51.01415,
        "longitude": 4.34756,
        "canPickup": true,
        "canDropoff": true,
        "openingstijden": null
      }
    },
    {
      "type": "Feature",
      "geometry": {
        "type": "Point",
        "coordinates": [
          4.347557,
          51.014154
        ]
      },
      "properties": {
        "type": "pakketpunt",
        "locatieNaam": "BBOX 24/7 CARREFOUR MARKET DEN BELS",
        "straatNaam": "MECHELSEWEG",
        "straatNr": "43",
        "vervoerder": "DHL",
        "puntType": "packStation",
        "bezettingsgraad": 50,
        "latitude": 51.014154,
        "longitude": 4.347557,
        "canPickup": true,
        "canDropoff": true,
        "openingstijden": {
          "ma": "00:00 - 23:59",
          "di": "00:00 - 23:59",
          "wo": "00:00 - 23:59",
          "do": "00:00 - 23:59",
          "vr": "00:00 - 23:59",
          "za": "00:00 - 23:59",
          "zo": "00:00 - 23:59"
        }
      }
    },
    {
      "type": "Feature",
      "geometry": {
        "type": "Point",
        "coordinates": [
          4.353848,
          51.013695
        ]
      },
      "properties": {
        "type": "pakketpunt",
        "locatieNaam": "KAPELLE-OP-DEN-BOS",
        "straatNaam": "MECHELSEWEG",
        "straatNr": "92",
        "vervoerder": "DHL",
        "puntType": "postOffice",
        "bezettingsgraad": 50,
        "latitude": 51.013695,
        "longitude": 4.353848,
        "canPickup": true,
        "canDropoff": true,
        "openingstijden": {
          "ma": "09:30 - 12:30",
          "di": "09:30 - 12:30, 13:45 - 18:00",
          "wo": "09:30 - 12:30",
          "do": "09:30 - 12:30, 13:45 - 18:00",
          "vr": "09:30 - 12:30",
          "za": "09:30 - 13:00",
          "zo": "gesloten"
        }
      }
    },
    {
      "type": "Feature",
      "geometry": {
        "type": "Point",
        "coordinates": [
          4.352343,
          50.984406
        ]
      },
      "properties": {
        "type": "pakketpunt",
        "locatieNaam": "BBOX 24/7 MOLENSTRAAT. SCHOOLPL.",
        "straatNaam": "MOLENSTRAAT",
        "straatNr": "52",
        "vervoerder": "DHL",
        "puntType": "packStation",
        "bezettingsgraad": 50,
        "latitude": 50.984406,
        "longitude": 4.352343,
        "canPickup": true,
        "canDropoff": true,
        "openingstijden": {
          "ma": "00:00 - 23:59",
          "di": "00:00 - 23:59",
          "wo": "00:00 - 23:59",
          "do": "00:00 - 23:59",
          "vr": "00:00 - 23:59",
          "za": "00:00 - 23:59",
          "zo": "00:00 - 23:59"
        }
      }
    },
    {
      "type": "Feature",
      "geometry": {
        "type": "Point",
        "coordinates": [
          4.359144,
          51.010643
        ]
      },
      "properties": {
        "type": "pakketpunt",
        "locatieNaam": "PARCEL LOCKER 24/7 STATION KAP OD B",
        "straatNaam": "SPOORWEGSTRAAT",
        "straatNr": "AUTOMAAT",
        "vervoerder": "DHL",
        "puntType": "packStation",
        "bezettingsgraad": 50,
        "latitude": 51.010643,
        "longitude": 4.359144,
        "canPickup": true,
        "canDropoff": true,
        "openingstijden": {
          "ma": "00:00 - 23:59",
          "di": "00:00 - 23:59",
          "wo": "00:00 - 23:59",
          "do": "00:00 - 23:59",
          "vr": "00:00 - 23:59",
          "za": "00:00 - 23:59",
          "zo": "00:00 - 23:59"
        }
      }
    },
    {
      "type": "Feature",
      "geometry": {
        "type": "Point",
        "coordinates": [
          4.3518855,
          50.9787017
        ]
      },
      "properties": {
        "type": "pakketpunt",
        "locatieNaam": "Lightelec",
        "straatNaam": "Meiselaan",
        "straatNr": "74",
        "vervoerder": "GLS",
        "puntType": "parcel_shop",
        "bezettingsgraad": 50,
        "latitude": 50.9787017,
        "longitude": 4.3518855,
        "canPickup": true,
        "canDropoff": true,
        "openingstijden": "vr: 08:00 - 12:00, 13:00 - 18:00; ma: 08:00 - 12:00, 13:00 - 18:00"
      }
    },
    {
      "type": "Feature",
      "geometry": {
        "type": "Point",
        "coordinates": [
          4.360433,
          51.0125131
        ]
      },
      "properties": {
        "type": "pakketpunt",
        "locatieNaam": "Doopsuiker de Buyser",
        "straatNaam": "Mechelseweg",
        "straatNr": "229",
        "vervoerder": "GLS",
        "puntType": "parcel_shop",
        "bezettingsgraad": 50,
        "latitude": 51.0125131,
        "longitude": 4.360433,
        "canPickup": true,
        "canDropoff": true,
        "openingstijden": "vr: 09:30 - 12:30, 13:30 - 18:00; za: 09:30 - 17:00"
      }
    },
    {
      "type": "Feature",
      "geometry": {
        "type": "Point",
        "coordinates": [
          4.36731,
          51.01272
        ]
      },
      "properties": {
        "type": "pakketpunt",
        "locatieNaam": "M-Velo",
        "straatNaam": "Evert Larockstraat",
        "straatNr": "5",
        "vervoerder": "GLS",
        "puntType": "parcel_shop",
        "bezettingsgraad": 50,
        "latitude": 51.01272,
        "longitude": 4.36731,
        "canPickup": true,
        "canDropoff": true,
        "openingstijden": "vr: 09:00 - 12:30, 14:00 - 18:30; za: 09:00 - 17:00"
      }
    },
    {
      "type": "Feature",
      "geometry": {
        "type": "Point",
        "coordinates": [
          4.3475391,
          51.0142998
        ]
      },
      "properties": {
        "type": "pakketpunt",
        "locatieNaam": "GLS Parcel Locker powered by bbox",
        "straatNaam": "Mechelseweg",
        "straatNr": "43",
        "vervoerder": "GLS",
        "puntType": "locker",
        "bezettingsgraad": 50,
        "latitude": 51.0142998,
        "longitude": 4.3475391,
        "canPickup": true,
        "canDropoff": true,
        "openingstijden": "vr: 00:00 - 24:00; za: 00:00 - 24:00"
      }
    },
    {
      "type": "Feature",
      "geometry": {
        "type": "Point",
        "coordinates": [
          4.36039,
          51.01232
        ]
      },
      "properties": {
        "type": "pakketpunt",
        "locatieNaam": "DOOPSUIKER DE BUYSER",
        "straatNaam": "MECHELSEWEG 229",
        "straatNr": "",
        "vervoerder": "InPost",
        "puntType": "servicepunt",
        "bezettingsgraad": 50,
        "latitude": 51.01232,
        "longitude": 4.36039,
        "canPickup": true,
        "canDropoff": true,
        "openingstijden": null
      }
    },
    {
      "type": "Feature",
      "geometry": {
        "type": "Point",
        "coordinates": [
          4.36907,
          51.01189
        ]
      },
      "properties": {
        "type": "pakketpunt",
        "locatieNaam": "",
        "straatNaam": "Mechelseweg",
        "straatNr": "292",
        "vervoerder": "InPost",
        "puntType": "automaat",
        "bezettingsgraad": 50,
        "latitude": 51.01189,
        "longitude": 4.36907,
        "canPickup": true,
        "canDropoff": true,
        "openingstijden": "24/7"
      }
    },
    {
      "type": "Feature",
      "geometry": {
        "type": "Point",
        "coordinates": [
          4.3604,
          51.01245
        ]
      },
      "properties": {
        "type": "pakketpunt",
        "locatieNaam": "Doopsuiker De Buyser",
        "straatNaam": "Mechelseweg",
        "straatNr": "229",
        "vervoerder": "VintedGo",
        "puntType": "parcel_shop",
        "bezettingsgraad": 50,
        "latitude": 51.01245,
        "longitude": 4.3604,
        "canPickup": true,
        "canDropoff": true,
        "openingstijden": null
      }
    },
    {
      "type": "Feature",
      "geometry": {
        "type": "Point",
        "coordinates": [
          4.360391,
          51.012398
        ]
      },
      "properties": {
        "type": "pakketpunt",
        "locatieNaam": "Doopsuiker De Buyser",
        "straatNaam": "Mechelseweg",
        "straatNr": "229",
        "vervoerder": "PostNL",
        "puntType": "servicepunt",
        "bezettingsgraad": 50,
        "latitude": 51.012398,
        "longitude": 4.360391,
        "canPickup": true,
        "canDropoff": true,
        "openingstijden": "09:30 - 12:30, 13:30 - 18:00"
      }
    },
    {
      "type": "Feature",
      "geometry": {
        "type": "Point",
        "coordinates": [
          4.361018,
          51.0122693
        ]
      },
      "properties": {
        "type": "pakketpunt",
        "locatieNaam": "DOOPSUIKER DE BUYSER",
        "straatNaam": "MECHELSEWEG",
        "straatNr": "229",
        "vervoerder": "DPD",
        "puntType": "pickup_point",
        "bezettingsgraad": 50,
        "latitude": 51.0122693,
        "longitude": 4.361018,
        "canPickup": true,
        "canDropoff": true,
        "openingstijden": {
          "ma": "gesloten",
          "di": "09:30 - 12:30, 13:30 - 18:00",
          "wo": "09:30 - 12:30, 13:30 - 18:00",
          "do": "09:30 - 12:30, 13:30 - 18:00",
          "vr": "09:30 - 12:30, 13:30 - 18:00",
          "za": "09:30 - 18:00",
          "zo": "09:00 - 12:00"
        }
      }
    },
    {
      "type": "Feature",
      "geometry": {
        "type": "Point",
        "coordinates": [
          4.353848,
          51.013695
        ]
      },
      "properties": {
        "type": "pakketpunt",
        "locatieNaam": "bpost - KAPELLE-OP-DEN-BOS",
        "straatNaam": "MECHELSEWEG,92",
        "straatNr": "",
        "vervoerder": "Amazon",
        "puntType": "3p",
        "bezettingsgraad": 50,
        "latitude": 51.013695,
        "longitude": 4.353848,
        "canPickup": true,
        "canDropoff": false,
        "openingstijden": null
      }
    },
    {
      "type": "Feature",
      "geometry": {
        "type": "Point",
        "coordinates": [
          4.347557,
          51.014154
        ]
      },
      "properties": {
        "type": "pakketpunt",
        "locatieNaam": "bpost - BBOX 24/7 CARREFOUR MARKET DEN BELS",
        "straatNaam": "MECHELSEWEG,43",
        "straatNr": "",
        "vervoerder": "Amazon",
        "puntType": "3p",
        "bezettingsgraad": 50,
        "latitude": 51.014154,
        "longitude": 4.347557,
        "canPickup": true,
        "canDropoff": false,
        "openingstijden": null
      }
    },
    {
      "type": "Feature",
      "geometry": {
        "type": "Point",
        "coordinates": [
          4.352343,
          50.984406
        ]
      },
      "properties": {
        "type": "pakketpunt",
        "locatieNaam": "bpost - BBOX 24/7 MOLENSTRAAT. SCHOOLPL.",
        "straatNaam": "MOLENSTRAAT,52",
        "straatNr": "",
        "vervoerder": "Amazon",
        "puntType": "3p",
        "bezettingsgraad": 50,
        "latitude": 50.984406,
        "longitude": 4.352343,
        "canPickup": true,
        "canDropoff": false,
        "openingstijden": null
      }
    },
    {
      "type": "Feature",
      "geometry": {
        "type": "MultiPolygon",
        "coordinates": [
          [
            [
              [
                4.355832231222744,
                50.9776698706288
              ],
              [
                4.355653014743919,
                50.97743062592734
              ],
              [
                4.355437517980704,
                50.9772036225964
              ],
              [
                4.355187816611775,
                50.976991046611914
              ],
              [
                4.354906315599232,
                50.97679494499042
              ],
              [
                4.354595726019756,
                50.97661720608305
              ],
              [
                4.35425903895286,
                50.97645954139801
              ],
              [
                4.353899496677762,
                50.97632346912597
              ],
              [
                4.353520561456206,
                50.97621029952704
              ],
              [
                4.353125882201544,
                50.97612112231959
              ],
              [
                4.352719259354624,
                50.97605679619201
              ],
              [
                4.352304608304061,
                50.97601794053833
              ],
              [
                4.3518859217024035,
                50.9760049294971
              ],
              [
                4.35146723104022,
                50.97601788835061
              ],
              [
                4.351052567847157,
                50.97605669231907
              ],
              [
                4.350645924892622,
                50.97612096776163
              ],
              [
                4.350251217758752,
                50.97621009577229
              ],
              [
                4.349872247154705,
                50.97632321813637
              ],
              [
                4.349512662334382,
                50.9764592455904
              ],
              [
                4.349175925969017,
                50.9766168683058
              ],
              [
                4.348865280812335,
                50.97679456849607
              ],
              [
                4.348583718478817,
                50.976990635025906
              ],
              [
                4.348333950635426,
                50.97720317988209
              ],
              [
                4.348118382884184,
                50.97743015634792
              ],
              [
                4.347939091587181,
                50.9776693787062
              ],
              [
                4.347797803857514,
                50.977918543281625
              ],
              [
                4.347695880909349,
                50.97817525062005
              ],
              [
                4.347634304928087,
                50.97843702859118
              ],
              [
                4.34761366958787,
                50.97870135619275
              ],
              [
                4.347634174308687,
                50.97896568782665
              ],
              [
                4.347695622309293,
                50.979227477813666
              ],
              [
                4.347797422475811,
                50.97948420491058
              ],
              [
                4.347938595028948,
                50.97973339659342
              ],
              [
                4.348117780936297,
                50.979972652873286
              ],
              [
                4.348333254979931,
                50.98019966941468
              ],
              [
                4.348582942354273,
                50.98041225973403
              ],
              [
                4.34886443863503,
                50.98060837626386
              ],
              [
                4.349175032927358,
                50.98078613008013
              ],
              [
                4.349511733970634,
                50.98094380910173
              ],
              [
                4.349871298948534,
                50.98107989458702
              ],
              [
                4.350250264726861,
                50.98119307576811
              ],
              [
                4.350644981217979,
                50.981282262481535
              ],
              [
                4.351051646550068,
                50.98134659567363
              ],
              [
                4.351466343701829,
                50.98138545567882
              ],
              [
                4.351885078249071,
                50.98139846819135
              ],
              [
                4.3523038168587025,
                50.98138550787243
              ],
              [
                4.352718526158487,
                50.98134669955812
              ],
              [
                4.353125211607159,
                50.98128241705627
              ],
              [
                4.353519955989556,
                50.981193279544215
              ],
              [
                4.353898957165079,
                50.9810801456017
              ],
              [
                4.354258564704984,
                50.98094410493724
              ],
              [
                4.354595315064935,
                50.980786467887
              ],
              [
                4.354905964953403,
                50.98060875278838
              ],
              [
                4.3551875225740675,
                50.98041267134963
              ],
              [
                4.355437276441078,
                50.98020011215688
              ],
              [
                4.355652821489517,
                50.97997312247781
              ],
              [
                4.355832082229751,
                50.97973388853735
              ],
              [
                4.355973332722962,
                50.97948471445593
              ],
              [
                4.356075213185958,
                50.97922800005303
              ],
              [
                4.356136743066022,
                50.97896621773037
              ],
              [
                4.356157330460654,
                50.9787018886575
              ],
              [
                4.356136777792389,
                50.97843755848901
              ],
              [
                4.356075283685063,
                50.97817577284786
              ],
              [
                4.3559734410244095,
                50.97791905281024
              ],
              [
                4.355832231222744,
                50.9776698706288
              ]
            ]
          ],
          [
            [
              [
                4.356290201488458,
                50.98337415714424
              ],
              [
                4.356110960860532,
                50.98313491357508
              ],
              [
                4.355895435652607,
                50.98290791149531
              ],
              [
                4.355645701817374,
                50.98269533686885
              ],
              [
                4.355364164629639,
                50.98249923669913
              ],
              [
                4.355053535514479,
                50.982321499323305
              ],
              [
                4.3547168059321315,
                50.982163836234804
              ],
              [
                4.354357218571206,
                50.982027765608926
              ],
              [
                4.353978236127556,
                50.98191459768993
              ],
              [
                4.353583507969202,
                50.98182542217997
              ],
              [
                4.353176835007819,
                50.98176109775112
              ],
              [
                4.352762133114501,
                50.98172224378103
              ],
              [
                4.3523433954312765,
                50.98170923439206
              ],
              [
                4.351924653940488,
                50.98172219485053
              ],
              [
                4.351509940661121,
                50.98176100036125
              ],
              [
                4.351103248844783,
                50.98182527726853
              ],
              [
                4.350708494544032,
                50.981914406652244
              ],
              [
                4.350329478922146,
                50.98202753028449
              ],
              [
                4.349969851666469,
                50.98216355888961
              ],
              [
                4.349633075856839,
                50.98232118262795
              ],
              [
                4.349322394626811,
                50.98249888370316
              ],
              [
                4.349040799938264,
                50.98269495097141
              ],
              [
                4.34879100376978,
                50.98290749641238
              ],
              [
                4.348575411996227,
                50.98313447330378
              ],
              [
                4.34857242173006,
                50.9831384627087
              ],
              [
                4.3485724117560824,
                50.98313847320933
              ],
              [
                4.348393100940368,
                50.98337769582496
              ],
              [
                4.348251798416609,
                50.98362686049284
              ],
              [
                4.34814986554158,
                50.98388356775792
              ],
              [
                4.348088284596439,
                50.98414534549063
              ],
              [
                4.348067649303295,
                50.98440967269101
              ],
              [
                4.348088159081851,
                50.98467400376478
              ],
              [
                4.348149617102322,
                50.984935793038154
              ],
              [
                4.348251432154496,
                50.98519251927475
              ],
              [
                4.348392624315866,
                50.985441709958906
              ],
              [
                4.348571834365313,
                50.985680965111314
              ],
              [
                4.3487873368525065,
                50.98590798040734
              ],
              [
                4.349037056698018,
                50.98612056937535
              ],
              [
                4.349318589164878,
                50.98631668446093
              ],
              [
                4.34962922300976,
                50.98649443675392
              ],
              [
                4.349965966591104,
                50.98665211418787
              ],
              [
                4.350325576682864,
                50.986788198036415
              ],
              [
                4.3507045897162815,
                50.98690137754744
              ],
              [
                4.351099355148517,
                50.986990562573546
              ],
              [
                4.351506070636286,
                50.9870548940773
              ],
              [
                4.351920818675108,
                50.98709375240943
              ],
              [
                4.352339604350557,
                50.98710676328025
              ],
              [
                4.352758393836982,
                50.98709380136682
              ],
              [
                4.353173153272005,
                50.98705499152051
              ],
              [
                4.353579887631374,
                50.986990707563976
              ],
              [
                4.3539746792287435,
                50.98690156868853
              ],
              [
                4.354353725468683,
                50.986788433487106
              ],
              [
                4.354713375488353,
                50.986652391680295
              ],
              [
                4.3550501653342435,
                50.98649475361528
              ],
              [
                4.3553608513345115,
                50.98631703763929
              ],
              [
                4.355642441345052,
                50.986120955469
              ],
              [
                4.355892223568108,
                50.98590839569758
              ],
              [
                4.3561077926657354,
                50.9856814055983
              ],
              [
                4.356110782452713,
                50.985677416005096
              ],
              [
                4.356110792425543,
                50.98567740550384
              ],
              [
                4.356290072645974,
                50.985438171300835
              ],
              [
                4.3564313378958275,
                50.98518899712282
              ],
              [
                4.356533228249933,
                50.98493228279021
              ],
              [
                4.35659476306047,
                50.98467050070409
              ],
              [
                4.356615350377616,
                50.98440617203166
              ],
              [
                4.3565947926248265,
                50.984141842423725
              ],
              [
                4.3565332884750685,
                50.98388005749779
              ],
              [
                4.356431430910949,
                50.983623338323184
              ],
              [
                4.356290201488458,
                50.98337415714424
              ]
            ]
          ],
          [
            [
              [
                4.350272469558244,
                51.01206562959491
              ],
              [
                4.349935542245269,
                51.01190795433693
              ],
              [
                4.349575740436397,
                51.01177187040383
              ],
              [
                4.349196528892402,
                51.011658688167984
              ],
              [
                4.348801559187174,
                51.011569497469374
              ],
              [
                4.348394634557989,
                51.01150515712627
              ],
              [
                4.347979673298908,
                51.011466286669595
              ],
              [
                4.347560671048975,
                51.0114532603804
              ],
              [
                4.347141662337586,
                51.01146620368775
              ],
              [
                4.346726681756323,
                51.01150499196163
              ],
              [
                4.346319725130185,
                51.011569251712295
              ],
              [
                4.345924711061174,
                51.01165836418485
              ],
              [
                4.345545443213539,
                51.0117714713143
              ],
              [
                4.34518557370307,
                51.011907483983855
              ],
              [
                4.3448485679421545,
                51.01206509250743
              ],
              [
                4.344537671278564,
                51.0122427792352
              ],
              [
                4.344255877748742,
                51.01243883316157
              ],
              [
                4.344005901246222,
                51.01265136639477
              ],
              [
                4.343790149382753,
                51.01287833233006
              ],
              [
                4.343610700293951,
                51.01311754535175
              ],
              [
                4.3436106992701236,
                51.01311754715559
              ],
              [
                4.343607700022821,
                51.013121545252446
              ],
              [
                4.343466282313971,
                51.01337070177126
              ],
              [
                4.343364258482417,
                51.01362740241554
              ],
              [
                4.34330261168601,
                51.01388917511957
              ],
              [
                4.3432944442878085,
                51.01399359122914
              ],
              [
                4.3432944442878085,
                51.01399359122914
              ],
              [
                4.343284698544116,
                51.01403497448506
              ],
              [
                4.3432640229745205,
                51.014299298281486
              ],
              [
                4.343284518732202,
                51.014563627630814
              ],
              [
                4.3433459891232955,
                51.01482541687585
              ],
              [
                4.343447842819322,
                51.01508214478051
              ],
              [
                4.343589099526445,
                51.015331338813084
              ],
              [
                4.343768399402669,
                51.015570598962
              ],
              [
                4.34398401613322,
                51.01579762085449
              ],
              [
                4.344233873538938,
                51.016010217955376
              ],
              [
                4.344515565558417,
                51.01620634263188
              ],
              [
                4.34482637941193,
                51.01638410588143
              ],
              [
                4.345163321724335,
                51.01654179553201
              ],
              [
                4.345523147355529,
                51.01667789273955
              ],
              [
                4.345902390660653,
                51.016791086623236
              ],
              [
                4.346297398878731,
                51.01688028689722
              ],
              [
                4.34670436732769,
                51.01694463437714
              ],
              [
                4.347119376066157,
                51.01698350925984
              ],
              [
                4.347538427668205,
                51.01699653709619
              ],
              [
                4.347957485746291,
                51.01698359239984
              ],
              [
                4.34837251385046,
                51.01694479985632
              ],
              [
                4.348779514368157,
                51.01688053312166
              ],
              [
                4.349174567048963,
                51.016791411221284
              ],
              [
                4.349553866782327,
                51.01667829258464
              ],
              [
                4.349913760263498,
                51.016542266772866
              ],
              [
                4.350250781193804,
                51.01638464397909
              ],
              [
                4.350561683675587,
                51.01620694240349
              ],
              [
                4.350843473479733,
                51.016010873624126
              ],
              [
                4.351093436884359,
                51.015798326105234
              ],
              [
                4.351119904062898,
                51.01577047894315
              ],
              [
                4.351135595201577,
                51.01577945168305
              ],
              [
                4.351472554404688,
                51.015937123305214
              ],
              [
                4.351832393722378,
                51.016073201253676
              ],
              [
                4.352211647377888,
                51.01618637483306
              ],
              [
                4.352606662510478,
                51.016275553953115
              ],
              [
                4.3530136343714245,
                51.016339879633236
              ],
              [
                4.353428642986458,
                51.01637873228021
              ],
              [
                4.353847690930818,
                51.01639173765916
              ],
              [
                4.3542667418521965,
                51.01637877049996
              ],
              [
                4.3546817593695915,
                51.01633995570459
              ],
              [
                4.355088745972455,
                51.01627566714334
              ],
              [
                4.355483781544445,
                51.01618652405189
              ],
              [
                4.355863061139869,
                51.016073385063834
              ],
              [
                4.356222931648019,
                51.015937339936244
              ],
              [
                4.356559926991575,
                51.01577969904839
              ],
              [
                4.356870801519413,
                51.01560198077464
              ],
              [
                4.357152561271751,
                51.015405896853906
              ],
              [
                4.357402492816236,
                51.01519333589624
              ],
              [
                4.357618189377155,
                51.01496634518637
              ],
              [
                4.357797574006249,
                51.01472711095923
              ],
              [
                4.3578395162657735,
                51.01465317257489
              ],
              [
                4.358057929575367,
                51.01475535705876
              ],
              [
                4.358417778944967,
                51.014891414928776
              ],
              [
                4.358797038941984,
                51.01500456733482
              ],
              [
                4.359192056644534,
                51.01509372439057
              ],
              [
                4.359599027279093,
                51.01515802732795
              ],
              [
                4.360014030883171,
                51.01519685677281
              ],
              [
                4.360433070080269,
                51.015209838713744
              ],
              [
                4.360852108602341,
                51.01519684810641
              ],
              [
                4.361267110187842,
                51.015158010078615
              ],
              [
                4.361674077479726,
                51.01509369872445
              ],
              [
                4.3620690905477195,
                51.01500453349914
              ],
              [
                4.362448344662958,
                51.01489137324944
              ],
              [
                4.362808186960239,
                51.014755307937236
              ],
              [
                4.363059975418485,
                51.01463750077051
              ],
              [
                4.36339320260142,
                51.01451149631208
              ],
              [
                4.363730163551997,
                51.01435383482369
              ],
              [
                4.363840628205897,
                51.014290671311095
              ],
              [
                4.36400560710358,
                51.014430973941614
              ],
              [
                4.3642873724052444,
                51.0146270513989
              ],
              [
                4.364598250807273,
                51.014804762528925
              ],
              [
                4.3649352483125226,
                51.0149623956617
              ],
              [
                4.365295119249012,
                51.01509843249744
              ],
              [
                4.365674397535265,
                51.01521156273679
              ],
              [
                4.366069430073161,
                51.01530069670696
              ],
              [
                4.366476411946214,
                51.01536497586218
              ],
              [
                4.366891423083638,
                51.01540378105738
              ],
              [
                4.367310466036339,
                51.01541673851473
              ],
              [
                4.367729504500083,
                51.01540372342573
              ],
              [
                4.368144502213895,
                51.015364861154
              ],
              [
                4.368551461858047,
                51.015300526027126
              ],
              [
                4.368946463575972,
                51.01521133772935
              ],
              [
                4.369325702748188,
                51.01509815532963
              ],
              [
                4.369685526653501,
                51.01496206900321
              ],
              [
                4.370022469663636,
                51.01480438952613
              ],
              [
                4.370333286631719,
                51.01462663564444
              ],
              [
                4.370614984152552,
                51.014430519439955
              ],
              [
                4.370660637875213,
                51.01439167665925
              ],
              [
                4.370706528190848,
                51.01438131393881
              ],
              [
                4.371085756389327,
                51.01426812583774
              ],
              [
                4.371445568804319,
                51.01413203409404
              ],
              [
                4.37178249991825,
                51.01397434953594
              ],
              [
                4.3720933046988515,
                51.01379659095842
              ],
              [
                4.372374989858332,
                51.013600470488534
              ],
              [
                4.372624842682989,
                51.0133878770883
              ],
              [
                4.372840457155481,
                51.01316085835487
              ],
              [
                4.37301975711833,
                51.01292160079302
              ],
              [
                4.373161016255856,
                51.01267240875058
              ],
              [
                4.373262874702583,
                51.01241568221998
              ],
              [
                4.373324352118839,
                51.012153893719706
              ],
              [
                4.373344857108414,
                51.01188956447866
              ],
              [
                4.373324192888461,
                51.01162524015301
              ],
              [
                4.373262559158065,
                51.011363466309305
              ],
              [
                4.373160550148455,
                51.011106763910036
              ],
              [
                4.373019148874692,
                51.01085760503784
              ],
              [
                4.372839717645166,
                51.010618389091974
              ],
              [
                4.372623984921188,
                51.01039141968591
              ],
              [
                4.372374028654046,
                51.01017888246879
              ],
              [
                4.372092256260626,
                51.009982824083714
              ],
              [
                4.371781381430934,
                51.00980513246541
              ],
              [
                4.371444397991178,
                51.00964751866657
              ],
              [
                4.37108455107422,
                51.0095115003878
              ],
              [
                4.370705305874919,
                51.00939838736926
              ],
              [
                4.370310314291017,
                51.0093092687844
              ],
              [
                4.369903379770295,
                51.009245002757105
              ],
              [
                4.369488420701939,
                51.00920620810269
              ],
              [
                4.369069432703844,
                51.00919325837232
              ],
              [
                4.368650450168182,
                51.0092062782579
              ],
              [
                4.368235507434551,
                51.009245142392
              ],
              [
                4.36782859996364,
                51.00930947655445
              ],
              [
                4.367433645884308,
                51.00939866127383
              ],
              [
                4.367054448283379,
                51.009511837789475
              ],
              [
                4.366694658600479,
                51.009647916316474
              ],
              [
                4.366357741479601,
                51.009805586534476
              ],
              [
                4.366046941415269,
                51.0099833301996
              ],
              [
                4.365765251514031,
                51.010179435757905
              ],
              [
                4.365719597837452,
                51.01021827669352
              ],
              [
                4.365673710497106,
                51.010228637483905
              ],
              [
                4.365294501925291,
                51.01034180829857
              ],
              [
                4.364934700754895,
                51.01047788140855
              ],
              [
                4.364597771740498,
                51.01063554654566
              ],
              [
                4.36448731672723,
                51.01069871084456
              ],
              [
                4.364322349531828,
                51.010558408717344
              ],
              [
                4.3640406085574055,
                51.010362331082014
              ],
              [
                4.363729761753956,
                51.01018461822018
              ],
              [
                4.363392802677932,
                51.01002698138912
              ],
              [
                4.3632846390076345,
                51.00998608716011
              ],
              [
                4.363234607200506,
                51.009860108557625
              ],
              [
                4.363093262487397,
                51.00961093766135
              ],
              [
                4.362913886723569,
                51.009371706488245
              ],
              [
                4.362698207836289,
                51.00914471879851
              ],
              [
                4.362448303258513,
                51.00893216041739
              ],
              [
                4.362445699571556,
                51.00893034823628
              ],
              [
                4.362444303192991,
                51.008929160528005
              ],
              [
                4.362162579878762,
                51.008733078292664
              ],
              [
                4.361851751011452,
                51.00855536037623
              ],
              [
                4.361514809974817,
                51.00839771808466
              ],
              [
                4.361155001493539,
                51.008261669392965
              ],
              [
                4.360775790392504,
                51.00814852433413
              ],
              [
                4.360380828241235,
                51.00805937239018
              ],
              [
                4.359973918204207,
                51.00799507200619
              ],
              [
                4.359558978434936,
                51.007956242328326
              ],
              [
                4.359140004365545,
                51.00794325724498
              ],
              [
                4.35872103025412,
                51.00795624178845
              ],
              [
                4.3583060903591475,
                51.00799507093163
              ],
              [
                4.357899180113961,
                51.00805937079128
              ],
              [
                4.357504217674082,
                51.00814852222629
              ],
              [
                4.35712500620676,
                51.00826166679646
              ],
              [
                4.356765197285045,
                51.008397715024515
              ],
              [
                4.356428255738064,
                51.00855535688191
              ],
              [
                4.356117426295407,
                51.008733074397824
              ],
              [
                4.355835702346372,
                51.00892915627013
              ],
              [
                4.355585797114595,
                51.009141714337915
              ],
              [
                4.355370117525628,
                51.0093687017573
              ],
              [
                4.355190741019184,
                51.009607932705585
              ],
              [
                4.355049395529679,
                51.00985710342478
              ],
              [
                4.354947442828357,
                51.01011381440153
              ],
              [
                4.354885865388053,
                51.0103755934705
              ],
              [
                4.35486525689791,
                51.01063991961883
              ],
              [
                4.3548858165202855,
                51.01090424726239
              ],
              [
                4.354927979725397,
                51.01108363251684
              ],
              [
                4.354684271202658,
                51.01104511213625
              ],
              [
                4.3542693088011095,
                51.01100626384806
              ],
              [
                4.35385030891842,
                51.01099325994709
              ],
              [
                4.35343130606119,
                51.01100622564686
              ],
              [
                4.353016334764646,
                51.0110450361017
              ],
              [
                4.352609390764419,
                51.01110931760833
              ],
              [
                4.352214392540983,
                51.01119845120233
              ],
              [
                4.351835143606071,
                51.01131157861536
              ],
              [
                4.351475295893434,
                51.0114476105353
              ],
              [
                4.3511383146056435,
                51.01160523709066
              ],
              [
                4.350827444854897,
                51.01178294045801
              ],
              [
                4.350545680418573,
                51.011979009471474
              ],
              [
                4.350374919517973,
                51.01212422000091
              ],
              [
                4.350272469558244,
                51.01206562959491
              ]
            ]
          ]
        ]
      },
      "properties": {
        "type": "buffer_union_300m",
        "buffer_m": 300
      }
    },
    {
      "type": "Feature",
      "geometry": {
        "type": "MultiPolygon",
        "coordinates": [
          [
            [
              [
                4.357147769684387,
                50.97732589800044
              ],
              [
                4.356908807587017,
                50.97700690763838
              ],
              [
                4.356621473522033,
                50.976704239466244
              ],
              [
                4.356288535254903,
                50.97642080800585
              ],
              [
                4.355913199521154,
                50.97615934249013
              ],
              [
                4.35549908113001,
                50.97592236059333
              ],
              [
                4.355050168147162,
                50.97571214419905
              ],
              [
                4.3545707834921705,
                50.975530717439106
              ],
              [
                4.354065543320138,
                50.9753798272142
              ],
              [
                4.353539312587954,
                50.975260926383214
              ],
              [
                4.352997158232146,
                50.97517515978285
              ],
              [
                4.352444300408141,
                50.97512335321154
              ],
              [
                4.351886062259089,
                50.97510600548352
              ],
              [
                4.351327818696417,
                50.975123283629216
              ],
              [
                4.350774944683639,
                50.975175021288166
              ],
              [
                4.3502327635196725,
                50.975260720309635
              ],
              [
                4.349706495617888,
                50.97537955554592
              ],
              [
                4.349201208272473,
                50.975530382791895
              ],
              [
                4.348721766894242,
                50.97571174979508
              ],
              [
                4.348272788184144,
                50.97592191023023
              ],
              [
                4.347858595694265,
                50.97615884050439
              ],
              [
                4.347483178203425,
                50.97642025923107
              ],
              [
                4.347150151307725,
                50.9767036491867
              ],
              [
                4.346862722595768,
                50.97700628153804
              ],
              [
                4.346623660744094,
                50.97732524210838
              ],
              [
                4.346435268831002,
                50.977657459429544
              ],
              [
                4.346299362126596,
                50.9779997343105
              ],
              [
                4.346217250574148,
                50.97834877063793
              ],
              [
                4.346189726132833,
                50.978701207112614
              ],
              [
                4.346217055105387,
                50.97905364961634
              ],
              [
                4.346298975526312,
                50.9794027038977
              ],
              [
                4.346434699637565,
                50.9797450082619
              ],
              [
                4.346622921429735,
                50.98007726595016
              ],
              [
                4.346861829177814,
                50.980396276896066
              ],
              [
                4.3471491228524295,
                50.98069896855344
              ],
              [
                4.347482036240295,
                50.980982425498
              ],
              [
                4.347857363561976,
                50.981243917517446
              ],
              [
                4.348271490331527,
                50.98148092591898
              ],
              [
                4.348663168499285,
                50.98166435275392
              ],
              [
                4.3483155807935265,
                50.98186316077682
              ],
              [
                4.347940120162261,
                50.98212458048795
              ],
              [
                4.347607055498888,
                50.98240797122319
              ],
              [
                4.34731959475584,
                50.98271060414185
              ],
              [
                4.3473166044098255,
                50.982714593515375
              ],
              [
                4.347316594435656,
                50.9827146040159
              ],
              [
                4.347077506557282,
                50.98303356492929
              ],
              [
                4.346889094916634,
                50.983365782373674
              ],
              [
                4.346753174974049,
                50.983708057156825
              ],
              [
                4.34667105680056,
                50.98405709316637
              ],
              [
                4.3466435324194,
                50.98440952910614
              ],
              [
                4.346670868133024,
                50.98476197086311
              ],
              [
                4.346752801911314,
                50.985111024193
              ],
              [
                4.346888545867868,
                50.985453327410234
              ],
              [
                4.347076793802414,
                50.98578558376701
              ],
              [
                4.347315733738401,
                50.98610459320977
              ],
              [
                4.347603065336649,
                50.986407283206766
              ],
              [
                4.347936022018774,
                50.986690738349715
              ],
              [
                4.348311397588469,
                50.9869522284436
              ],
              [
                4.348725577095142,
                50.987189234814224
              ],
              [
                4.349174571643195,
                50.987399474578964
              ],
              [
                4.349654056811881,
                50.9875809226469
              ],
              [
                4.350159414315602,
                50.987731831235635
              ],
              [
                4.350685776502856,
                50.98785074671643
              ],
              [
                4.351228073264452,
                50.98793652362484
              ],
              [
                4.351781080898091,
                50.98798833570141
              ],
              [
                4.352339472457291,
                50.98800568385615
              ],
              [
                4.3528978690981805,
                50.98798840097915
              ],
              [
                4.353450891927906,
                50.987936653551515
              ],
              [
                4.3539932138535065,
                50.98785094004053
              ],
              [
                4.354519610930122,
                50.98773208609489
              ],
              [
                4.355025012712272,
                50.98758123658638
              ],
              [
                4.355504551121672,
                50.98739984457467
              ],
              [
                4.355953607359583,
                50.98718965730222
              ],
              [
                4.356367856410718,
                50.986952699354376
              ],
              [
                4.356743308709269,
                50.98669125314741
              ],
              [
                4.357076348565249,
                50.98640783693292
              ],
              [
                4.357363768980906,
                50.986105180531005
              ],
              [
                4.357366758688001,
                50.98610119090641
              ],
              [
                4.357366768660641,
                50.98610118040504
              ],
              [
                4.357605802161007,
                50.98578219889404
              ],
              [
                4.35779414754938,
                50.9854499645445
              ],
              [
                4.357929991910383,
                50.985107677198165
              ],
              [
                4.358012028076577,
                50.98475863345005
              ],
              [
                4.358039467175379,
                50.98440619489369
              ],
              [
                4.358012046180968,
                50.98405375574259
              ],
              [
                4.3579300304001745,
                50.98370471014092
              ],
              [
                4.357794210870266,
                50.98336241947732
              ],
              [
                4.357605896695462,
                50.983030180017224
              ],
              [
                4.357366902397739,
                50.982711191165016
              ],
              [
                4.357079530405364,
                50.98240852466128
              ],
              [
                4.356746548849198,
                50.9821250950117
              ],
              [
                4.356371164881737,
                50.98186363143183
              ],
              [
                4.355956993776733,
                50.98162665157721
              ],
              [
                4.355565287382287,
                50.981443249028295
              ],
              [
                4.355912841222602,
                50.98124441955683
              ],
              [
                4.356288250335036,
                50.98098297432539
              ],
              [
                4.356621252383839,
                50.98069955888257
              ],
              [
                4.356908640735257,
                50.980396903041004
              ],
              [
                4.357147648263783,
                50.98007792188016
              ],
              [
                4.357335973978731,
                50.97974568765946
              ],
              [
                4.357471805153949,
                50.9794034002194
              ],
              [
                4.357553834748713,
                50.97905435615595
              ],
              [
                4.357581273953434,
                50.9787019170656
              ],
              [
                4.35755385974097,
                50.97834947716706
              ],
              [
                4.357471857352542,
                50.97800043061167
              ],
              [
                4.357336057696158,
                50.97765813879729
              ],
              [
                4.357147769684387,
                50.97732589800044
              ]
            ]
          ],
          [
            [
              [
                4.349741999838753,
                51.010828245381994
              ],
              [
                4.349215381850879,
                51.01070932656361
              ],
              [
                4.348672825132424,
                51.01062354100994
              ],
              [
                4.34811955371221,
                51.01057171470192
              ],
              [
                4.347560894714797,
                51.01055434664374
              ],
              [
                4.347002227102769,
                51.01057160406156
              ],
              [
                4.346448929921597,
                51.01062332079453
              ],
              [
                4.345906330543711,
                51.010708998893435
              ],
              [
                4.345379653408398,
                51.010827813412035
              ],
              [
                4.34487396974945,
                51.01097862034476
              ],
              [
                4.3443941487931035,
                51.01115996763484
              ],
              [
                4.343944810894846,
                51.01137010914688
              ],
              [
                4.343530283065259,
                51.01160702147028
              ],
              [
                4.343154557312339,
                51.011868423391526
              ],
              [
                4.342821252200961,
                51.01215179784893
              ],
              [
                4.342533577999501,
                51.01245441615868
              ],
              [
                4.342294305749451,
                51.01277336427933
              ],
              [
                4.34229430472558,
                51.01277336608317
              ],
              [
                4.342291305387954,
                51.01277736414694
              ],
              [
                4.342102740157549,
                51.01310957072512
              ],
              [
                4.341966698928253,
                51.013451836679856
              ],
              [
                4.341884492940462,
                51.013800865983875
              ],
              [
                4.341876322396295,
                51.01390528199805
              ],
              [
                4.341866575418028,
                51.01394666513775
              ],
              [
                4.341838997321463,
                51.01429909653846
              ],
              [
                4.341866314326846,
                51.01465153599579
              ],
              [
                4.34194826458581,
                51.01500058928769
              ],
              [
                4.34208406005479,
                51.015342894728946
              ],
              [
                4.342272394038885,
                51.015675155550376
              ],
              [
                4.342511453734161,
                51.015994171655386
              ],
              [
                4.342798937649213,
                51.01629687044808
              ],
              [
                4.343132077739645,
                51.01658033643537
              ],
              [
                4.34350766604344,
                51.016841839317784
              ],
              [
                4.3439220855615766,
                51.017078860297865
              ],
              [
                4.344371345087016,
                51.01728911635222
              ],
              [
                4.344851117646833,
                51.017470582232946
              ],
              [
                4.345356782187096,
                51.01762150998604
              ],
              [
                4.345883468098494,
                51.0177404457981
              ],
              [
                4.346426102153083,
                51.01782624400874
              ],
              [
                4.34697945739893,
                51.01787807815336
              ],
              [
                4.3475382035404015,
                51.0178954489293
              ],
              [
                4.3480969583172495,
                51.01787818900877
              ],
              [
                4.348650339385993,
                51.01782646465174
              ],
              [
                4.349193016202078,
                51.01774077410329
              ],
              [
                4.349719761401394,
                51.017621942790996
              ],
              [
                4.350225501184524,
                51.01747111536863
              ],
              [
                4.350705364216931,
                51.017289744683225
              ],
              [
                4.351154728572692,
                51.01707957777189
              ],
              [
                4.351402280948063,
                51.01693808386864
              ],
              [
                4.351666157817646,
                51.0170168276015
              ],
              [
                4.3521928529493366,
                51.01713573520788
              ],
              [
                4.352735491553858,
                51.01722150435162
              ],
              [
                4.353288846635389,
                51.01727330884808
              ],
              [
                4.353847587899848,
                51.01729064968023
              ],
              [
                4.354406333133967,
                51.01727335980869
              ],
              [
                4.354959700086217,
                51.01722160578197
              ],
              [
                4.355502358348087,
                51.0171358861309
              ],
              [
                4.356029080734278,
                51.01701702656342
              ],
              [
                4.356534793665239,
                51.016866172005464
              ],
              [
                4.357014626065211,
                51.01668477556543
              ],
              [
                4.357463956303482,
                51.01647458452848
              ],
              [
                4.357878456725593,
                51.01623762351631
              ],
              [
                4.358254135344793,
                51.015976174974774
              ],
              [
                4.358384752569208,
                51.01586508630526
              ],
              [
                4.358778378471014,
                51.01595392912676
              ],
              [
                4.359321015440769,
                51.016039667946316
              ],
              [
                4.3598743638410635,
                51.01609144150605
              ],
              [
                4.360433093442153,
                51.01610875108692
              ],
              [
                4.360991822143136,
                51.01609142995063
              ],
              [
                4.361545167851792,
                51.01603964494679
              ],
              [
                4.362087800364318,
                51.01595389490466
              ],
              [
                4.362614492743554,
                51.015835005824904
              ],
              [
                4.363120171699119,
                51.01568412291776
              ],
              [
                4.363599966482666,
                51.01550269956462
              ],
              [
                4.363654745837635,
                51.01547706925749
              ],
              [
                4.3636942807646655,
                51.015499669171014
              ],
              [
                4.36414361388582,
                51.01570984986772
              ],
              [
                4.364623446857395,
                51.01589123525184
              ],
              [
                4.365129158043119,
                51.01604207814469
              ],
              [
                4.365655876384004,
                51.01616092555025
              ],
              [
                4.3661985283394396,
                51.01624663265971
              ],
              [
                4.366751886784863,
                51.016298373885974
              ],
              [
                4.367310621393712,
                51.01631565082145
              ],
              [
                4.367869350016825,
                51.01629829704233
              ],
              [
                4.368422690562742,
                51.01624647971264
              ],
              [
                4.368965312877438,
                51.016160697973035
              ],
              [
                4.369491990122063,
                51.01604177812953
              ],
              [
                4.369997649152123,
                51.01589086568861
              ],
              [
                4.370477419411338,
                51.01570941431624
              ],
              [
                4.370926679867864,
                51.015499171826654
              ],
              [
                4.37134110353972,
                51.01526216333714
              ],
              [
                4.371534672657575,
                51.01512740005427
              ],
              [
                4.371757720673468,
                51.01506082636587
              ],
              [
                4.3722374756116285,
                51.0148793677704
              ],
              [
                4.372686720205953,
                51.01466911850612
              ],
              [
                4.373101127627291,
                51.014432103755496
              ],
              [
                4.373476706785054,
                51.01417060648191
              ],
              [
                4.373809840768229,
                51.013887145428846
              ],
              [
                4.37409732167352,
                51.0135844508482
              ],
              [
                4.374336381485402,
                51.01326543819254
              ],
              [
                4.374524718711223,
                51.01293318002455
              ],
              [
                4.3746605205156905,
                51.012590876415246
              ],
              [
                4.374742480142748,
                51.01224182411621
              ],
              [
                4.3747698094584715,
                51.0118893848031
              ],
              [
                4.374742246495807,
                51.01153695269661
              ],
              [
                4.374660057930205,
                51.01118792187286
              ],
              [
                4.374524036464167,
                51.01084565357796
              ],
              [
                4.374335493147683,
                51.0105134438618
              ],
              [
                4.3740962447102545,
                51.01019449184207
              ],
              [
                4.373808596028144,
                51.009891868904504
              ],
              [
                4.373475317897073,
                51.00960848913511
              ],
              [
                4.373099620325606,
                51.00934708126885
              ],
              [
                4.372685121607262,
                51.0091101624247
              ],
              [
                4.372235813469754,
                51.008900013878964
              ],
              [
                4.371756022637141,
                51.00871865911
              ],
              [
                4.371250369174913,
                51.008567844325185
              ],
              [
                4.3707237220186155,
                51.00844902165695
              ],
              [
                4.370181152113458,
                51.0083633351893
              ],
              [
                4.369627883615023,
                51.00831160994909
              ],
              [
                4.3690692436196406,
                51.0082943439674
              ],
              [
                4.368510610906943,
                51.008311703487614
              ],
              [
                4.3679573641864895,
                51.0083635213657
              ],
              [
                4.367414830345067,
                51.00844929867866
              ],
              [
                4.366888233191253,
                51.008568209524924
              ],
              [
                4.36638264318912,
                51.008719108971405
              ],
              [
                4.365902928663568,
                51.00890054407049
              ],
              [
                4.365453708945784,
                51.00911076784131
              ],
              [
                4.3650393099089255,
                51.00934775608103
              ],
              [
                4.364845745988391,
                51.00948250893775
              ],
              [
                4.364698103970124,
                51.00952657079942
              ],
              [
                4.36463362870144,
                51.0094897100939
              ],
              [
                4.364500797532062,
                51.009427569653354
              ],
              [
                4.364409644643685,
                51.00926688735743
              ],
              [
                4.364170470158665,
                51.008947915034156
              ],
              [
                4.363882893256559,
                51.00864526771793
              ],
              [
                4.363549684042067,
                51.00836185972955
              ],
              [
                4.363547080344201,
                51.00836004757248
              ],
              [
                4.363545683954711,
                51.00835885987704
              ],
              [
                4.363170051819368,
                51.008097420210326
              ],
              [
                4.362755614381292,
                51.00786046630209
              ],
              [
                4.362306362778367,
                51.007650279766274
              ],
              [
                4.36182662319053,
                51.00746888444712
              ],
              [
                4.361321015190077,
                51.007318026942464
              ],
              [
                4.36079440727503,
                51.007199159796116
              ],
              [
                4.360251870012943,
                51.007113427520316
              ],
              [
                4.359698627245242,
                51.007061655583
              ],
              [
                4.359140005820616,
                51.00704434246488
              ],
              [
                4.358581384339946,
                51.00706165486317
              ],
              [
                4.358028141404656,
                51.007113426087585
              ],
              [
                4.3574856038650465,
                51.007199157664274
              ],
              [
                4.356958995565212,
                51.007318024132054
              ],
              [
                4.356453387076411,
                51.007468880985186
              ],
              [
                4.355973646901365,
                51.00765027568615
              ],
              [
                4.355524394618018,
                51.00786046164305
              ],
              [
                4.355109956412857,
                51.00809741501726
              ],
              [
                4.35473432343115,
                51.00835885419994
              ],
              [
                4.354401113344696,
                51.00864226177055
              ],
              [
                4.354113535507046,
                51.008944908726285
              ],
              [
                4.353874360031906,
                51.00926388074981
              ],
              [
                4.3536858910930825,
                51.00959610626269
              ],
              [
                4.353549944703935,
                51.009938385994985
              ],
              [
                4.353510781667751,
                51.01010485596481
              ],
              [
                4.353291752076452,
                51.01011163334001
              ],
              [
                4.352738467274178,
                51.010163379647075
              ],
              [
                4.352195884729799,
                51.01024908675344
              ],
              [
                4.3516692287206045,
                51.010367929433556
              ],
              [
                4.351163570277083,
                51.01051876341072
              ],
              [
                4.350683778382812,
                51.01070013636768
              ],
              [
                4.350234473113587,
                51.01091030192198
              ],
              [
                4.350159848837092,
                51.01095295940905
              ],
              [
                4.349741999838753,
                51.010828245381994
              ]
            ]
          ]
        ]
      },
      "properties": {
        "type": "buffer_union_400m",
        "buffer_m": 400
      }
    },
    {
      "type": "Feature",
      "geometry": {
        "type": "Polygon",
        "coordinates": [
          [
            [
              4.322847,
              51.026712
            ],
            [
              4.3260423,
              51.0264235
            ],
            [
              4.329156,
              51.0263203
            ],
            [
              4.3319436,
              51.0260286
            ],
            [
              4.3382353,
              51.0263168
            ],
            [
              4.3391717,
              51.0265623
            ],
            [
              4.3416122,
              51.0274375
            ],
            [
              4.3422833,
              51.0266013
            ],
            [
              4.345424,
              51.0266845
            ],
            [
              4.3460646,
              51.0271592
            ],
            [
              4.3465932,
              51.0266626
            ],
            [
              4.3472442,
              51.026837
            ],
            [
              4.3474996,
              51.0265203
            ],
            [
              4.3476261,
              51.026125
            ],
            [
              4.3480463,
              51.0255787
            ],
            [
              4.3484865,
              51.0252794
            ],
            [
              4.3491175,
              51.0250431
            ],
            [
              4.3491954,
              51.0248945
            ],
            [
              4.3493629,
              51.0248471
            ],
            [
              4.3493737,
              51.0246291
            ],
            [
              4.3488499,
              51.0236859
            ],
            [
              4.348687,
              51.0235366
            ],
            [
              4.3449611,
              51.0213119
            ],
            [
              4.3445475,
              51.0209267
            ],
            [
              4.3439045,
              51.0207197
            ],
            [
              4.34401,
              51.020533
            ],
            [
              4.3438801,
              51.0204144
            ],
            [
              4.3430473,
              51.0200792
            ],
            [
              4.3422868,
              51.0196425
            ],
            [
              4.342233,
              51.019356
            ],
            [
              4.342127,
              51.0192549
            ],
            [
              4.3423873,
              51.0186979
            ],
            [
              4.3421616,
              51.0185928
            ],
            [
              4.342353,
              51.0183842
            ],
            [
              4.3423957,
              51.0174453
            ],
            [
              4.342515,
              51.0171995
            ],
            [
              4.3422221,
              51.0171366
            ],
            [
              4.3422465,
              51.017017
            ],
            [
              4.3424581,
              51.0168509
            ],
            [
              4.3429358,
              51.0166996
            ],
            [
              4.3439238,
              51.0168947
            ],
            [
              4.3486704,
              51.0188292
            ],
            [
              4.3489428,
              51.018882
            ],
            [
              4.3491727,
              51.01882
            ],
            [
              4.3505458,
              51.0177506
            ],
            [
              4.3518201,
              51.0171605
            ],
            [
              4.355975,
              51.0166661
            ],
            [
              4.356462,
              51.0167389
            ],
            [
              4.3571542,
              51.0171144
            ],
            [
              4.3574041,
              51.01638
            ],
            [
              4.3595572,
              51.0169245
            ],
            [
              4.3595308,
              51.0170655
            ],
            [
              4.3610995,
              51.0177378
            ],
            [
              4.3622154,
              51.0179968
            ],
            [
              4.3615368,
              51.0196401
            ],
            [
              4.3618054,
              51.0208198
            ],
            [
              4.3620467,
              51.0210373
            ],
            [
              4.3626888,
              51.0220501
            ],
            [
              4.3627846,
              51.0225073
            ],
            [
              4.3639448,
              51.0230357
            ],
            [
              4.3643233,
              51.0236541
            ],
            [
              4.3647515,
              51.0240815
            ],
            [
              4.3691656,
              51.0258886
            ],
            [
              4.372315,
              51.0263135
            ],
            [
              4.3739518,
              51.0275862
            ],
            [
              4.3742907,
              51.0276404
            ],
            [
              4.3751982,
              51.02729
            ],
            [
              4.3757481,
              51.0276529
            ],
            [
              4.3757308,
              51.0277224
            ],
            [
              4.3746432,
              51.0282439
            ],
            [
              4.3737505,
              51.0284598
            ],
            [
              4.3733042,
              51.0286758
            ],
            [
              4.3726603,
              51.0292585
            ],
            [
              4.372593,
              51.0293946
            ],
            [
              4.3734835,
              51.0303375
            ],
            [
              4.3738664,
              51.0306062
            ],
            [
              4.3745233,
              51.0308536
            ],
            [
              4.3748783,
              51.0308979
            ],
            [
              4.3757426,
              51.0305217
            ],
            [
              4.3766492,
              51.0302824
            ],
            [
              4.3775173,
              51.029816
            ],
            [
              4.3811589,
              51.0293885
            ],
            [
              4.3811457,
              51.0293221
            ],
            [
              4.3814515,
              51.0292861
            ],
            [
              4.3816926,
              51.028885
            ],
            [
              4.3813789,
              51.0287653
            ],
            [
              4.3809598,
              51.0282623
            ],
            [
              4.3811566,
              51.0281903
            ],
            [
              4.3811399,
              51.0281326
            ],
            [
              4.3808615,
              51.0278397
            ],
            [
              4.3807073,
              51.0276004
            ],
            [
              4.3807422,
              51.0274647
            ],
            [
              4.3806766,
              51.0273551
            ],
            [
              4.380066,
              51.0265707
            ],
            [
              4.3787066,
              51.0258874
            ],
            [
              4.3773684,
              51.0253749
            ],
            [
              4.37694,
              51.0251328
            ],
            [
              4.3767509,
              51.0249288
            ],
            [
              4.3765944,
              51.0244995
            ],
            [
              4.376255,
              51.0240834
            ],
            [
              4.3762462,
              51.0236422
            ],
            [
              4.3761442,
              51.0234732
            ],
            [
              4.3762699,
              51.0233226
            ],
            [
              4.3760282,
              51.0232368
            ],
            [
              4.3758761,
              51.0233395
            ],
            [
              4.3756327,
              51.023149
            ],
            [
              4.3745174,
              51.0231031
            ],
            [
              4.3737216,
              51.0227538
            ],
            [
              4.3731934,
              51.0223812
            ],
            [
              4.3728309,
              51.02164
            ],
            [
              4.3730924,
              51.0205083
            ],
            [
              4.3730168,
              51.0201925
            ],
            [
              4.3731009,
              51.0199585
            ],
            [
              4.3727848,
              51.0197124
            ],
            [
              4.3725574,
              51.0197385
            ],
            [
              4.3718426,
              51.0191842
            ],
            [
              4.3717845,
              51.0190667
            ],
            [
              4.3721195,
              51.0175525
            ],
            [
              4.3721263,
              51.0173407
            ],
            [
              4.3718528,
              51.0165009
            ],
            [
              4.3719454,
              51.0155562
            ],
            [
              4.3708781,
              51.0152782
            ],
            [
              4.3700822,
              51.0151722
            ],
            [
              4.370179,
              51.0142033
            ],
            [
              4.3704979,
              51.0142398
            ],
            [
              4.3706424,
              51.0140294
            ],
            [
              4.3706013,
              51.0136852
            ],
            [
              4.3704483,
              51.0136448
            ],
            [
              4.370707,
              51.0131723
            ],
            [
              4.3713244,
              51.0131773
            ],
            [
              4.3713696,
              51.0131105
            ],
            [
              4.371291,
              51.0122135
            ],
            [
              4.3752639,
              51.0127416
            ],
            [
              4.3765628,
              51.012633
            ],
            [
              4.3786821,
              51.0122522
            ],
            [
              4.381001,
              51.0124327
            ],
            [
              4.3819934,
              51.0121454
            ],
            [
              4.3832102,
              51.0119602
            ],
            [
              4.3854404,
              51.011206
            ],
            [
              4.3864748,
              51.0105651
            ],
            [
              4.3868503,
              51.010587
            ],
            [
              4.3880273,
              51.0111994
            ],
            [
              4.3891323,
              51.010994
            ],
            [
              4.3898832,
              51.0111441
            ],
            [
              4.3902852,
              51.0106924
            ],
            [
              4.390168,
              51.0104811
            ],
            [
              4.3903588,
              51.0102536
            ],
            [
              4.3903244,
              51.0101294
            ],
            [
              4.3901356,
              51.01007
            ],
            [
              4.3901785,
              51.0099836
            ],
            [
              4.3900755,
              51.0097783
            ],
            [
              4.3901785,
              51.0095677
            ],
            [
              4.3900583,
              51.0093301
            ],
            [
              4.3901468,
              51.0091987
            ],
            [
              4.3899909,
              51.0091452
            ],
            [
              4.3899135,
              51.0090031
            ],
            [
              4.3900497,
              51.0087886
            ],
            [
              4.3898364,
              51.0086372
            ],
            [
              4.3899546,
              51.0077855
            ],
            [
              4.3896003,
              51.006586
            ],
            [
              4.3896623,
              51.0062722
            ],
            [
              4.3899558,
              51.0061269
            ],
            [
              4.3898553,
              51.005752
            ],
            [
              4.3892711,
              51.005347
            ],
            [
              4.3884248,
              51.0052105
            ],
            [
              4.3881431,
              51.0048116
            ],
            [
              4.387188,
              51.004417
            ],
            [
              4.3865367,
              51.0037078
            ],
            [
              4.3861903,
              51.0031362
            ],
            [
              4.3860112,
              51.0029907
            ],
            [
              4.3855514,
              51.0029246
            ],
            [
              4.3848471,
              51.0026361
            ],
            [
              4.3839287,
              51.0023848
            ],
            [
              4.3834351,
              51.0023927
            ],
            [
              4.383048,
              51.00227
            ],
            [
              4.3827127,
              51.0017175
            ],
            [
              4.3814344,
              51.0019857
            ],
            [
              4.3813905,
              51.002269
            ],
            [
              4.3806204,
              51.0027699
            ],
            [
              4.3807795,
              51.0028114
            ],
            [
              4.3797896,
              51.0037008
            ],
            [
              4.3791591,
              51.0040696
            ],
            [
              4.3782242,
              51.0037477
            ],
            [
              4.3781365,
              51.0038117
            ],
            [
              4.377158,
              51.0034346
            ],
            [
              4.3778892,
              51.0027919
            ],
            [
              4.3763351,
              51.0017445
            ],
            [
              4.375129,
              51.0027913
            ],
            [
              4.3745719,
              51.0034153
            ],
            [
              4.3748918,
              51.0030074
            ],
            [
              4.3728468,
              51.0019506
            ],
            [
              4.3742274,
              51.0013218
            ],
            [
              4.3731752,
              51.0005932
            ],
            [
              4.372584,
              51.0009165
            ],
            [
              4.3716829,
              51.0002405
            ],
            [
              4.3703859,
              51.0009995
            ],
            [
              4.3694035,
              51.0003228
            ],
            [
              4.369796,
              50.9997747
            ],
            [
              4.3726474,
              50.9972566
            ],
            [
              4.3738216,
              50.9977398
            ],
            [
              4.3780102,
              50.9938164
            ],
            [
              4.3782811,
              50.9930991
            ],
            [
              4.3776541,
              50.9928438
            ],
            [
              4.3800581,
              50.9906614
            ],
            [
              4.3789057,
              50.9900415
            ],
            [
              4.3787369,
              50.9897017
            ],
            [
              4.3779969,
              50.9892708
            ],
            [
              4.3780427,
              50.9890599
            ],
            [
              4.3779608,
              50.9889582
            ],
            [
              4.3764181,
              50.9877443
            ],
            [
              4.3750972,
              50.9871602
            ],
            [
              4.3741426,
              50.9869189
            ],
            [
              4.3717201,
              50.9859372
            ],
            [
              4.3709554,
              50.985749
            ],
            [
              4.3704604,
              50.9858275
            ],
            [
              4.3698872,
              50.9857263
            ],
            [
              4.3695232,
              50.9853888
            ],
            [
              4.3692696,
              50.9853101
            ],
            [
              4.3692842,
              50.9850831
            ],
            [
              4.3684551,
              50.9847084
            ],
            [
              4.368304,
              50.9847192
            ],
            [
              4.3678047,
              50.9841872
            ],
            [
              4.3678818,
              50.9839698
            ],
            [
              4.3676808,
              50.9838767
            ],
            [
              4.3673942,
              50.9835229
            ],
            [
              4.3657441,
              50.9831506
            ],
            [
              4.3652953,
              50.9831389
            ],
            [
              4.364412,
              50.9823109
            ],
            [
              4.3643696,
              50.9819357
            ],
            [
              4.364522,
              50.9816416
            ],
            [
              4.3644377,
              50.9813662
            ],
            [
              4.3637842,
              50.9808351
            ],
            [
              4.3636748,
              50.9804931
            ],
            [
              4.362809,
              50.9793001
            ],
            [
              4.3619155,
              50.9787496
            ],
            [
              4.3615987,
              50.9782565
            ],
            [
              4.3610929,
              50.9776947
            ],
            [
              4.3607481,
              50.9776678
            ],
            [
              4.3611762,
              50.9761354
            ],
            [
              4.3612094,
              50.9757785
            ],
            [
              4.3608402,
              50.9755545
            ],
            [
              4.3608473,
              50.9753899
            ],
            [
              4.3606967,
              50.9752771
            ],
            [
              4.3605968,
              50.9748411
            ],
            [
              4.3603732,
              50.9747861
            ],
            [
              4.3599177,
              50.9739859
            ],
            [
              4.3596371,
              50.973773
            ],
            [
              4.3593289,
              50.9731568
            ],
            [
              4.359064,
              50.972869
            ],
            [
              4.3589409,
              50.9724661
            ],
            [
              4.3584046,
              50.9720929
            ],
            [
              4.3574243,
              50.971082
            ],
            [
              4.3568364,
              50.9706286
            ],
            [
              4.356065,
              50.970273
            ],
            [
              4.3558708,
              50.9703996
            ],
            [
              4.3547306,
              50.9696614
            ],
            [
              4.3535463,
              50.9686352
            ],
            [
              4.3530253,
              50.9689707
            ],
            [
              4.3526255,
              50.9687235
            ],
            [
              4.3476109,
              50.9728907
            ],
            [
              4.3442098,
              50.9744173
            ],
            [
              4.3427228,
              50.9749782
            ],
            [
              4.3422134,
              50.9750442
            ],
            [
              4.3419745,
              50.9752507
            ],
            [
              4.342074,
              50.9754702
            ],
            [
              4.3426711,
              50.9752792
            ],
            [
              4.3436227,
              50.9753843
            ],
            [
              4.3442975,
              50.9755594
            ],
            [
              4.3449191,
              50.9759584
            ],
            [
              4.345938,
              50.9761519
            ],
            [
              4.3461239,
              50.9765562
            ],
            [
              4.3483024,
              50.9773837
            ],
            [
              4.349294,
              50.9779565
            ],
            [
              4.3490779,
              50.9782038
            ],
            [
              4.3499139,
              50.9784582
            ],
            [
              4.3494583,
              50.9790736
            ],
            [
              4.35,
              50.9792664
            ],
            [
              4.3494517,
              50.980112
            ],
            [
              4.3503517,
              50.9806256
            ],
            [
              4.3489871,
              50.9825902
            ],
            [
              4.3476419,
              50.9837878
            ],
            [
              4.3463812,
              50.9846665
            ],
            [
              4.3456724,
              50.9853192
            ],
            [
              4.344805,
              50.9865615
            ],
            [
              4.3446613,
              50.9875166
            ],
            [
              4.3444185,
              50.9879524
            ],
            [
              4.3434269,
              50.989252
            ],
            [
              4.3416209,
              50.9911913
            ],
            [
              4.3397031,
              50.9938654
            ],
            [
              4.339065,
              50.9950224
            ],
            [
              4.3386554,
              50.9954689
            ],
            [
              4.3374196,
              50.9962623
            ],
            [
              4.3356676,
              50.9975837
            ],
            [
              4.3342587,
              50.9992634
            ],
            [
              4.3334492,
              51.0009734
            ],
            [
              4.3323472,
              51.0020959
            ],
            [
              4.3317217,
              51.0029117
            ],
            [
              4.3315028,
              51.0034422
            ],
            [
              4.3314441,
              51.0046262
            ],
            [
              4.3311171,
              51.005893
            ],
            [
              4.3307171,
              51.0065128
            ],
            [
              4.3298428,
              51.0073593
            ],
            [
              4.3296734,
              51.0076503
            ],
            [
              4.329592,
              51.0080176
            ],
            [
              4.3296891,
              51.0087189
            ],
            [
              4.3293706,
              51.0093743
            ],
            [
              4.328971,
              51.0099695
            ],
            [
              4.328828,
              51.0103656
            ],
            [
              4.3289156,
              51.0117105
            ],
            [
              4.3291158,
              51.0126984
            ],
            [
              4.329031,
              51.0133916
            ],
            [
              4.3288098,
              51.0139457
            ],
            [
              4.3275638,
              51.0150497
            ],
            [
              4.3263968,
              51.0156956
            ],
            [
              4.324186,
              51.016582
            ],
            [
              4.3230728,
              51.0169113
            ],
            [
              4.321712,
              51.0176214
            ],
            [
              4.3212331,
              51.0179838
            ],
            [
              4.320239,
              51.0190438
            ],
            [
              4.3195063,
              51.0200858
            ],
            [
              4.322847,
              51.026712
            ]
          ]
        ]
      },
      "properties": {
        "type": "boundary",
        "gemeente": "Kapelle-op-den-Bos"
      }
    }
  ]
}