{
  "type": "FeatureCollection",
  "metadata": {
    "gemeente": "Lede",
    "slug": "lede",
    "generated_at": "2026-09-25T22:11:40.377398Z",
    "total_points": 24,
    "providers": [
      "bpost",
      "DHL",
      "GLS",
      "InPost",
      "VintedGo",
      "PostNL",
      "DPD",
      "Amazon",
      "ViaTim"
    ],
    "bounds": [
      3.89904,
      50.957806,
      3.98567,
      50.98043
    ]
  },
  "features": [
    {
      "type": "Feature",
      "geometry": {
        "type": "Point",
        "coordinates": [
          3.89904,
          50.95781
        ]
      },
      "properties": {
        "type": "pakketpunt",
        "locatieNaam": "Dagbladhandel Sigrid",
        "straatNaam": "Grote Steenweg",
        "straatNr": "133",
        "vervoerder": "bpost",
        "puntType": "servicepunt",
        "bezettingsgraad": 50,
        "latitude": 50.95781,
        "longitude": 3.89904,
        "canPickup": true,
        "canDropoff": true,
        "openingstijden": null
      }
    },
    {
      "type": "Feature",
      "geometry": {
        "type": "Point",
        "coordinates": [
          3.97309,
          50.98043
        ]
      },
      "properties": {
        "type": "pakketpunt",
        "locatieNaam": "Bbox 24/7 Parking Delhaize Lede",
        "straatNaam": "Wichelse Steenweg",
        "straatNr": "192-192C",
        "vervoerder": "bpost",
        "puntType": "automaat",
        "bezettingsgraad": 50,
        "latitude": 50.98043,
        "longitude": 3.97309,
        "canPickup": true,
        "canDropoff": true,
        "openingstijden": null
      }
    },
    {
      "type": "Feature",
      "geometry": {
        "type": "Point",
        "coordinates": [
          3.97395,
          50.97961
        ]
      },
      "properties": {
        "type": "pakketpunt",
        "locatieNaam": "Delhaize Lede",
        "straatNaam": "Wichelse Steenweg",
        "straatNr": "192-192C",
        "vervoerder": "bpost",
        "puntType": "servicepunt",
        "bezettingsgraad": 50,
        "latitude": 50.97961,
        "longitude": 3.97395,
        "canPickup": true,
        "canDropoff": true,
        "openingstijden": null
      }
    },
    {
      "type": "Feature",
      "geometry": {
        "type": "Point",
        "coordinates": [
          3.97467,
          50.97707
        ]
      },
      "properties": {
        "type": "pakketpunt",
        "locatieNaam": "Pakjesautomaat 24/7 Bon Ap Lede",
        "straatNaam": "Wichelse Steenweg",
        "straatNr": "146",
        "vervoerder": "bpost",
        "puntType": "automaat",
        "bezettingsgraad": 50,
        "latitude": 50.97707,
        "longitude": 3.97467,
        "canPickup": true,
        "canDropoff": true,
        "openingstijden": null
      }
    },
    {
      "type": "Feature",
      "geometry": {
        "type": "Point",
        "coordinates": [
          3.98567,
          50.97045
        ]
      },
      "properties": {
        "type": "pakketpunt",
        "locatieNaam": "Pakjesautomaat 24/7 Station Lede",
        "straatNaam": "Stationsstraat",
        "straatNr": "48",
        "vervoerder": "bpost",
        "puntType": "automaat",
        "bezettingsgraad": 50,
        "latitude": 50.97045,
        "longitude": 3.98567,
        "canPickup": true,
        "canDropoff": true,
        "openingstijden": null
      }
    },
    {
      "type": "Feature",
      "geometry": {
        "type": "Point",
        "coordinates": [
          3.97839,
          50.96703
        ]
      },
      "properties": {
        "type": "pakketpunt",
        "locatieNaam": "Lede",
        "straatNaam": "Administratief Centrum",
        "straatNr": "1",
        "vervoerder": "bpost",
        "puntType": "postkantoor",
        "bezettingsgraad": 50,
        "latitude": 50.96703,
        "longitude": 3.97839,
        "canPickup": true,
        "canDropoff": true,
        "openingstijden": null
      }
    },
    {
      "type": "Feature",
      "geometry": {
        "type": "Point",
        "coordinates": [
          3.89904,
          50.957806
        ]
      },
      "properties": {
        "type": "pakketpunt",
        "locatieNaam": "DAGBLADHANDEL SIGRID",
        "straatNaam": "GROTE STEENWEG",
        "straatNr": "133",
        "vervoerder": "DHL",
        "puntType": "parcelShop",
        "bezettingsgraad": 50,
        "latitude": 50.957806,
        "longitude": 3.89904,
        "canPickup": true,
        "canDropoff": true,
        "openingstijden": {
          "ma": "06:30 - 12:00",
          "di": "06:30 - 12:00, 13:45 - 16:30",
          "wo": "06:30 - 12:00, 13:45 - 16:30",
          "do": "06:30 - 12:00, 13:45 - 16:30",
          "vr": "06:30 - 12:00, 13:45 - 16:30",
          "za": "07:30 - 12:30",
          "zo": "gesloten"
        }
      }
    },
    {
      "type": "Feature",
      "geometry": {
        "type": "Point",
        "coordinates": [
          3.97839,
          50.96703
        ]
      },
      "properties": {
        "type": "pakketpunt",
        "locatieNaam": "LEDE",
        "straatNaam": "ADMINISTRATIEF CENTRUM",
        "straatNr": "1",
        "vervoerder": "DHL",
        "puntType": "postOffice",
        "bezettingsgraad": 50,
        "latitude": 50.96703,
        "longitude": 3.97839,
        "canPickup": true,
        "canDropoff": true,
        "openingstijden": {
          "ma": "09:30 - 12:30, 13:30 - 17:00",
          "di": "09:30 - 12:30, 13:30 - 18:00",
          "wo": "09:30 - 12:30, 13:30 - 17:00",
          "do": "09:30 - 12:30, 13:30 - 18:00",
          "vr": "09:30 - 12:30, 13:30 - 17:00",
          "za": "09:30 - 13:00",
          "zo": "gesloten"
        }
      }
    },
    {
      "type": "Feature",
      "geometry": {
        "type": "Point",
        "coordinates": [
          3.98567,
          50.970448
        ]
      },
      "properties": {
        "type": "pakketpunt",
        "locatieNaam": "PARCEL LOCKER 24/7 STATION LEDE",
        "straatNaam": "STATIONSSTRAAT",
        "straatNr": "48",
        "vervoerder": "DHL",
        "puntType": "packStation",
        "bezettingsgraad": 50,
        "latitude": 50.970448,
        "longitude": 3.98567,
        "canPickup": true,
        "canDropoff": true,
        "openingstijden": {
          "ma": "00:00 - 23:59",
          "di": "00:00 - 23:59",
          "wo": "00:00 - 23:59",
          "do": "00:00 - 23:59",
          "vr": "00:00 - 23:59",
          "za": "00:00 - 23:59",
          "zo": "00:00 - 23:59"
        }
      }
    },
    {
      "type": "Feature",
      "geometry": {
        "type": "Point",
        "coordinates": [
          3.973085,
          50.980426
        ]
      },
      "properties": {
        "type": "pakketpunt",
        "locatieNaam": "BBOX 24/7 PARKING DELHAIZE LEDE",
        "straatNaam": "WICHELSE STEENWEG",
        "straatNr": "192-192C",
        "vervoerder": "DHL",
        "puntType": "packStation",
        "bezettingsgraad": 50,
        "latitude": 50.980426,
        "longitude": 3.973085,
        "canPickup": true,
        "canDropoff": true,
        "openingstijden": {
          "ma": "00:00 - 23:59",
          "di": "00:00 - 23:59",
          "wo": "00:00 - 23:59",
          "do": "00:00 - 23:59",
          "vr": "00:00 - 23:59",
          "za": "00:00 - 23:59",
          "zo": "00:00 - 23:59"
        }
      }
    },
    {
      "type": "Feature",
      "geometry": {
        "type": "Point",
        "coordinates": [
          3.973953,
          50.979614
        ]
      },
      "properties": {
        "type": "pakketpunt",
        "locatieNaam": "DELHAIZE LEDE",
        "straatNaam": "WICHELSE STEENWEG",
        "straatNr": "192-192C",
        "vervoerder": "DHL",
        "puntType": "parcelShop",
        "bezettingsgraad": 50,
        "latitude": 50.979614,
        "longitude": 3.973953,
        "canPickup": true,
        "canDropoff": true,
        "openingstijden": {
          "ma": "08:00 - 20:00",
          "di": "08:00 - 20:00",
          "wo": "08:00 - 20:00",
          "do": "08:00 - 20:00",
          "vr": "08:00 - 20:00",
          "za": "08:00 - 20:00",
          "zo": "08:00 - 13:00"
        }
      }
    },
    {
      "type": "Feature",
      "geometry": {
        "type": "Point",
        "coordinates": [
          3.974674,
          50.977067
        ]
      },
      "properties": {
        "type": "pakketpunt",
        "locatieNaam": "PARCEL LOCKER 24/7 BON AP LEDE",
        "straatNaam": "WICHELSE STEENWEG",
        "straatNr": "146",
        "vervoerder": "DHL",
        "puntType": "packStation",
        "bezettingsgraad": 50,
        "latitude": 50.977067,
        "longitude": 3.974674,
        "canPickup": true,
        "canDropoff": true,
        "openingstijden": {
          "ma": "00:00 - 23:59",
          "di": "00:00 - 23:59",
          "wo": "00:00 - 23:59",
          "do": "00:00 - 23:59",
          "vr": "00:00 - 23:59",
          "za": "00:00 - 23:59",
          "zo": "00:00 - 23:59"
        }
      }
    },
    {
      "type": "Feature",
      "geometry": {
        "type": "Point",
        "coordinates": [
          3.973767,
          50.9798376
        ]
      },
      "properties": {
        "type": "pakketpunt",
        "locatieNaam": "AD Delhaize",
        "straatNaam": "Wichelsesteenweg",
        "straatNr": "192C",
        "vervoerder": "GLS",
        "puntType": "parcel_shop",
        "bezettingsgraad": 50,
        "latitude": 50.9798376,
        "longitude": 3.973767,
        "canPickup": true,
        "canDropoff": true,
        "openingstijden": "vr: 08:00 - 19:00; za: 08:00 - 19:00"
      }
    },
    {
      "type": "Feature",
      "geometry": {
        "type": "Point",
        "coordinates": [
          3.98387,
          50.97396
        ]
      },
      "properties": {
        "type": "pakketpunt",
        "locatieNaam": "STRIJKDIENSTEN",
        "straatNaam": "Herdergemsestraat 7",
        "straatNr": "",
        "vervoerder": "InPost",
        "puntType": "servicepunt",
        "bezettingsgraad": 50,
        "latitude": 50.97396,
        "longitude": 3.98387,
        "canPickup": true,
        "canDropoff": true,
        "openingstijden": null
      }
    },
    {
      "type": "Feature",
      "geometry": {
        "type": "Point",
        "coordinates": [
          3.97361,
          50.97972
        ]
      },
      "properties": {
        "type": "pakketpunt",
        "locatieNaam": "Delhaize Lede",
        "straatNaam": "Wichelse steenweg",
        "straatNr": "192",
        "vervoerder": "VintedGo",
        "puntType": "parcel_shop",
        "bezettingsgraad": 50,
        "latitude": 50.97972,
        "longitude": 3.97361,
        "canPickup": true,
        "canDropoff": true,
        "openingstijden": null
      }
    },
    {
      "type": "Feature",
      "geometry": {
        "type": "Point",
        "coordinates": [
          3.98387,
          50.97396
        ]
      },
      "properties": {
        "type": "pakketpunt",
        "locatieNaam": " Strijkpunt",
        "straatNaam": "Herdergemsestraat",
        "straatNr": "7",
        "vervoerder": "VintedGo",
        "puntType": "social",
        "bezettingsgraad": 50,
        "latitude": 50.97396,
        "longitude": 3.98387,
        "canPickup": true,
        "canDropoff": true,
        "openingstijden": null
      }
    },
    {
      "type": "Feature",
      "geometry": {
        "type": "Point",
        "coordinates": [
          3.977151,
          50.966458
        ]
      },
      "properties": {
        "type": "pakketpunt",
        "locatieNaam": "Carrefour Market Lede",
        "straatNaam": "Markt",
        "straatNr": "34",
        "vervoerder": "PostNL",
        "puntType": "servicepunt",
        "bezettingsgraad": 50,
        "latitude": 50.966458,
        "longitude": 3.977151,
        "canPickup": true,
        "canDropoff": true,
        "openingstijden": "08:30 - 19:00"
      }
    },
    {
      "type": "Feature",
      "geometry": {
        "type": "Point",
        "coordinates": [
          3.9838749,
          50.9739634
        ]
      },
      "properties": {
        "type": "pakketpunt",
        "locatieNaam": "DPD BUURTPUNT VIATIM EN STRIJKPUNT",
        "straatNaam": "HERDERGEMSESTRAAT",
        "straatNr": "7",
        "vervoerder": "DPD",
        "puntType": "pickup_point",
        "bezettingsgraad": 50,
        "latitude": 50.9739634,
        "longitude": 3.9838749,
        "canPickup": true,
        "canDropoff": false,
        "openingstijden": {
          "ma": "16:00 - 20:00",
          "di": "16:00 - 20:00",
          "wo": "14:30 - 18:00",
          "do": "16:00 - 20:00",
          "vr": "13:00 - 19:00",
          "za": "10:00 - 14:00",
          "zo": "gesloten"
        }
      }
    },
    {
      "type": "Feature",
      "geometry": {
        "type": "Point",
        "coordinates": [
          3.973085,
          50.980426
        ]
      },
      "properties": {
        "type": "pakketpunt",
        "locatieNaam": "bpost - BBOX 24/7 PARKING DELHAIZE LEDE",
        "straatNaam": "WICHELSE STEENWEG,192-192C",
        "straatNr": "",
        "vervoerder": "Amazon",
        "puntType": "3p",
        "bezettingsgraad": 50,
        "latitude": 50.980426,
        "longitude": 3.973085,
        "canPickup": true,
        "canDropoff": false,
        "openingstijden": null
      }
    },
    {
      "type": "Feature",
      "geometry": {
        "type": "Point",
        "coordinates": [
          3.973953,
          50.9796143
        ]
      },
      "properties": {
        "type": "pakketpunt",
        "locatieNaam": "bpost - DELHAIZE LEDE",
        "straatNaam": "WICHELSE STEENWEG,192-192C",
        "straatNr": "",
        "vervoerder": "Amazon",
        "puntType": "3p",
        "bezettingsgraad": 50,
        "latitude": 50.9796143,
        "longitude": 3.973953,
        "canPickup": true,
        "canDropoff": false,
        "openingstijden": null
      }
    },
    {
      "type": "Feature",
      "geometry": {
        "type": "Point",
        "coordinates": [
          3.97839,
          50.96703
        ]
      },
      "properties": {
        "type": "pakketpunt",
        "locatieNaam": "bpost - LEDE",
        "straatNaam": "ADMINISTRATIEF CENTRUM,1",
        "straatNr": "",
        "vervoerder": "Amazon",
        "puntType": "3p",
        "bezettingsgraad": 50,
        "latitude": 50.96703,
        "longitude": 3.97839,
        "canPickup": true,
        "canDropoff": false,
        "openingstijden": null
      }
    },
    {
      "type": "Feature",
      "geometry": {
        "type": "Point",
        "coordinates": [
          3.89904,
          50.957806
        ]
      },
      "properties": {
        "type": "pakketpunt",
        "locatieNaam": "bpost - DAGBLADHANDEL SIGRID",
        "straatNaam": "GROTE STEENWEG,133",
        "straatNr": "",
        "vervoerder": "Amazon",
        "puntType": "3p",
        "bezettingsgraad": 50,
        "latitude": 50.957806,
        "longitude": 3.89904,
        "canPickup": true,
        "canDropoff": false,
        "openingstijden": null
      }
    },
    {
      "type": "Feature",
      "geometry": {
        "type": "Point",
        "coordinates": [
          3.9737134,
          50.979689
        ]
      },
      "properties": {
        "type": "pakketpunt",
        "locatieNaam": "ViaTim en Delhaize Lede",
        "straatNaam": "Wichelsesteenweg",
        "straatNr": "192",
        "vervoerder": "ViaTim",
        "puntType": "servicepunt",
        "bezettingsgraad": 50,
        "latitude": 50.979689,
        "longitude": 3.9737134,
        "canPickup": true,
        "canDropoff": true,
        "openingstijden": {
          "ma": "09:00 - 19:00",
          "di": "08:00 - 19:00",
          "wo": "08:00 - 19:00",
          "do": "08:00 - 19:00",
          "vr": "08:00 - 19:00",
          "za": "08:00 - 19:00",
          "zo": "08:00 - 12:00"
        }
      }
    },
    {
      "type": "Feature",
      "geometry": {
        "type": "Point",
        "coordinates": [
          3.983865,
          50.9739595
        ]
      },
      "properties": {
        "type": "pakketpunt",
        "locatieNaam": "ViaTim en Strijkpunt Silke",
        "straatNaam": "Herdergemsestraat",
        "straatNr": "7",
        "vervoerder": "ViaTim",
        "puntType": "servicepunt",
        "bezettingsgraad": 50,
        "latitude": 50.9739595,
        "longitude": 3.983865,
        "canPickup": true,
        "canDropoff": true,
        "openingstijden": {
          "ma": "16:00 - 20:00",
          "di": "16:00 - 20:00",
          "wo": "14:30 - 18:00",
          "do": "16:00 - 20:00",
          "vr": "13:00 - 19:00",
          "za": "10:00 - 14:00",
          "zo": "gesloten"
        }
      }
    },
    {
      "type": "Feature",
      "geometry": {
        "type": "MultiPolygon",
        "coordinates": [
          [
            [
              [
                3.9029948635390337,
                50.95678937842962
              ],
              [
                3.9028180403372885,
                50.956549446600754
              ],
              [
                3.9026048354571348,
                50.95632161631168
              ],
              [
                3.902357302512302,
                50.956108081503686
              ],
              [
                3.9020778255896755,
                50.9559108984281
              ],
              [
                3.9017690962811895,
                50.955731965851385
              ],
              [
                3.9014340877594096,
                50.95557300677718
              ],
              [
                3.901076026146528,
                50.95543555186112
              ],
              [
                3.900698359452472,
                50.955320924677764
              ],
              [
                3.900304724380944,
                50.95523022898113
              ],
              [
                3.899898911322612,
                50.955164338081524
              ],
              [
                3.8994848278719636,
                50.955123886440305
              ],
              [
                3.899066461218346,
                50.955109263563735
              ],
              [
                3.8986478397725493,
                50.95512061025429
              ],
              [
                3.898232994397465,
                50.95515781725567
              ],
              [
                3.897825919615204,
                50.95522052630408
              ],
              [
                3.8974305351632483,
                50.955308133576466
              ],
              [
                3.8970506482688583,
                50.95541979550158
              ],
              [
                3.8966899170042018,
                50.955554436879076
              ],
              [
                3.896351815074261,
                50.955710761227806
              ],
              [
                3.8960395983760048,
                50.95588726326441
              ],
              [
                3.8957562736503677,
                50.95608224339216
              ],
              [
                3.8955045695286374,
                50.956293824060694
              ],
              [
                3.8952869102519694,
                50.956519967839704
              ],
              [
                3.8951053923172148,
                50.9567584970324
              ],
              [
                3.8949617642742482,
                50.95700711464067
              ],
              [
                3.8948574098698505,
                50.95726342647996
              ],
              [
                3.8947933347010943,
                50.95752496423116
              ],
              [
                3.894770156507569,
                50.95778920920795
              ],
              [
                3.8947703093895027,
                50.957791462122344
              ],
              [
                3.8947701561433683,
                50.95779320920797
              ],
              [
                3.894788098834154,
                50.95805761661025
              ],
              [
                3.8948469903038974,
                50.95831964003207
              ],
              [
                3.8949462640613204,
                50.9585767559846
              ],
              [
                3.8950849646612244,
                50.95882648820141
              ],
              [
                3.8952617568823027,
                50.95906643148993
              ],
              [
                3.8954749385652474,
                50.95929427490017
              ],
              [
                3.8957224569883064,
                50.95950782398656
              ],
              [
                3.896001928623267,
                50.95970502194909
              ],
              [
                3.8963106620820827,
                50.959883969449145
              ],
              [
                3.896645684033454,
                50.96004294290961
              ],
              [
                3.8970037678399168,
                50.960180411121975
              ],
              [
                3.897381464639538,
                50.96029505000074
              ],
              [
                3.8977751365726037,
                50.96038575534238
              ],
              [
                3.8981809918328425,
                50.960451653465974
              ],
              [
                3.898595121204969,
                50.96049210963255
              ],
              [
                3.8990135357359175,
                50.96050673416192
              ],
              [
                3.8994322051760277,
                50.96049538618807
              ],
              [
                3.8998470968190384,
                50.960458175016676
              ],
              [
                3.900254214365809,
                50.96039545907174
              ],
              [
                3.9006496364364422,
                50.960307842441374
              ],
              [
                3.9010295543589844,
                50.9601961690564
              ],
              [
                3.9013903088698045,
                50.96006151455762
              ],
              [
                3.90172842537147,
                50.95990517593043
              ],
              [
                3.902040647407862,
                50.95972865900686
              ],
              [
                3.902323968033667,
                50.95953366395579
              ],
              [
                3.9025756587758518,
                50.959322068901045
              ],
              [
                3.9027932959080442,
                50.95909591182585
              ],
              [
                3.90297478378493,
                50.958857370937935
              ],
              [
                3.9031183750121854,
                50.95860874368482
              ],
              [
                3.9032226872581908,
                50.95835242462179
              ],
              [
                3.903286716546253,
                50.958090882345516
              ],
              [
                3.90330984690011,
                50.957826635716245
              ],
              [
                3.903309693607814,
                50.95782438281301
              ],
              [
                3.9033098465359113,
                50.957822635716255
              ],
              [
                3.9032918558880545,
                50.95755822959695
              ],
              [
                3.9032329181907963,
                50.95729621034488
              ],
              [
                3.903133601712056,
                50.957039101288615
              ],
              [
                3.9029948635390337,
                50.95678937842962
              ]
            ]
          ],
          [
            [
              [
                3.9703219979392412,
                50.977998338922774
              ],
              [
                3.9700705128284612,
                50.97821007767456
              ],
              [
                3.969853111630559,
                50.9784363578351
              ],
              [
                3.969671888358479,
                50.978675000394006
              ],
              [
                3.969528588725826,
                50.97892370726119
              ],
              [
                3.9695216163322335,
                50.97894089614307
              ],
              [
                3.9693280694234825,
                50.97914234135371
              ],
              [
                3.969146840748858,
                50.979380983050085
              ],
              [
                3.9690035361720564,
                50.97962968922173
              ],
              [
                3.9688995363261035,
                50.97988606483084
              ],
              [
                3.968835843394733,
                50.98014764094383
              ],
              [
                3.9688130714374337,
                50.98041189850449
              ],
              [
                3.9688314404502982,
                50.98067629259152
              ],
              [
                3.9688907742208253,
                50.98093827692636
              ],
              [
                3.9689905019983955,
                50.98119532839623
              ],
              [
                3.969129663965304,
                50.98144497135529
              ],
              [
                3.9693069204566847,
                50.98168480147022
              ],
              [
                3.9695205648414236,
                50.98191250888066
              ],
              [
                3.969768539940808,
                50.98212590045055
              ],
              [
                3.9697704702245584,
                50.98212725909042
              ],
              [
                3.969773539839113,
                50.98212990058936
              ],
              [
                3.970053457770677,
                50.982326921023315
              ],
              [
                3.9703626228030657,
                50.98250567270321
              ],
              [
                3.970698057447253,
                50.98266443393775
              ],
              [
                3.9710565310898027,
                50.98280167556238
              ],
              [
                3.971434591112912,
                50.98291607567391
              ],
              [
                3.9718285961573256,
                50.98300653236855
              ],
              [
                3.9722347512073277,
                50.98307217436029
              ],
              [
                3.9726491441592415,
                50.98311236937717
              ],
              [
                3.973067783520527,
                50.983126730254455
              ],
              [
                3.9734866368754678,
                50.983115118665694
              ],
              [
                3.9739016697460583,
                50.983077646455676
              ],
              [
                3.9743088844728005,
                50.983014674562796
              ],
              [
                3.974704358739947,
                50.98292680954052
              ],
              [
                3.975084283373204,
                50.98281489771216
              ],
              [
                3.9754449990449445,
                50.98268001701514
              ],
              [
                3.975783031532668,
                50.9825234666135
              ],
              [
                3.9760951251904704,
                50.982346754378966
              ],
              [
                3.976378274310699,
                50.98215158236144
              ],
              [
                3.9766297520734484,
                50.981939830389
              ],
              [
                3.9768471368049707,
                50.98171353795603
              ],
              [
                3.976864521945734,
                50.981690640407194
              ],
              [
                3.9770552576161653,
                50.98155916376063
              ],
              [
                3.977306729142043,
                50.981347410300884
              ],
              [
                3.9775241078576427,
                50.981121116574094
              ],
              [
                3.9776316348161758,
                50.980979489882735
              ],
              [
                3.9777100950517807,
                50.98089781072433
              ],
              [
                3.977891285991829,
                50.980659155950555
              ],
              [
                3.978034546556718,
                50.980410439033726
              ],
              [
                3.978138497600681,
                50.98015405539228
              ],
              [
                3.9782021386268362,
                50.97989247424446
              ],
              [
                3.9782248573991326,
                50.97962821482448
              ],
              [
                3.9782248458413627,
                50.97962804894448
              ],
              [
                3.9782248573717927,
                50.97962791482448
              ],
              [
                3.9782064357858533,
                50.97936352211832
              ],
              [
                3.9781470519428535,
                50.979101542353376
              ],
              [
                3.9780472784075696,
                50.9788444984775
              ],
              [
                3.9779988262999595,
                50.97875760889226
              ],
              [
                3.9782135491333874,
                50.9785767843387
              ],
              [
                3.9784309106225972,
                50.97835048873657
              ],
              [
                3.978612088046324,
                50.978111832659074
              ],
              [
                3.9787553370015383,
                50.977863114662874
              ],
              [
                3.978859278454231,
                50.97760673017678
              ],
              [
                3.978922911999831,
                50.9773451484272
              ],
              [
                3.97894562547426,
                50.977080888654086
              ],
              [
                3.978927200823971,
                50.97681649584689
              ],
              [
                3.978867816179428,
                50.97655451623391
              ],
              [
                3.978768044113054,
                50.97629747276157
              ],
              [
                3.978628846099456,
                50.976047840799254
              ],
              [
                3.9784515632322726,
                50.97580802430416
              ],
              [
                3.9782379032879307,
                50.97558033267486
              ],
              [
                3.9779899242617125,
                50.97536695851704
              ],
              [
                3.977710014535336,
                50.975169956534735
              ],
              [
                3.9774008698675307,
                50.9749912237503
              ],
              [
                3.977065467429542,
                50.974832481243276
              ],
              [
                3.9767070371356756,
                50.97469525758373
              ],
              [
                3.9763290305449424,
                50.9745808741193
              ],
              [
                3.9759350876329775,
                50.97449043225709
              ],
              [
                3.9755290017537774,
                50.97442480286313
              ],
              [
                3.975114683128063,
                50.97438461788074
              ],
              [
                3.9746961212090777,
                50.97437026424851
              ],
              [
                3.974277346287403,
                50.9743818801764
              ],
              [
                3.9738623907035433,
                50.974419353815634
              ],
              [
                3.9734552500408276,
                50.974482324334986
              ],
              [
                3.973059844671347,
                50.97457018539366
              ],
              [
                3.9726799820242493,
                50.97468209097674
              ],
              [
                3.9723193199389044,
                50.97481696353756
              ],
              [
                3.971981331455021,
                50.97497350436881
              ],
              [
                3.9716692713781963,
                50.97515020610244
              ],
              [
                3.971386144942358,
                50.97534536721861
              ],
              [
                3.9713845562847228,
                50.97534670491886
              ],
              [
                3.971382144878855,
                50.97534836710844
              ],
              [
                3.971130678772945,
                50.975560108305004
              ],
              [
                3.9709132949821857,
                50.9757863906154
              ],
              [
                3.970732087351861,
                50.97602503500852
              ],
              [
                3.970588801444906,
                50.976273743376574
              ],
              [
                3.970484817714487,
                50.97653012066063
              ],
              [
                3.970421138189065,
                50.97679169791092
              ],
              [
                3.9703983767989346,
                50.9770559560603
              ],
              [
                3.9704167534383275,
                50.977320350181735
              ],
              [
                3.9704760918211917,
                50.9775823339964
              ],
              [
                3.97057092557319,
                50.97782676620514
              ],
              [
                3.9703219979392412,
                50.977998338922774
              ]
            ]
          ],
          [
            [
              [
                3.9791834518537383,
                50.96408620683743
              ],
              [
                3.9788055247488203,
                50.963971830950435
              ],
              [
                3.9784116661924553,
                50.96388139708156
              ],
              [
                3.97800566872646,
                50.963815776019864
              ],
              [
                3.9775914417203397,
                50.96377559962844
              ],
              [
                3.9771729737452786,
                50.96376125476316
              ],
              [
                3.9767542941874314,
                50.96377287954958
              ],
              [
                3.976339434469215,
                50.96381036205357
              ],
              [
                3.975932389251033,
                50.963873341358614
              ],
              [
                3.975537077986095,
                50.96396121103928
              ],
              [
                3.9751573071975432,
                50.964073124997604
              ],
              [
                3.974796733840335,
                50.96420800560628
              ],
              [
                3.9744588300998718,
                50.964364554080476
              ],
              [
                3.9741468499657633,
                50.96454126297856
              ],
              [
                3.973863797902124,
                50.96473643071162
              ],
              [
                3.9736123999158313,
                50.964948177922565
              ],
              [
                3.973395077301263,
                50.96517446557705
              ],
              [
                3.9732139233144403,
                50.96541311459251
              ],
              [
                3.9730706830015188,
                50.965661826816614
              ],
              [
                3.972966736376361,
                50.965918207153244
              ],
              [
                3.97290308510983,
                50.96617978662323
              ],
              [
                3.9728803428597863,
                50.966444046138044
              ],
              [
                3.972898729335824,
                50.96670844075748
              ],
              [
                3.972958068156844,
                50.96697042419788
              ],
              [
                3.9730577885231684,
                50.967227473355074
              ],
              [
                3.973196930688066,
                50.96747711260543
              ],
              [
                3.973374155177005,
                50.96771693765138
              ],
              [
                3.9735877556667476,
                50.96794463868135
              ],
              [
                3.97383567540105,
                50.968158022620756
              ],
              [
                3.974115526985539,
                50.96835503425986
              ],
              [
                3.974424615371623,
                50.96853377605444
              ],
              [
                3.9747599638083835,
                50.968692526408425
              ],
              [
                3.9751183425126535,
                50.96882975626207
              ],
              [
                3.975290187394551,
                50.96888176478855
              ],
              [
                3.975354540083846,
                50.96892706590208
              ],
              [
                3.9756636369646685,
                50.96910580440773
              ],
              [
                3.975998993688278,
                50.969264551199686
              ],
              [
                3.976357380391672,
                50.96940177725251
              ],
              [
                3.976735345294414,
                50.969516160812994
              ],
              [
                3.977129247953482,
                50.96960660013678
              ],
              [
                3.9775352943394267,
                50.96967222410518
              ],
              [
                3.9779495733953656,
                50.96971240061989
              ],
              [
                3.978368094725988,
                50.96972674269436
              ],
              [
                3.9787868270526614,
                50.969715112183216
              ],
              [
                3.979201737063351,
                50.9696776211136
              ],
              [
                3.9796088282821773,
                50.96961463060548
              ],
              [
                3.9800041795832373,
                50.96952674739165
              ],
              [
                3.9803839829768397,
                50.969414817970616
              ],
              [
                3.9807445803032926,
                50.96927992044924
              ],
              [
                3.981082498480102,
                50.96912335415359
              ],
              [
                3.981394482962454,
                50.96894662710846
              ],
              [
                3.9816775290942577,
                50.96875144150634
              ],
              [
                3.9819289110475045,
                50.96853967730615
              ],
              [
                3.9821462080711294,
                50.968313374119965
              ],
              [
                3.982327327796688,
                50.96807471156242
              ],
              [
                3.982470526376684,
                50.967825988252564
              ],
              [
                3.9825744252620665,
                50.96756959967034
              ],
              [
                3.982638024457981,
                50.96730801508158
              ],
              [
                3.9826607121308957,
                50.967043753753565
              ],
              [
                3.9826422704754574,
                50.96677936069069
              ],
              [
                3.9825828777855996,
                50.9665173821237
              ],
              [
                3.982483106710917,
                50.96626034098892
              ],
              [
                3.982343918716174,
                50.966010712633235
              ],
              [
                3.982166654798246,
                50.96577090097906
              ],
              [
                3.981953022550824,
                50.96554321537837
              ],
              [
                3.981705079702252,
                50.96532984837881
              ],
              [
                3.981425214285681,
                50.96513285461544
              ],
              [
                3.9811161216330113,
                50.96495413103152
              ],
              [
                3.9807807784145113,
                50.96479539861797
              ],
              [
                3.9804224139741886,
                50.96465818584771
              ],
              [
                3.980250578879271,
                50.964606184752284
              ],
              [
                3.980186227390063,
                50.9645608862567
              ],
              [
                3.979877143230428,
                50.96438215938382
              ],
              [
                3.9795418082969043,
                50.96422342340833
              ],
              [
                3.9791834518537383,
                50.96408620683743
              ]
            ]
          ],
          [
            [
              [
                3.9894467345923776,
                50.969188668520246
              ],
              [
                3.989233051418259,
                50.968960996391836
              ],
              [
                3.988985057365727,
                50.96874764497329
              ],
              [
                3.9887051409609544,
                50.96855066874962
              ],
              [
                3.9883959980267645,
                50.96837196449508
              ],
              [
                3.9880606057175174,
                50.96821325301452
              ],
              [
                3.987702193849834,
                50.968076062579215
              ],
              [
                3.987324213805177,
                50.96796171421684
              ],
              [
                3.986930305303493,
                50.96787130899653
              ],
              [
                3.9865242613674043,
                50.967805717431496
              ],
              [
                3.9861099918137723,
                50.96776557110079
              ],
              [
                3.9856914856233736,
                50.967751256570814
              ],
              [
                3.9852727725502644,
                50.96776291167505
              ],
              [
                3.984857884339528,
                50.96780042418745
              ],
              [
                3.984450815925899,
                50.96786343290253
              ],
              [
                3.984055486985938,
                50.967951331111664
              ],
              [
                3.983675704213018,
                50.968063272442194
              ],
              [
                3.983315124677557,
                50.96819817900325
              ],
              [
                3.98297722062454,
                50.9683547517601
              ],
              [
                3.982665246046702,
                50.96853148303723
              ],
              [
                3.982382205354794,
                50.968726671030275
              ],
              [
                3.982130824446347,
                50.96893843618702
              ],
              [
                3.9819135244514525,
                50.969164739300254
              ],
              [
                3.981732398408489,
                50.969403401138514
              ],
              [
                3.981589191094698,
                50.969652123426
              ],
              [
                3.981485282206332,
                50.96990851096959
              ],
              [
                3.9814216730510084,
                50.9701700947207
              ],
              [
                3.981398976881195,
                50.97043435554955
              ],
              [
                3.981399053768559,
                50.97043545820209
              ],
              [
                3.9813989766989946,
                50.970436355549566
              ],
              [
                3.9814174127814272,
                50.970700748503006
              ],
              [
                3.9814768042583437,
                50.97096272731362
              ],
              [
                3.9815765798230283,
                50.97121976892171
              ],
              [
                3.981715779197192,
                50.97146939777633
              ],
              [
                3.981810336307464,
                50.9715973060406
              ],
              [
                3.981510034916348,
                50.971709645350025
              ],
              [
                3.9811720995255424,
                50.97186621274652
              ],
              [
                3.98086009477568,
                50.972042939038936
              ],
              [
                3.9805770253680435,
                50.97223812247088
              ],
              [
                3.980325617476685,
                50.97244988353406
              ],
              [
                3.9801082924915554,
                50.97267618306074
              ],
              [
                3.9799271436917203,
                50.972914841854006
              ],
              [
                3.9797839160736177,
                50.97316356166736
              ],
              [
                3.9796799895291044,
                50.97341994733154
              ],
              [
                3.9796163655359087,
                50.97368152981606
              ],
              [
                3.979593657489485,
                50.97394579000334
              ],
              [
                3.979612084770262,
                50.974210182946635
              ],
              [
                3.979671470604377,
                50.97447216237842
              ],
              [
                3.97977124373957,
                50.97472920523303
              ],
              [
                3.9799104439210535,
                50.97497883594754
              ],
              [
                3.980087731115661,
                50.97521865030655
              ],
              [
                3.980301398396311,
                50.97544633860136
              ],
              [
                3.9805493883635226,
                50.97565970788001
              ],
              [
                3.9808293129464873,
                50.975856703073916
              ],
              [
                3.9811384763935003,
                50.97603542679725
              ],
              [
                3.9814739012306197,
                50.97619415762792
              ],
              [
                3.9814825789885395,
                50.976197479307814
              ],
              [
                3.981483801503621,
                50.97619805782646
              ],
              [
                3.9818422572705203,
                50.97633526686243
              ],
              [
                3.982220291460026,
                50.97644963254282
              ],
              [
                3.9826142629616403,
                50.97654005329549
              ],
              [
                3.983020377082698,
                50.97660565818059
              ],
              [
                3.9834347221137616,
                50.97664581528361
              ],
              [
                3.983853307023918,
                50.97666013780502
              ],
              [
                3.984272099922013,
                50.976648487787756
              ],
              [
                3.9846870669124823,
                50.97661097744684
              ],
              [
                3.985094210970529,
                50.97654796808789
              ],
              [
                3.985489610461247,
                50.97646006662526
              ],
              [
                3.9858694569307573,
                50.97634811973321
              ],
              [
                3.9862300918044684,
                50.97621320568694
              ],
              [
                3.9865680416382774,
                50.976056623971644
              ],
              [
                3.986880051582533,
                50.97587988276066
              ],
              [
                3.9871631167360118,
                50.97568468438289
              ],
              [
                3.987414511087636,
                50.97547290892033
              ],
              [
                3.9876318137670936,
                50.97524659609349
              ],
              [
                3.9878129323516576,
                50.975007925609866
              ],
              [
                3.9879561230050276,
                50.97475919616478
              ],
              [
                3.9880600072547137,
                50.97450280329731
              ],
              [
                3.9881235852470414,
                50.9742412163145
              ],
              [
                3.9881462453529055,
                50.97397695450669
              ],
              [
                3.988127770032655,
                50.9737125628828
              ],
              [
                3.988068337904628,
                50.97345058765972
              ],
              [
                3.987968521998401,
                50.973193551741566
              ],
              [
                3.987829284210622,
                50.97294393042492
              ],
              [
                3.987730303897804,
                50.97281007105102
              ],
              [
                3.9880251014434758,
                50.97269977223881
              ],
              [
                3.988363019954469,
                50.97254318519163
              ],
              [
                3.9886749997482758,
                50.97236643902235
              ],
              [
                3.9889580362140795,
                50.97217123610762
              ],
              [
                3.989209403617107,
                50.97195945657309
              ],
              [
                3.9894266813465786,
                50.97173314017853
              ],
              [
                3.98960777722003,
                50.97149446666572
              ],
              [
                3.989750947619843,
                50.971245734759215
              ],
              [
                3.9898548142685226,
                50.970989340021724
              ],
              [
                3.9899183774818257,
                50.97072775177831
              ],
              [
                3.9899410257728896,
                50.97046348933144
              ],
              [
                3.9899409486845783,
                50.97046238668451
              ],
              [
                3.989941025590691,
                50.97046148933145
              ],
              [
                3.989922541534335,
                50.97019709769605
              ],
              [
                3.9898631038338923,
                50.969935123089265
              ],
              [
                3.9897632855724923,
                50.96967808840922
              ],
              [
                3.9896240486693593,
                50.96942846894061
              ],
              [
                3.9894467345923776,
                50.969188668520246
              ]
            ]
          ]
        ]
      },
      "properties": {
        "type": "buffer_union_300m",
        "buffer_m": 300
      }
    },
    {
      "type": "Feature",
      "geometry": {
        "type": "MultiPolygon",
        "coordinates": [
          [
            [
              [
                3.904313113280674,
                50.956450474937085
              ],
              [
                3.904077342125121,
                50.95613056837884
              ],
              [
                3.903793063794039,
                50.955826797576115
              ],
              [
                3.9034630166371995,
                50.95554208767189
              ],
              [
                3.903090379561195,
                50.95527918021269
              ],
              [
                3.902678741400533,
                50.95504060676
              ],
              [
                3.902232066350002,
                50.95482866452458
              ],
              [
                3.9017546557913776,
                50.95464539425779
              ],
              [
                3.9012511068819467,
                50.95449256061214
              ],
              [
                3.9007262683031843,
                50.95437163515985
              ],
              [
                3.9001851935948753,
                50.95428378223226
              ],
              [
                3.8996330925229827,
                50.95422984771619
              ],
              [
                3.8990752809482236,
                50.95421035091467
              ],
              [
                3.898517129676541,
                50.95422547955028
              ],
              [
                3.897964012782352,
                50.95427508795883
              ],
              [
                3.897421255900434,
                50.954358698490935
              ],
              [
                3.8968940849826095,
                50.95447550610801
              ],
              [
                3.8963875760109916,
                50.95462438612835
              ],
              [
                3.8959066061504704,
                50.9548039050493
              ],
              [
                3.895455806809426,
                50.95501233434137
              ],
              [
                3.8950395190595826,
                50.955247667082006
              ],
              [
                3.8946617518434237,
                50.955507637269356
              ],
              [
                3.8943261433711185,
                50.955789741630355
              ],
              [
                3.8940359260785384,
                50.9560912637141
              ],
              [
                3.893793895483962,
                50.95640930003846
              ],
              [
                3.8936023832439264,
                50.956740788039156
              ],
              [
                3.893463234668535,
                50.95708253555248
              ],
              [
                3.893377790913905,
                50.95743125154803
              ],
              [
                3.893346876024634,
                50.957783577816
              ],
              [
                3.893347028838173,
                50.957785830732256
              ],
              [
                3.893346875539034,
                50.957787577816035
              ],
              [
                3.893370788469095,
                50.9581401213038
              ],
              [
                3.8934493001542676,
                50.95848948679249
              ],
              [
                3.8935816556677145,
                50.95883230959474
              ],
              [
                3.8937665814474918,
                50.95916528796306
              ],
              [
                3.894002297519602,
                50.95948521489421
              ],
              [
                3.8942865346031184,
                50.95978900902357
              ],
              [
                3.8946165559340873,
                50.96007374431173
              ],
              [
                3.894989183599202,
                50.96033667823668
              ],
              [
                3.8954008291265256,
                50.96057527821987
              ],
              [
                3.895847528039183,
                50.96078724603094
              ],
              [
                3.896324978039489,
                50.96097053993571
              ],
              [
                3.8968285804556078,
                50.96112339437322
              ],
              [
                3.8973534845510676,
                50.96124433697226
              ],
              [
                3.8978946342696053,
                50.96133220274254
              ],
              [
                3.8984468169639834,
                50.961386145303685
              ],
              [
                3.8990047136381376,
                50.96140564504352
              ],
              [
                3.8995629502171716,
                50.96139051412652
              ],
              [
                3.9001161493497256,
                50.96134089830458
              ],
              [
                3.9006589822420072,
                50.96125727551193
              ],
              [
                3.901186220022491,
                50.96114045125838
              ],
              [
                3.901692784140865,
                50.960991550864925
              ],
              [
                3.9021737953142246,
                50.96081200861719
              ],
              [
                3.9026246205477406,
                50.96060355394107
              ],
              [
                3.903040917775765,
                50.960368194734656
              ],
              [
                3.9034186776925943,
                50.96010819801685
              ],
              [
                3.9037542623694974,
                50.95982606808027
              ],
              [
                3.9040444402858707,
                50.959524522358706
              ],
              [
                3.904286417437355,
                50.959206465242694
              ],
              [
                3.9044778642217937,
                50.95887496009551
              ],
              [
                3.904616937844978,
                50.958533199739804
              ],
              [
                3.9047023000315013,
                50.95818447569955
              ],
              [
                3.9047331298715955,
                50.95783214649367
              ],
              [
                3.904732976510906,
                50.95782989359229
              ],
              [
                3.9047331293859964,
                50.957828146493696
              ],
              [
                3.9047091311982403,
                50.957475605286895
              ],
              [
                3.9046305373285857,
                50.957126247211235
              ],
              [
                3.9044981058623662,
                50.95678343666919
              ],
              [
                3.904313113280674,
                50.956450474937085
              ]
            ]
          ],
          [
            [
              [
                3.968890734444127,
                50.977706746402895
              ],
              [
                3.9686008612328822,
                50.97800845033133
              ],
              [
                3.9683592234988443,
                50.97832663781444
              ],
              [
                3.9682256216132763,
                50.978558502618824
              ],
              [
                3.9680758049585796,
                50.97871442835586
              ],
              [
                3.9678341600210656,
                50.979032614688876
              ],
              [
                3.967643079047614,
                50.97936422077883
              ],
              [
                3.967504403197487,
                50.97970605332415
              ],
              [
                3.9674194690764266,
                50.98005482047492
              ],
              [
                3.9673890958228544,
                50.98040716352797
              ],
              [
                3.9674135771739127,
                50.98075968926871
              ],
              [
                3.9674926785895086,
                50.98110900264795
              ],
              [
                3.9676256394638334,
                50.98145173947944
              ],
              [
                3.9678111804049094,
                50.98178459884294
              ],
              [
                3.9680475155137893,
                50.98210437488061
              ],
              [
                3.968332369546767,
                50.98240798768055
              ],
              [
                3.9686629997967464,
                50.98269251294919
              ],
              [
                3.9686649300717853,
                50.98269387160697
              ],
              [
                3.9686679996611427,
                50.98269651313427
              ],
              [
                3.9690412224084843,
                50.98295921035574
              ],
              [
                3.9694534433894,
                50.983197549245276
              ],
              [
                3.96990069258253,
                50.9834092340871
              ],
              [
                3.970378662387992,
                50.98359222587226
              ],
              [
                3.9708827491252126,
                50.983744761949715
              ],
              [
                3.971408097390779,
                50.98386537301467
              ],
              [
                3.9719496468483326,
                50.98395289727023
              ],
              [
                3.9725021809987062,
                50.984006491625635
              ],
              [
                3.9730603774592446,
                50.9840256398228
              ],
              [
                3.9736188592664927,
                50.98401015741256
              ],
              [
                3.9741722467064386,
                50.9839601935326
              ],
              [
                3.9747152091713294,
                50.98387622946994
              ],
              [
                3.9752425165418654,
                50.98375907402167
              ],
              [
                3.9757490895981533,
                50.98360985569902
              ],
              [
                3.9762300489723303,
                50.983430011849975
              ],
              [
                3.9766807621700067,
                50.983221274805466
              ],
              [
                3.977096888206486,
                50.98298565518318
              ],
              [
                3.9774744194270495,
                50.982725422510164
              ],
              [
                3.977809720107988,
                50.98244308335137
              ],
              [
                3.9780217295849756,
                50.98222238095881
              ],
              [
                3.97815139716613,
                50.98213299770915
              ],
              [
                3.978486689531128,
                50.9818506565673
              ],
              [
                3.978776522868291,
                50.981548928646255
              ],
              [
                3.978884047023964,
                50.981407300829325
              ],
              [
                3.978962505793224,
                50.98132562084667
              ],
              [
                3.979204087005849,
                50.98100741188667
              ],
              [
                3.9793950928856225,
                50.980675787192666
              ],
              [
                3.979533684886965,
                50.98033394073807
              ],
              [
                3.979618529374954,
                50.97998516487534
              ],
              [
                3.979648810427382,
                50.979632818621795
              ],
              [
                3.979648798864572,
                50.979632652741955
              ],
              [
                3.979648810390928,
                50.9796325186218
              ],
              [
                3.979624237611019,
                50.97927999530594
              ],
              [
                3.9795450488768545,
                50.97893068988638
              ],
              [
                3.9795426984105204,
                50.97892463494759
              ],
              [
                3.979683259882095,
                50.978778291531086
              ],
              [
                3.9799248230735262,
                50.978460080832875
              ],
              [
                3.9801158134744923,
                50.97812845469981
              ],
              [
                3.9802543926883955,
                50.97778660711909
              ],
              [
                3.9803392272033573,
                50.97743783045409
              ],
              [
                3.980369501193097,
                50.97708548372979
              ],
              [
                3.980348457813288,
                50.976783643893285
              ],
              [
                3.9806768176469225,
                50.9769390323489
              ],
              [
                3.980685495486251,
                50.9769423540868
              ],
              [
                3.980686718010922,
                50.9769429326136
              ],
              [
                3.9811646639835763,
                50.97712588094665
              ],
              [
                3.9816687162765665,
                50.977278371115204
              ],
              [
                3.982194019818133,
                50.977398934256684
              ],
              [
                3.9827355147026653,
                50.97748640903581
              ],
              [
                3.983287984956687,
                50.97753995283845
              ],
              [
                3.98384610881312,
                50.97755904989344
              ],
              [
                3.9844045100080248,
                50.97754351624429
              ],
              [
                3.9849578096041,
                50.97749350152223
              ],
              [
                3.985500677840007,
                50.977409487504005
              ],
              [
                3.9860278855043867,
                50.977292283467925
              ],
              [
                3.9865343543380636,
                50.9771430183932
              ],
              [
                3.987015205977387,
                50.97696313007816
              ],
              [
                3.987465808965992,
                50.976754351281954
              ],
              [
                3.987881823380997,
                50.97651869302442
              ],
              [
                3.9882592426430548,
                50.97625842520467
              ],
              [
                3.988594432107004,
                50.975976054726104
              ],
              [
                3.9888841640613006,
                50.975674301338856
              ],
              [
                3.989125648799335,
                50.975356071433055
              ],
              [
                3.989316561463891,
                50.975024430035496
              ],
              [
                3.9894550644070867,
                50.97468257128038
              ],
              [
                3.9895398248515765,
                50.97433378763855
              ],
              [
                3.989570027684352,
                50.973981438202124
              ],
              [
                3.9895453832615186,
                50.97362891633018
              ],
              [
                3.9894661301505976,
                50.97327961696726
              ],
              [
                3.9894167659054998,
                50.973152509351664
              ],
              [
                3.989676720927162,
                50.973005234708005
              ],
              [
                3.990054101938613,
                50.97274496083906
              ],
              [
                3.9903892554710536,
                50.97246258493132
              ],
              [
                3.990678954158985,
                50.97216082678724
              ],
              [
                3.990920408616139,
                50.97184259284271
              ],
              [
                3.9911112942768505,
                50.97151094816341
              ],
              [
                3.991249773753196,
                50.97116908691512
              ],
              [
                3.9913345144936954,
                50.970820301592674
              ],
              [
                3.991364701574943,
                50.97046795130435
              ],
              [
                3.9913646244531407,
                50.97046684865834
              ],
              [
                3.9913647013320106,
                50.970465951304355
              ],
              [
                3.9913400452626813,
                50.97011342941721
              ],
              [
                3.991260784723558,
                50.96976413087613
              ],
              [
                3.991127684220199,
                50.96942141950939
              ],
              [
                3.990942026676151,
                50.96908859563738
              ],
              [
                3.9907056010356956,
                50.96876886429565
              ],
              [
                3.9904206849984356,
                50.968465304377816
              ],
              [
                3.9900900230534018,
                50.96818083899546
              ],
              [
                3.9897168000253886,
                50.96791820733994
              ],
              [
                3.9893046103891576,
                50.967679938316444
              ],
              [
                3.9888574236475858,
                50.96746832620398
              ],
              [
                3.9883795461073652,
                50.96728540857485
              ],
              [
                3.9878755794202143,
                50.9671329466859
              ],
              [
                3.9873503762883784,
                50.9670124085296
              ],
              [
                3.986808993760129,
                50.9669249547081
              ],
              [
                3.9862566445639387,
                50.96687142726537
              ],
              [
                3.985698646948596,
                50.96685234158499
              ],
              [
                3.9851403735107445,
                50.966867881431064
              ],
              [
                3.984587199500915,
                50.966917897180124
              ],
              [
                3.9840806547258993,
                50.9669963035192
              ],
              [
                3.9840596838628386,
                50.96669578007859
              ],
              [
                3.9839804833387364,
                50.96634647625658
              ],
              [
                3.983847445751414,
                50.966003756282916
              ],
              [
                3.983661853418453,
                50.9656709205609
              ],
              [
                3.983425494656128,
                50.965351174240304
              ],
              [
                3.9831406465200403,
                50.96504759635903
              ],
              [
                3.9828100528454202,
                50.96476311020171
              ],
              [
                3.9824368977997575,
                50.9645004551598
              ],
              [
                3.982024775203326,
                50.964262160363766
              ],
              [
                3.9815776539136314,
                50.964050520340784
              ],
              [
                3.98109983960731,
                50.96386757293193
              ],
              [
                3.9810845521492846,
                50.963862946653464
              ],
              [
                3.9807858040008535,
                50.9636901981666
              ],
              [
                3.980338693757378,
                50.96347855339439
              ],
              [
                3.979860890113495,
                50.96329560091806
              ],
              [
                3.979356994009608,
                50.96314310233001
              ],
              [
                3.9788318574685593,
                50.96302252597614
              ],
              [
                3.978290536897657,
                50.9629350328264
              ],
              [
                3.9777382444290095,
                50.96288146530343
              ],
              [
                3.9771802977653743,
                50.962862339176716
              ],
              [
                3.9766220690129397,
                50.9628778385998
              ],
              [
                3.976068932992077,
                50.96292781433841
              ],
              [
                3.9755262155220508,
                50.96301178520637
              ],
              [
                3.974999142175918,
                50.96312894269558
              ],
              [
                3.9744927879973906,
                50.963278158755536
              ],
              [
                3.974012028662308,
                50.963457996647854
              ],
              [
                3.973561493553629,
                50.963666724771585
              ],
              [
                3.9731455212007107,
                50.96390233332653
              ],
              [
                3.972768117511118,
                50.9641625536547
              ],
              [
                3.9724329171966835,
                50.96444488007402
              ],
              [
                3.9721431487651104,
                50.96474659399481
              ],
              [
                3.9719016034144126,
                50.96506479008708
              ],
              [
                3.9717106081302695,
                50.96539640424746
              ],
              [
                3.971572003246232,
                50.965738243096624
              ],
              [
                3.971487124684022,
                50.966087014723826
              ],
              [
                3.971456791046338,
                50.966439360382786
              ],
              [
                3.9714812956880836,
                50.966791886833754
              ],
              [
                3.971560403844122,
                50.96714119902068
              ],
              [
                3.9716933548429845,
                50.96748393276877
              ],
              [
                3.9718788693870866,
                50.96781678718742
              ],
              [
                3.9721151618310406,
                50.96813655646645
              ],
              [
                3.9723999573414512,
                50.968440160759
              ],
              [
                3.9727305137743554,
                50.968724675853466
              ],
              [
                3.9731036480607864,
                50.96898736134818
              ],
              [
                3.9735157668472376,
                50.96922568705696
              ],
              [
                3.9739629010964683,
                50.96943735739096
              ],
              [
                3.974440744315646,
                50.96962033348102
              ],
              [
                3.97445603299535,
                50.96962496061489
              ],
              [
                3.974754795636993,
                50.96979772486158
              ],
              [
                3.9752019409357704,
                50.970009390446194
              ],
              [
                3.975679794820885,
                50.97019236146843
              ],
              [
                3.9761837547283068,
                50.970344875477295
              ],
              [
                3.9767089664763704,
                50.970465463380556
              ],
              [
                3.977250371043881,
                50.970552963604455
              ],
              [
                3.9778027533275755,
                50.97060653328973
              ],
              [
                3.978360792407977,
                50.97062565641596
              ],
              [
                3.9789191128379713,
                50.97061014877547
              ],
              [
                3.979472336458413,
                50.970560159748985
              ],
              [
                3.9799787892938823,
                50.97048179472631
              ],
              [
                3.9799998736015243,
                50.97078429715898
              ],
              [
                3.9800790519643625,
                50.9711336031736
              ],
              [
                3.9801253636625997,
                50.97125292091424
              ],
              [
                3.979858514298171,
                50.97140406806608
              ],
              [
                3.9794810874810196,
                50.971664309325966
              ],
              [
                3.979145873957011,
                50.97194665421496
              ],
              [
                3.9788561023613918,
                50.972248383965464
              ],
              [
                3.9786145639230233,
                50.97256659309507
              ],
              [
                3.9784235855614383,
                50.97289821737478
              ],
              [
                3.9782850074476594,
                50.973240063327786
              ],
              [
                3.978200165246049,
                50.9735888389749
              ],
              [
                3.9781698772095773,
                50.97394118553105
              ],
              [
                3.9781909052861955,
                50.9742430260291
              ],
              [
                3.977862572576612,
                50.974087630500584
              ],
              [
                3.9773846704667353,
                50.973904668573084
              ],
              [
                3.976880668384239,
                50.97375215988209
              ],
              [
                3.9763554193723105,
                50.973631572870765
              ],
              [
                3.9758139809210395,
                50.97354406861164
              ],
              [
                3.975261566297338,
                50.97349048963434
              ],
              [
                3.974703494379876,
                50.9734713518186
              ],
              [
                3.9741451384805577,
                50.973486839430535
              ],
              [
                3.9735918746436862,
                50.973536803349596
              ],
              [
                3.9730490299189065,
                50.97362076250339
              ],
              [
                3.9725218311042734,
                50.973737908496645
              ],
              [
                3.9720153544513446,
                50.97388711338954
              ],
              [
                3.9715344768150334,
                50.97406694055128
              ],
              [
                3.9710838287172625,
                50.974275658484245
              ],
              [
                3.9706677497752914,
                50.97451125748643
              ],
              [
                3.9702902469230517,
                50.9747714689918
              ],
              [
                3.9702886582535943,
                50.9747728066775
              ],
              [
                3.9702862468383904,
                50.97477446884489
              ],
              [
                3.9699509556971275,
                50.97505678724475
              ],
              [
                3.9696611056956943,
                50.97535849403977
              ],
              [
                3.969419488817852,
                50.97567668396859
              ],
              [
                3.9692284327384098,
                50.976008292987245
              ],
              [
                3.9690897783767856,
                50.976350127766
              ],
              [
                3.9690048621316474,
                50.97669889643333
              ],
              [
                3.968974502969109,
                50.977051240271464
              ],
              [
                3.968998994490438,
                50.97740376605824
              ],
              [
                3.969039285119415,
                50.97758167672758
              ],
              [
                3.968890734444127,
                50.977706746402895
              ]
            ]
          ]
        ]
      },
      "properties": {
        "type": "buffer_union_400m",
        "buffer_m": 400
      }
    },
    {
      "type": "Feature",
      "geometry": {
        "type": "Polygon",
        "coordinates": [
          [
            [
              3.8680196,
              50.9542604
            ],
            [
              3.867867,
              50.954406
            ],
            [
              3.86815,
              50.954498
            ],
            [
              3.868063,
              50.954696
            ],
            [
              3.868262,
              50.95475
            ],
            [
              3.86843,
              50.95502
            ],
            [
              3.868087,
              50.955181
            ],
            [
              3.868025,
              50.955738
            ],
            [
              3.867653,
              50.955879
            ],
            [
              3.867538,
              50.956043
            ],
            [
              3.868004,
              50.95626
            ],
            [
              3.868144,
              50.956424
            ],
            [
              3.868514,
              50.956531
            ],
            [
              3.868455,
              50.956695
            ],
            [
              3.868994,
              50.956966
            ],
            [
              3.86919,
              50.957309
            ],
            [
              3.868847,
              50.957416
            ],
            [
              3.868959,
              50.95763
            ],
            [
              3.868872,
              50.957794
            ],
            [
              3.868984,
              50.957992
            ],
            [
              3.870114,
              50.958892
            ],
            [
              3.870196,
              50.959236
            ],
            [
              3.870479,
              50.959472
            ],
            [
              3.870335,
              50.959594
            ],
            [
              3.870333,
              50.959793
            ],
            [
              3.870132,
              50.959991
            ],
            [
              3.870244,
              50.960208
            ],
            [
              3.870044,
              50.960296
            ],
            [
              3.870127,
              50.960495
            ],
            [
              3.869927,
              50.960601
            ],
            [
              3.869926,
              50.960674
            ],
            [
              3.870209,
              50.960891
            ],
            [
              3.870235,
              50.961124
            ],
            [
              3.870464,
              50.961017
            ],
            [
              3.870546,
              50.961414
            ],
            [
              3.870402,
              50.961574
            ],
            [
              3.870685,
              50.961666
            ],
            [
              3.870655,
              50.961826
            ],
            [
              3.869767,
              50.962436
            ],
            [
              3.869393,
              50.962829
            ],
            [
              3.869332,
              50.963207
            ],
            [
              3.86916,
              50.963333
            ],
            [
              3.868762,
              50.963275
            ],
            [
              3.868617,
              50.963581
            ],
            [
              3.868613,
              50.963958
            ],
            [
              3.870745,
              50.964363
            ],
            [
              3.871288,
              50.964149
            ],
            [
              3.87291,
              50.964336
            ],
            [
              3.874926,
              50.964935
            ],
            [
              3.876874,
              50.966671
            ],
            [
              3.877296,
              50.967174
            ],
            [
              3.877638,
              50.967174
            ],
            [
              3.877807,
              50.967376
            ],
            [
              3.878911,
              50.968063
            ],
            [
              3.878767,
              50.968185
            ],
            [
              3.87868,
              50.968437
            ],
            [
              3.87882,
              50.968692
            ],
            [
              3.879046,
              50.968872
            ],
            [
              3.8791,
              50.969104
            ],
            [
              3.878586,
              50.969284
            ],
            [
              3.877902,
              50.969352
            ],
            [
              3.878663,
              50.970146
            ],
            [
              3.878546,
              50.970489
            ],
            [
              3.879309,
              50.971084
            ],
            [
              3.880733,
              50.971073
            ],
            [
              3.882502,
              50.970718
            ],
            [
              3.883185,
              50.970794
            ],
            [
              3.88358,
              50.971118
            ],
            [
              3.883894,
              50.971118
            ],
            [
              3.884632,
              50.971321
            ],
            [
              3.884773,
              50.971481
            ],
            [
              3.8861229,
              50.9718173
            ],
            [
              3.889544,
              50.972885
            ],
            [
              3.889942,
              50.972885
            ],
            [
              3.889966,
              50.973354
            ],
            [
              3.890537,
              50.973285
            ],
            [
              3.892131,
              50.973381
            ],
            [
              3.892155,
              50.973758
            ],
            [
              3.892408,
              50.974155
            ],
            [
              3.892691,
              50.974281
            ],
            [
              3.893,
              50.974803
            ],
            [
              3.893282,
              50.97504
            ],
            [
              3.893561,
              50.975669
            ],
            [
              3.893958,
              50.975852
            ],
            [
              3.894436,
              50.976463
            ],
            [
              3.8940641,
              50.9769103
            ],
            [
              3.8943524,
              50.977085
            ],
            [
              3.8955135,
              50.9782261
            ],
            [
              3.8979898,
              50.9776433
            ],
            [
              3.9009285,
              50.979335
            ],
            [
              3.9022439,
              50.9806347
            ],
            [
              3.9037979,
              50.9801444
            ],
            [
              3.9048528,
              50.9802973
            ],
            [
              3.906669,
              50.98072
            ],
            [
              3.906928,
              50.980434
            ],
            [
              3.907413,
              50.980361
            ],
            [
              3.907758,
              50.979984
            ],
            [
              3.907992,
              50.979377
            ],
            [
              3.9084773,
              50.9789939
            ],
            [
              3.9091391,
              50.9793063
            ],
            [
              3.9095531,
              50.9791401
            ],
            [
              3.9108017,
              50.9794013
            ],
            [
              3.9108366,
              50.9795469
            ],
            [
              3.9107564,
              50.979653
            ],
            [
              3.911224,
              50.980899
            ],
            [
              3.911104,
              50.98151
            ],
            [
              3.911984,
              50.981853
            ],
            [
              3.91183,
              50.982986
            ],
            [
              3.9125046,
              50.9835436
            ],
            [
              3.9131165,
              50.9834216
            ],
            [
              3.9134854,
              50.9832491
            ],
            [
              3.9138375,
              50.9829436
            ],
            [
              3.914497,
              50.9825766
            ],
            [
              3.9149571,
              50.9825683
            ],
            [
              3.9153464,
              50.9821909
            ],
            [
              3.9158827,
              50.9819318
            ],
            [
              3.9168785,
              50.9816998
            ],
            [
              3.9166853,
              50.9815297
            ],
            [
              3.9182255,
              50.9798826
            ],
            [
              3.9185132,
              50.9796961
            ],
            [
              3.9204839,
              50.9791336
            ],
            [
              3.9213916,
              50.9790527
            ],
            [
              3.9215127,
              50.9791052
            ],
            [
              3.9234084,
              50.9785535
            ],
            [
              3.9240142,
              50.978685
            ],
            [
              3.9249643,
              50.9790511
            ],
            [
              3.9260677,
              50.9790666
            ],
            [
              3.926789,
              50.979251
            ],
            [
              3.9282993,
              50.9793659
            ],
            [
              3.9287229,
              50.9791488
            ],
            [
              3.9295114,
              50.9784024
            ],
            [
              3.9299601,
              50.9777563
            ],
            [
              3.9300074,
              50.9775224
            ],
            [
              3.9320302,
              50.9772723
            ],
            [
              3.9335816,
              50.9772254
            ],
            [
              3.934694,
              50.976833
            ],
            [
              3.9356882,
              50.9761738
            ],
            [
              3.9360179,
              50.9766057
            ],
            [
              3.936243,
              50.9765844
            ],
            [
              3.9375075,
              50.9768562
            ],
            [
              3.938663,
              50.9771923
            ],
            [
              3.9394591,
              50.9772752
            ],
            [
              3.9406814,
              50.9777183
            ],
            [
              3.9409076,
              50.9777076
            ],
            [
              3.9423821,
              50.977234
            ],
            [
              3.9430431,
              50.9770031
            ],
            [
              3.9434575,
              50.9767641
            ],
            [
              3.9447919,
              50.9758089
            ],
            [
              3.9457029,
              50.9749761
            ],
            [
              3.9474458,
              50.973815
            ],
            [
              3.9473559,
              50.9737653
            ],
            [
              3.9473899,
              50.9737225
            ],
            [
              3.9481755,
              50.9731314
            ],
            [
              3.9473817,
              50.9721889
            ],
            [
              3.9469264,
              50.9718761
            ],
            [
              3.946876,
              50.9717685
            ],
            [
              3.9477017,
              50.9713119
            ],
            [
              3.9478666,
              50.9713738
            ],
            [
              3.9484136,
              50.9713315
            ],
            [
              3.9485669,
              50.9715616
            ],
            [
              3.94961,
              50.972255
            ],
            [
              3.949839,
              50.972164
            ],
            [
              3.950035,
              50.972419
            ],
            [
              3.950449,
              50.9723867
            ],
            [
              3.9507945,
              50.9726926
            ],
            [
              3.9507198,
              50.9727552
            ],
            [
              3.951419,
              50.973609
            ],
            [
              3.9530155,
              50.9745965
            ],
            [
              3.951195,
              50.9750439
            ],
            [
              3.9507197,
              50.9758962
            ],
            [
              3.9504976,
              50.9766317
            ],
            [
              3.9505263,
              50.9767528
            ],
            [
              3.9501699,
              50.9770845
            ],
            [
              3.9516547,
              50.9785835
            ],
            [
              3.9516093,
              50.9787791
            ],
            [
              3.9516984,
              50.9789096
            ],
            [
              3.9514885,
              50.9802356
            ],
            [
              3.9511446,
              50.9811534
            ],
            [
              3.950745,
              50.98159
            ],
            [
              3.950592,
              50.982631
            ],
            [
              3.9539045,
              50.9825911
            ],
            [
              3.9539739,
              50.9828676
            ],
            [
              3.9535596,
              50.9833928
            ],
            [
              3.9536863,
              50.9839883
            ],
            [
              3.9552344,
              50.9840977
            ],
            [
              3.9582792,
              50.9836756
            ],
            [
              3.9576304,
              50.9811592
            ],
            [
              3.9604655,
              50.9819609
            ],
            [
              3.9625443,
              50.9819275
            ],
            [
              3.9626099,
              50.98231
            ],
            [
              3.965633,
              50.982189
            ],
            [
              3.9672252,
              50.9822824
            ],
            [
              3.9687994,
              50.982128
            ],
            [
              3.9690527,
              50.982671
            ],
            [
              3.9691612,
              50.982716
            ],
            [
              3.972047,
              50.982299
            ],
            [
              3.9745381,
              50.9814889
            ],
            [
              3.9764889,
              50.9815261
            ],
            [
              3.9805169,
              50.9811976
            ],
            [
              3.9823472,
              50.9808022
            ],
            [
              3.9828711,
              50.9806039
            ],
            [
              3.9833547,
              50.9805672
            ],
            [
              3.9835499,
              50.9804608
            ],
            [
              3.9839758,
              50.9805077
            ],
            [
              3.9849426,
              50.9802693
            ],
            [
              3.9852588,
              50.9802649
            ],
            [
              3.9871356,
              50.9804378
            ],
            [
              3.9890755,
              50.9812066
            ],
            [
              3.9908599,
              50.9817892
            ],
            [
              3.9909937,
              50.9817349
            ],
            [
              3.9912581,
              50.9811196
            ],
            [
              3.9922142,
              50.9811842
            ],
            [
              3.9926637,
              50.9811284
            ],
            [
              3.9936501,
              50.9813775
            ],
            [
              3.9949579,
              50.9819329
            ],
            [
              3.9974244,
              50.9826605
            ],
            [
              3.9988636,
              50.9828702
            ],
            [
              4.0007521,
              50.9837071
            ],
            [
              4.0008417,
              50.9839305
            ],
            [
              4.0025357,
              50.9841119
            ],
            [
              4.0028956,
              50.9840867
            ],
            [
              4.0035428,
              50.9842279
            ],
            [
              4.005587,
              50.9848321
            ],
            [
              4.007983,
              50.9857433
            ],
            [
              4.0097544,
              50.9862422
            ],
            [
              4.0134891,
              50.9869587
            ],
            [
              4.0153713,
              50.9871694
            ],
            [
              4.0153129,
              50.9868727
            ],
            [
              4.0150734,
              50.9865655
            ],
            [
              4.0142008,
              50.9856948
            ],
            [
              4.0141837,
              50.9853201
            ],
            [
              4.014006,
              50.9848229
            ],
            [
              4.0137488,
              50.9844897
            ],
            [
              4.0148924,
              50.9832587
            ],
            [
              4.0152512,
              50.9829935
            ],
            [
              4.0158801,
              50.9827057
            ],
            [
              4.016582,
              50.9827057
            ],
            [
              4.0182884,
              50.9825201
            ],
            [
              4.0196286,
              50.9821592
            ],
            [
              4.0197562,
              50.9821811
            ],
            [
              4.0206236,
              50.9815637
            ],
            [
              4.0205526,
              50.9810202
            ],
            [
              4.0223316,
              50.9802305
            ],
            [
              4.0240394,
              50.9795961
            ],
            [
              4.0238667,
              50.9786681
            ],
            [
              4.0236319,
              50.9781561
            ],
            [
              4.0235111,
              50.9780142
            ],
            [
              4.0226551,
              50.9777976
            ],
            [
              4.0204771,
              50.9787041
            ],
            [
              4.0192995,
              50.979731
            ],
            [
              4.0187662,
              50.9798847
            ],
            [
              4.0183327,
              50.9797889
            ],
            [
              4.017689,
              50.9794227
            ],
            [
              4.0166915,
              50.9784061
            ],
            [
              4.0165575,
              50.978474
            ],
            [
              4.0155281,
              50.977696
            ],
            [
              4.0155879,
              50.9776345
            ],
            [
              4.0154849,
              50.9771805
            ],
            [
              4.0152031,
              50.9772977
            ],
            [
              4.0151293,
              50.9772375
            ],
            [
              4.0147144,
              50.9772779
            ],
            [
              4.0147864,
              50.9766718
            ],
            [
              4.0147098,
              50.9766627
            ],
            [
              4.0145895,
              50.976445
            ],
            [
              4.0147261,
              50.9763648
            ],
            [
              4.0149372,
              50.9759183
            ],
            [
              4.0148755,
              50.9753581
            ],
            [
              4.0143439,
              50.9750243
            ],
            [
              4.012941,
              50.974975
            ],
            [
              4.0131149,
              50.9724422
            ],
            [
              4.0138437,
              50.9724396
            ],
            [
              4.0141005,
              50.9718161
            ],
            [
              4.0137356,
              50.9717064
            ],
            [
              4.0151284,
              50.9699062
            ],
            [
              4.0145788,
              50.9696205
            ],
            [
              4.0149779,
              50.969294
            ],
            [
              4.0139542,
              50.9687731
            ],
            [
              4.0135063,
              50.9677349
            ],
            [
              4.011997,
              50.9673667
            ],
            [
              4.0114965,
              50.9672032
            ],
            [
              4.0109448,
              50.9669062
            ],
            [
              4.0104616,
              50.9663003
            ],
            [
              4.0104898,
              50.9660191
            ],
            [
              4.0107071,
              50.9655409
            ],
            [
              4.0093879,
              50.9649902
            ],
            [
              4.0099621,
              50.9644385
            ],
            [
              4.0103958,
              50.9637585
            ],
            [
              4.0117583,
              50.9638104
            ],
            [
              4.0120331,
              50.9633806
            ],
            [
              4.0118251,
              50.9631929
            ],
            [
              4.0117971,
              50.962945
            ],
            [
              4.0137298,
              50.961676
            ],
            [
              4.0150647,
              50.9611297
            ],
            [
              4.014726,
              50.96054
            ],
            [
              4.0135898,
              50.9597604
            ],
            [
              4.013308,
              50.9593285
            ],
            [
              4.0130289,
              50.9591208
            ],
            [
              4.0104739,
              50.9579216
            ],
            [
              4.0099793,
              50.9577796
            ],
            [
              4.0127866,
              50.9562626
            ],
            [
              4.0126071,
              50.956191
            ],
            [
              4.0123328,
              50.9562477
            ],
            [
              4.0107519,
              50.9561576
            ],
            [
              4.0102058,
              50.9559557
            ],
            [
              4.0094065,
              50.9558207
            ],
            [
              4.0084459,
              50.9553513
            ],
            [
              4.0081153,
              50.9555318
            ],
            [
              4.0076089,
              50.9561684
            ],
            [
              4.0073048,
              50.9560569
            ],
            [
              4.0067602,
              50.9560749
            ],
            [
              4.003053,
              50.9551692
            ],
            [
              4.001524,
              50.9557868
            ],
            [
              4.0007597,
              50.9553664
            ],
            [
              4.0008176,
              50.9552817
            ],
            [
              3.9995392,
              50.9545283
            ],
            [
              3.99885,
              50.95433
            ],
            [
              3.9979795,
              50.953929
            ],
            [
              3.9970378,
              50.9538155
            ],
            [
              3.9965342,
              50.95422
            ],
            [
              3.996008,
              50.9542836
            ],
            [
              3.9939679,
              50.9536764
            ],
            [
              3.9938709,
              50.9538547
            ],
            [
              3.9929025,
              50.9535531
            ],
            [
              3.9909129,
              50.9545498
            ],
            [
              3.9899598,
              50.953922
            ],
            [
              3.9898049,
              50.9540263
            ],
            [
              3.9885973,
              50.9533723
            ],
            [
              3.98843,
              50.9535234
            ],
            [
              3.9866864,
              50.9530091
            ],
            [
              3.985694,
              50.9539857
            ],
            [
              3.9855083,
              50.9540566
            ],
            [
              3.9850602,
              50.9545984
            ],
            [
              3.9839529,
              50.9554881
            ],
            [
              3.9838559,
              50.9557564
            ],
            [
              3.9837421,
              50.9557634
            ],
            [
              3.9801622,
              50.954605
            ],
            [
              3.9800026,
              50.9547281
            ],
            [
              3.9729376,
              50.9525554
            ],
            [
              3.9726755,
              50.9528959
            ],
            [
              3.9726571,
              50.9531087
            ],
            [
              3.9724155,
              50.9533641
            ],
            [
              3.9722415,
              50.953791
            ],
            [
              3.9720289,
              50.953928
            ],
            [
              3.9713896,
              50.9535532
            ],
            [
              3.9707831,
              50.9538555
            ],
            [
              3.9697506,
              50.953112
            ],
            [
              3.9686273,
              50.9536532
            ],
            [
              3.9683817,
              50.9535211
            ],
            [
              3.9677826,
              50.9539496
            ],
            [
              3.96749,
              50.9537914
            ],
            [
              3.9672549,
              50.9539553
            ],
            [
              3.9662619,
              50.9535507
            ],
            [
              3.9661742,
              50.9538362
            ],
            [
              3.9651928,
              50.9542733
            ],
            [
              3.964695,
              50.9543343
            ],
            [
              3.9631829,
              50.9542788
            ],
            [
              3.9618971,
              50.9540499
            ],
            [
              3.9605046,
              50.9536474
            ],
            [
              3.9601441,
              50.9533786
            ],
            [
              3.9592,
              50.9533291
            ],
            [
              3.9586764,
              50.9534309
            ],
            [
              3.9581544,
              50.9536607
            ],
            [
              3.9579607,
              50.9539719
            ],
            [
              3.9576897,
              50.9537953
            ],
            [
              3.954883,
              50.9546349
            ],
            [
              3.9537919,
              50.9535348
            ],
            [
              3.9540506,
              50.9530038
            ],
            [
              3.9531459,
              50.9524803
            ],
            [
              3.9533272,
              50.9524346
            ],
            [
              3.9529482,
              50.9518723
            ],
            [
              3.9538045,
              50.9516673
            ],
            [
              3.953811,
              50.9508502
            ],
            [
              3.953675,
              50.9502765
            ],
            [
              3.953761,
              50.9497013
            ],
            [
              3.9539534,
              50.9496961
            ],
            [
              3.9539483,
              50.9492238
            ],
            [
              3.9538838,
              50.9492937
            ],
            [
              3.9534375,
              50.9491996
            ],
            [
              3.9533577,
              50.9492718
            ],
            [
              3.9533238,
              50.949532
            ],
            [
              3.9530321,
              50.9495104
            ],
            [
              3.9529175,
              50.9497438
            ],
            [
              3.9527361,
              50.9498412
            ],
            [
              3.9527232,
              50.950183
            ],
            [
              3.9525101,
              50.9502017
            ],
            [
              3.9524304,
              50.9502949
            ],
            [
              3.9525224,
              50.9504455
            ],
            [
              3.9529168,
              50.950687
            ],
            [
              3.952922,
              50.9507896
            ],
            [
              3.9527742,
              50.950893
            ],
            [
              3.9528808,
              50.9511894
            ],
            [
              3.9528233,
              50.9512722
            ],
            [
              3.9522824,
              50.9512961
            ],
            [
              3.9522241,
              50.9514911
            ],
            [
              3.951706,
              50.9516682
            ],
            [
              3.9517351,
              50.9518071
            ],
            [
              3.951615,
              50.9518937
            ],
            [
              3.950645,
              50.9523298
            ],
            [
              3.9503802,
              50.9526158
            ],
            [
              3.9501081,
              50.9524623
            ],
            [
              3.9495769,
              50.9528969
            ],
            [
              3.9485569,
              50.9526406
            ],
            [
              3.9482584,
              50.952514
            ],
            [
              3.948129,
              50.9524033
            ],
            [
              3.9481761,
              50.9523427
            ],
            [
              3.9472914,
              50.952093
            ],
            [
              3.9468476,
              50.9518658
            ],
            [
              3.9464697,
              50.9518907
            ],
            [
              3.9459405,
              50.9516862
            ],
            [
              3.9456248,
              50.9516436
            ],
            [
              3.9450663,
              50.9518758
            ],
            [
              3.944665,
              50.952184
            ],
            [
              3.9443964,
              50.952088
            ],
            [
              3.9440918,
              50.9520938
            ],
            [
              3.9420915,
              50.9514092
            ],
            [
              3.9418275,
              50.9512142
            ],
            [
              3.9407834,
              50.9508311
            ],
            [
              3.9400874,
              50.9504687
            ],
            [
              3.9398581,
              50.950461
            ],
            [
              3.9393748,
              50.9502532
            ],
            [
              3.9389052,
              50.9502059
            ],
            [
              3.9377746,
              50.9498637
            ],
            [
              3.9192939,
              50.9533587
            ],
            [
              3.9185218,
              50.9526958
            ],
            [
              3.9173532,
              50.9522766
            ],
            [
              3.9166819,
              50.9518986
            ],
            [
              3.9153793,
              50.9516914
            ],
            [
              3.9134096,
              50.9509793
            ],
            [
              3.911442,
              50.9505351
            ],
            [
              3.9109359,
              50.95037
            ],
            [
              3.9108019,
              50.9502562
            ],
            [
              3.909699,
              50.9499408
            ],
            [
              3.9084028,
              50.9497629
            ],
            [
              3.9074779,
              50.9492886
            ],
            [
              3.9073811,
              50.9493591
            ],
            [
              3.9068392,
              50.9492934
            ],
            [
              3.9062565,
              50.9491258
            ],
            [
              3.9055635,
              50.9488507
            ],
            [
              3.9056982,
              50.9486563
            ],
            [
              3.9045796,
              50.9479607
            ],
            [
              3.9039101,
              50.9485375
            ],
            [
              3.9014041,
              50.9499451
            ],
            [
              3.8997485,
              50.9487824
            ],
            [
              3.8972611,
              50.9477144
            ],
            [
              3.8956278,
              50.9483935
            ],
            [
              3.8937776,
              50.9475498
            ],
            [
              3.8929034,
              50.9482202
            ],
            [
              3.8930348,
              50.9483858
            ],
            [
              3.8925529,
              50.9487759
            ],
            [
              3.8922842,
              50.9486011
            ],
            [
              3.8911183,
              50.9492138
            ],
            [
              3.8909702,
              50.9490886
            ],
            [
              3.8900568,
              50.949634
            ],
            [
              3.8903481,
              50.9498664
            ],
            [
              3.8892609,
              50.9504124
            ],
            [
              3.8862537,
              50.9492479
            ],
            [
              3.885652,
              50.9500049
            ],
            [
              3.8841639,
              50.9510147
            ],
            [
              3.8823356,
              50.9526149
            ],
            [
              3.8809092,
              50.9534343
            ],
            [
              3.879898,
              50.9541926
            ],
            [
              3.8794077,
              50.9539425
            ],
            [
              3.8778372,
              50.9535364
            ],
            [
              3.8752209,
              50.951233
            ],
            [
              3.874703,
              50.950641
            ],
            [
              3.873418,
              50.951084
            ],
            [
              3.8715843,
              50.9515578
            ],
            [
              3.8714938,
              50.9517528
            ],
            [
              3.8717245,
              50.9519275
            ],
            [
              3.8713332,
              50.9522366
            ],
            [
              3.8713262,
              50.9524313
            ],
            [
              3.8709535,
              50.9528472
            ],
            [
              3.8712368,
              50.9531657
            ],
            [
              3.8700862,
              50.9537268
            ],
            [
              3.8699589,
              50.9539151
            ],
            [
              3.8691868,
              50.9538191
            ],
            [
              3.868905,
              50.9542611
            ],
            [
              3.8680196,
              50.9542604
            ]
          ]
        ]
      },
      "properties": {
        "type": "boundary",
        "gemeente": "Lede"
      }
    }
  ]
}