{
  "type": "FeatureCollection",
  "metadata": {
    "gemeente": "Olen",
    "slug": "olen",
    "generated_at": "2026-09-25T22:11:42.419713Z",
    "total_points": 21,
    "providers": [
      "bpost",
      "DHL",
      "GLS",
      "InPost",
      "VintedGo",
      "PostNL",
      "DPD",
      "Amazon"
    ],
    "bounds": [
      4.847977,
      51.142666,
      4.90466,
      51.1831615
    ]
  },
  "features": [
    {
      "type": "Feature",
      "geometry": {
        "type": "Point",
        "coordinates": [
          4.90158,
          51.17397
        ]
      },
      "properties": {
        "type": "pakketpunt",
        "locatieNaam": "Pakjesautomaat 24/7 Station Olen",
        "straatNaam": "Stationstraat",
        "straatNr": "103A",
        "vervoerder": "bpost",
        "puntType": "automaat",
        "bezettingsgraad": 50,
        "latitude": 51.17397,
        "longitude": 4.90158,
        "canPickup": true,
        "canDropoff": true,
        "openingstijden": null
      }
    },
    {
      "type": "Feature",
      "geometry": {
        "type": "Point",
        "coordinates": [
          4.90013,
          51.16363
        ]
      },
      "properties": {
        "type": "pakketpunt",
        "locatieNaam": "Olen",
        "straatNaam": "Oevelseweg",
        "straatNr": "60",
        "vervoerder": "bpost",
        "puntType": "postkantoor",
        "bezettingsgraad": 50,
        "latitude": 51.16363,
        "longitude": 4.90013,
        "canPickup": true,
        "canDropoff": true,
        "openingstijden": null
      }
    },
    {
      "type": "Feature",
      "geometry": {
        "type": "Point",
        "coordinates": [
          4.89917,
          51.16235
        ]
      },
      "properties": {
        "type": "pakketpunt",
        "locatieNaam": "Bbox 24/7 Spar Olen",
        "straatNaam": "Oevelseweg",
        "straatNr": "76",
        "vervoerder": "bpost",
        "puntType": "automaat",
        "bezettingsgraad": 50,
        "latitude": 51.16235,
        "longitude": 4.89917,
        "canPickup": true,
        "canDropoff": true,
        "openingstijden": null
      }
    },
    {
      "type": "Feature",
      "geometry": {
        "type": "Point",
        "coordinates": [
          4.90466,
          51.15157
        ]
      },
      "properties": {
        "type": "pakketpunt",
        "locatieNaam": "Bbox 24/7 Decathlon Olen",
        "straatNaam": "Lammerdries-Winkelstraat",
        "straatNr": "4",
        "vervoerder": "bpost",
        "puntType": "automaat",
        "bezettingsgraad": 50,
        "latitude": 51.15157,
        "longitude": 4.90466,
        "canPickup": true,
        "canDropoff": true,
        "openingstijden": null
      }
    },
    {
      "type": "Feature",
      "geometry": {
        "type": "Point",
        "coordinates": [
          4.84798,
          51.14267
        ]
      },
      "properties": {
        "type": "pakketpunt",
        "locatieNaam": "Pakjesautomaat 24/7 Wzc Zilverlinde",
        "straatNaam": "Berkenstraat",
        "straatNr": "15",
        "vervoerder": "bpost",
        "puntType": "automaat",
        "bezettingsgraad": 50,
        "latitude": 51.14267,
        "longitude": 4.84798,
        "canPickup": true,
        "canDropoff": true,
        "openingstijden": null
      }
    },
    {
      "type": "Feature",
      "geometry": {
        "type": "Point",
        "coordinates": [
          4.847977,
          51.142666
        ]
      },
      "properties": {
        "type": "pakketpunt",
        "locatieNaam": "PARCEL LOCKER 24/7 WZC ZILVERLINDE",
        "straatNaam": "BERKENSTRAAT",
        "straatNr": "15",
        "vervoerder": "DHL",
        "puntType": "packStation",
        "bezettingsgraad": 50,
        "latitude": 51.142666,
        "longitude": 4.847977,
        "canPickup": true,
        "canDropoff": true,
        "openingstijden": {
          "ma": "00:00 - 23:59",
          "di": "00:00 - 23:59",
          "wo": "00:00 - 23:59",
          "do": "00:00 - 23:59",
          "vr": "00:00 - 23:59",
          "za": "00:00 - 23:59",
          "zo": "00:00 - 23:59"
        }
      }
    },
    {
      "type": "Feature",
      "geometry": {
        "type": "Point",
        "coordinates": [
          4.904655,
          51.151566
        ]
      },
      "properties": {
        "type": "pakketpunt",
        "locatieNaam": "BBOX 24/7 DECATHLON OLEN",
        "straatNaam": "LAMMERDRIES-WINKELSTRAAT",
        "straatNr": "4",
        "vervoerder": "DHL",
        "puntType": "packStation",
        "bezettingsgraad": 50,
        "latitude": 51.151566,
        "longitude": 4.904655,
        "canPickup": true,
        "canDropoff": true,
        "openingstijden": {
          "ma": "00:00 - 23:59",
          "di": "00:00 - 23:59",
          "wo": "00:00 - 23:59",
          "do": "00:00 - 23:59",
          "vr": "00:00 - 23:59",
          "za": "00:00 - 23:59",
          "zo": "00:00 - 23:59"
        }
      }
    },
    {
      "type": "Feature",
      "geometry": {
        "type": "Point",
        "coordinates": [
          4.899169,
          51.162351
        ]
      },
      "properties": {
        "type": "pakketpunt",
        "locatieNaam": "BBOX 24/7 SPAR OLEN",
        "straatNaam": "OEVELSEWEG",
        "straatNr": "76",
        "vervoerder": "DHL",
        "puntType": "packStation",
        "bezettingsgraad": 50,
        "latitude": 51.162351,
        "longitude": 4.899169,
        "canPickup": true,
        "canDropoff": true,
        "openingstijden": {
          "ma": "00:00 - 23:59",
          "di": "00:00 - 23:59",
          "wo": "00:00 - 23:59",
          "do": "00:00 - 23:59",
          "vr": "00:00 - 23:59",
          "za": "00:00 - 23:59",
          "zo": "00:00 - 23:59"
        }
      }
    },
    {
      "type": "Feature",
      "geometry": {
        "type": "Point",
        "coordinates": [
          4.900134,
          51.163631
        ]
      },
      "properties": {
        "type": "pakketpunt",
        "locatieNaam": "OLEN",
        "straatNaam": "OEVELSEWEG",
        "straatNr": "60",
        "vervoerder": "DHL",
        "puntType": "postOffice",
        "bezettingsgraad": 50,
        "latitude": 51.163631,
        "longitude": 4.900134,
        "canPickup": true,
        "canDropoff": true,
        "openingstijden": {
          "ma": "09:30 - 12:30",
          "di": "09:30 - 12:30, 14:00 - 18:00",
          "wo": "09:30 - 12:30, 14:00 - 17:00",
          "do": "09:30 - 12:30, 14:00 - 18:00",
          "vr": "09:30 - 12:30",
          "za": "09:30 - 13:00",
          "zo": "gesloten"
        }
      }
    },
    {
      "type": "Feature",
      "geometry": {
        "type": "Point",
        "coordinates": [
          4.901582,
          51.173969
        ]
      },
      "properties": {
        "type": "pakketpunt",
        "locatieNaam": "PARCEL LOCKER 24/7 STATION OLEN",
        "straatNaam": "STATIONSTRAAT",
        "straatNr": "103A",
        "vervoerder": "DHL",
        "puntType": "packStation",
        "bezettingsgraad": 50,
        "latitude": 51.173969,
        "longitude": 4.901582,
        "canPickup": true,
        "canDropoff": true,
        "openingstijden": {
          "ma": "00:00 - 23:59",
          "di": "00:00 - 23:59",
          "wo": "00:00 - 23:59",
          "do": "00:00 - 23:59",
          "vr": "00:00 - 23:59",
          "za": "00:00 - 23:59",
          "zo": "00:00 - 23:59"
        }
      }
    },
    {
      "type": "Feature",
      "geometry": {
        "type": "Point",
        "coordinates": [
          4.90201,
          51.15265
        ]
      },
      "properties": {
        "type": "pakketpunt",
        "locatieNaam": "GLS Parcel Locker powered by bbox",
        "straatNaam": "Lammerdries-Winkelstraat",
        "straatNr": "4 B1",
        "vervoerder": "GLS",
        "puntType": "locker",
        "bezettingsgraad": 50,
        "latitude": 51.15265,
        "longitude": 4.90201,
        "canPickup": true,
        "canDropoff": true,
        "openingstijden": "vr: 06:00 - 24:00; za: 06:00 - 24:00"
      }
    },
    {
      "type": "Feature",
      "geometry": {
        "type": "Point",
        "coordinates": [
          4.8989128,
          51.1624506
        ]
      },
      "properties": {
        "type": "pakketpunt",
        "locatieNaam": "GLS Parcel Locker powered by bbox",
        "straatNaam": "Oevelseweg",
        "straatNr": "76",
        "vervoerder": "GLS",
        "puntType": "locker",
        "bezettingsgraad": 50,
        "latitude": 51.1624506,
        "longitude": 4.8989128,
        "canPickup": true,
        "canDropoff": true,
        "openingstijden": "vr: 08:00 - 12:30, 13:00 - 16:30; ma: 08:00 - 12:30, 13:00 - 16:30"
      }
    },
    {
      "type": "Feature",
      "geometry": {
        "type": "Point",
        "coordinates": [
          4.9023124,
          51.1831615
        ]
      },
      "properties": {
        "type": "pakketpunt",
        "locatieNaam": "Verdonck",
        "straatNaam": "Lichtaartseweg",
        "straatNr": "125",
        "vervoerder": "GLS",
        "puntType": "parcel_shop",
        "bezettingsgraad": 50,
        "latitude": 51.1831615,
        "longitude": 4.9023124,
        "canPickup": true,
        "canDropoff": true,
        "openingstijden": "vr: 08:00 - 12:00, 13:00 - 16:00; ma: 08:00 - 12:00, 13:00 - 16:00"
      }
    },
    {
      "type": "Feature",
      "geometry": {
        "type": "Point",
        "coordinates": [
          4.90119,
          51.17982
        ]
      },
      "properties": {
        "type": "pakketpunt",
        "locatieNaam": "BLOEMENBINDERIJ DEN DRÉ",
        "straatNaam": "79 Lichtaartseweg",
        "straatNr": "",
        "vervoerder": "InPost",
        "puntType": "servicepunt",
        "bezettingsgraad": 50,
        "latitude": 51.17982,
        "longitude": 4.90119,
        "canPickup": true,
        "canDropoff": true,
        "openingstijden": null
      }
    },
    {
      "type": "Feature",
      "geometry": {
        "type": "Point",
        "coordinates": [
          4.90239,
          51.183
        ]
      },
      "properties": {
        "type": "pakketpunt",
        "locatieNaam": "Dagbladhandel Verdonck ",
        "straatNaam": "Lichtaartseweg",
        "straatNr": "125",
        "vervoerder": "VintedGo",
        "puntType": "parcel_shop",
        "bezettingsgraad": 50,
        "latitude": 51.183,
        "longitude": 4.90239,
        "canPickup": true,
        "canDropoff": true,
        "openingstijden": null
      }
    },
    {
      "type": "Feature",
      "geometry": {
        "type": "Point",
        "coordinates": [
          4.9025839,
          51.173697
        ]
      },
      "properties": {
        "type": "pakketpunt",
        "locatieNaam": "Carrefour Express Olen Statie",
        "straatNaam": "Stationstraat",
        "straatNr": "99",
        "vervoerder": "VintedGo",
        "puntType": "locker",
        "bezettingsgraad": 50,
        "latitude": 51.173697,
        "longitude": 4.9025839,
        "canPickup": true,
        "canDropoff": true,
        "openingstijden": null
      }
    },
    {
      "type": "Feature",
      "geometry": {
        "type": "Point",
        "coordinates": [
          4.90173800000002,
          51.1799080000001
        ]
      },
      "properties": {
        "type": "pakketpunt",
        "locatieNaam": "Dagbladhandel Verdonck",
        "straatNaam": "Lichtaartseweg",
        "straatNr": "125",
        "vervoerder": "PostNL",
        "puntType": "servicepunt",
        "bezettingsgraad": 50,
        "latitude": 51.1799080000001,
        "longitude": 4.90173800000002,
        "canPickup": true,
        "canDropoff": true,
        "openingstijden": "06:30 - 12:00, 13:00 - 17:00"
      }
    },
    {
      "type": "Feature",
      "geometry": {
        "type": "Point",
        "coordinates": [
          4.9011858,
          51.1798188
        ]
      },
      "properties": {
        "type": "pakketpunt",
        "locatieNaam": "BLOEMENBINDERIJ DEN DRE",
        "straatNaam": "LICHTAARTSEWEG",
        "straatNr": "79",
        "vervoerder": "DPD",
        "puntType": "pickup_point",
        "bezettingsgraad": 50,
        "latitude": 51.1798188,
        "longitude": 4.9011858,
        "canPickup": true,
        "canDropoff": true,
        "openingstijden": {
          "ma": "gesloten",
          "di": "10:00 - 12:30, 14:00 - 18:00",
          "wo": "10:00 - 12:30, 14:00 - 18:00",
          "do": "10:00 - 12:30, 14:00 - 18:00",
          "vr": "10:00 - 12:30, 14:00 - 18:00",
          "za": "10:00 - 12:30, 14:00 - 17:00",
          "zo": "10:00 - 12:30"
        }
      }
    },
    {
      "type": "Feature",
      "geometry": {
        "type": "Point",
        "coordinates": [
          4.900134,
          51.163631
        ]
      },
      "properties": {
        "type": "pakketpunt",
        "locatieNaam": "bpost - OLEN",
        "straatNaam": "OEVELSEWEG,60",
        "straatNr": "",
        "vervoerder": "Amazon",
        "puntType": "3p",
        "bezettingsgraad": 50,
        "latitude": 51.163631,
        "longitude": 4.900134,
        "canPickup": true,
        "canDropoff": false,
        "openingstijden": null
      }
    },
    {
      "type": "Feature",
      "geometry": {
        "type": "Point",
        "coordinates": [
          4.899169,
          51.162351
        ]
      },
      "properties": {
        "type": "pakketpunt",
        "locatieNaam": "bpost - BBOX 24/7 SPAR OLEN",
        "straatNaam": "OEVELSEWEG,76",
        "straatNr": "",
        "vervoerder": "Amazon",
        "puntType": "3p",
        "bezettingsgraad": 50,
        "latitude": 51.162351,
        "longitude": 4.899169,
        "canPickup": true,
        "canDropoff": false,
        "openingstijden": null
      }
    },
    {
      "type": "Feature",
      "geometry": {
        "type": "Point",
        "coordinates": [
          4.9046554,
          51.1515655
        ]
      },
      "properties": {
        "type": "pakketpunt",
        "locatieNaam": "bpost - BBOX 24/7 DECATHLON OLEN",
        "straatNaam": "LAMMERDRIES-WINKELSTRAAT,4",
        "straatNr": "",
        "vervoerder": "Amazon",
        "puntType": "3p",
        "bezettingsgraad": 50,
        "latitude": 51.1515655,
        "longitude": 4.9046554,
        "canPickup": true,
        "canDropoff": false,
        "openingstijden": null
      }
    },
    {
      "type": "Feature",
      "geometry": {
        "type": "MultiPolygon",
        "coordinates": [
          [
            [
              [
                4.851272666639784,
                51.14094155314312
              ],
              [
                4.850988101316723,
                51.140746654169156
              ],
              [
                4.850674541005154,
                51.14057023914893
              ],
              [
                4.8503350053846015,
                51.140414006840935
              ],
              [
                4.849972764157083,
                51.14027946164191
              ],
              [
                4.849591305566228,
                51.14016789910658
              ],
              [
                4.849194302816548,
                51.14008039347803
              ],
              [
                4.848785578715769,
                51.140017787348576
              ],
              [
                4.848369068880086,
                51.13998068355014
              ],
              [
                4.847948783855845,
                51.13996943935266
              ],
              [
                4.847528770521588,
                51.13998416302556
              ],
              [
                4.847113073141137,
                51.140024712795814
              ],
              [
                4.846705694441787,
                51.14009069821236
              ],
              [
                4.846310557091451,
                51.14018148390386
              ],
              [
                4.8459314659447035,
                51.14029619569364
              ],
              [
                4.8455720714204915,
                51.14043372901317
              ],
              [
                4.845235834363353,
                51.14059275953315
              ],
              [
                4.844925992725934,
                51.14077175591021
              ],
              [
                4.844645530393198,
                51.14096899452651
              ],
              [
                4.844397148448259,
                51.141182576080986
              ],
              [
                4.844183239156508,
                51.14141044387233
              ],
              [
                4.844005862918666,
                51.14165040359821
              ],
              [
                4.843866728415037,
                51.14190014448045
              ],
              [
                4.843767176132689,
                51.1421572615126
              ],
              [
                4.843708165434863,
                51.142419278616444
              ],
              [
                4.843690265297944,
                51.142683672483955
              ],
              [
                4.843713648806127,
                51.142947896876024
              ],
              [
                4.843778091457758,
                51.14320940714336
              ],
              [
                4.843882973300734,
                51.14346568473376
              ],
              [
                4.844027284877388,
                51.1437142614496
              ],
              [
                4.844030098913333,
                51.143717941693886
              ],
              [
                4.844030284606458,
                51.14371826154843
              ],
              [
                4.844212636682607,
                51.143956743315925
              ],
              [
                4.844431273515908,
                51.14418283326058
              ],
              [
                4.8446840898354315,
                51.14439435382088
              ],
              [
                4.844968651075898,
                51.14458926773067
              ],
              [
                4.8452822168164085,
                51.14476569764734
              ],
              [
                4.8456217671699084,
                51.14492194423965
              ],
              [
                4.8459840318693255,
                51.14505650256169
              ],
              [
                4.846365521770163,
                51.14516807655415
              ],
              [
                4.84676256246583,
                51.145255591533356
              ],
              [
                4.847171329691498,
                51.145318204547394
              ],
              [
                4.847587886174833,
                51.145355312499426
              ],
              [
                4.848008219577941,
                51.1453665579596
              ],
              [
                4.8484282811641615,
                51.14535183260969
              ],
              [
                4.84884402481639,
                51.14531127828681
              ],
              [
                4.849251446030079,
                51.1452452856167
              ],
              [
                4.8496466205044,
                51.145154490249176
              ],
              [
                4.8500257419589285,
                51.145039766732424
              ],
              [
                4.85038515881073,
                51.144902220085406
              ],
              [
                4.850721409357863,
                51.14474317514931
              ],
              [
                4.851031255129802,
                51.14456416382128
              ],
              [
                4.851311712083129,
                51.14436691029347
              ],
              [
                4.851560079341787,
                51.14415331443982
              ],
              [
                4.851773965204984,
                51.14392543351096
              ],
              [
                4.8519513101724545,
                51.143685462313925
              ],
              [
                4.852090406765591,
                51.14343571206764
              ],
              [
                4.852189915954085,
                51.14317858813827
              ],
              [
                4.852248880030537,
                51.1429165668691
              ],
              [
                4.852266731809855,
                51.14265217172812
              ],
              [
                4.852243300065758,
                51.1423879490034
              ],
              [
                4.85217881115303,
                51.14212644328019
              ],
              [
                4.852073886800921,
                51.141870172936144
              ],
              [
                4.851929538099966,
                51.141621605890464
              ],
              [
                4.85192672356793,
                51.141617925831675
              ],
              [
                4.8519265378290815,
                51.141617605989296
              ],
              [
                4.8517441555011835,
                51.14137913593432
              ],
              [
                4.8515254963954835,
                51.14115305930233
              ],
              [
                4.851272666639784,
                51.14094155314312
              ]
            ]
          ],
          [
            [
              [
                4.903120052408736,
                51.16129990097032
              ],
              [
                4.902937331764633,
                51.161061511812854
              ],
              [
                4.90271833265041,
                51.16083553171811
              ],
              [
                4.902465164467751,
                51.16062413680599
              ],
              [
                4.902180265557771,
                51.16042936271748
              ],
              [
                4.901866379711034,
                51.16025308501835
              ],
              [
                4.9015265297411235,
                51.16009700114456
              ],
              [
                4.901163988376317,
                51.15996261406342
              ],
              [
                4.900782246749599,
                51.159851217807024
              ],
              [
                4.90038498079016,
                51.1597638850173
              ],
              [
                4.899976015839514,
                51.159701456622166
              ],
              [
                4.899559289832408,
                51.15966453374221
              ],
              [
                4.899138815396204,
                51.15965347190524
              ],
              [
                4.898718641232917,
                51.15966837762475
              ],
              [
                4.898302813154761,
                51.15970910737482
              ],
              [
                4.897895335147455,
                51.1597752689714
              ],
              [
                4.89750013083525,
                51.159866225346676
              ],
              [
                4.897121005717773,
                51.15998110068046
              ],
              [
                4.896761610541512,
                51.16011878882941
              ],
              [
                4.896738779013186,
                51.16012959842565
              ],
              [
                4.8965044176434676,
                51.16021938366773
              ],
              [
                4.896168211658645,
                51.16037855807336
              ],
              [
                4.8958584340522,
                51.16055768679465
              ],
              [
                4.895578068093349,
                51.1607550449393
              ],
              [
                4.895329813938092,
                51.1609687320551
              ],
              [
                4.89511606262223,
                51.161196690424084
              ],
              [
                4.894938873026213,
                51.16143672487147
              ],
              [
                4.8947999520339955,
                51.161686523899306
              ],
              [
                4.894700638077477,
                51.16194368194098
              ],
              [
                4.894641888225658,
                51.16220572252303
              ],
              [
                4.8946242689436685,
                51.1624701221111
              ],
              [
                4.894647950611587,
                51.162734334410686
              ],
              [
                4.894712705856797,
                51.16299581488863
              ],
              [
                4.894817911717027,
                51.16325204527933
              ],
              [
                4.8949625556142005,
                51.16350055783946
              ],
              [
                4.895145245082604,
                51.163738959117836
              ],
              [
                4.895364221158569,
                51.16396495301087
              ],
              [
                4.895617375303493,
                51.16417636288189
              ],
              [
                4.8959022696978955,
                51.164371152530684
              ],
              [
                4.896047333953154,
                51.164452626473164
              ],
              [
                4.8961796831942,
                51.164679998090904
              ],
              [
                4.896362383493318,
                51.16491839738098
              ],
              [
                4.89658137099335,
                51.16514438891718
              ],
              [
                4.896834537045671,
                51.16535579608552
              ],
              [
                4.897119443716112,
                51.16555058271182
              ],
              [
                4.897433347256172,
                51.16572687267916
              ],
              [
                4.897773224524552,
                51.16588296800413
              ],
              [
                4.898135802104688,
                51.16601736519766
              ],
              [
                4.898517587837707,
                51.16612876975231
              ],
              [
                4.8985199107265265,
                51.16612928037878
              ],
              [
                4.898521588017269,
                51.16612976980599
              ],
              [
                4.898918904662395,
                51.166217108656525
              ],
              [
                4.899327925278427,
                51.16627954056049
              ],
              [
                4.899744710151734,
                51.16631646416544
              ],
              [
                4.900165244744026,
                51.16632752381721
              ],
              [
                4.9005854783803775,
                51.16631261298728
              ],
              [
                4.901001363286228,
                51.16627187529935
              ],
              [
                4.9014088935963835,
                51.16620570314539
              ],
              [
                4.90180414395928,
                51.16611473390398
              ],
              [
                4.902183307363802,
                51.16599984379809
              ],
              [
                4.902542731823386,
                51.165862139451235
              ],
              [
                4.902878955563411,
                51.16570294722348
              ],
              [
                4.903188740372287,
                51.16552380043063
              ],
              [
                4.90346910279463,
                51.16532642456946
              ],
              [
                4.903717342865813,
                51.165112720692036
              ],
              [
                4.903931070111058,
                51.1648847470893
              ],
              [
                4.904108226558838,
                51.16464469946063
              ],
              [
                4.904247106547247,
                51.16439488976085
              ],
              [
                4.904346373133104,
                51.16413772392851
              ],
              [
                4.904405070946412,
                51.163875678710156
              ],
              [
                4.904422635367214,
                51.16361127780417
              ],
              [
                4.904398897937356,
                51.16334706755382
              ],
              [
                4.904334087956057,
                51.16308559242391
              ],
              [
                4.904228830244931,
                51.162829370497185
              ],
              [
                4.904084139105017,
                51.16258086922627
              ],
              [
                4.903901408525005,
                51.16234248167478
              ],
              [
                4.903682398735842,
                51.16211650347624
              ],
              [
                4.903429219242022,
                51.16190511073225
              ],
              [
                4.903387884232647,
                51.16187685329475
              ],
              [
                4.903369983979806,
                51.161804626450355
              ],
              [
                4.903264734447467,
                51.16154840354154
              ],
              [
                4.903120052408736,
                51.16129990097032
              ]
            ]
          ],
          [
            [
              [
                4.902401123841009,
                51.17723268127966
              ],
              [
                4.901992003125905,
                51.177170260276945
              ],
              [
                4.901575119551477,
                51.177133344753834
              ],
              [
                4.901154487262032,
                51.177122290167276
              ],
              [
                4.900734156479272,
                51.17713720296099
              ],
              [
                4.900318174523229,
                51.17717793954091
              ],
              [
                4.899910546861063,
                51.17724410765721
              ],
              [
                4.899515198557842,
                51.177335070179346
              ],
              [
                4.89913593649953,
                51.17744995122795
              ],
              [
                4.898776412751134,
                51.177587644604664
              ],
              [
                4.8984400894020705,
                51.177746824438934
              ],
              [
                4.898130205236679,
                51.17792595794956
              ],
              [
                4.8978497445503955,
                51.17812332019811
              ],
              [
                4.897601408411598,
                51.1783370106929
              ],
              [
                4.897387588645831,
                51.17856497168341
              ],
              [
                4.897210344793045,
                51.17880500796967
              ],
              [
                4.897071384260087,
                51.17905480803601
              ],
              [
                4.896972045860089,
                51.179311966305825
              ],
              [
                4.896913286897935,
                51.17957400630345
              ],
              [
                4.896895673927006,
                51.17983840450013
              ],
              [
                4.896919377267126,
                51.180102614614796
              ],
              [
                4.896984169337474,
                51.1803640921353
              ],
              [
                4.897089426821613,
                51.180620318824474
              ],
              [
                4.897234136644737,
                51.18086882697467
              ],
              [
                4.8974169057066,
                51.18110722317709
              ],
              [
                4.897635974277296,
                51.18133321137702
              ],
              [
                4.897889232927647,
                51.18154461499262
              ],
              [
                4.898174242831832,
                51.18173939788386
              ],
              [
                4.898472774435728,
                51.18190699098227
              ],
              [
                4.89841424763836,
                51.18198624971393
              ],
              [
                4.898275284076936,
                51.18223605089469
              ],
              [
                4.8982474994043175,
                51.18230797773643
              ],
              [
                4.898197671107757,
                51.18239754823866
              ],
              [
                4.898098331798594,
                51.18265470712908
              ],
              [
                4.898039574951771,
                51.18291674735416
              ],
              [
                4.8980219671004015,
                51.183181145382946
              ],
              [
                4.898045678515101,
                51.183445354935955
              ],
              [
                4.898110481537389,
                51.18370683150648
              ],
              [
                4.898215752745442,
                51.18396305686645
              ],
              [
                4.8983604789323625,
                51.18421156332106
              ],
              [
                4.898543266840376,
                51.1844499574778
              ],
              [
                4.898762356558121,
                51.18467594330165
              ],
              [
                4.899015638452793,
                51.184887344233644
              ],
              [
                4.89930067347472,
                51.18508212415961
              ],
              [
                4.899614716639313,
                51.1852584070271
              ],
              [
                4.8999547434605075,
                51.18541449492109
              ],
              [
                4.900317479081246,
                51.185548884424044
              ],
              [
                4.9006994298203175,
                51.18566028110256
              ],
              [
                4.9010969168314436,
                51.18574761198074
              ],
              [
                4.901506111549948,
                51.18581003587989
              ],
              [
                4.901923072584958,
                51.18584695152471
              ],
              [
                4.902343783701074,
                51.18585800333766
              ],
              [
                4.902764192522764,
                51.185843084865716
              ],
              [
                4.903180249587761,
                51.18580233980625
              ],
              [
                4.903587947372338,
                51.18573616062216
              ],
              [
                4.903983358911568,
                51.185645184759814
              ],
              [
                4.904362675641698,
                51.18553028850598
              ],
              [
                4.904722244099225,
                51.18539257854336
              ],
              [
                4.905058601122515,
                51.18523338128618
              ],
              [
                4.905368507216266,
                51.1850542300987
              ],
              [
                4.905648977757045,
                51.18485685052002
              ],
              [
                4.9058973117390945,
                51.18464314363808
              ],
              [
                4.906111117783439,
                51.18441516777275
              ],
              [
                4.906288337159992,
                51.184175118645214
              ],
              [
                4.906427263601222,
                51.183925308224765
              ],
              [
                4.906455036629058,
                51.18385337950397
              ],
              [
                4.906504850630674,
                51.183763805569185
              ],
              [
                4.906604145975308,
                51.183506639720285
              ],
              [
                4.906662855473063,
                51.18324459529627
              ],
              [
                4.9066804143920235,
                51.18298019598782
              ],
              [
                4.906656654327601,
                51.18271598812283
              ],
              [
                4.906591804797574,
                51.18245451614314
              ],
              [
                4.906486491004969,
                51.18219829810109
              ],
              [
                4.90634172779141,
                51.1819498014119
              ],
              [
                4.9061589098401095,
                51.18171141909502
              ],
              [
                4.905939798223777,
                51.18148544673351
              ],
              [
                4.905686503427786,
                51.181274060372786
              ],
              [
                4.905530816990659,
                51.181167681182586
              ],
              [
                4.905536437527036,
                51.18116168779684
              ],
              [
                4.905713647504867,
                51.1809216392343
              ],
              [
                4.905852567337218,
                51.18067182918059
              ],
              [
                4.9059518596975895,
                51.18041466357764
              ],
              [
                4.906010568968208,
                51.18015261916982
              ],
              [
                4.906028130419254,
                51.179888219647665
              ],
              [
                4.906004375621661,
                51.17962401134114
              ],
              [
                4.9059395340423935,
                51.179362538696324
              ],
              [
                4.905834230807824,
                51.17910631977199
              ],
              [
                4.905689480657822,
                51.17885782199183
              ],
              [
                4.905506678149726,
                51.17861943838584
              ],
              [
                4.905287584207473,
                51.178393464549494
              ],
              [
                4.905034309146192,
                51.17818207654238
              ],
              [
                4.904749292336394,
                51.17798730993898
              ],
              [
                4.90443527870408,
                51.17781104023291
              ],
              [
                4.904095292293371,
                51.17765496478316
              ],
              [
                4.903732607146338,
                51.17752058647589
              ],
              [
                4.90335071578037,
                51.17740919925869
              ],
              [
                4.902953295566349,
                51.177321875686395
              ],
              [
                4.9025441733309085,
                51.177259456598186
              ],
              [
                4.902508671719364,
                51.17725631312434
              ],
              [
                4.902401123841009,
                51.17723268127966
              ]
            ]
          ],
          [
            [
              [
                4.907664744793809,
                51.149644715191435
              ],
              [
                4.907350910731817,
                51.14946845136465
              ],
              [
                4.907011120913676,
                51.14931238265039
              ],
              [
                4.906648647488369,
                51.14917801186996
              ],
              [
                4.906266980934652,
                51.1490666328985
              ],
              [
                4.905869796458849,
                51.14897931821152
              ],
              [
                4.9054609186179325,
                51.14891690856263
              ],
              [
                4.905044284507975,
                51.14888000489191
              ],
              [
                4.904623905871598,
                51.148868962542224
              ],
              [
                4.904203830488528,
                51.14888388783942
              ],
              [
                4.903788103220002,
                51.148924637069065
              ],
              [
                4.903380727081226,
                51.148990817859506
              ],
              [
                4.902985624715735,
                51.149081792958135
              ],
              [
                4.902606600641665,
                51.14919668636445
              ],
              [
                4.902247304632684,
                51.14933439176107
              ],
              [
                4.9019111965854,
                51.149493583161686
              ],
              [
                4.9016015132109745,
                51.14967272767358
              ],
              [
                4.901321236871252,
                51.149870100252436
              ],
              [
                4.901161973145907,
                51.150007243083174
              ],
              [
                4.9011428326747275,
                51.15000911869838
              ],
              [
                4.900735443327401,
                51.150075290334044
              ],
              [
                4.90034032663396,
                51.1501662565429
              ],
              [
                4.89996128725047,
                51.15028114141008
              ],
              [
                4.899601975097978,
                51.15041883870041
              ],
              [
                4.8992658502285025,
                51.150578022505634
              ],
              [
                4.898956149515157,
                51.15075716000622
              ],
              [
                4.898675855486716,
                51.150954526225334
              ],
              [
                4.898427667606476,
                51.151168220633
              ],
              [
                4.898213976271938,
                51.15139618544092
              ],
              [
                4.89803683978581,
                51.151636225412375
              ],
              [
                4.897897964520425,
                51.15188602899617
              ],
              [
                4.897798688467113,
                51.152143190581775
              ],
              [
                4.897739968329613,
                51.15240523366155
              ],
              [
                4.8977223702866235,
                51.15266963467711
              ],
              [
                4.897746064513392,
                51.15293384732018
              ],
              [
                4.897810823516057,
                51.15319532705427
              ],
              [
                4.897916024295861,
                51.15345155562089
              ],
              [
                4.898060654323371,
                51.15370006529435
              ],
              [
                4.898243321266184,
                51.15393846265119
              ],
              [
                4.8984622663773365,
                51.15416445162563
              ],
              [
                4.898715381416248,
                51.154375855628366
              ],
              [
                4.899000228939912,
                51.154570638515686
              ],
              [
                4.899314065769381,
                51.15474692420673
              ],
              [
                4.899653869405819,
                51.15490301475926
              ],
              [
                4.900016367141841,
                51.1550374067302
              ],
              [
                4.900398067587646,
                51.15514880566243
              ],
              [
                4.900795294308009,
                51.15523613855838
              ],
              [
                4.901204221245715,
                51.15529856421994
              ],
              [
                4.9016209095895835,
                51.155335481354875
              ],
              [
                4.902041345731261,
                51.1553465343713
              ],
              [
                4.90246147994428,
                51.155331616804574
              ],
              [
                4.90287726541191,
                51.15529087234335
              ],
              [
                4.903284697226929,
                51.1552246934448
              ],
              [
                4.903679850986638,
                51.155133717552474
              ],
              [
                4.904058920610536,
                51.15501882095339
              ],
              [
                4.904418255015454,
                51.15488111033357
              ],
              [
                4.904754393294224,
                51.15472191211351
              ],
              [
                4.905064098058424,
                51.15454275966669
              ],
              [
                4.905344386623605,
                51.15434537854433
              ],
              [
                4.905497165060484,
                51.15421381712427
              ],
              [
                4.905527395222015,
                51.154210853934764
              ],
              [
                4.905934813857576,
                51.15414466586479
              ],
              [
                4.906329953314495,
                51.154053681066706
              ],
              [
                4.906709007650071,
                51.153938775913325
              ],
              [
                4.907068325928428,
                51.15380105717305
              ],
              [
                4.907404447397767,
                51.1536418513446
              ],
              [
                4.907714134831605,
                51.15346269187471
              ],
              [
                4.907994405712446,
                51.15326530438225
              ],
              [
                4.9082425609573015,
                51.15305159003129
              ],
              [
                4.90845621090829,
                51.152823607213584
              ],
              [
                4.908633298338168,
                51.152583551717235
              ],
              [
                4.908772118249544,
                51.15233373557284
              ],
              [
                4.908871334277581,
                51.152076564780934
              ],
              [
                4.9089299915388995,
                51.15181451613582
              ],
              [
                4.908947525803756,
                51.15155011336885
              ],
              [
                4.908923768904062,
                51.151285902841195
              ],
              [
                4.908858950326175,
                51.15102442902028
              ],
              [
                4.908753694974127,
                51.150768209976256
              ],
              [
                4.908609017125882,
                51.15051971313394
              ],
              [
                4.908426310641793,
                51.150281331514314
              ],
              [
                4.908207335520457,
                51.15005536069375
              ],
              [
                4.908206079400818,
                51.15005431175754
              ],
              [
                4.908202735327836,
                51.150050860829445
              ],
              [
                4.907949600784849,
                51.149839476828305
              ],
              [
                4.907664744793809,
                51.149644715191435
              ]
            ]
          ],
          [
            [
              [
                4.9065348358307554,
                51.17264679123794
              ],
              [
                4.906352053329559,
                51.172408408380186
              ],
              [
                4.9061329844477575,
                51.17218243558109
              ],
              [
                4.905879739259034,
                51.17197104889025
              ],
              [
                4.905594756846145,
                51.17177628386949
              ],
              [
                4.905280781803796,
                51.17160001599717
              ],
              [
                4.9049408378044745,
                51.17144394261464
              ],
              [
                4.904578198481846,
                51.17130956658818
              ],
              [
                4.904196355912063,
                51.17119818184338
              ],
              [
                4.903798986996181,
                51.171110860911305
              ],
              [
                4.903389918066938,
                51.17104844460573
              ],
              [
                4.902973088060119,
                51.17101153393075
              ],
              [
                4.902552510604314,
                51.171000484296705
              ],
              [
                4.902132235393331,
                51.17101540209958
              ],
              [
                4.901716309212199,
                51.17105614369711
              ],
              [
                4.9013087369911155,
                51.17112231679111
              ],
              [
                4.900913443261397,
                51.17121328420314
              ],
              [
                4.90053423438359,
                51.171328170006724
              ],
              [
                4.900401813515886,
                51.171378894786926
              ],
              [
                4.900306884823334,
                51.17139430623932
              ],
              [
                4.8999115868379315,
                51.17148527028904
              ],
              [
                4.899532373284812,
                51.17160015286428
              ],
              [
                4.899172895761967,
                51.17173784775196
              ],
              [
                4.898836615913724,
                51.171897029067026
              ],
              [
                4.898836107718044,
                51.17189732288009
              ],
              [
                4.898834615943686,
                51.171898029021314
              ],
              [
                4.898524772121189,
                51.17207716396293
              ],
              [
                4.898244348245395,
                51.17227452758466
              ],
              [
                4.897996045030167,
                51.172488219381556
              ],
              [
                4.89778225398393,
                51.17271618159058
              ],
              [
                4.897605034369973,
                51.17295621900001
              ],
              [
                4.897466093361601,
                51.17320602008332
              ],
              [
                4.897366769583778,
                51.17346317925414
              ],
              [
                4.8973080202004216,
                51.17372522002812
              ],
              [
                4.897290411672496,
                51.173989618869015
              ],
              [
                4.897314114276857,
                51.174253829489544
              ],
              [
                4.897378900439601,
                51.17451530737268
              ],
              [
                4.897484146901014,
                51.1747715342778
              ],
              [
                4.897628840692286,
                51.17502004249513
              ],
              [
                4.8978115888674285,
                51.175258438615266
              ],
              [
                4.898030631897569,
                51.17548442658428
              ],
              [
                4.898283860599415,
                51.17569582982254
              ],
              [
                4.898568836435509,
                51.17589061219369
              ],
              [
                4.898882814991244,
                51.17606689762175
              ],
              [
                4.899222772402819,
                51.17622298816704
              ],
              [
                4.8995854344817245,
                51.17635738038651
              ],
              [
                4.899967308255147,
                51.176468779820596
              ],
              [
                4.900364715618214,
                51.17655611346691
              ],
              [
                4.900773828773528,
                51.17661854012005
              ],
              [
                4.901190707115967,
                51.176655458478216
              ],
              [
                4.901611335206778,
                51.176666512937764
              ],
              [
                4.902031661470279,
                51.17665159702015
              ],
              [
                4.902447637239555,
                51.17661085439812
              ],
              [
                4.902855255774063,
                51.17654467751114
              ],
              [
                4.903250590872332,
                51.17645370378341
              ],
              [
                4.903629834706978,
                51.176338809481145
              ],
              [
                4.903765326065918,
                51.17628690905834
              ],
              [
                4.903859203693153,
                51.17627166693817
              ],
              [
                4.90425453452209,
                51.17618068984111
              ],
              [
                4.904633773666994,
                51.17606579230378
              ],
              [
                4.904993268411733,
                51.1759280810213
              ],
              [
                4.905329556304701,
                51.175768882420535
              ],
              [
                4.905639398516442,
                51.17558972987868
              ],
              [
                4.905919811038774,
                51.175392348947895
              ],
              [
                4.9061680934246565,
                51.1751786407291
              ],
              [
                4.906381854791935,
                51.17495066355503
              ],
              [
                4.906559036840654,
                51.17471061315949
              ],
              [
                4.906697933662589,
                51.17446080152394
              ],
              [
                4.906797208152706,
                51.17420363460556
              ],
              [
                4.906855904865175,
                51.17394158916136
              ],
              [
                4.906873459190943,
                51.17367718889188
              ],
              [
                4.906849702769381,
                51.17341298013424
              ],
              [
                4.906784865082905,
                51.17315150733889
              ],
              [
                4.9066795712202165,
                51.172895288566046
              ],
              [
                4.9065348358307554,
                51.17264679123794
              ]
            ]
          ]
        ]
      },
      "properties": {
        "type": "buffer_union_300m",
        "buffer_m": 300
      }
    },
    {
      "type": "Feature",
      "geometry": {
        "type": "MultiPolygon",
        "coordinates": [
          [
            [
              [
                4.852371168110287,
                51.140366716833434
              ],
              [
                4.851991746765245,
                51.140106854855546
              ],
              [
                4.851573667548606,
                51.13987163814065
              ],
              [
                4.8511209566536255,
                51.13966333157278
              ],
              [
                4.850637973557474,
                51.13948394089223
              ],
              [
                4.85012936905154,
                51.13933519339317
              ],
              [
                4.849600040474832,
                51.139218521301814
              ],
              [
                4.84905508458067,
                51.13913504799463
              ],
              [
                4.848499748489457,
                51.139085577188695
              ],
              [
                4.847939379198398,
                51.139070585208344
              ],
              [
                4.847379372132836,
                51.13909021640193
              ],
              [
                4.846825119232885,
                51.139144281753005
              ],
              [
                4.8462819570735185,
                51.13923226069891
              ],
              [
                4.845755115515898,
                51.13935330613972
              ],
              [
                4.8452496673827286,
                51.13950625258905
              ],
              [
                4.8447704796406885,
                51.13968962738889
              ],
              [
                4.844322166558666,
                51.139901664880604
              ],
              [
                4.843909045291768,
                51.140140323396004
              ],
              [
                4.84353509431802,
                51.1404033049056
              ],
              [
                4.843203915127513,
                51.14068807713523
              ],
              [
                4.8429186975328,
                51.14099189793854
              ],
              [
                4.842682188934823,
                51.14131184169127
              ],
              [
                4.842496667840911,
                51.141644827453746
              ],
              [
                4.842363921890761,
                51.14198764863069
              ],
              [
                4.842285230603232,
                51.142337003843295
              ],
              [
                4.842261353011495,
                51.14268952871656
              ],
              [
                4.842292520307289,
                51.14304182827586
              ],
              [
                4.842378433566869,
                51.143390509641264
              ],
              [
                4.842518266582358,
                51.14373221470436
              ],
              [
                4.842710673773088,
                51.14406365247319
              ],
              [
                4.84271348772634,
                51.1440673327484
              ],
              [
                4.842713673411838,
                51.14406765260499
              ],
              [
                4.842956802782471,
                51.144385630898626
              ],
              [
                4.84324831360195,
                51.1446870871177
              ],
              [
                4.843585399032979,
                51.14496911773309
              ],
              [
                4.843964813103681,
                51.145229006266945
              ],
              [
                4.844382901954802,
                51.14546424946804
              ],
              [
                4.844835639024304,
                51.1456725814342
              ],
              [
                4.845318663830647,
                51.14585199544874
              ],
              [
                4.845827323981067,
                51.14600076332041
              ],
              [
                4.846356719999698,
                51.1461174520397
              ],
              [
                4.846901752542986,
                51.14620093759077
              ],
              [
                4.847457171546445,
                51.14625041578561
              ],
              [
                4.8480176268280575,
                51.14626541001553
              ],
              [
                4.848577719659325,
                51.14624577584529
              ],
              [
                4.849132054805547,
                51.14619170240535
              ],
              [
                4.84967529253234,
                51.14610371056879
              ],
              [
                4.850202200075707,
                51.14598264793055
              ],
              [
                4.850707702078221,
                51.1458296806375
              ],
              [
                4.851186929503999,
                51.1456462821483
              ],
              [
                4.851635266559975,
                51.14543421903163
              ],
              [
                4.8520483951704465,
                51.14519553394011
              ],
              [
                4.852422336575757,
                51.14493252592422
              ],
              [
                4.852753489653962,
                51.144647728276475
              ],
              [
                4.853038665596278,
                51.14434388411984
              ],
              [
                4.853275118602584,
                51.14402391997582
              ],
              [
                4.8534605723018975,
                51.143690917567554
              ],
              [
                4.853593241644302,
                51.14334808412988
              ],
              [
                4.853671850054623,
                51.14299872151269
              ],
              [
                4.853695641684162,
                51.14264619437552
              ],
              [
                4.853664388644065,
                51.142293897779965
              ],
              [
                4.853578393152454,
                51.14194522449213
              ],
              [
                4.853438484576482,
                51.141603532310086
              ],
              [
                4.853246011399583,
                51.141272111730835
              ],
              [
                4.853243196784885,
                51.14126843170295
              ],
              [
                4.853243011038414,
                51.14126811186261
              ],
              [
                4.852999827873145,
                51.140950154393416
              ],
              [
                4.852708277443515,
                51.14064872184393
              ],
              [
                4.852371168110287,
                51.140366716833434
              ]
            ]
          ],
          [
            [
              [
                4.904436697058475,
                51.16094983850714
              ],
              [
                4.904193062810892,
                51.160631988904505
              ],
              [
                4.903901059045604,
                51.16033068507386
              ],
              [
                4.9035634984882055,
                51.16004882839453
              ],
              [
                4.903183632374658,
                51.15978913293143
              ],
              [
                4.902765119126922,
                51.15955409931122
              ],
              [
                4.902311989116393,
                51.159345990654664
              ],
              [
                4.901828605854603,
                51.159166810796144
              ],
              [
                4.901319623984748,
                51.15901828499972
              ],
              [
                4.900789944478073,
                51.1589018433568
              ],
              [
                4.90024466746566,
                51.15881860702486
              ],
              [
                4.8996890431587365,
                51.15876937743924
              ],
              [
                4.8991284213287045,
                51.158754628601685
              ],
              [
                4.898568199831807,
                51.15877450251949
              ],
              [
                4.8980137726724005,
                51.158828807839164
              ],
              [
                4.897470478103193,
                51.15891702168753
              ],
              [
                4.896943547260437,
                51.15903829470289
              ],
              [
                4.896438053827008,
                51.15919145920766
              ],
              [
                4.895958865206535,
                51.159375040444225
              ],
              [
                4.895936033856052,
                51.15938584988827
              ],
              [
                4.895701674675888,
                51.159475633562046
              ],
              [
                4.895253403011936,
                51.159687862899595
              ],
              [
                4.894840367105699,
                51.159926697873125
              ],
              [
                4.894466544614742,
                51.16018983875394
              ],
              [
                4.894135535793605,
                51.16047475173298
              ],
              [
                4.8938505288160385,
                51.16077869330827
              ],
              [
                4.893614269056624,
                51.161098736692274
              ],
              [
                4.893429032628222,
                51.1614317999855
              ],
              [
                4.893296604430932,
                51.161774675845656
              ],
              [
                4.893218260925195,
                51.162124062366836
              ],
              [
                4.893194757796341,
                51.162476594872025
              ],
              [
                4.8932263226310155,
                51.162828878312595
              ],
              [
                4.893312652677816,
                51.163177519963284
              ],
              [
                4.893452917715462,
                51.16351916209767
              ],
              [
                4.893645768002775,
                51.163850514329376
              ],
              [
                4.893889347235615,
                51.164168385307384
              ],
              [
                4.894181310387594,
                51.16446971346014
              ],
              [
                4.8945188462641775,
                51.164751596491534
              ],
              [
                4.894821153883757,
                51.164958295482414
              ],
              [
                4.894862871439523,
                51.16502996799752
              ],
              [
                4.895106465113252,
                51.16534783632458
              ],
              [
                4.895398443497385,
                51.165649161334954
              ],
              [
                4.895735995250686,
                51.16593104076285
              ],
              [
                4.896115869908971,
                51.16619075958623
              ],
              [
                4.896534409175629,
                51.166425816188195
              ],
              [
                4.896987582149017,
                51.16663394646359
              ],
              [
                4.897471024147601,
                51.16681314563826
              ],
              [
                4.897980078758756,
                51.16696168759018
              ],
              [
                4.89798240168314,
                51.16696219822709
              ],
              [
                4.897984078998175,
                51.16696268766177
              ],
              [
                4.89851384296644,
                51.16707914153949
              ],
              [
                4.899059213379109,
                51.16716238560651
              ],
              [
                4.899614936916036,
                51.167211618000884
              ],
              [
                4.900175660460824,
                51.16722636448163
              ],
              [
                4.900735982700193,
                51.16720648299999
              ],
              [
                4.901290506189205,
                51.16715216506871
              ],
              [
                4.901833889379101,
                51.16706393391601
              ],
              [
                4.9023608981048605,
                51.16694263944204
              ],
              [
                4.9028664560348885,
                51.166789450026855
              ],
              [
                4.90334569359536,
                51.16660584126863
              ],
              [
                4.903793994896643,
                51.166393581761334
              ],
              [
                4.904207042208744,
                51.16615471604918
              ],
              [
                4.904580857556598,
                51.165891544922175
              ],
              [
                4.904911841034125,
                51.165606603243724
              ],
              [
                4.90519680546789,
                51.16530263552376
              ],
              [
                4.90543300709678,
                51.16498256947354
              ],
              [
                4.905618171972774,
                51.16464948779731
              ],
              [
                4.905750517829436,
                51.164306598492956
              ],
              [
                4.905828771208733,
                51.163957203947895
              ],
              [
                4.90585217968266,
                51.16360466912865
              ],
              [
                4.905820519053623,
                51.1632523891703
              ],
              [
                4.90573409546596,
                51.162903756678155
              ],
              [
                4.9055937424101534,
                51.162562129056845
              ],
              [
                4.905400812650355,
                51.16223079618116
              ],
              [
                4.905157165154742,
                51.16191294871993
              ],
              [
                4.90486514715618,
                51.161611647417594
              ],
              [
                4.90471328753881,
                51.16148485501959
              ],
              [
                4.904629614683093,
                51.16128117311663
              ],
              [
                4.904436697058475,
                51.16094983850714
              ]
            ]
          ],
          [
            [
              [
                4.897973334858765,
                51.17684391480043
              ],
              [
                4.8975249067107445,
                51.17705615137573
              ],
              [
                4.897111728725925,
                51.17729499273462
              ],
              [
                4.896737779930165,
                51.17755813908693
              ],
              [
                4.896406661794568,
                51.17784305657096
              ],
              [
                4.896121563545996,
                51.1781470016414
              ],
              [
                4.895885231438536,
                51.178467047477056
              ],
              [
                4.895699942282452,
                51.178800112154875
              ],
              [
                4.895567481486413,
                51.17914298831919
              ],
              [
                4.895489125825661,
                51.179492374061226
              ],
              [
                4.8954656311034945,
                51.17984490471142
              ],
              [
                4.89549722482653,
                51.180197185238995
              ],
              [
                4.8955836039660605,
                51.18054582294675
              ],
              [
                4.895723937828876,
                51.180887460146174
              ],
              [
                4.895916876011749,
                51.18121880649834
              ],
              [
                4.896160561364712,
                51.18153667070886
              ],
              [
                4.8964526478399,
                51.18183799127127
              ],
              [
                4.896790323055468,
                51.182119865962534
              ],
              [
                4.896825675926228,
                51.18214402753897
              ],
              [
                4.896693662739114,
                51.18248574274763
              ],
              [
                4.896615309897227,
                51.182835128792995
              ],
              [
                4.896591821999569,
                51.18318765921941
              ],
              [
                4.896623426487211,
                51.18353993899824
              ],
              [
                4.8967098202279535,
                51.18388857543946
              ],
              [
                4.896850172388127,
                51.184230210866744
              ],
              [
                4.897043132388425,
                51.18456155495825
              ],
              [
                4.89728684286888,
                51.184879416441326
              ],
              [
                4.897578957539716,
                51.18518073383573
              ],
              [
                4.897916663747599,
                51.185462604948974
              ],
              [
                4.898296709541073,
                51.18572231483901
              ],
              [
                4.898715434975424,
                51.18595736197496
              ],
              [
                4.899168807355917,
                51.186165482342744
              ],
              [
                4.899652460080232,
                51.186344671263605
              ],
              [
                4.900161734705777,
                51.18649320271422
              ],
              [
                4.900691725836172,
                51.18660964596225
              ],
              [
                4.901237328393791,
                51.18669287935625
              ],
              [
                4.901793286821847,
                51.18674210113704
              ],
              [
                4.902354245740793,
                51.186756837165866
              ],
              [
                4.902914801569522,
                51.18673694549466
              ],
              [
                4.903469554612477,
                51.18668261773431
              ],
              [
                4.904013161109201,
                51.18659437720773
              ],
              [
                4.904540384743228,
                51.18647307390543
              ],
              [
                4.905046147112536,
                51.18631987629248
              ],
              [
                4.905525576673841,
                51.18613626004609
              ],
              [
                4.905974055688032,
                51.18592399383241
              ],
              [
                4.90638726471342,
                51.18568512226026
              ],
              [
                4.906761224217543,
                51.185421946176184
              ],
              [
                4.907092332906203,
                51.18513700049133
              ],
              [
                4.907377402400503,
                51.18483302975429
              ],
              [
                4.907613687928107,
                51.184512961705366
              ],
              [
                4.907798914733731,
                51.18417987906813
              ],
              [
                4.907826685798861,
                51.18410795003187
              ],
              [
                4.907876497439364,
                51.184018375527444
              ],
              [
                4.9080088816327985,
                51.18367548620099
              ],
              [
                4.908087150582564,
                51.1833260927151
              ],
              [
                4.90811055171172,
                51.1829735600261
              ],
              [
                4.908078860894436,
                51.18262128324847
              ],
              [
                4.907992384566801,
                51.182272654956925
              ],
              [
                4.9078519567281695,
                51.181931032515585
              ],
              [
                4.90765893086376,
                51.181599705749306
              ],
              [
                4.907415166868028,
                51.181281865268026
              ],
              [
                4.907168128180267,
                51.181027098517866
              ],
              [
                4.907224119711597,
                51.18092640701165
              ],
              [
                4.907356499927372,
                51.1805835180131
              ],
              [
                4.907434768575717,
                51.180234124548775
              ],
              [
                4.9074581730824285,
                51.17988159157477
              ],
              [
                4.9074264892889845,
                51.17952931420839
              ],
              [
                4.907340023563668,
                51.17918068502992
              ],
              [
                4.907199609803577,
                51.178839061412106
              ],
              [
                4.907006601358212,
                51.17850773319114
              ],
              [
                4.906762857954164,
                51.178189890990936
              ],
              [
                4.906470727748445,
                51.17788859550527
              ],
              [
                4.90613302468469,
                51.177606748033064
              ],
              [
                4.905753001371453,
                51.17734706255051
              ],
              [
                4.905334317744606,
                51.17711203958811
              ],
              [
                4.90499066808866,
                51.17695428407007
              ],
              [
                4.905317111127723,
                51.176855381361314
              ],
              [
                4.9057964424032345,
                51.176671763355266
              ],
              [
                4.906244829242376,
                51.17645949535034
              ],
              [
                4.90665795309131,
                51.176220621972604
              ],
              [
                4.907031835237916,
                51.17595744408592
              ],
              [
                4.907362875132946,
                51.17567249661882
              ],
              [
                4.907647885059877,
                51.17536852413699
              ],
              [
                4.907884120819804,
                51.175048454397555
              ],
              [
                4.908069308136413,
                51.17471537014035
              ],
              [
                4.908201664527624,
                51.17437247938801
              ],
              [
                4.908279916434464,
                51.17402308454197
              ],
              [
                4.908303311443649,
                51.173670550571615
              ],
              [
                4.908271625487796,
                51.17331827260381
              ],
              [
                4.908185164955679,
                51.17296964322467
              ],
              [
                4.908044763694062,
                51.17262801980883
              ],
              [
                4.907851774931773,
                51.17229669219054
              ],
              [
                4.907608058205573,
                51.171978850987955
              ],
              [
                4.907315961415325,
                51.17167755688519
              ],
              [
                4.906978298182677,
                51.17139571116792
              ],
              [
                4.906598320732469,
                51.1711360277954
              ],
              [
                4.90617968855883,
                51.17090100727785
              ],
              [
                4.9057264331782955,
                51.170692912609795
              ],
              [
                4.905242919309485,
                51.17051374749091
              ],
              [
                4.904733802853021,
                51.17036523704327
              ],
              [
                4.90420398607581,
                51.1702488112105
              ],
              [
                4.903658570430384,
                51.1701655909978
              ],
              [
                4.903102807462491,
                51.17011637768528
              ],
              [
                4.9025420482783035,
                51.17010164511803
              ],
              [
                4.901981692056246,
                51.170121535146635
              ],
              [
                4.901427134097566,
                51.17017585626251
              ],
              [
                4.900883713914099,
                51.1702640854404
              ],
              [
                4.900356663851357,
                51.17038537317103
              ],
              [
                4.899851058739982,
                51.17053855163515
              ],
              [
                4.899820904963053,
                51.170550102242046
              ],
              [
                4.899354821952827,
                51.17065735461907
              ],
              [
                4.898849210608008,
                51.17081052877877
              ],
              [
                4.898369912193931,
                51.170994119
              ],
              [
                4.897921542046144,
                51.171206357549785
              ],
              [
                4.897921033852223,
                51.17120665135902
              ],
              [
                4.897919542086097,
                51.17120735748885
              ],
              [
                4.897506417891461,
                51.17144620075588
              ],
              [
                4.897132518176545,
                51.1717093489392
              ],
              [
                4.896801443939755,
                51.17199426815953
              ],
              [
                4.896516383985098,
                51.172298214854784
              ],
              [
                4.896280084197735,
                51.17261826218811
              ],
              [
                4.896094821076476,
                51.17295132822201
              ],
              [
                4.895962379779025,
                51.17329420558777
              ],
              [
                4.895884036892571,
                51.173643592365
              ],
              [
                4.895860548097094,
                51.1739961238742
              ],
              [
                4.895892140841823,
                51.17434840507628
              ],
              [
                4.895978512107161,
                51.17469704326754
              ],
              [
                4.896118831275432,
                51.175038680754845
              ],
              [
                4.896311748084642,
                51.17537002719648
              ],
              [
                4.896555405590419,
                51.1756878912972
              ],
              [
                4.8968474580128785,
                51.1759892115516
              ],
              [
                4.897185093297964,
                51.176271085739636
              ],
              [
                4.897565060177139,
                51.176530798889736
              ],
              [
                4.897983699465655,
                51.17676584943956
              ],
              [
                4.898071684971208,
                51.17680624835766
              ],
              [
                4.897973334858765,
                51.17684391480043
              ]
            ]
          ],
          [
            [
              [
                4.90866780471491,
                51.14900443623912
              ],
              [
                4.9082493605145245,
                51.14876942111509
              ],
              [
                4.907796310706358,
                51.14856133267083
              ],
              [
                4.907313018029547,
                51.14838217454614
              ],
              [
                4.906804136255026,
                51.14823367179579
              ],
              [
                4.906274565390295,
                51.14811725428934
              ],
              [
                4.905729404520491,
                51.14803404295184
              ],
              [
                4.905173902738749,
                51.14798483897801
              ],
              [
                4.904613408636989,
                51.14797011612298
              ],
              [
                4.904053318841916,
                51.14799001614389
              ],
              [
                4.903499026090118,
                51.14804434743592
              ],
              [
                4.902955867340487,
                51.148132586875796
              ],
              [
                4.902429072421849,
                51.14825388485542
              ],
              [
                4.9019237137086105,
                51.148407073456795
              ],
              [
                4.901444657307478,
                51.14859067769025
              ],
              [
                4.900996516223917,
                51.14880292968784
              ],
              [
                4.900583605958288,
                51.14904178571576
              ],
              [
                4.900341945533644,
                51.149211962477004
              ],
              [
                4.90031062233361,
                51.1492170501753
              ],
              [
                4.899783808311916,
                51.14933833630209
              ],
              [
                4.899278429187032,
                51.149491513518065
              ],
              [
                4.89879935126213,
                51.14967510694322
              ],
              [
                4.898351187749858,
                51.14988734881368
              ],
              [
                4.897938254366477,
                51.150126195493165
              ],
              [
                4.897564527782348,
                51.150389347140155
              ],
              [
                4.8972336073284195,
                51.15067426984195
              ],
              [
                4.896948680327355,
                51.150978220002855
              ],
              [
                4.896712491383363,
                51.15129827075264
              ],
              [
                4.8965273159270515,
                51.151631340120815
              ],
              [
                4.896394938270982,
                51.15197422070654
              ],
              [
                4.896316634388439,
                51.15232361055838
              ],
              [
                4.896293159582689,
                51.15267614496719
              ],
              [
                4.8963247411671,
                51.153028428865966
              ],
              [
                4.896411076228428,
                51.15337706952506
              ],
              [
                4.896551334496571,
                51.1537187092275
              ],
              [
                4.896744166295041,
                51.15405005761035
              ],
              [
                4.896987715497287,
                51.15436792335968
              ],
              [
                4.897279637365727,
                51.15466924495423
              ],
              [
                4.897617121103077,
                51.154951120161094
              ],
              [
                4.897996916899962,
                51.15521083399895
              ],
              [
                4.89841536721914,
                51.15544588489891
              ],
              [
                4.898868442015581,
                51.155654008810764
              ],
              [
                4.899351777553366,
                51.15583320102169
              ],
              [
                4.899860718445377,
                51.155981735476765
              ],
              [
                4.900390362510329,
                51.156098181414734
              ],
              [
                4.9009356080143025,
                51.15618141715831
              ],
              [
                4.901491202840584,
                51.15623064092574
              ],
              [
                4.9020517951128735,
                51.15624537855915
              ],
              [
                4.902611984782694,
                51.15622548809502
              ],
              [
                4.903166375682414,
                51.15617116113259
              ],
              [
                4.903709627540755,
                51.15608292098708
              ],
              [
                4.904236507458036,
                51.15596161764526
              ],
              [
                4.904741940343645,
                51.155808419572544
              ],
              [
                4.905221057828415,
                51.15562480245052
              ],
              [
                4.905669245179435,
                51.15541253495368
              ],
              [
                4.906082185764333,
                51.15517366170313
              ],
              [
                4.906314170421757,
                51.155010294427015
              ],
              [
                4.906359783050073,
                51.15500288421359
              ],
              [
                4.9068866438960885,
                51.154881568997276
              ],
              [
                4.907392056396355,
                51.154728359518714
              ],
              [
                4.9078711523781315,
                51.154544731569324
              ],
              [
                4.908319317315697,
                51.15433245392791
              ],
              [
                4.908732234792638,
                51.154093571313275
              ],
              [
                4.909105928084477,
                51.153830384678216
              ],
              [
                4.909436798460679,
                51.153545429035425
              ],
              [
                4.9097216598369835,
                51.15324144902927
              ],
              [
                4.909957769444602,
                51.152921372489295
              ],
              [
                4.910142854221426,
                51.15258828222073
              ],
              [
                4.9102751326720115,
                51.1522453863041
              ],
              [
                4.910353331986982,
                51.151895987190485
              ],
              [
                4.910376700258427,
                51.15154344989038
              ],
              [
                4.910345013675295,
                51.15119116956266
              ],
              [
                4.9102585786312245,
                51.15084253881614
              ],
              [
                4.910118228726368,
                51.15050091503865
              ],
              [
                4.909925316693899,
                51.15016958806792
              ],
              [
                4.909681701330682,
                51.14985174851587
              ],
              [
                4.909389729559611,
                51.14955045705077
              ],
              [
                4.909388473426997,
                51.14954940812695
              ],
              [
                4.909385129302797,
                51.14954595723171
              ],
              [
                4.909047613601201,
                51.14926411510026
              ],
              [
                4.90866780471491,
                51.14900443623912
              ]
            ]
          ]
        ]
      },
      "properties": {
        "type": "buffer_union_400m",
        "buffer_m": 400
      }
    },
    {
      "type": "Feature",
      "geometry": {
        "type": "Polygon",
        "coordinates": [
          [
            [
              4.848073,
              51.1587606
            ],
            [
              4.8481329,
              51.1596104
            ],
            [
              4.8540395,
              51.1603517
            ],
            [
              4.8566794,
              51.1610454
            ],
            [
              4.8581148,
              51.1623521
            ],
            [
              4.8607219,
              51.1643923
            ],
            [
              4.8611099,
              51.1646069
            ],
            [
              4.8622088,
              51.1648823
            ],
            [
              4.8635472,
              51.1650995
            ],
            [
              4.8648083,
              51.1657798
            ],
            [
              4.8651585,
              51.1662232
            ],
            [
              4.8676674,
              51.1648805
            ],
            [
              4.8667813,
              51.1662061
            ],
            [
              4.867212,
              51.1679062
            ],
            [
              4.8671213,
              51.1686964
            ],
            [
              4.8663225,
              51.1714209
            ],
            [
              4.8679411,
              51.175766
            ],
            [
              4.8679425,
              51.1762632
            ],
            [
              4.8675316,
              51.1770495
            ],
            [
              4.8699324,
              51.1777571
            ],
            [
              4.870062,
              51.1777356
            ],
            [
              4.8702098,
              51.1779488
            ],
            [
              4.8702038,
              51.1786123
            ],
            [
              4.8708107,
              51.1787813
            ],
            [
              4.8714582,
              51.1787659
            ],
            [
              4.8717744,
              51.1789908
            ],
            [
              4.8723302,
              51.1790352
            ],
            [
              4.8723938,
              51.1793781
            ],
            [
              4.872735,
              51.1797061
            ],
            [
              4.8730657,
              51.1798526
            ],
            [
              4.872978,
              51.1800412
            ],
            [
              4.8732768,
              51.1803568
            ],
            [
              4.8736102,
              51.1805577
            ],
            [
              4.8739359,
              51.1810554
            ],
            [
              4.8742002,
              51.1811908
            ],
            [
              4.8735224,
              51.1839814
            ],
            [
              4.87432,
              51.183963
            ],
            [
              4.8743341,
              51.1841709
            ],
            [
              4.8746611,
              51.18454
            ],
            [
              4.8748639,
              51.1845577
            ],
            [
              4.8750469,
              51.1847417
            ],
            [
              4.874766,
              51.1849151
            ],
            [
              4.8745224,
              51.1849139
            ],
            [
              4.8743532,
              51.1854046
            ],
            [
              4.8703803,
              51.1848761
            ],
            [
              4.8712737,
              51.1861666
            ],
            [
              4.8707324,
              51.1874602
            ],
            [
              4.8703637,
              51.1886777
            ],
            [
              4.8689434,
              51.1903947
            ],
            [
              4.8695265,
              51.1909932
            ],
            [
              4.8693373,
              51.1916217
            ],
            [
              4.8712276,
              51.1920812
            ],
            [
              4.8706684,
              51.1931673
            ],
            [
              4.872621,
              51.1934987
            ],
            [
              4.872692,
              51.1933783
            ],
            [
              4.8730327,
              51.193181
            ],
            [
              4.8732915,
              51.1931163
            ],
            [
              4.8735633,
              51.1931543
            ],
            [
              4.874611,
              51.1936598
            ],
            [
              4.8755154,
              51.1936645
            ],
            [
              4.8755942,
              51.194225
            ],
            [
              4.8758985,
              51.1944881
            ],
            [
              4.8763539,
              51.1944218
            ],
            [
              4.8765608,
              51.1944842
            ],
            [
              4.8770107,
              51.1949001
            ],
            [
              4.8787374,
              51.195428
            ],
            [
              4.8788116,
              51.1955112
            ],
            [
              4.8787291,
              51.1956897
            ],
            [
              4.8788463,
              51.1957719
            ],
            [
              4.8797384,
              51.1959484
            ],
            [
              4.8799359,
              51.1961152
            ],
            [
              4.8801207,
              51.1961206
            ],
            [
              4.8803524,
              51.1959753
            ],
            [
              4.8807533,
              51.1955463
            ],
            [
              4.881788,
              51.1948195
            ],
            [
              4.8835743,
              51.1946206
            ],
            [
              4.8840005,
              51.1947066
            ],
            [
              4.888015,
              51.1965815
            ],
            [
              4.8891315,
              51.1967037
            ],
            [
              4.8926101,
              51.1965533
            ],
            [
              4.8940986,
              51.1966806
            ],
            [
              4.8947214,
              51.1968623
            ],
            [
              4.8965622,
              51.1931112
            ],
            [
              4.8968428,
              51.192744
            ],
            [
              4.8974654,
              51.1913796
            ],
            [
              4.897556,
              51.1912783
            ],
            [
              4.8978004,
              51.1912484
            ],
            [
              4.8980218,
              51.1906978
            ],
            [
              4.8983719,
              51.1907826
            ],
            [
              4.8986869,
              51.1906838
            ],
            [
              4.9041564,
              51.1875864
            ],
            [
              4.9051861,
              51.1868265
            ],
            [
              4.9057353,
              51.1867196
            ],
            [
              4.9084802,
              51.1850117
            ],
            [
              4.9095441,
              51.1836514
            ],
            [
              4.9095323,
              51.183572
            ],
            [
              4.9172064,
              51.1731025
            ],
            [
              4.9195842,
              51.1693755
            ],
            [
              4.9212965,
              51.1664039
            ],
            [
              4.9220428,
              51.1653304
            ],
            [
              4.9230443,
              51.1640981
            ],
            [
              4.9234627,
              51.1634246
            ],
            [
              4.9239625,
              51.1629551
            ],
            [
              4.9247377,
              51.1620227
            ],
            [
              4.9263474,
              51.1605446
            ],
            [
              4.9262336,
              51.1601823
            ],
            [
              4.9266533,
              51.159509
            ],
            [
              4.9267343,
              51.1591376
            ],
            [
              4.9267133,
              51.1589069
            ],
            [
              4.9261499,
              51.1574034
            ],
            [
              4.9260656,
              51.1561923
            ],
            [
              4.9255277,
              51.1544163
            ],
            [
              4.9254386,
              51.154395
            ],
            [
              4.9251583,
              51.152778
            ],
            [
              4.9247765,
              51.1526234
            ],
            [
              4.9246121,
              51.1524682
            ],
            [
              4.924027,
              51.1509859
            ],
            [
              4.9246348,
              51.1500254
            ],
            [
              4.9250285,
              51.1491079
            ],
            [
              4.9247507,
              51.1488834
            ],
            [
              4.9220769,
              51.1482949
            ],
            [
              4.9212774,
              51.1478528
            ],
            [
              4.9201464,
              51.1474676
            ],
            [
              4.9200773,
              51.1476057
            ],
            [
              4.9194489,
              51.1472823
            ],
            [
              4.9187716,
              51.1471185
            ],
            [
              4.9187308,
              51.1472544
            ],
            [
              4.9180959,
              51.1473719
            ],
            [
              4.9164417,
              51.1465869
            ],
            [
              4.9140996,
              51.1469043
            ],
            [
              4.9139402,
              51.1467367
            ],
            [
              4.9082962,
              51.1466912
            ],
            [
              4.9047182,
              51.1471058
            ],
            [
              4.9026941,
              51.1474866
            ],
            [
              4.9009231,
              51.1481014
            ],
            [
              4.9012582,
              51.146699
            ],
            [
              4.8995774,
              51.1464024
            ],
            [
              4.8992387,
              51.1464186
            ],
            [
              4.8988719,
              51.1462536
            ],
            [
              4.8983991,
              51.1461644
            ],
            [
              4.8988911,
              51.1453221
            ],
            [
              4.8983218,
              51.1451894
            ],
            [
              4.8982286,
              51.1453486
            ],
            [
              4.8962814,
              51.145689
            ],
            [
              4.8964637,
              51.1459376
            ],
            [
              4.8940638,
              51.1467259
            ],
            [
              4.8930987,
              51.1445793
            ],
            [
              4.8925735,
              51.1441565
            ],
            [
              4.8854425,
              51.1454449
            ],
            [
              4.8823966,
              51.1429074
            ],
            [
              4.8818248,
              51.1421527
            ],
            [
              4.8815257,
              51.1416142
            ],
            [
              4.8806324,
              51.1410689
            ],
            [
              4.8795773,
              51.141863
            ],
            [
              4.8773664,
              51.1415878
            ],
            [
              4.8739716,
              51.1399822
            ],
            [
              4.8725066,
              51.139427
            ],
            [
              4.8703746,
              51.1383304
            ],
            [
              4.8683921,
              51.1375331
            ],
            [
              4.8682237,
              51.1373548
            ],
            [
              4.86786,
              51.1365077
            ],
            [
              4.8670991,
              51.1369338
            ],
            [
              4.8658685,
              51.1380504
            ],
            [
              4.8634501,
              51.1363896
            ],
            [
              4.8622697,
              51.1361632
            ],
            [
              4.8619055,
              51.1369953
            ],
            [
              4.8599544,
              51.1366909
            ],
            [
              4.8599642,
              51.1358304
            ],
            [
              4.8575346,
              51.1358469
            ],
            [
              4.8574103,
              51.1365281
            ],
            [
              4.85035,
              51.1359889
            ],
            [
              4.8510788,
              51.1369131
            ],
            [
              4.8511364,
              51.1372966
            ],
            [
              4.8499,
              51.1381605
            ],
            [
              4.8483117,
              51.1386532
            ],
            [
              4.8487396,
              51.1390639
            ],
            [
              4.8493701,
              51.1400995
            ],
            [
              4.8504996,
              51.1414528
            ],
            [
              4.8508565,
              51.1420465
            ],
            [
              4.8509192,
              51.1423332
            ],
            [
              4.8467358,
              51.1416086
            ],
            [
              4.8460857,
              51.1416065
            ],
            [
              4.8446421,
              51.1417877
            ],
            [
              4.8465876,
              51.1438615
            ],
            [
              4.8470322,
              51.1448266
            ],
            [
              4.8437575,
              51.14549
            ],
            [
              4.8407033,
              51.1465303
            ],
            [
              4.8404801,
              51.1476909
            ],
            [
              4.8401447,
              51.148372
            ],
            [
              4.8404812,
              51.1493133
            ],
            [
              4.8410761,
              51.1500548
            ],
            [
              4.841867,
              51.1513392
            ],
            [
              4.8432438,
              51.1511619
            ],
            [
              4.8442146,
              51.1516189
            ],
            [
              4.8438737,
              51.1526001
            ],
            [
              4.843716,
              51.153478
            ],
            [
              4.8431824,
              51.1552507
            ],
            [
              4.8446454,
              51.1562773
            ],
            [
              4.8462671,
              51.1571974
            ],
            [
              4.8480073,
              51.1572913
            ],
            [
              4.8481807,
              51.1573576
            ],
            [
              4.8482266,
              51.158029
            ],
            [
              4.848073,
              51.1587606
            ]
          ]
        ]
      },
      "properties": {
        "type": "boundary",
        "gemeente": "Olen"
      }
    }
  ]
}