{
  "type": "FeatureCollection",
  "metadata": {
    "gemeente": "Oostkamp",
    "slug": "oostkamp",
    "generated_at": "2026-09-25T22:11:42.535279Z",
    "total_points": 20,
    "providers": [
      "bpost",
      "DHL",
      "GLS",
      "PostNL",
      "DPD",
      "Amazon"
    ],
    "bounds": [
      3.191608,
      51.08456,
      3.253153398,
      51.1739954
    ]
  },
  "features": [
    {
      "type": "Feature",
      "geometry": {
        "type": "Point",
        "coordinates": [
          3.23255,
          51.17371
        ]
      },
      "properties": {
        "type": "pakketpunt",
        "locatieNaam": "Bbox 24/7 Lidl Oostkamp",
        "straatNaam": "Gaston Roelandtsstraat",
        "straatNr": "5",
        "vervoerder": "bpost",
        "puntType": "automaat",
        "bezettingsgraad": 50,
        "latitude": 51.17371,
        "longitude": 3.23255,
        "canPickup": true,
        "canDropoff": true,
        "openingstijden": null
      }
    },
    {
      "type": "Feature",
      "geometry": {
        "type": "Point",
        "coordinates": [
          3.23503,
          51.15307
        ]
      },
      "properties": {
        "type": "pakketpunt",
        "locatieNaam": "Oostkamp",
        "straatNaam": "Kortrijksestraat",
        "straatNr": "30",
        "vervoerder": "bpost",
        "puntType": "postkantoor",
        "bezettingsgraad": 50,
        "latitude": 51.15307,
        "longitude": 3.23503,
        "canPickup": true,
        "canDropoff": true,
        "openingstijden": null
      }
    },
    {
      "type": "Feature",
      "geometry": {
        "type": "Point",
        "coordinates": [
          3.21493,
          51.10054
        ]
      },
      "properties": {
        "type": "pakketpunt",
        "locatieNaam": "Bbox 24/7 Kringwinkel Oostkamp",
        "straatNaam": "Leitemolenstraat",
        "straatNr": "6",
        "vervoerder": "bpost",
        "puntType": "automaat",
        "bezettingsgraad": 50,
        "latitude": 51.10054,
        "longitude": 3.21493,
        "canPickup": true,
        "canDropoff": true,
        "openingstijden": null
      }
    },
    {
      "type": "Feature",
      "geometry": {
        "type": "Point",
        "coordinates": [
          3.20688,
          51.09627
        ]
      },
      "properties": {
        "type": "pakketpunt",
        "locatieNaam": "Bbox 24/7 Carrefour Rudderv",
        "straatNaam": "Sint-Elooisstraat",
        "straatNr": "1",
        "vervoerder": "bpost",
        "puntType": "automaat",
        "bezettingsgraad": 50,
        "latitude": 51.09627,
        "longitude": 3.20688,
        "canPickup": true,
        "canDropoff": true,
        "openingstijden": null
      }
    },
    {
      "type": "Feature",
      "geometry": {
        "type": "Point",
        "coordinates": [
          3.20543,
          51.09284
        ]
      },
      "properties": {
        "type": "pakketpunt",
        "locatieNaam": "Bbox 24/7 Spar Ruddervoorde",
        "straatNaam": "Torhoutsestraat",
        "straatNr": "51",
        "vervoerder": "bpost",
        "puntType": "automaat",
        "bezettingsgraad": 50,
        "latitude": 51.09284,
        "longitude": 3.20543,
        "canPickup": true,
        "canDropoff": true,
        "openingstijden": null
      }
    },
    {
      "type": "Feature",
      "geometry": {
        "type": "Point",
        "coordinates": [
          3.214932,
          51.100541
        ]
      },
      "properties": {
        "type": "pakketpunt",
        "locatieNaam": "BBOX 24/7 KRINGWINKEL OOSTKAMP",
        "straatNaam": "LEITEMOLENSTRAAT",
        "straatNr": "6",
        "vervoerder": "DHL",
        "puntType": "packStation",
        "bezettingsgraad": 50,
        "latitude": 51.100541,
        "longitude": 3.214932,
        "canPickup": true,
        "canDropoff": true,
        "openingstijden": {
          "ma": "00:00 - 23:59",
          "di": "00:00 - 23:59",
          "wo": "00:00 - 23:59",
          "do": "00:00 - 23:59",
          "vr": "00:00 - 23:59",
          "za": "00:00 - 23:59",
          "zo": "00:00 - 23:59"
        }
      }
    },
    {
      "type": "Feature",
      "geometry": {
        "type": "Point",
        "coordinates": [
          3.206881,
          51.096272
        ]
      },
      "properties": {
        "type": "pakketpunt",
        "locatieNaam": "BBOX 24/7 CARREFOUR RUDDERVOO",
        "straatNaam": "SINT-ELOOISSTRAAT",
        "straatNr": "1",
        "vervoerder": "DHL",
        "puntType": "packStation",
        "bezettingsgraad": 50,
        "latitude": 51.096272,
        "longitude": 3.206881,
        "canPickup": true,
        "canDropoff": true,
        "openingstijden": {
          "ma": "00:00 - 23:59",
          "di": "00:00 - 23:59",
          "wo": "00:00 - 23:59",
          "do": "00:00 - 23:59",
          "vr": "00:00 - 23:59",
          "za": "00:00 - 23:59",
          "zo": "00:00 - 23:59"
        }
      }
    },
    {
      "type": "Feature",
      "geometry": {
        "type": "Point",
        "coordinates": [
          3.205432,
          51.092843
        ]
      },
      "properties": {
        "type": "pakketpunt",
        "locatieNaam": "BBOX 24/7 SPAR RUDDERVOORDE",
        "straatNaam": "TORHOUTSESTRAAT",
        "straatNr": "51",
        "vervoerder": "DHL",
        "puntType": "packStation",
        "bezettingsgraad": 50,
        "latitude": 51.092843,
        "longitude": 3.205432,
        "canPickup": true,
        "canDropoff": true,
        "openingstijden": {
          "ma": "00:00 - 23:59",
          "di": "00:00 - 23:59",
          "wo": "00:00 - 23:59",
          "do": "00:00 - 23:59",
          "vr": "00:00 - 23:59",
          "za": "00:00 - 23:59",
          "zo": "00:00 - 23:59"
        }
      }
    },
    {
      "type": "Feature",
      "geometry": {
        "type": "Point",
        "coordinates": [
          3.235034,
          51.15307
        ]
      },
      "properties": {
        "type": "pakketpunt",
        "locatieNaam": "OOSTKAMP",
        "straatNaam": "KORTRIJKSESTRAAT",
        "straatNr": "30",
        "vervoerder": "DHL",
        "puntType": "postOffice",
        "bezettingsgraad": 50,
        "latitude": 51.15307,
        "longitude": 3.235034,
        "canPickup": true,
        "canDropoff": true,
        "openingstijden": {
          "ma": "09:30 - 12:30, 13:30 - 17:00",
          "di": "09:30 - 12:30, 13:30 - 18:00",
          "wo": "09:30 - 12:30, 13:30 - 17:00",
          "do": "09:30 - 12:30, 13:30 - 18:00",
          "vr": "09:30 - 12:30, 13:30 - 17:00",
          "za": "09:30 - 13:00",
          "zo": "gesloten"
        }
      }
    },
    {
      "type": "Feature",
      "geometry": {
        "type": "Point",
        "coordinates": [
          3.232548,
          51.173707
        ]
      },
      "properties": {
        "type": "pakketpunt",
        "locatieNaam": "BBOX 24/7 LIDL OOSTKAMP",
        "straatNaam": "GASTON ROELANDTSSTRAAT",
        "straatNr": "5",
        "vervoerder": "DHL",
        "puntType": "packStation",
        "bezettingsgraad": 50,
        "latitude": 51.173707,
        "longitude": 3.232548,
        "canPickup": true,
        "canDropoff": true,
        "openingstijden": {
          "ma": "00:00 - 23:59",
          "di": "00:00 - 23:59",
          "wo": "00:00 - 23:59",
          "do": "00:00 - 23:59",
          "vr": "00:00 - 23:59",
          "za": "00:00 - 23:59",
          "zo": "00:00 - 23:59"
        }
      }
    },
    {
      "type": "Feature",
      "geometry": {
        "type": "Point",
        "coordinates": [
          3.2069125,
          51.0964313
        ]
      },
      "properties": {
        "type": "pakketpunt",
        "locatieNaam": "GLS Parcel Locker powered by bbox",
        "straatNaam": "Sint-Elooisstraat",
        "straatNr": "1",
        "vervoerder": "GLS",
        "puntType": "locker",
        "bezettingsgraad": 50,
        "latitude": 51.0964313,
        "longitude": 3.2069125,
        "canPickup": true,
        "canDropoff": true,
        "openingstijden": "vr: 00:00 - 24:00; za: 00:00 - 24:00"
      }
    },
    {
      "type": "Feature",
      "geometry": {
        "type": "Point",
        "coordinates": [
          3.2321552,
          51.1739954
        ]
      },
      "properties": {
        "type": "pakketpunt",
        "locatieNaam": "GLS Parcel Locker powered by bbox",
        "straatNaam": "Gaston Roelandtsstraat",
        "straatNr": "5",
        "vervoerder": "GLS",
        "puntType": "locker",
        "bezettingsgraad": 50,
        "latitude": 51.1739954,
        "longitude": 3.2321552,
        "canPickup": true,
        "canDropoff": true,
        "openingstijden": "vr: 00:00 - 24:00; za: 00:00 - 24:00"
      }
    },
    {
      "type": "Feature",
      "geometry": {
        "type": "Point",
        "coordinates": [
          3.253153398,
          51.17061449
        ]
      },
      "properties": {
        "type": "pakketpunt",
        "locatieNaam": "Airsoft Store Oostkamp",
        "straatNaam": "Legeweg",
        "straatNr": "135-2",
        "vervoerder": "PostNL",
        "puntType": "servicepunt",
        "bezettingsgraad": 50,
        "latitude": 51.17061449,
        "longitude": 3.253153398,
        "canPickup": true,
        "canDropoff": true,
        "openingstijden": "10:00 - 12:30, 13:00 - 18:00"
      }
    },
    {
      "type": "Feature",
      "geometry": {
        "type": "Point",
        "coordinates": [
          3.23614,
          51.15502
        ]
      },
      "properties": {
        "type": "pakketpunt",
        "locatieNaam": "MAISON JAMES",
        "straatNaam": "BRUGSESTRAAT",
        "straatNr": "12",
        "vervoerder": "DPD",
        "puntType": "pickup_point",
        "bezettingsgraad": 50,
        "latitude": 51.15502,
        "longitude": 3.23614,
        "canPickup": true,
        "canDropoff": false,
        "openingstijden": {
          "ma": "gesloten",
          "di": "gesloten",
          "wo": "12:00 - 17:00",
          "do": "12:00 - 17:00",
          "vr": "12:00 - 17:00",
          "za": "11:00 - 17:00",
          "zo": "10:00 - 12:00"
        }
      }
    },
    {
      "type": "Feature",
      "geometry": {
        "type": "Point",
        "coordinates": [
          3.235034,
          51.15307
        ]
      },
      "properties": {
        "type": "pakketpunt",
        "locatieNaam": "bpost - OOSTKAMP",
        "straatNaam": "KORTRIJKSESTRAAT,30",
        "straatNr": "",
        "vervoerder": "Amazon",
        "puntType": "3p",
        "bezettingsgraad": 50,
        "latitude": 51.15307,
        "longitude": 3.235034,
        "canPickup": true,
        "canDropoff": false,
        "openingstijden": null
      }
    },
    {
      "type": "Feature",
      "geometry": {
        "type": "Point",
        "coordinates": [
          3.232548,
          51.173707
        ]
      },
      "properties": {
        "type": "pakketpunt",
        "locatieNaam": "bpost - BBOX 24/7 LIDL OOSTKAMP",
        "straatNaam": "GASTON ROELANDTSSTRAAT,5",
        "straatNr": "",
        "vervoerder": "Amazon",
        "puntType": "3p",
        "bezettingsgraad": 50,
        "latitude": 51.173707,
        "longitude": 3.232548,
        "canPickup": true,
        "canDropoff": false,
        "openingstijden": null
      }
    },
    {
      "type": "Feature",
      "geometry": {
        "type": "Point",
        "coordinates": [
          3.214932,
          51.100541
        ]
      },
      "properties": {
        "type": "pakketpunt",
        "locatieNaam": "bpost - BBOX 24/7 KRINGWINKEL OOSTKAMP",
        "straatNaam": "LEITEMOLENSTRAAT,6",
        "straatNr": "",
        "vervoerder": "Amazon",
        "puntType": "3p",
        "bezettingsgraad": 50,
        "latitude": 51.100541,
        "longitude": 3.214932,
        "canPickup": true,
        "canDropoff": false,
        "openingstijden": null
      }
    },
    {
      "type": "Feature",
      "geometry": {
        "type": "Point",
        "coordinates": [
          3.191608,
          51.08456
        ]
      },
      "properties": {
        "type": "pakketpunt",
        "locatieNaam": "bpost - BBOX RUMIX RUDDERVOORDE",
        "straatNaam": "TORHOUTSESTRAAT,190",
        "straatNr": "",
        "vervoerder": "Amazon",
        "puntType": "3p",
        "bezettingsgraad": 50,
        "latitude": 51.08456,
        "longitude": 3.191608,
        "canPickup": true,
        "canDropoff": false,
        "openingstijden": null
      }
    },
    {
      "type": "Feature",
      "geometry": {
        "type": "Point",
        "coordinates": [
          3.2068812,
          51.0962715
        ]
      },
      "properties": {
        "type": "pakketpunt",
        "locatieNaam": "bpost - BBOX 24/7 CARREFOUR RUDDERVOO",
        "straatNaam": "SINT-ELOOISSTRAAT,1",
        "straatNr": "",
        "vervoerder": "Amazon",
        "puntType": "3p",
        "bezettingsgraad": 50,
        "latitude": 51.0962715,
        "longitude": 3.2068812,
        "canPickup": true,
        "canDropoff": false,
        "openingstijden": null
      }
    },
    {
      "type": "Feature",
      "geometry": {
        "type": "Point",
        "coordinates": [
          3.205432,
          51.092843
        ]
      },
      "properties": {
        "type": "pakketpunt",
        "locatieNaam": "bpost - BBOX 24/7 SPAR RUDDERVOORDE",
        "straatNaam": "TORHOUTSESTRAAT,51",
        "straatNr": "",
        "vervoerder": "Amazon",
        "puntType": "3p",
        "bezettingsgraad": 50,
        "latitude": 51.092843,
        "longitude": 3.205432,
        "canPickup": true,
        "canDropoff": false,
        "openingstijden": null
      }
    },
    {
      "type": "Feature",
      "geometry": {
        "type": "MultiPolygon",
        "coordinates": [
          [
            [
              [
                3.195588780072134,
                51.083567263392105
              ],
              [
                3.1954151145526604,
                51.08332628857567
              ],
              [
                3.195204787331167,
                51.08309719533437
              ],
              [
                3.1949598243213413,
                51.08288218977426
              ],
              [
                3.1946825848739433,
                51.08268334231192
              ],
              [
                3.1943757390463947,
                51.08250256774308
              ],
              [
                3.194042241885225,
                51.082341606810274
              ],
              [
                3.1936853049691356,
                51.08220200944685
              ],
              [
                3.193308365486718,
                51.08208511985828
              ],
              [
                3.1929150531463244,
                51.08199206358408
              ],
              [
                3.1925091552363116,
                51.081923736664976
              ],
              [
                3.192094580171552,
                51.08188079701885
              ],
              [
                3.191675319876452,
                51.08186365810883
              ],
              [
                3.191255411365907,
                51.08187248496414
              ],
              [
                3.1908388978931903,
                51.08190719259168
              ],
              [
                3.190429790037917,
                51.08196744679417
              ],
              [
                3.1900320271078333,
                51.08205266738641
              ],
              [
                3.1896494392251147,
                51.08216203377913
              ],
              [
                3.1892857104614256,
                51.08229449287665
              ],
              [
                3.18894434337592,
                51.0824487692125
              ],
              [
                3.188628625297045,
                51.08262337722574
              ],
              [
                3.188341596672349,
                51.08281663555979
              ],
              [
                3.1880860217907756,
                51.0830266832466
              ],
              [
                3.1878643621592726,
                51.08325149762057
              ],
              [
                3.187678752790181,
                51.0834889137899
              ],
              [
                3.187530981628028,
                51.08373664547813
              ],
              [
                3.187422472314324,
                51.083992307035885
              ],
              [
                3.1873542704569684,
                51.084253436410265
              ],
              [
                3.1873270335372688,
                51.0845175188518
              ],
              [
                3.187341024552675,
                51.08478201113015
              ],
              [
                3.1873961094574046,
                51.08504436602572
              ],
              [
                3.187491758426667,
                51.085302056861295
              ],
              [
                3.1876270509332953,
                51.08555260183759
              ],
              [
                3.1878006845889177,
                51.08579358793788
              ],
              [
                3.188010987665438,
                51.086022694171824
              ],
              [
                3.188255935177044,
                51.08623771393403
              ],
              [
                3.188533168368565,
                51.08643657626216
              ],
              [
                3.188840017422988,
                51.08661736578921
              ],
              [
                3.1891735271697783,
                51.08677834119781
              ],
              [
                3.189530485546574,
                51.08691795199829
              ],
              [
                3.189907454540061,
                51.08703485346884
              ],
              [
                3.1903008033077955,
                51.08712791961328
              ],
              [
                3.1907067431615364,
                51.08719625401161
              ],
              [
                3.1911213640745375,
                51.08723919845852
              ],
              [
                3.1915406723604716,
                51.08725633930637
              ],
              [
                3.1919606291601803,
                51.08724751145151
              ],
              [
                3.1923771893646666,
                51.08721279992542
              ],
              [
                3.192786340598439,
                51.08715253907518
              ],
              [
                3.1931841418867393,
                51.087067309341485
              ],
              [
                3.193566761633308,
                51.08695793166491
              ],
              [
                3.193930514541971,
                51.086825459574776
              ],
              [
                3.194271897125696,
                51.086671169036805
              ],
              [
                3.1945876214604487,
                51.086496546157775
              ],
              [
                3.1948746468582687,
                51.08630327286554
              ],
              [
                3.1951302091542226,
                51.08609321070293
              ],
              [
                3.1953518473250186,
                51.085868382891874
              ],
              [
                3.1955374271830395,
                51.085630954840596
              ],
              [
                3.1956851619178526,
                51.08538321328209
              ],
              [
                3.1957936292878286,
                51.08512754424511
              ],
              [
                3.195861785296942,
                51.084866410069964
              ],
              [
                3.195888974225809,
                51.08460232569059
              ],
              [
                3.195874934921239,
                51.08433783441179
              ],
              [
                3.1958198032847402,
                51.0840754834148
              ],
              [
                3.195724110936979,
                51.08381779922695
              ],
              [
                3.195588780072134,
                51.083567263392105
              ]
            ]
          ],
          [
            [
              [
                3.2090269917549934,
                51.09137677789813
              ],
              [
                3.2087819218202633,
                51.0911618016887
              ],
              [
                3.2085045745105174,
                51.09096298731403
              ],
              [
                3.2081976209217267,
                51.09078224925113
              ],
              [
                3.2078640171379433,
                51.09062132789102
              ],
              [
                3.2075069757643897,
                51.09048177278592
              ],
              [
                3.2071299349952977,
                51.090364927734335
              ],
              [
                3.2067365255141076,
                51.09027191784696
              ],
              [
                3.20633053554434,
                51.090203638717796
              ],
              [
                3.2059158743871095,
                51.09016074780455
              ],
              [
                3.2054965347956226,
                51.090143658101134
              ],
              [
                3.2050765545481656,
                51.09015253416291
              ],
              [
                3.2046599775886473,
                51.090187290523005
              ],
              [
                3.204250815107925,
                51.090247592514906
              ],
              [
                3.2038530069397124,
                51.09033285949323
              ],
              [
                3.203470383641814,
                51.09044227042207
              ],
              [
                3.2031066296269963,
                51.09057477177691
              ],
              [
                3.2027652476976955,
                51.090729087684345
              ],
              [
                3.2024495253254806,
                51.09090373220239
              ],
              [
                3.202162502999474,
                51.091097023622915
              ],
              [
                3.2019069449482314,
                51.09130710065924
              ],
              [
                3.201685312516932,
                51.09153194036315
              ],
              [
                3.201499740456306,
                51.091769377598794
              ],
              [
                3.201352016351935,
                51.09201712588686
              ],
              [
                3.2012435633924943,
                51.09227279941802
              ],
              [
                3.201175426643505,
                51.09253393602402
              ],
              [
                3.2011482629595616,
                51.09279802088567
              ],
              [
                3.2011623346330924,
                51.093062510749235
              ],
              [
                3.201217506841761,
                51.09332485841828
              ],
              [
                3.2013132489201648,
                51.09358253728515
              ],
              [
                3.20144863944455,
                51.0938330656657
              ],
              [
                3.201450150660889,
                51.093835161679934
              ],
              [
                3.2014506392315765,
                51.09383606573217
              ],
              [
                3.201624374891098,
                51.09407703076627
              ],
              [
                3.20183478295587,
                51.09430611166892
              ],
              [
                3.202079837428887,
                51.09452110207866
              ],
              [
                3.2023571785247125,
                51.09471993131579
              ],
              [
                3.202664135386932,
                51.09490068433194
              ],
              [
                3.2029977518064863,
                51.09506162016138
              ],
              [
                3.203043232214848,
                51.09507939762382
              ],
              [
                3.202949418931814,
                51.095199427223214
              ],
              [
                3.202801691671808,
                51.09544717702751
              ],
              [
                3.2026932386833886,
                51.09570285158238
              ],
              [
                3.2026251050324595,
                51.095963988709705
              ],
              [
                3.2025979475438837,
                51.096228073585294
              ],
              [
                3.2026120284505293,
                51.09649256295525
              ],
              [
                3.2026440245409717,
                51.096644672779874
              ],
              [
                3.2026445138810162,
                51.09665386411859
              ],
              [
                3.2026996986443943,
                51.096916210761044
              ],
              [
                3.202795456245942,
                51.0971738880972
              ],
              [
                3.2029308651124944,
                51.09742441445765
              ],
              [
                3.203104621735174,
                51.09766537700488
              ],
              [
                3.2033150532016625,
                51.0978944549753
              ],
              [
                3.2035601332896095,
                51.09810944203566
              ],
              [
                3.2038375019669014,
                51.09830826753851
              ],
              [
                3.204144488111485,
                51.09848901647148
              ],
              [
                3.2044781352322627,
                51.09864994790809
              ],
              [
                3.204835229943516,
                51.09878951178222
              ],
              [
                3.2052123329185407,
                51.09890636382396
              ],
              [
                3.205605812024133,
                51.0989993785132
              ],
              [
                3.2060118773163726,
                51.09906765992554
              ],
              [
                3.2064266175600213,
                51.09911055036601
              ],
              [
                3.206846037919105,
                51.09912763670719
              ],
              [
                3.207266098454751,
                51.09911875437042
              ],
              [
                3.2076827530585956,
                51.09908398891198
              ],
              [
                3.2080919884457626,
                51.099023675198445
              ],
              [
                3.2084898628308602,
                51.09893839417968
              ],
              [
                3.208872543913563,
                51.09882896729024
              ],
              [
                3.209236345806978,
                51.098696448533474
              ],
              [
                3.209577764552397,
                51.098542114324594
              ],
              [
                3.2098935118776857,
                51.09836745119099
              ],
              [
                3.2101805468737146,
                51.0981741414482
              ],
              [
                3.2104361052834234,
                51.09796404699014
              ],
              [
                3.210657726121316,
                51.09773919134976
              ],
              [
                3.210843275367116,
                51.09750174020323
              ],
              [
                3.210990966505647,
                51.09725398050596
              ],
              [
                3.2110993777155907,
                51.09699829846132
              ],
              [
                3.2111674655422235,
                51.0967371565348
              ],
              [
                3.211194574923223,
                51.096473069734955
              ],
              [
                3.211180445471878,
                51.096208581389774
              ],
              [
                3.211149922733011,
                51.09606360259242
              ],
              [
                3.211149131034061,
                51.0960487825103
              ],
              [
                3.211093899884846,
                51.0957864397432
              ],
              [
                3.2109980993916176,
                51.09552876902086
              ],
              [
                3.2108626527902393,
                51.09527825175739
              ],
              [
                3.210688865057876,
                51.09503730043923
              ],
              [
                3.2106883150371344,
                51.095036701784124
              ],
              [
                3.2106876649673977,
                51.095035800477326
              ],
              [
                3.210477210246278,
                51.094806735432584
              ],
              [
                3.2102321156661473,
                51.09459176249761
              ],
              [
                3.2099547418446988,
                51.09439295177476
              ],
              [
                3.209647760133212,
                51.09421221770587
              ],
              [
                3.209314126886541,
                51.09405130064344
              ],
              [
                3.2092686450941215,
                51.09403352559331
              ],
              [
                3.209362439815674,
                51.093913490917394
              ],
              [
                3.2095101274668143,
                51.09366573276046
              ],
              [
                3.2096185384546985,
                51.09341005175295
              ],
              [
                3.2096866293266353,
                51.09314891035031
              ],
              [
                3.209713744990863,
                51.09288482355606
              ],
              [
                3.2096996250000505,
                51.09262033469821
              ],
              [
                3.2096444060329854,
                51.09235799093455
              ],
              [
                3.209548620551547,
                51.09210031872269
              ],
              [
                3.209413191646947,
                51.09184979949108
              ],
              [
                3.2094116801378343,
                51.09184770357746
              ],
              [
                3.2094111914340067,
                51.091846799557565
              ],
              [
                3.2092374239343706,
                51.09160584580844
              ],
              [
                3.2090269917549934,
                51.09137677789813
              ]
            ]
          ],
          [
            [
              [
                3.216236218861067,
                51.09797181959224
              ],
              [
                3.2158301481579468,
                51.09790357336032
              ],
              [
                3.215415409997758,
                51.09786071597349
              ],
              [
                3.2149959978750138,
                51.097843660102825
              ],
              [
                3.214575950266265,
                51.09785256997789
              ],
              [
                3.2141593117639293,
                51.09788735980624
              ],
              [
                3.2137500941513797,
                51.09794769459913
              ],
              [
                3.213352237793154,
                51.09803299339529
              ],
              [
                3.212969573711079,
                51.09814243485248
              ],
              [
                3.2126057867106774,
                51.09827496515219
              ],
              [
                3.212264379912097,
                51.09842930814235
              ],
              [
                3.211948641026505,
                51.09860397762011
              ],
              [
                3.2116616107022042,
                51.098797291637034
              ],
              [
                3.211406053244973,
                51.09900738868884
              ],
              [
                3.2111844299945016,
                51.099232245634504
              ],
              [
                3.210998875613364,
                51.09946969717216
              ],
              [
                3.2108511775171618,
                51.09971745668472
              ],
              [
                3.210742758644387,
                51.099973138254704
              ],
              [
                3.210674663732576,
                51.1002342796364
              ],
              [
                3.2106475492336823,
                51.100498365964604
              ],
              [
                3.2106616769667062,
                51.100762853971396
              ],
              [
                3.210716911569646,
                51.101025196478155
              ],
              [
                3.210812721776382,
                51.10128286692688
              ],
              [
                3.2109481855071746,
                51.10153338371446
              ],
              [
                3.2111219987247805,
                51.101774334095545
              ],
              [
                3.211332487971808,
                51.10200339742367
              ],
              [
                3.2115776264693783,
                51.10221836750657
              ],
              [
                3.211855053622759,
                51.10241717386028
              ],
              [
                3.212162097746606,
                51.10259790165681
              ],
              [
                3.212163762771033,
                51.10259870451887
              ],
              [
                3.2121640977754384,
                51.102598901703026
              ],
              [
                3.2124978018341457,
                51.102759810213755
              ],
              [
                3.2128549518791747,
                51.10289934959863
              ],
              [
                3.213232108050738,
                51.10301617582357
              ],
              [
                3.2136256377031236,
                51.103109163617155
              ],
              [
                3.2140317504054283,
                51.10317741731404
              ],
              [
                3.214446534465647,
                51.103220279486194
              ],
              [
                3.2148659946256637,
                51.10323733727846
              ],
              [
                3.2152860905631613,
                51.1032284263872
              ],
              [
                3.2157027758287224,
                51.103193632643695
              ],
              [
                3.216112036842104,
                51.103133291187014
              ],
              [
                3.2165099315710766,
                51.1030479832342
              ],
              [
                3.2168926275193863,
                51.10293853047928
              ],
              [
                3.21725643865701,
                51.1028059871747
              ],
              [
                3.217597860936282,
                51.102651629972165
              ],
              [
                3.2179136060511393,
                51.10247694562046
              ],
              [
                3.218200633113871,
                51.10228361663952
              ],
              [
                3.2184561779439798,
                51.102073505108535
              ],
              [
                3.218677779686926,
                51.10184863472484
              ],
              [
                3.2188633045065167,
                51.101611171306615
              ],
              [
                3.2190109661230064,
                51.101363401927394
              ],
              [
                3.219119342999584,
                51.101107712883795
              ],
              [
                3.2191873920123544,
                51.10084656670866
              ],
              [
                3.219214458472959,
                51.10058247845137
              ],
              [
                3.219200282408174,
                51.100317991454006
              ],
              [
                3.2191450010370275,
                51.10005565285636
              ],
              [
                3.219049147422559,
                51.099797989066246
              ],
              [
                3.2189136453122664,
                51.099547481430946
              ],
              [
                3.218739800217903,
                51.09930654234417
              ],
              [
                3.218529286821464,
                51.099077492018445
              ],
              [
                3.2182841328294622,
                51.098862536146456
              ],
              [
                3.2180066994316574,
                51.09866374466615
              ],
              [
                3.2176996585529487,
                51.098483031834114
              ],
              [
                3.2176979935800247,
                51.098482229049026
              ],
              [
                3.217697658581788,
                51.09848203188031
              ],
              [
                3.217363967160702,
                51.098321137838774
              ],
              [
                3.217006838631928,
                51.098181611882154
              ],
              [
                3.2166297120287863,
                51.09806479752829
              ],
              [
                3.216236218861067,
                51.09797181959224
              ]
            ]
          ],
          [
            [
              [
                3.23901969621681,
                51.15207582165255
              ],
              [
                3.2388455518486796,
                51.15183491680586
              ],
              [
                3.2386347030558578,
                51.151605906743534
              ],
              [
                3.2383891807753598,
                51.15139099677039
              ],
              [
                3.2381113497439107,
                51.15119225638224
              ],
              [
                3.237803885715662,
                51.151011599343505
              ],
              [
                3.2374697496898017,
                51.150850765264735
              ],
              [
                3.2371121593963266,
                51.150711302857616
              ],
              [
                3.236734558314569,
                51.15059455502791
              ],
              [
                3.236340582522549,
                51.150501645950015
              ],
              [
                3.2359340256959483,
                51.15043347024716
              ],
              [
                3.2355188025931865,
                51.15039068438115
              ],
              [
                3.235098911377429,
                51.15037370033431
              ],
              [
                3.2350962937650825,
                51.15037375624544
              ],
              [
                3.2350949116083756,
                51.15037370033652
              ],
              [
                3.234674395367727,
                51.150382681632614
              ],
              [
                3.2342573032047923,
                51.15041754180572
              ],
              [
                3.2338476512705263,
                51.15047794518973
              ],
              [
                3.233449384110985,
                51.15056331016301
              ],
              [
                3.233066336703223,
                51.15067281474607
              ],
              [
                3.232702197543653,
                51.15080540451264
              ],
              [
                3.2323604731434523,
                51.15095980273804
              ],
              [
                3.232044454272322,
                51.15113452268765
              ],
              [
                3.231757184275153,
                51.15132788192699
              ],
              [
                3.2315014297663858,
                51.15153801851636
              ],
              [
                3.2312796539841995,
                51.151762908934
              ],
              [
                3.231093993061168,
                51.1520003875557
              ],
              [
                3.230946235440205,
                51.15224816750357
              ],
              [
                3.2308378046344917,
                51.15250386266326
              ],
              [
                3.230769745498033,
                51.15276501065811
              ],
              [
                3.2307427141398555,
                51.153029096559145
              ],
              [
                3.2307569715798725,
                51.15329357710247
              ],
              [
                3.2308123812084757,
                51.15355590518121
              ],
              [
                3.2309084100753687,
                51.15381355437619
              ],
              [
                3.231044133996235,
                51.15406404328884
              ],
              [
                3.2312182464290697,
                51.15430495944211
              ],
              [
                3.2314290710356235,
                51.15453398251903
              ],
              [
                3.231674577807778,
                51.154748906714865
              ],
              [
                3.231862348368638,
                51.15488323763605
              ],
              [
                3.231852534129004,
                51.15497913689281
              ],
              [
                3.231866798450432,
                51.15524361711045
              ],
              [
                3.2319222166279302,
                51.155505944478186
              ],
              [
                3.2320182556289248,
                51.155763592583675
              ],
              [
                3.232153991171544,
                51.15601408003886
              ],
              [
                3.232328116601894,
                51.15625499438069
              ],
              [
                3.2325389554565733,
                51.15648401530966
              ],
              [
                3.2327844775902586,
                51.1566989370417
              ],
              [
                3.233062318713732,
                51.15689768955837
              ],
              [
                3.233369803154706,
                51.15707835855007
              ],
              [
                3.23370396962255,
                51.157239203860165
              ],
              [
                3.234061599728961,
                51.15737867625188
              ],
              [
                3.234439248989818,
                51.15749543233636
              ],
              [
                3.234833280009381,
                51.15758834751765
              ],
              [
                3.235239897526817,
                51.157656526829776
              ],
              [
                3.235655184986863,
                51.15769931356111
              ],
              [
                3.2360751422817193,
                51.15771629558313
              ],
              [
                3.2364957242997203,
                51.157707309322035
              ],
              [
                3.236912879908631,
                51.157672441335066
              ],
              [
                3.237322590997076,
                51.157612027476425
              ],
              [
                3.2377209111970764,
                51.157526649660625
              ],
              [
                3.2381040039138123,
                51.157417130254615
              ],
              [
                3.2384681792953938,
                51.157284524152885
              ],
              [
                3.238809929785821,
                51.15713010861201
              ],
              [
                3.239125963918038,
                51.15695537094277
              ],
              [
                3.2394132380211245,
                51.15676199417864
              ],
              [
                3.239668985535957,
                51.156551840859066
              ],
              [
                3.2398907436568427,
                51.15632693508391
              ],
              [
                3.240076377042664,
                51.15608944301214
              ],
              [
                3.240224098369434,
                51.155841651993285
              ],
              [
                3.2403324855267863,
                51.155585948532305
              ],
              [
                3.24040049529343,
                51.1553247953008
              ],
              [
                3.240427473360636,
                51.15506070741608
              ],
              [
                3.240413160608124,
                51.154796228216455
              ],
              [
                3.240357695572897,
                51.15453390476653
              ],
              [
                3.2402616130882476,
                51.15427626332808
              ],
              [
                3.240125839107099,
                51.154025785033
              ],
              [
                3.239951681760515,
                51.1537848819923
              ],
              [
                3.239740818738422,
                51.153555874071195
              ],
              [
                3.239495281114883,
                51.153340966553834
              ],
              [
                3.239311222372242,
                51.15320931394558
              ],
              [
                3.2393212933600433,
                51.15311074761095
              ],
              [
                3.239306987470233,
                51.15284626808567
              ],
              [
                3.2392515309649665,
                51.152583943926125
              ],
              [
                3.2391554585953366,
                51.15232630140096
              ],
              [
                3.23901969621681,
                51.15207582165255
              ]
            ]
          ],
          [
            [
              [
                3.257140206164751,
                51.16961970649742
              ],
              [
                3.256965902839963,
                51.16937882996476
              ],
              [
                3.2567548859158486,
                51.16914985377115
              ],
              [
                3.2565091879485872,
                51.168934982895166
              ],
              [
                3.2562311753667044,
                51.16873628645605
              ],
              [
                3.255923525672513,
                51.16855567779491
              ],
              [
                3.2555892016528873,
                51.16839489605643
              ],
              [
                3.2552314228478414,
                51.16825548944816
              ],
              [
                3.2548536345516377,
                51.168138800338525
              ],
              [
                3.254459474644683,
                51.16804595233651
              ],
              [
                3.254052738575165,
                51.16797783947717
              ],
              [
                3.2536373428270853,
                51.167935117617176
              ],
              [
                3.253217287225672,
                51.16791819812256
              ],
              [
                3.252796616442358,
                51.16792724390973
              ],
              [
                3.252379381069032,
                51.167962167877555
              ],
              [
                3.251969598635425,
                51.168022633745686
              ],
              [
                3.2515712149440543,
                51.168108059290816
              ],
              [
                3.2511880660940338,
                51.16821762195023
              ],
              [
                3.250823841558629,
                51.168350266738415
              ],
              [
                3.250482048671271,
                51.16850471640092
              ],
              [
                3.2501659788613835,
                51.16867948370778
              ],
              [
                3.249878675964697,
                51.16887288576849
              ],
              [
                3.2496229069128693,
                51.169083060230975
              ],
              [
                3.249401135084602,
                51.169307983208725
              ],
              [
                3.249215496574932,
                51.16954548876396
              ],
              [
                3.24906777961151,
                51.16979328975933
              ],
              [
                3.248959407316584,
                51.170048999877736
              ],
              [
                3.2488914239812927,
                51.1703101565984
              ],
              [
                3.2488644849852633,
                51.17057424490821
              ],
              [
                3.2488788504594766,
                51.17083872151993
              ],
              [
                3.2489343827543955,
                51.171101039364494
              ],
              [
                3.2490305477387995,
                51.171358672121166
              ],
              [
                3.249166419917804,
                51.17160913854957
              ],
              [
                3.249340691321806,
                51.171850026389095
              ],
              [
                3.249551684081665,
                51.17207901559536
              ],
              [
                3.249797366569819,
                51.17229390068975
              ],
              [
                3.2500753729525966,
                51.17249261200661
              ],
              [
                3.2503830259659137,
                51.172673235633084
              ],
              [
                3.250717362695343,
                51.17283403184939
              ],
              [
                3.2510751631124397,
                51.17297345189159
              ],
              [
                3.251452981092403,
                51.173090152875
              ],
              [
                3.251847177614096,
                51.173183010734355
              ],
              [
                3.2522539558222467,
                51.17325113105574
              ],
              [
                3.2526693976134897,
                51.173293857695796
              ],
              [
                3.253089501393184,
                51.17331077910473
              ],
              [
                3.2535102206384314,
                51.17330173229261
              ],
              [
                3.25392750289498,
                51.1732668043999
              ],
              [
                3.254337328831401,
                51.17320633185785
              ],
              [
                3.254735750973389,
                51.1731208971462
              ],
              [
                3.255118931744196,
                51.17301132317993
              ],
              [
                3.255483180443856,
                51.17287866537907
              ],
              [
                3.2558249888103217,
                51.17272420149816
              ],
              [
                3.2561410648193134,
                51.17254941931357
              ],
              [
                3.256428364396874,
                51.17235600228753
              ],
              [
                3.256684120738898,
                51.17214581334722
              ],
              [
                3.2569058709551135,
                51.17192087693553
              ],
              [
                3.2570914797810246,
                51.1716833595065
              ],
              [
                3.2572391601297075,
                51.17143554865381
              ],
              [
                3.2573474902860013,
                51.17117983107334
              ],
              [
                3.2574154275781297,
                51.17091866957263
              ],
              [
                3.2574423183958796,
                51.17065457934853
              ],
              [
                3.2574279044597323,
                51.17039010376175
              ],
              [
                3.2573723252815916,
                51.17012778984205
              ],
              [
                3.2572761167943733,
                51.16987016375931
              ],
              [
                3.257140206164751,
                51.16961970649742
              ]
            ]
          ],
          [
            [
              [
                3.2359047535639034,
                51.17202808036148
              ],
              [
                3.235626810277943,
                51.17182933566017
              ],
              [
                3.2353192199325864,
                51.1716486735446
              ],
              [
                3.234984944743529,
                51.17148783367416
              ],
              [
                3.2346272037808683,
                51.1713483648163
              ],
              [
                3.2342494419747325,
                51.17123160993885
              ],
              [
                3.233855296950663,
                51.17113869328408
              ],
              [
                3.233448564013704,
                51.17107050954813
              ],
              [
                3.233033159617801,
                51.171027715270135
              ],
              [
                3.2326130836715015,
                51.171010722513444
              ],
              [
                3.2321923810421285,
                51.171019694899904
              ],
              [
                3.2317751026281467,
                51.17105454603517
              ],
              [
                3.2313652663736017,
                51.17111494034015
              ],
              [
                3.230966818599079,
                51.17120029628066
              ],
              [
                3.2305835960205393,
                51.171309791964234
              ],
              [
                3.2302192888209413,
                51.17144237305025
              ],
              [
                3.229877405129431,
                51.17159676289773
              ],
              [
                3.229561237249533,
                51.17177147485269
              ],
              [
                3.229273829961045,
                51.171964826557726
              ],
              [
                3.2291112710379783,
                51.17209832146943
              ],
              [
                3.228881024392542,
                51.17225321585888
              ],
              [
                3.2286251422828935,
                51.17246334457303
              ],
              [
                3.2284032532220173,
                51.17268822782729
              ],
              [
                3.2282174944336526,
                51.17292570006642
              ],
              [
                3.2280696553035515,
                51.17317347447406
              ],
              [
                3.227961160130307,
                51.17342916498922
              ],
              [
                3.2278930543883355,
                51.17369030928007
              ],
              [
                3.2278659946360775,
                51.17395439245328
              ],
              [
                3.2278802421675117,
                51.17421887127124
              ],
              [
                3.227935660469083,
                51.17448119864373
              ],
              [
                3.2280317165075885,
                51.174738848158384
              ],
              [
                3.228167485837621,
                51.17498933841353
              ],
              [
                3.2283416614803904,
                51.17523025691919
              ],
              [
                3.228552566489353,
                51.17545928333575
              ],
              [
                3.22879817008243,
                51.17567421182629
              ],
              [
                3.2290761071861613,
                51.17587297230723
              ],
              [
                3.229383701204062,
                51.17605365039227
              ],
              [
                3.229717989790251,
                51.176214505837144
              ],
              [
                3.2300757533802855,
                51.17635398930749
              ],
              [
                3.230453546204338,
                51.17647075730769
              ],
              [
                3.2308477294837887,
                51.17656368512702
              ],
              [
                3.2312545064910783,
                51.17663187767772
              ],
              [
                3.231669959134517,
                51.17667467812065
              ],
              [
                3.2320900857149804,
                51.17669167419523
              ],
              [
                3.232510839489937,
                51.17668270219227
              ],
              [
                3.232928167672467,
                51.17664784853168
              ],
              [
                3.233338050488647,
                51.176587448929695
              ],
              [
                3.2337365399161233,
                51.176502085163506
              ],
              [
                3.2341197977298286,
                51.17639257946475
              ],
              [
                3.234484132487466,
                51.17625998659593
              ],
              [
                3.2348260350978113,
                51.176105583686194
              ],
              [
                3.235142212628556,
                51.17593085792468
              ],
              [
                3.2354296200276287,
                51.175737492230226
              ],
              [
                3.2355629073676413,
                51.1756280248766
              ],
              [
                3.2358244147407826,
                51.17545208147395
              ],
              [
                3.2360802808232094,
                51.17524193740159
              ],
              [
                3.2363021450345726,
                51.17501703994355
              ],
              [
                3.2364878710122325,
                51.174779555178795
              ],
              [
                3.236635670540782,
                51.1745317703865
              ],
              [
                3.236744120757106,
                51.174276072011686
              ],
              [
                3.236812177833072,
                51.17401492267703
              ],
              [
                3.236839187004846,
                51.17375083746229
              ],
              [
                3.2368248888531412,
                51.17348635968013
              ],
              [
                3.23676942177491,
                51.17322403638153
              ],
              [
                3.236673320623677,
                51.1729663938268
              ],
              [
                3.2365375115326676,
                51.1727159131586
              ],
              [
                3.2365360181877882,
                51.17271384807833
              ],
              [
                3.2365355113189813,
                51.172712913225006
              ],
              [
                3.2363613027793905,
                51.172472006573926
              ],
              [
                3.236150372955117,
                51.17224299384261
              ],
              [
                3.2359047535639034,
                51.17202808036148
              ]
            ]
          ]
        ]
      },
      "properties": {
        "type": "buffer_union_300m",
        "buffer_m": 300
      }
    },
    {
      "type": "Feature",
      "geometry": {
        "type": "MultiPolygon",
        "coordinates": [
          [
            [
              [
                3.1969156692064007,
                51.08323632124202
              ],
              [
                3.196684108100964,
                51.08291502399453
              ],
              [
                3.196403666441534,
                51.08260956922689
              ],
              [
                3.196077045652431,
                51.08232289830283
              ],
              [
                3.1957073916669034,
                51.08205777165657
              ],
              [
                3.1952982646148365,
                51.08181674222209
              ],
              [
                3.1948536045306306,
                51.08160213086173
              ],
              [
                3.1943776934116968,
                51.081416004029684
              ],
              [
                3.193875113992872,
                51.08126015388516
              ],
              [
                3.1933507056332937,
                51.08113608104616
              ],
              [
                3.1928095177397497,
                51.081044980149265
              ],
              [
                3.1922567611739594,
                51.08098772835451
              ],
              [
                3.191697758110373,
                51.080964876905085
              ],
              [
                3.1911378908258032,
                51.08097664582338
              ],
              [
                3.190582549912351,
                51.081022921793824
              ],
              [
                3.190037082410539,
                51.081103259253325
              ],
              [
                3.189506740360341,
                51.08121688467837
              ],
              [
                3.188996630263822,
                51.081362704027974
              ],
              [
                3.1885116639444564,
                51.0815393132709
              ],
              [
                3.1880565112749184,
                51.08174501189617
              ],
              [
                3.187635555227418,
                51.081977819277064
              ],
              [
                3.187252849678525,
                51.082235493731766
              ],
              [
                3.1869120803742903,
                51.08251555409729
              ],
              [
                3.1866165294313453,
                51.082815303609785
              ],
              [
                3.1863690437159566,
                51.08313185586155
              ],
              [
                3.186172007406061,
                51.08346216258553
              ],
              [
                3.1860273190013118,
                51.083803043000096
              ],
              [
                3.185936373003684,
                51.08415121443201
              ],
              [
                3.185900046446402,
                51.084503323922995
              ],
              [
                3.185918690402539,
                51.08485598051582
              ],
              [
                3.1859921265567874,
                51.08520578790915
              ],
              [
                3.1861196488752204,
                51.08554937716682
              ],
              [
                3.1863000303588067,
                51.08588343916632
              ],
              [
                3.1865315348173984,
                51.08620475647399
              ],
              [
                3.18681193355243,
                51.08651023433965
              ],
              [
                3.1871385267891426,
                51.08679693051188
              ],
              [
                3.1875081696531105,
                51.08706208358624
              ],
              [
                3.1879173024418432,
                51.087303139613084
              ],
              [
                3.1883619849004843,
                51.08751777670818
              ],
              [
                3.1888379341717847,
                51.08770392742833
              ],
              [
                3.189340566054735,
                51.08785979869635
              ],
              [
                3.18986503917403,
                51.08798388908248
              ],
              [
                3.190406301634202,
                51.088075003275776
              ],
              [
                3.1909591397079775,
                51.08813226360526
              ],
              [
                3.1915182280886016,
                51.088155118499714
              ],
              [
                3.1920781812205745,
                51.088143347804426
              ],
              [
                3.192633605212728,
                51.088097064903195
              ],
              [
                3.1931791498318716,
                51.08801671562549
              ],
              [
                3.193709560074455,
                51.08790307394899
              ],
              [
                3.194219726817819,
                51.0877572345392
              ],
              [
                3.1947047360615826,
                51.08758060219826
              ],
              [
                3.1951599162835094,
                51.08737487832481
              ],
              [
                3.1955808834525694,
                51.087142044515836
              ],
              [
                3.1959635832647955,
                51.08688434346877
              ],
              [
                3.1963043301945944,
                51.086604257368506
              ],
              [
                3.1965998429851723,
                51.086304483967886
              ],
              [
                3.196847276236435,
                51.085987910592614
              ],
              [
                3.1970442477866143,
                51.08565758632153
              ],
              [
                3.197188861624736,
                51.085316692610554
              ],
              [
                3.1972797261143793,
                51.08496851264391
              ],
              [
                3.197315967354624,
                51.08461639970789
              ],
              [
                3.1972972375510853,
                51.0842637448921
              ],
              [
                3.1972237183181362,
                51.08391394442953
              ],
              [
                3.1970961188823726,
                51.08357036699006
              ],
              [
                3.1969156692064007,
                51.08323632124202
              ]
            ]
          ],
          [
            [
              [
                3.2102259389805248,
                51.090889012645555
              ],
              [
                3.2098991756274575,
                51.0906023808563
              ],
              [
                3.209529377828946,
                51.09033729832726
              ],
              [
                3.2091201070994733,
                51.09009631756751
              ],
              [
                3.2086753048566408,
                51.0898817589706
              ],
              [
                3.208199254466366,
                51.0896956884826
              ],
              [
                3.207696540004137,
                51.089539897720144
              ],
              [
                3.207172002128999,
                51.08941588672939
              ],
              [
                3.2066306914944125,
                51.08932484955144
              ],
              [
                3.206077820143551,
                51.08926766273276
              ],
              [
                3.205518711355743,
                51.089244876890916
              ],
              [
                3.2049587484254887,
                51.08925671141658
              ],
              [
                3.2044033228656037,
                51.08930305236254
              ],
              [
                3.2038577825314976,
                51.08938345354005
              ],
              [
                3.20332738016437,
                51.089497140812114
              ],
              [
                3.202817222847105,
                51.08964301954226
              ],
              [
                3.2023322228579967,
                51.089819685127495
              ],
              [
                3.201877050394159,
                51.09002543651429
              ],
              [
                3.2014560886187273,
                51.09025829256792
              ],
              [
                3.201073391463835,
                51.09051601113782
              ],
              [
                3.200732644595185,
                51.09079611063619
              ],
              [
                3.2004371299139,
                51.091095893922294
              ],
              [
                3.2001896939376366,
                51.09141247426309
              ],
              [
                3.199992720365947,
                51.09174280312099
              ],
              [
                3.1998481070949167,
                51.09208369950109
              ],
              [
                3.1997572479035523,
                51.092431880576285
              ],
              [
                3.1997210189896506,
                51.092783993295264
              ],
              [
                3.1997397704864197,
                51.09313664666961
              ],
              [
                3.199813323043284,
                51.09348644442885
              ],
              [
                3.1999409695055996,
                51.09383001772943
              ],
              [
                3.200121481678951,
                51.09416405760239
              ],
              [
                3.2001229928464947,
                51.09416615363338
              ],
              [
                3.2001234813949804,
                51.094167057691
              ],
              [
                3.200355121859275,
                51.09448834691136
              ],
              [
                3.200635660580214,
                51.094793791002765
              ],
              [
                3.2009623964347154,
                51.09508044803894
              ],
              [
                3.2013321831745696,
                51.09534555699231
              ],
              [
                3.201361666991666,
                51.09536291901912
              ],
              [
                3.2012976741508017,
                51.095513769050825
              ],
              [
                3.201206819088553,
                51.09586195082123
              ],
              [
                3.2011705984335226,
                51.096214063558925
              ],
              [
                3.2011893622395644,
                51.09656671627527
              ],
              [
                3.2012213537522944,
                51.09671882648189
              ],
              [
                3.2012218428134362,
                51.096728017826265
              ],
              [
                3.2012954121084287,
                51.09707781421686
              ],
              [
                3.2014230792669793,
                51.097421385476636
              ],
              [
                3.2016036158955057,
                51.09775542265626
              ],
              [
                3.2018352843099156,
                51.09807670856096
              ],
              [
                3.20211585423269,
                51.09838214874286
              ],
              [
                3.2024426242403092,
                51.09866880131331
              ],
              [
                3.2028124477556643,
                51.09893390528775
              ],
              [
                3.2032217633360687,
                51.099174907189344
              ],
              [
                3.2036666289657303,
                51.09938948565504
              ],
              [
                3.2041427600227053,
                51.09957557380634
              ],
              [
                3.2046455705545522,
                51.099731379168624
              ],
              [
                3.20517021746469,
                51.09985540094697
              ],
              [
                3.2057116471831404,
                51.09994644449122
              ],
              [
                3.206264644371042,
                51.100003632810925
              ],
              [
                3.206823882188522,
                51.10002641502849
              ],
              [
                3.2073839736402334,
                51.10001457168928
              ],
              [
                3.207939523502318,
                51.09996821687686
              ],
              [
                3.2084851803289154,
                51.0998877971134
              ],
              [
                3.209015688035519,
                51.099774087055536
              ],
              [
                3.2093976153345394,
                51.09966487564109
              ],
              [
                3.209347034092072,
                51.099784151276005
              ],
              [
                3.209256230679373,
                51.10013233871956
              ],
              [
                3.209220067341668,
                51.100484453394785
              ],
              [
                3.2092388935810754,
                51.10083710429427
              ],
              [
                3.2093125293275957,
                51.10118689517134
              ],
              [
                3.209440266625734,
                51.10153045724855
              ],
              [
                3.2096208764065,
                51.10186448166501
              ],
              [
                3.209852620281316,
                51.10218575134872
              ],
              [
                3.2101332672458804,
                51.10249117200799
              ],
              [
                3.2104601151345946,
                51.10277780194215
              ],
              [
                3.210830016620129,
                51.103042880384564
              ],
              [
                3.2112394095086634,
                51.10328385410429
              ],
              [
                3.211241074541675,
                51.103284656979184
              ],
              [
                3.2112414095471036,
                51.103284854165906
              ],
              [
                3.211686351096743,
                51.10349940206366
              ],
              [
                3.2121625559350093,
                51.103685457562385
              ],
              [
                3.21266543739857,
                51.10384122850194
              ],
              [
                3.2131901517073875,
                51.10396521441894
              ],
              [
                3.213731644642058,
                51.10405622100865
              ],
              [
                3.214284700254589,
                51.104113371636586
              ],
              [
                3.214843991142156,
                51.104136115788265
              ],
              [
                3.215404129798067,
                51.10412423437565
              ],
              [
                3.215959720543662,
                51.104077841849104
              ],
              [
                3.2165054115392087,
                51.10399738509408
              ],
              [
                3.2170359463710594,
                51.10388363912355
              ],
              [
                3.217546214716495,
                51.10373769960765
              ],
              [
                3.2180313015966795,
                51.10356097231277
              ],
              [
                3.2184865347419493,
                51.103355159552194
              ],
              [
                3.2189075296120593,
                51.10312224377902
              ],
              [
                3.2192902316369296,
                51.102864468480156
              ],
              [
                3.2196309552704934,
                51.10258431655558
              ],
              [
                3.219926419481282,
                51.102284486392044
              ],
              [
                3.220173779338128,
                51.10196786586185
              ],
              [
                3.2203706533872243,
                51.10163750449781
              ],
              [
                3.220515146557736,
                51.101296584112944
              ],
              [
                3.220605868376459,
                51.100948388148204
              ],
              [
                3.2206419463175253,
                51.10059627004367
              ],
              [
                3.220623034160149,
                51.10024362093851
              ],
              [
                3.2205493152756652,
                51.09989383701054
              ],
              [
                3.220421500814035,
                51.099550286770096
              ],
              [
                3.220240822809098,
                51.09921627862334
              ],
              [
                3.220009022270725,
                51.098895029017065
              ],
              [
                3.2197283323802277,
                51.098589631471526
              ],
              [
                3.2194014569522755,
                51.09830302679932
              ],
              [
                3.2190315443719606,
                51.09803797479639
              ],
              [
                3.218622157258916,
                51.09779702767786
              ],
              [
                3.218620492294582,
                51.09779622490561
              ],
              [
                3.2186201572973707,
                51.09779602773948
              ],
              [
                3.2181752382083824,
                51.09758150556726
              ],
              [
                3.2176990716151868,
                51.0973954739437
              ],
              [
                3.217196242711902,
                51.09723972411117
              ],
              [
                3.216671593259205,
                51.097115755721646
              ],
              [
                3.216130174984593,
                51.097024762406036
              ],
              [
                3.2155772009673584,
                51.09696762028848
              ],
              [
                3.2150179954750753,
                51.09694487955615
              ],
              [
                3.214457942733116,
                51.09695675916535
              ],
              [
                3.2139024351188454,
                51.097003144734785
              ],
              [
                3.21335682127759,
                51.09708358964609
              ],
              [
                3.21282635465824,
                51.09719731934117
              ],
              [
                3.2124444555258345,
                51.097306541955554
              ],
              [
                3.2124950261859224,
                51.09718726488744
              ],
              [
                3.212585799758998,
                51.09683907458689
              ],
              [
                3.212621934929433,
                51.09648695842487
              ],
              [
                3.212603084925041,
                51.09613430752195
              ],
              [
                3.2125725578233517,
                51.095989329089036
              ],
              [
                3.2125717656747255,
                51.0959745090161
              ],
              [
                3.2124981137541053,
                51.095624719528125
              ],
              [
                3.2123703701215196,
                51.095281160044
              ],
              [
                3.2121897661286014,
                51.09494713905903
              ],
              [
                3.211958042072431,
                51.0946258731437
              ],
              [
                3.2119574920402796,
                51.09462527449442
              ],
              [
                3.211956841951798,
                51.094624373194485
              ],
              [
                3.211676230294016,
                51.09431895602318
              ],
              [
                3.2113494340803084,
                51.0940323286
              ],
              [
                3.2109796009330736,
                51.09376725094013
              ],
              [
                3.21095011455107,
                51.09374989130853
              ],
              [
                3.2110140738365995,
                51.09359903594577
              ],
              [
                3.2111048514717817,
                51.09325084634362
              ],
              [
                3.211140995021547,
                51.092898730188985
              ],
              [
                3.211122157632817,
                51.092546078602346
              ],
              [
                3.211048521956477,
                51.09219628778547
              ],
              [
                3.210920798340839,
                51.091852726315196
              ],
              [
                3.2107402179446187,
                51.09151870270589
              ],
              [
                3.2107387063867283,
                51.091516606809044
              ],
              [
                3.210738217660704,
                51.091515702794545
              ],
              [
                3.2105065205822267,
                51.09119443363777
              ],
              [
                3.2102259389805248,
                51.090889012645555
              ]
            ]
          ],
          [
            [
              [
                3.240348223908803,
                51.15174439888856
              ],
              [
                3.240116024327207,
                51.151423194937806
              ],
              [
                3.2398348872345277,
                51.15111785107876
              ],
              [
                3.239507520753044,
                51.15083130760671
              ],
              [
                3.239137077997215,
                51.150566323728064
              ],
              [
                3.238727126692244,
                51.15032545100167
              ],
              [
                3.238281614808843,
                51.15011100878054
              ],
              [
                3.2378048325453688,
                51.1499250618899
              ],
              [
                3.2373013710233387,
                51.14976940075607
              ],
              [
                3.2367760780936576,
                51.14964552417688
              ],
              [
                3.236234011678314,
                51.149554624899075
              ],
              [
                3.2356803910957965,
                51.14949757814126
              ],
              [
                3.235120546837599,
                51.1494749331724
              ],
              [
                3.2351179292756544,
                51.149474989084055
              ],
              [
                3.235116547145522,
                51.14947493317534
              ],
              [
                3.2345558695848022,
                51.14948690801071
              ],
              [
                3.233999757111593,
                51.149533387371086
              ],
              [
                3.233453564193826,
                51.14961392373509
              ],
              [
                3.232922549855013,
                51.14972774166415
              ],
              [
                3.2324118270697286,
                51.14987374526381
              ],
              [
                3.2319263135606753,
                51.15005052872884
              ],
              [
                3.231470684469708,
                51.15025638987077
              ],
              [
                3.2310493273574448,
                51.150489346498105
              ],
              [
                3.2306662999638998,
                51.15074715549191
              ],
              [
                3.230325291136355,
                51.151027334393696
              ],
              [
                3.2300295853005303,
                51.15132718529806
              ],
              [
                3.2297820308173106,
                51.15164382082082
              ],
              [
                3.2295850125302703,
                51.151974191892855
              ],
              [
                3.2294404287691885,
                51.1523151171126
              ],
              [
                3.22934967303214,
                51.15266331337503
              ],
              [
                3.2293136205239477,
                51.15301542748234
              ],
              [
                3.2293326196822356,
                51.15336806843243
              ],
              [
                3.2294064887744383,
                51.15371784007418
              ],
              [
                3.229534517600335,
                51.15406137381524
              ],
              [
                3.229715474285567,
                51.154395361067245
              ],
              [
                3.229947617102477,
                51.154716585115956
              ],
              [
                3.2302287112060633,
                51.155021952108896
              ],
              [
                3.2304362164601494,
                51.15520361303479
              ],
              [
                3.230442388840599,
                51.155318121775075
              ],
              [
                3.230516269330544,
                51.15566789246893
              ],
              [
                3.2306443116679118,
                51.15601142475744
              ],
              [
                3.2308252838482985,
                51.156345410066265
              ],
              [
                3.2310574439948785,
                51.15666663169984
              ],
              [
                3.2313385570957966,
                51.156971995828926
              ],
              [
                3.2316659164971346,
                51.15725856129706
              ],
              [
                3.232036369945669,
                51.15752356795824
              ],
              [
                3.2324463499315432,
                51.15776446327261
              ],
              [
                3.232891908039194,
                51.15797892690354
              ],
              [
                3.2333687529759807,
                51.158164893078336
              ],
              [
                3.2338722919121503,
                51.15832057049709
              ],
              [
                3.2343976747335175,
                51.15844445959709
              ],
              [
                3.2349398407798864,
                51.158535367006095
              ],
              [
                3.23549356761797,
                51.15859241704487
              ],
              [
                3.2360535213777037,
                51.15861506016782
              ],
              [
                3.2366143081656102,
                51.1586030782601
              ],
              [
                3.237170526058326,
                51.15855658674012
              ],
              [
                3.2377168171737374,
                51.15847603344691
              ],
              [
                3.2382479193164366,
                51.15836219432344
              ],
              [
                3.23875871669833,
                51.158216165937205
              ],
              [
                3.2392442892443025,
                51.15803935491078
              ],
              [
                3.239699960006636,
                51.15783346436398
              ],
              [
                3.2401213402303415,
                51.15760047749929
              ],
              [
                3.2405043716345077,
                51.15734263848838
              ],
              [
                3.2408453655018663,
                51.157062430845
              ],
              [
                3.2411410381998924,
                51.15676255349255
              ],
              [
                3.2413885427914932,
                51.15644589475782
              ],
              [
                3.241585496431317,
                51.15611550454155
              ],
              [
                3.241730003284673,
                51.15577456493455
              ],
              [
                3.2418206727494483,
                51.15542635956274
              ],
              [
                3.241856632806941,
                51.155074241956676
              ],
              [
                3.2418375383746105,
                51.15472160325051
              ],
              [
                3.2417635745820386,
                51.15437183952165
              ],
              [
                3.2416354549403943,
                51.15402831908569
              ],
              [
                3.2414544144248443,
                51.1536943500615
              ],
              [
                3.241222197538294,
                51.153373148518824
              ],
              [
                3.2409410414730844,
                51.15306780751481
              ],
              [
                3.2407377037371283,
                51.15288983992811
              ],
              [
                3.2407313075264668,
                51.152771656410806
              ],
              [
                3.2406573551079596,
                51.15242189173569
              ],
              [
                3.2405292489536723,
                51.15207836985066
              ],
              [
                3.240348223908803,
                51.15174439888856
              ]
            ]
          ],
          [
            [
              [
                3.2584691044581406,
                51.16928808200854
              ],
              [
                3.258236692932974,
                51.168966915811176
              ],
              [
                3.257955331665772,
                51.16866161711157
              ],
              [
                3.257627730937676,
                51.168375125769984
              ],
              [
                3.25725704611879,
                51.168110200490645
              ],
              [
                3.2568468472650345,
                51.167869392268024
              ],
              [
                3.2564010847304843,
                51.16765501983387
              ],
              [
                3.255924051126571,
                51.16746914734134
              ],
              [
                3.255420339994401,
                51.16731356450029
              ],
              [
                3.254894801587711,
                51.16718976935462
              ],
              [
                3.2543524961914643,
                51.167098953866955
              ],
              [
                3.253798645424554,
                51.16704199244909
              ],
              [
                3.2532385819941965,
                51.16701943354828
              ],
              [
                3.2526776983843195,
                51.1670314943701
              ],
              [
                3.2521213949703713,
                51.16707805878844
              ],
              [
                3.251575028058405,
                51.16715867846296
              ],
              [
                3.2510438583470225,
                51.16727257715294
              ],
              [
                3.2505330003067536,
                51.16741865818638
              ],
              [
                3.250047372962723,
                51.16759551501242
              ],
              [
                3.2495916525531405,
                51.16780144473625
              ],
              [
                3.249170227518349,
                51.16803446450597
              ],
              [
                3.248787156252975,
                51.16829233059466
              ],
              [
                3.2484461280274806,
                51.16857255999396
              ],
              [
                3.248150427455226,
                51.16887245431219
              ],
              [
                3.247902902847365,
                51.16918912574699
              ],
              [
                3.2477059387608063,
                51.16951952488333
              ],
              [
                3.2475614330044515,
                51.169860470049265
              ],
              [
                3.2474707783262606,
                51.1702086779475
              ],
              [
                3.247434848958882,
                51.17056079526805
              ],
              [
                3.2474539921550303,
                51.17091343097768
              ],
              [
                3.2475280247958693,
                51.17126318897553
              ],
              [
                3.2476562351068576,
                51.171606700800474
              ],
              [
                3.247837389466403,
                51.171940658075016
              ],
              [
                3.2480697442435065,
                51.172261844373445
              ],
              [
                3.24835106255203,
                51.17256716620668
              ],
              [
                3.248678635761714,
                51.17285368282543
              ],
              [
                3.2490493095599686,
                51.173118634554086
              ],
              [
                3.249459514314391,
                51.17335946938175
              ],
              [
                3.2499052994441473,
                51.17357386755424
              ],
              [
                3.250382371469485,
                51.173759763929326
              ],
              [
                3.2508861353727827,
                51.173915367879324
              ],
              [
                3.251411738872341,
                51.17403918054914
              ],
              [
                3.251954119181713,
                51.1741300093027
              ],
              [
                3.2525080518031353,
                51.17418697921841
              ],
              [
                3.25306820088377,
                51.17420954152245
              ],
              [
                3.2536291706481957,
                51.17419747887848
              ],
              [
                3.254185557410094,
                51.17415090748261
              ],
              [
                3.254732001660398,
                51.17407027594332
              ],
              [
                3.2552632397284347,
                51.173956360957284
              ],
              [
                3.255774154516767,
                51.1738102598228
              ],
              [
                3.256259824819474,
                51.17363337986312
              ],
              [
                3.256715572747469,
                51.17342742486213
              ],
              [
                3.2571370088028906,
                51.17319437864309
              ],
              [
                3.257520074167596,
                51.17293648594936
              ],
              [
                3.257861079797884,
                51.17265623081172
              ],
              [
                3.2581567419487136,
                51.17235631261094
              ],
              [
                3.2584042137854463,
                51.17203962006719
              ],
              [
                3.258601112779137,
                51.1717092034067
              ],
              [
                3.2587455436223673,
                51.171368244974886
              ],
              [
                3.258836116446047,
                51.17102002857879
              ],
              [
                3.25887196016315,
                51.17066790785501
              ],
              [
                3.2588527308124533,
                51.170315273967546
              ],
              [
                3.2587786148236644,
                51.16996552294722
              ],
              [
                3.25865032717434,
                51.16962202298704
              ],
              [
                3.2584691044581406,
                51.16928808200854
              ]
            ]
          ],
          [
            [
              [
                3.237023617757845,
                51.17146841904723
              ],
              [
                3.236653025327397,
                51.17120342941815
              ],
              [
                3.236242905599543,
                51.17096254992313
              ],
              [
                3.2357972081670083,
                51.17074809998028
              ],
              [
                3.23532022501488,
                51.17056214448917
              ],
              [
                3.234816549198931,
                51.17040647395887
              ],
              [
                3.2342910306332286,
                51.170282587277626
              ],
              [
                3.233748729411986,
                51.170191677289445
              ],
              [
                3.2331948671140904,
                51.17013461931602
              ],
              [
                3.232634776557871,
                51.17011196273431
              ],
              [
                3.2320738504884163,
                51.170123925690355
              ],
              [
                3.2315174896898733,
                51.17017039300036
              ],
              [
                3.2309710510206,
                51.170250917259
              ],
              [
                3.230439795869807,
                51.17036472314425
              ],
              [
                3.2299288395303005,
                51.17051071487769
              ],
              [
                3.2294431019732515,
                51.17068748676839
              ],
              [
                3.2289872604976013,
                51.17089333673937
              ],
              [
                3.2285657047089185,
                51.17112628270675
              ],
              [
                3.228182494260357,
                51.171384081654324
              ],
              [
                3.2280199342386737,
                51.17151757509325
              ],
              [
                3.2277896868364535,
                51.17167246738919
              ],
              [
                3.2274485078726824,
                51.171952635790156
              ],
              [
                3.227152650995056,
                51.17225247714279
              ],
              [
                3.2269049660194824,
                51.17256910415492
              ],
              [
                3.226707839046853,
                51.17289946783947
              ],
              [
                3.226563169454425,
                51.17324038686609
              ],
              [
                3.226472351567793,
                51.17358857818943
              ],
              [
                3.2264362611913406,
                51.17394068865932
              ],
              [
                3.226455247128476,
                51.17429332730871
              ],
              [
                3.2265291277750796,
                51.17464309800867
              ],
              [
                3.2266571928207557,
                51.17498663217592
              ],
              [
                3.226838210043371,
                51.175320621218006
              ],
              [
                3.227070437133201,
                51.17564184840345
              ],
              [
                3.2273516384344556,
                51.17594721984953
              ],
              [
                3.2276791064444175,
                51.17623379432928
              ],
              [
                3.228049687864354,
                51.17649881160987
              ],
              [
                3.2284598139522345,
                51.17673971904917
              ],
              [
                3.2289055348855187,
                51.17695419619366
              ],
              [
                3.229382557803331,
                51.1771401771405
              ],
              [
                3.2298862881615347,
                51.177295870447445
              ],
              [
                3.230411874001933,
                51.1774197763987
              ],
              [
                3.2309542527084743,
                51.17751070145966
              ],
              [
                3.231508199799025,
                51.177567769781064
              ],
              [
                3.232068379281456,
                51.17759043164114
              ],
              [
                3.23262939508747,
                51.1775784687446
              ],
              [
                3.2331858430871163,
                51.1775319963267
              ],
              [
                3.2337323631812165,
                51.17745146204249
              ],
              [
                3.234263690968205,
                51.177337641651846
              ],
              [
                3.2347747084860323,
                51.17719163154189
              ],
              [
                3.2352604935387856,
                51.17701483815914
              ],
              [
                3.235716367131573,
                51.17680896445355
              ],
              [
                3.236137938555589,
                51.17657599346544
              ],
              [
                3.2365211476882956,
                51.176318169213644
              ],
              [
                3.2366544341265127,
                51.176208700652424
              ],
              [
                3.236915940638406,
                51.176032754871954
              ],
              [
                3.2372570925946396,
                51.175752559557665
              ],
              [
                3.2375529067437276,
                51.175452693294204
              ],
              [
                3.2378005347866616,
                51.17513604430164
              ],
              [
                3.2379975926896987,
                51.174805662386916
              ],
              [
                3.2381421836147077,
                51.17446472956098
              ],
              [
                3.2382329161507233,
                51.17411652938452
              ],
              [
                3.2382689176725377,
                51.17376441533807
              ],
              [
                3.2382498426992594,
                51.17341177852158
              ],
              [
                3.238175876174068,
                51.17306201499427
              ],
              [
                3.2380477316354437,
                51.172718493069816
              ],
              [
                3.237866644299267,
                51.17238452088146
              ],
              [
                3.2378651509061878,
                51.17238245581773
              ],
              [
                3.2378646440143597,
                51.172381520969985
              ],
              [
                3.2376323588640004,
                51.172060314613624
              ],
              [
                3.237351113724012,
                51.1717549671962
              ],
              [
                3.237023617757845,
                51.17146841904723
              ]
            ]
          ]
        ]
      },
      "properties": {
        "type": "buffer_union_400m",
        "buffer_m": 400
      }
    },
    {
      "type": "Feature",
      "geometry": {
        "type": "Polygon",
        "coordinates": [
          [
            [
              3.155699,
              51.0840884
            ],
            [
              3.157329,
              51.082805
            ],
            [
              3.1541229,
              51.0819814
            ],
            [
              3.1521582,
              51.0817998
            ],
            [
              3.1515623,
              51.0818313
            ],
            [
              3.1504597,
              51.0801127
            ],
            [
              3.1548165,
              51.0753505
            ],
            [
              3.1563953,
              51.0749872
            ],
            [
              3.1573775,
              51.0751515
            ],
            [
              3.1576279,
              51.0748237
            ],
            [
              3.1571825,
              51.074493
            ],
            [
              3.1576172,
              51.069448
            ],
            [
              3.1575936,
              51.0686758
            ],
            [
              3.1579035,
              51.0684897
            ],
            [
              3.1587243,
              51.0691953
            ],
            [
              3.1626946,
              51.0654632
            ],
            [
              3.1647165,
              51.0639292
            ],
            [
              3.1653674,
              51.0638905
            ],
            [
              3.1656202,
              51.0641349
            ],
            [
              3.1659816,
              51.0641867
            ],
            [
              3.1668987,
              51.0641802
            ],
            [
              3.1671403,
              51.0641134
            ],
            [
              3.1683881,
              51.0642448
            ],
            [
              3.1686371,
              51.0641309
            ],
            [
              3.1688945,
              51.0635647
            ],
            [
              3.169304,
              51.0629893
            ],
            [
              3.1697456,
              51.06297
            ],
            [
              3.1712063,
              51.0623153
            ],
            [
              3.1715394,
              51.0624397
            ],
            [
              3.1715556,
              51.0628302
            ],
            [
              3.1719651,
              51.0629367
            ],
            [
              3.1723869,
              51.0631766
            ],
            [
              3.1730023,
              51.0631414
            ],
            [
              3.1731209,
              51.0629464
            ],
            [
              3.1735257,
              51.0626808
            ],
            [
              3.1742787,
              51.0624414
            ],
            [
              3.1744918,
              51.061975
            ],
            [
              3.1765568,
              51.0610072
            ],
            [
              3.176757,
              51.0612208
            ],
            [
              3.1778289,
              51.0605618
            ],
            [
              3.1786178,
              51.0604491
            ],
            [
              3.1787982,
              51.0605922
            ],
            [
              3.1793296,
              51.060487
            ],
            [
              3.1801643,
              51.0599611
            ],
            [
              3.1804371,
              51.0592952
            ],
            [
              3.1824355,
              51.0593805
            ],
            [
              3.1835777,
              51.0590727
            ],
            [
              3.1835484,
              51.0583526
            ],
            [
              3.1843486,
              51.0583872
            ],
            [
              3.1848885,
              51.0583257
            ],
            [
              3.1852701,
              51.0580725
            ],
            [
              3.1854065,
              51.0581506
            ],
            [
              3.1856231,
              51.0572553
            ],
            [
              3.1855611,
              51.0571403
            ],
            [
              3.1857066,
              51.0567382
            ],
            [
              3.1859342,
              51.0566004
            ],
            [
              3.1861133,
              51.0566912
            ],
            [
              3.1863232,
              51.0566187
            ],
            [
              3.1867446,
              51.0563365
            ],
            [
              3.1869464,
              51.0563005
            ],
            [
              3.18703,
              51.0565841
            ],
            [
              3.1873655,
              51.0570013
            ],
            [
              3.1876263,
              51.0577246
            ],
            [
              3.1878724,
              51.058018
            ],
            [
              3.1882983,
              51.0587916
            ],
            [
              3.1882854,
              51.0594755
            ],
            [
              3.1910519,
              51.0597501
            ],
            [
              3.1915213,
              51.0593002
            ],
            [
              3.19217,
              51.0592067
            ],
            [
              3.1931118,
              51.0592422
            ],
            [
              3.1934846,
              51.0592914
            ],
            [
              3.1940829,
              51.0597608
            ],
            [
              3.1931511,
              51.061429
            ],
            [
              3.1927004,
              51.0623982
            ],
            [
              3.1935921,
              51.0624982
            ],
            [
              3.1954773,
              51.0632821
            ],
            [
              3.1949887,
              51.0638429
            ],
            [
              3.1968042,
              51.0639917
            ],
            [
              3.1963543,
              51.064456
            ],
            [
              3.1963091,
              51.0646041
            ],
            [
              3.196492,
              51.0647566
            ],
            [
              3.1974699,
              51.0650353
            ],
            [
              3.1970778,
              51.0657375
            ],
            [
              3.1966166,
              51.0659389
            ],
            [
              3.1953753,
              51.066209
            ],
            [
              3.1949367,
              51.0664716
            ],
            [
              3.1955469,
              51.0666717
            ],
            [
              3.1973065,
              51.0676485
            ],
            [
              3.1973239,
              51.0677622
            ],
            [
              3.1970711,
              51.0681824
            ],
            [
              3.1976397,
              51.0685839
            ],
            [
              3.1979244,
              51.0684703
            ],
            [
              3.1979874,
              51.0683319
            ],
            [
              3.198303,
              51.0682715
            ],
            [
              3.1985584,
              51.0678474
            ],
            [
              3.1986067,
              51.0677173
            ],
            [
              3.1980421,
              51.0674778
            ],
            [
              3.198652,
              51.0662455
            ],
            [
              3.1989326,
              51.0662212
            ],
            [
              3.1991419,
              51.0663545
            ],
            [
              3.1991262,
              51.0664448
            ],
            [
              3.2004878,
              51.0666774
            ],
            [
              3.2003734,
              51.0669351
            ],
            [
              3.2013989,
              51.0670076
            ],
            [
              3.2016691,
              51.0665849
            ],
            [
              3.2019717,
              51.0655988
            ],
            [
              3.2041449,
              51.0653284
            ],
            [
              3.2042728,
              51.0635331
            ],
            [
              3.205331,
              51.0635204
            ],
            [
              3.2055764,
              51.0635542
            ],
            [
              3.20574,
              51.0636941
            ],
            [
              3.205881,
              51.0636384
            ],
            [
              3.2059546,
              51.0634973
            ],
            [
              3.2062272,
              51.0634908
            ],
            [
              3.2062161,
              51.0633178
            ],
            [
              3.2063385,
              51.0632708
            ],
            [
              3.2075282,
              51.0631934
            ],
            [
              3.2076481,
              51.0634735
            ],
            [
              3.2081614,
              51.0634535
            ],
            [
              3.2084775,
              51.0638123
            ],
            [
              3.2092083,
              51.0637168
            ],
            [
              3.2092812,
              51.0638209
            ],
            [
              3.2094763,
              51.0648531
            ],
            [
              3.2097861,
              51.0650187
            ],
            [
              3.2094409,
              51.0656915
            ],
            [
              3.2095501,
              51.0656979
            ],
            [
              3.2095372,
              51.0660057
            ],
            [
              3.2088367,
              51.0659933
            ],
            [
              3.209184,
              51.0680167
            ],
            [
              3.215082,
              51.0682096
            ],
            [
              3.2148434,
              51.0675676
            ],
            [
              3.2147874,
              51.0659347
            ],
            [
              3.2159813,
              51.0659854
            ],
            [
              3.2166629,
              51.0663
            ],
            [
              3.218609,
              51.0661556
            ],
            [
              3.2195289,
              51.0657419
            ],
            [
              3.2206035,
              51.0654856
            ],
            [
              3.2209957,
              51.0657271
            ],
            [
              3.221328,
              51.0658053
            ],
            [
              3.2227025,
              51.0658075
            ],
            [
              3.223491,
              51.065891
            ],
            [
              3.2241375,
              51.0643923
            ],
            [
              3.2318684,
              51.0647592
            ],
            [
              3.2322811,
              51.0654577
            ],
            [
              3.2333979,
              51.0664709
            ],
            [
              3.2338581,
              51.0670843
            ],
            [
              3.2346958,
              51.0686669
            ],
            [
              3.2354307,
              51.0695695
            ],
            [
              3.2344463,
              51.078611
            ],
            [
              3.2413572,
              51.0800998
            ],
            [
              3.2413228,
              51.080398
            ],
            [
              3.240839,
              51.0814943
            ],
            [
              3.2409134,
              51.0816188
            ],
            [
              3.2420088,
              51.0820073
            ],
            [
              3.2447428,
              51.0824078
            ],
            [
              3.2466517,
              51.0828286
            ],
            [
              3.2467522,
              51.0830723
            ],
            [
              3.24669,
              51.0832147
            ],
            [
              3.2468257,
              51.0833811
            ],
            [
              3.2465242,
              51.0836358
            ],
            [
              3.2463849,
              51.083963
            ],
            [
              3.2455215,
              51.0844207
            ],
            [
              3.2445848,
              51.0847912
            ],
            [
              3.2447474,
              51.0848732
            ],
            [
              3.244619,
              51.0850506
            ],
            [
              3.2447014,
              51.0851002
            ],
            [
              3.2446602,
              51.085265
            ],
            [
              3.244742,
              51.0857757
            ],
            [
              3.2443953,
              51.0860303
            ],
            [
              3.2444808,
              51.0861573
            ],
            [
              3.2442116,
              51.0865929
            ],
            [
              3.2464861,
              51.0865134
            ],
            [
              3.2492006,
              51.0866349
            ],
            [
              3.2492003,
              51.0866892
            ],
            [
              3.2507354,
              51.0868588
            ],
            [
              3.250722,
              51.0869203
            ],
            [
              3.2520738,
              51.0871789
            ],
            [
              3.252404,
              51.0879813
            ],
            [
              3.2522173,
              51.0881224
            ],
            [
              3.2531934,
              51.0886704
            ],
            [
              3.2533447,
              51.0885498
            ],
            [
              3.2550214,
              51.089367
            ],
            [
              3.2544105,
              51.0898493
            ],
            [
              3.2612202,
              51.0912358
            ],
            [
              3.2596929,
              51.0943591
            ],
            [
              3.2610109,
              51.0946674
            ],
            [
              3.2613925,
              51.0948681
            ],
            [
              3.2628868,
              51.095153
            ],
            [
              3.263445,
              51.095336
            ],
            [
              3.2643915,
              51.0959572
            ],
            [
              3.2646558,
              51.0964083
            ],
            [
              3.2660947,
              51.0971684
            ],
            [
              3.2663136,
              51.0978889
            ],
            [
              3.2706042,
              51.0943872
            ],
            [
              3.2756516,
              51.0924081
            ],
            [
              3.2786683,
              51.0931633
            ],
            [
              3.2790401,
              51.0933228
            ],
            [
              3.2811912,
              51.094902
            ],
            [
              3.2813354,
              51.0951174
            ],
            [
              3.2815225,
              51.0959083
            ],
            [
              3.282418,
              51.0963187
            ],
            [
              3.2832907,
              51.0974477
            ],
            [
              3.2841169,
              51.0971865
            ],
            [
              3.2842928,
              51.0973988
            ],
            [
              3.291302,
              51.0969402
            ],
            [
              3.2912988,
              51.0976774
            ],
            [
              3.2999529,
              51.0979728
            ],
            [
              3.3006211,
              51.0977682
            ],
            [
              3.301291,
              51.0973056
            ],
            [
              3.3018915,
              51.0970023
            ],
            [
              3.3022273,
              51.1007064
            ],
            [
              3.297176,
              51.1009248
            ],
            [
              3.2966277,
              51.1019271
            ],
            [
              3.2982233,
              51.1024412
            ],
            [
              3.298495,
              51.1027748
            ],
            [
              3.2986336,
              51.1031323
            ],
            [
              3.2986202,
              51.1033114
            ],
            [
              3.2985435,
              51.1034716
            ],
            [
              3.2973489,
              51.1034729
            ],
            [
              3.2955727,
              51.1044113
            ],
            [
              3.2960835,
              51.1046828
            ],
            [
              3.295147,
              51.1053697
            ],
            [
              3.2947299,
              51.1059235
            ],
            [
              3.2951661,
              51.1061786
            ],
            [
              3.2949027,
              51.1063791
            ],
            [
              3.294613,
              51.1064874
            ],
            [
              3.2942221,
              51.1065046
            ],
            [
              3.2939595,
              51.106335
            ],
            [
              3.2934562,
              51.1065723
            ],
            [
              3.2934858,
              51.1066856
            ],
            [
              3.2930808,
              51.1070073
            ],
            [
              3.292889,
              51.1069845
            ],
            [
              3.2927135,
              51.1063767
            ],
            [
              3.2913011,
              51.1067294
            ],
            [
              3.2911108,
              51.1069545
            ],
            [
              3.2908693,
              51.1076009
            ],
            [
              3.2905526,
              51.1077912
            ],
            [
              3.2902582,
              51.1076228
            ],
            [
              3.2886149,
              51.1080859
            ],
            [
              3.2880459,
              51.1083688
            ],
            [
              3.288507,
              51.1089961
            ],
            [
              3.2868702,
              51.1098494
            ],
            [
              3.2860688,
              51.1086125
            ],
            [
              3.2844135,
              51.1091878
            ],
            [
              3.2825729,
              51.1101875
            ],
            [
              3.2789235,
              51.1125713
            ],
            [
              3.2791856,
              51.1131171
            ],
            [
              3.279309,
              51.1140049
            ],
            [
              3.2796029,
              51.114563
            ],
            [
              3.2824914,
              51.1142316
            ],
            [
              3.2842634,
              51.1137542
            ],
            [
              3.2855994,
              51.1159854
            ],
            [
              3.285991,
              51.1162246
            ],
            [
              3.2868169,
              51.1180235
            ],
            [
              3.2838246,
              51.1186259
            ],
            [
              3.2838251,
              51.1192722
            ],
            [
              3.2836507,
              51.1195948
            ],
            [
              3.2836917,
              51.1202918
            ],
            [
              3.2834636,
              51.1205713
            ],
            [
              3.2838003,
              51.1210537
            ],
            [
              3.2846665,
              51.1218274
            ],
            [
              3.2843864,
              51.1219956
            ],
            [
              3.2834946,
              51.1221496
            ],
            [
              3.2828677,
              51.1224257
            ],
            [
              3.2827744,
              51.1225394
            ],
            [
              3.2837279,
              51.122958
            ],
            [
              3.2832465,
              51.1232082
            ],
            [
              3.2828958,
              51.1233172
            ],
            [
              3.2826635,
              51.1232786
            ],
            [
              3.2808928,
              51.1239527
            ],
            [
              3.2795182,
              51.1246639
            ],
            [
              3.2792205,
              51.12513
            ],
            [
              3.2789026,
              51.1254545
            ],
            [
              3.2786612,
              51.1259303
            ],
            [
              3.2780832,
              51.1264075
            ],
            [
              3.2773064,
              51.1260922
            ],
            [
              3.276555,
              51.1263541
            ],
            [
              3.2764072,
              51.1265733
            ],
            [
              3.2758798,
              51.1265556
            ],
            [
              3.2757255,
              51.1268091
            ],
            [
              3.2745802,
              51.1268355
            ],
            [
              3.2742316,
              51.1267572
            ],
            [
              3.2740107,
              51.1268568
            ],
            [
              3.2739995,
              51.1270754
            ],
            [
              3.2744957,
              51.1275442
            ],
            [
              3.2748309,
              51.128032
            ],
            [
              3.2774817,
              51.1286811
            ],
            [
              3.2819724,
              51.1316463
            ],
            [
              3.28209,
              51.1318165
            ],
            [
              3.2815883,
              51.1321727
            ],
            [
              3.2814319,
              51.1323919
            ],
            [
              3.2811546,
              51.1334175
            ],
            [
              3.2809145,
              51.1350122
            ],
            [
              3.2807115,
              51.1353699
            ],
            [
              3.280001,
              51.1361407
            ],
            [
              3.2810602,
              51.1365446
            ],
            [
              3.2824391,
              51.1372814
            ],
            [
              3.2832864,
              51.1376422
            ],
            [
              3.2883614,
              51.1386856
            ],
            [
              3.2895724,
              51.1390828
            ],
            [
              3.2900845,
              51.1394623
            ],
            [
              3.288641,
              51.1402683
            ],
            [
              3.2881006,
              51.140039
            ],
            [
              3.2874018,
              51.1405242
            ],
            [
              3.2873532,
              51.140712
            ],
            [
              3.2869949,
              51.1410477
            ],
            [
              3.2874701,
              51.1412076
            ],
            [
              3.287015,
              51.1421004
            ],
            [
              3.28691,
              51.1435928
            ],
            [
              3.2867306,
              51.1439268
            ],
            [
              3.2862841,
              51.1437854
            ],
            [
              3.2861902,
              51.1438325
            ],
            [
              3.2863001,
              51.1440571
            ],
            [
              3.286339,
              51.1448236
            ],
            [
              3.2860374,
              51.1451506
            ],
            [
              3.2872167,
              51.1461156
            ],
            [
              3.286648,
              51.1463648
            ],
            [
              3.2885735,
              51.1482397
            ],
            [
              3.2868376,
              51.1492734
            ],
            [
              3.2874515,
              51.1502936
            ],
            [
              3.2880878,
              51.1506126
            ],
            [
              3.2897558,
              51.1508507
            ],
            [
              3.2906156,
              51.1511032
            ],
            [
              3.2914025,
              51.1516534
            ],
            [
              3.2909918,
              51.1521661
            ],
            [
              3.2911,
              51.1522158
            ],
            [
              3.2906876,
              51.1526807
            ],
            [
              3.2922285,
              51.1533695
            ],
            [
              3.2916519,
              51.1545786
            ],
            [
              3.2952504,
              51.1548602
            ],
            [
              3.295532,
              51.1548987
            ],
            [
              3.2956999,
              51.1550071
            ],
            [
              3.2956131,
              51.155668
            ],
            [
              3.2957449,
              51.1560818
            ],
            [
              3.2955853,
              51.1567516
            ],
            [
              3.2972831,
              51.1574547
            ],
            [
              3.2969291,
              51.1590438
            ],
            [
              3.2963717,
              51.1594292
            ],
            [
              3.2955128,
              51.1596814
            ],
            [
              3.2905309,
              51.1586166
            ],
            [
              3.2875822,
              51.1583863
            ],
            [
              3.2844825,
              51.1580068
            ],
            [
              3.2845237,
              51.1583007
            ],
            [
              3.2847881,
              51.1583524
            ],
            [
              3.2855102,
              51.1587717
            ],
            [
              3.2867266,
              51.1596231
            ],
            [
              3.2889448,
              51.1613574
            ],
            [
              3.2903738,
              51.1623383
            ],
            [
              3.2889515,
              51.1635852
            ],
            [
              3.2878044,
              51.1641732
            ],
            [
              3.28616,
              51.1635457
            ],
            [
              3.2855397,
              51.1638712
            ],
            [
              3.2851656,
              51.164221
            ],
            [
              3.285334,
              51.164315
            ],
            [
              3.2849772,
              51.1647689
            ],
            [
              3.285,
              51.1648686
            ],
            [
              3.2883266,
              51.1669256
            ],
            [
              3.2741901,
              51.1789401
            ],
            [
              3.2720621,
              51.1797914
            ],
            [
              3.2711272,
              51.1814942
            ],
            [
              3.2683103,
              51.1858585
            ],
            [
              3.2676627,
              51.1864582
            ],
            [
              3.2506911,
              51.1836128
            ],
            [
              3.2505476,
              51.1836985
            ],
            [
              3.250207,
              51.183657
            ],
            [
              3.247608,
              51.1844485
            ],
            [
              3.2460141,
              51.1853216
            ],
            [
              3.2448186,
              51.1845049
            ],
            [
              3.2434237,
              51.182393
            ],
            [
              3.2431811,
              51.1822383
            ],
            [
              3.2428524,
              51.1822333
            ],
            [
              3.2428083,
              51.1821512
            ],
            [
              3.2424129,
              51.1821047
            ],
            [
              3.2409859,
              51.1820212
            ],
            [
              3.2409383,
              51.1816776
            ],
            [
              3.2406684,
              51.1813238
            ],
            [
              3.2391077,
              51.1814117
            ],
            [
              3.2390088,
              51.1811188
            ],
            [
              3.2390005,
              51.1805927
            ],
            [
              3.237078,
              51.1804106
            ],
            [
              3.2370363,
              51.1802254
            ],
            [
              3.2358298,
              51.1800201
            ],
            [
              3.2360201,
              51.1796717
            ],
            [
              3.2360343,
              51.1794356
            ],
            [
              3.2353492,
              51.1793147
            ],
            [
              3.2341134,
              51.1785424
            ],
            [
              3.2339193,
              51.1785706
            ],
            [
              3.2313289,
              51.1774574
            ],
            [
              3.2297293,
              51.177106
            ],
            [
              3.2286412,
              51.1766325
            ],
            [
              3.2288392,
              51.176524
            ],
            [
              3.229689,
              51.1752531
            ],
            [
              3.2290672,
              51.1748454
            ],
            [
              3.2289307,
              51.1746734
            ],
            [
              3.2286427,
              51.1745502
            ],
            [
              3.2274456,
              51.1742812
            ],
            [
              3.225158,
              51.1739439
            ],
            [
              3.2238786,
              51.1731517
            ],
            [
              3.2228783,
              51.1729045
            ],
            [
              3.222506,
              51.1726891
            ],
            [
              3.2217535,
              51.1721713
            ],
            [
              3.2198334,
              51.170418
            ],
            [
              3.2184823,
              51.1689002
            ],
            [
              3.2170028,
              51.1675671
            ],
            [
              3.2167173,
              51.1671339
            ],
            [
              3.2166062,
              51.1666182
            ],
            [
              3.2166508,
              51.1660935
            ],
            [
              3.2165221,
              51.165963
            ],
            [
              3.2165661,
              51.1658837
            ],
            [
              3.2138629,
              51.1651989
            ],
            [
              3.2138939,
              51.1649205
            ],
            [
              3.2148397,
              51.1646562
            ],
            [
              3.2137446,
              51.1635992
            ],
            [
              3.2139194,
              51.1631232
            ],
            [
              3.2152333,
              51.1628077
            ],
            [
              3.2146883,
              51.161739
            ],
            [
              3.2144153,
              51.1617301
            ],
            [
              3.2123627,
              51.1599478
            ],
            [
              3.2119981,
              51.1591321
            ],
            [
              3.2111081,
              51.1593002
            ],
            [
              3.2111195,
              51.158222
            ],
            [
              3.2109837,
              51.1578471
            ],
            [
              3.2112311,
              51.1573395
            ],
            [
              3.210993,
              51.1571287
            ],
            [
              3.2106783,
              51.1551454
            ],
            [
              3.2105814,
              51.1549992
            ],
            [
              3.2106778,
              51.1545793
            ],
            [
              3.2105618,
              51.1544737
            ],
            [
              3.2102977,
              51.1534071
            ],
            [
              3.2100237,
              51.1528804
            ],
            [
              3.2071603,
              51.149184
            ],
            [
              3.2073674,
              51.1488162
            ],
            [
              3.2072539,
              51.148785
            ],
            [
              3.2073637,
              51.1485057
            ],
            [
              3.2066524,
              51.1483721
            ],
            [
              3.2065043,
              51.1482138
            ],
            [
              3.206538,
              51.1481272
            ],
            [
              3.2063943,
              51.1481029
            ],
            [
              3.205897,
              51.1476234
            ],
            [
              3.20607,
              51.1475538
            ],
            [
              3.2054448,
              51.1468454
            ],
            [
              3.2049947,
              51.1465286
            ],
            [
              3.204592,
              51.1460962
            ],
            [
              3.2012253,
              51.1418488
            ],
            [
              3.1991313,
              51.1397701
            ],
            [
              3.197692,
              51.138166
            ],
            [
              3.196363,
              51.1368386
            ],
            [
              3.1933306,
              51.1338516
            ],
            [
              3.1932278,
              51.1338617
            ],
            [
              3.192451,
              51.1324602
            ],
            [
              3.1917449,
              51.1307044
            ],
            [
              3.1913932,
              51.1285004
            ],
            [
              3.1903013,
              51.1281672
            ],
            [
              3.1890729,
              51.1281603
            ],
            [
              3.1887683,
              51.1268323
            ],
            [
              3.1881805,
              51.1266866
            ],
            [
              3.1879783,
              51.1230566
            ],
            [
              3.1848395,
              51.1230227
            ],
            [
              3.1846859,
              51.122084
            ],
            [
              3.1831853,
              51.1201502
            ],
            [
              3.1826963,
              51.1197069
            ],
            [
              3.1820044,
              51.1184353
            ],
            [
              3.1823188,
              51.1179084
            ],
            [
              3.182489,
              51.1179246
            ],
            [
              3.1835455,
              51.1175149
            ],
            [
              3.1812161,
              51.1150809
            ],
            [
              3.181882,
              51.1147928
            ],
            [
              3.1782541,
              51.112646
            ],
            [
              3.181389,
              51.111204
            ],
            [
              3.1807063,
              51.1100444
            ],
            [
              3.1808827,
              51.1100012
            ],
            [
              3.180811,
              51.1098017
            ],
            [
              3.1789796,
              51.1081341
            ],
            [
              3.1775486,
              51.1071169
            ],
            [
              3.1762478,
              51.1064044
            ],
            [
              3.1744753,
              51.1056814
            ],
            [
              3.1733754,
              51.105337
            ],
            [
              3.1732165,
              51.1050355
            ],
            [
              3.1727594,
              51.1047248
            ],
            [
              3.1764464,
              51.1045186
            ],
            [
              3.1777214,
              51.1042998
            ],
            [
              3.1783073,
              51.1003688
            ],
            [
              3.1750938,
              51.1002856
            ],
            [
              3.172788,
              51.100052
            ],
            [
              3.1740112,
              51.0985191
            ],
            [
              3.1654916,
              51.0916155
            ],
            [
              3.1654371,
              51.0929532
            ],
            [
              3.1625027,
              51.0944714
            ],
            [
              3.1591984,
              51.0907161
            ],
            [
              3.1602785,
              51.0903224
            ],
            [
              3.157257,
              51.0878676
            ],
            [
              3.155699,
              51.0840884
            ]
          ]
        ]
      },
      "properties": {
        "type": "boundary",
        "gemeente": "Oostkamp"
      }
    }
  ]
}