{
  "type": "FeatureCollection",
  "metadata": {
    "gemeente": "Thuin",
    "slug": "thuin",
    "generated_at": "2026-09-25T22:11:44.756534Z",
    "total_points": 33,
    "providers": [
      "bpost",
      "DHL",
      "GLS",
      "InPost",
      "VintedGo",
      "PostNL",
      "DPD",
      "Amazon"
    ],
    "bounds": [
      4.2857032,
      50.2944665,
      4.3644824,
      50.3564033
    ]
  },
  "features": [
    {
      "type": "Feature",
      "geometry": {
        "type": "Point",
        "coordinates": [
          4.36407,
          50.35619
        ]
      },
      "properties": {
        "type": "pakketpunt",
        "locatieNaam": "Bbox 24/7 Hubo Gozée",
        "straatNaam": "Rue De Marchienne",
        "straatNr": "183",
        "vervoerder": "bpost",
        "puntType": "automaat",
        "bezettingsgraad": 50,
        "latitude": 50.35619,
        "longitude": 4.36407,
        "canPickup": true,
        "canDropoff": true,
        "openingstijden": null
      }
    },
    {
      "type": "Feature",
      "geometry": {
        "type": "Point",
        "coordinates": [
          4.36045,
          50.34454
        ]
      },
      "properties": {
        "type": "pakketpunt",
        "locatieNaam": "Bbox 24/7 Q8 Thuin Gozee",
        "straatNaam": "Rue De Marchienne",
        "straatNr": "122",
        "vervoerder": "bpost",
        "puntType": "automaat",
        "bezettingsgraad": 50,
        "latitude": 50.34454,
        "longitude": 4.36045,
        "canPickup": true,
        "canDropoff": true,
        "openingstijden": null
      }
    },
    {
      "type": "Feature",
      "geometry": {
        "type": "Point",
        "coordinates": [
          4.34975,
          50.33145
        ]
      },
      "properties": {
        "type": "pakketpunt",
        "locatieNaam": "Bbox Schamp Gozée",
        "straatNaam": "Rue De Beaumont",
        "straatNr": "25",
        "vervoerder": "bpost",
        "puntType": "automaat",
        "bezettingsgraad": 50,
        "latitude": 50.33145,
        "longitude": 4.34975,
        "canPickup": true,
        "canDropoff": true,
        "openingstijden": null
      }
    },
    {
      "type": "Feature",
      "geometry": {
        "type": "Point",
        "coordinates": [
          4.28637,
          50.34794
        ]
      },
      "properties": {
        "type": "pakketpunt",
        "locatieNaam": "Bbox Lidl Thuin",
        "straatNaam": "Rue D'Anderlues",
        "straatNr": "91",
        "vervoerder": "bpost",
        "puntType": "automaat",
        "bezettingsgraad": 50,
        "latitude": 50.34794,
        "longitude": 4.28637,
        "canPickup": true,
        "canDropoff": true,
        "openingstijden": null
      }
    },
    {
      "type": "Feature",
      "geometry": {
        "type": "Point",
        "coordinates": [
          4.29434,
          50.34044
        ]
      },
      "properties": {
        "type": "pakketpunt",
        "locatieNaam": "Night & Day  93 Thuin",
        "straatNaam": "Avenue Du Berceau",
        "straatNr": "4",
        "vervoerder": "bpost",
        "puntType": "servicepunt",
        "bezettingsgraad": 50,
        "latitude": 50.34044,
        "longitude": 4.29434,
        "canPickup": true,
        "canDropoff": true,
        "openingstijden": null
      }
    },
    {
      "type": "Feature",
      "geometry": {
        "type": "Point",
        "coordinates": [
          4.28852,
          50.34227
        ]
      },
      "properties": {
        "type": "pakketpunt",
        "locatieNaam": "Bbox 24/7 Station Thuin",
        "straatNaam": "Rue Gare Du Nord",
        "straatNr": "DISTRIB",
        "vervoerder": "bpost",
        "puntType": "automaat",
        "bezettingsgraad": 50,
        "latitude": 50.34227,
        "longitude": 4.28852,
        "canPickup": true,
        "canDropoff": true,
        "openingstijden": null
      }
    },
    {
      "type": "Feature",
      "geometry": {
        "type": "Point",
        "coordinates": [
          4.28747,
          50.33985
        ]
      },
      "properties": {
        "type": "pakketpunt",
        "locatieNaam": "Thuin Centre",
        "straatNaam": "Place Du Chapitre",
        "straatNr": "7",
        "vervoerder": "bpost",
        "puntType": "postkantoor",
        "bezettingsgraad": 50,
        "latitude": 50.33985,
        "longitude": 4.28747,
        "canPickup": true,
        "canDropoff": true,
        "openingstijden": null
      }
    },
    {
      "type": "Feature",
      "geometry": {
        "type": "Point",
        "coordinates": [
          4.28637,
          50.347938
        ]
      },
      "properties": {
        "type": "pakketpunt",
        "locatieNaam": "BBOX LIDL THUIN",
        "straatNaam": "RUE D'ANDERLUES",
        "straatNr": "91",
        "vervoerder": "DHL",
        "puntType": "packStation",
        "bezettingsgraad": 50,
        "latitude": 50.347938,
        "longitude": 4.28637,
        "canPickup": true,
        "canDropoff": true,
        "openingstijden": {
          "ma": "07:00 - 20:30",
          "di": "07:00 - 20:30",
          "wo": "07:00 - 20:30",
          "do": "07:00 - 20:30",
          "vr": "07:00 - 20:30",
          "za": "07:00 - 19:00",
          "zo": "gesloten"
        }
      }
    },
    {
      "type": "Feature",
      "geometry": {
        "type": "Point",
        "coordinates": [
          4.288518,
          50.342268
        ]
      },
      "properties": {
        "type": "pakketpunt",
        "locatieNaam": "BBOX 24/7 STATION THUIN",
        "straatNaam": "RUE GARE DU NORD",
        "straatNr": "DISTRIB",
        "vervoerder": "DHL",
        "puntType": "packStation",
        "bezettingsgraad": 50,
        "latitude": 50.342268,
        "longitude": 4.288518,
        "canPickup": true,
        "canDropoff": true,
        "openingstijden": {
          "ma": "00:00 - 23:59",
          "di": "00:00 - 23:59",
          "wo": "00:00 - 23:59",
          "do": "00:00 - 23:59",
          "vr": "00:00 - 23:59",
          "za": "00:00 - 23:59",
          "zo": "00:00 - 23:59"
        }
      }
    },
    {
      "type": "Feature",
      "geometry": {
        "type": "Point",
        "coordinates": [
          4.287469,
          50.339854
        ]
      },
      "properties": {
        "type": "pakketpunt",
        "locatieNaam": "THUIN CENTRE",
        "straatNaam": "PLACE DU CHAPITRE",
        "straatNr": "7",
        "vervoerder": "DHL",
        "puntType": "postOffice",
        "bezettingsgraad": 50,
        "latitude": 50.339854,
        "longitude": 4.287469,
        "canPickup": true,
        "canDropoff": true,
        "openingstijden": {
          "ma": "09:30 - 12:30, 13:45 - 17:00",
          "di": "09:30 - 12:30, 13:45 - 18:00",
          "wo": "09:30 - 11:30",
          "do": "14:00 - 18:00",
          "vr": "09:30 - 12:30, 13:45 - 17:00",
          "za": "09:30 - 13:00",
          "zo": "gesloten"
        }
      }
    },
    {
      "type": "Feature",
      "geometry": {
        "type": "Point",
        "coordinates": [
          4.294344,
          50.340438
        ]
      },
      "properties": {
        "type": "pakketpunt",
        "locatieNaam": "NIGHT & DAY  93 THUIN",
        "straatNaam": "AVENUE DU BERCEAU",
        "straatNr": "4",
        "vervoerder": "DHL",
        "puntType": "parcelShop",
        "bezettingsgraad": 50,
        "latitude": 50.340438,
        "longitude": 4.294344,
        "canPickup": true,
        "canDropoff": true,
        "openingstijden": {
          "ma": "06:00 - 23:00",
          "di": "06:00 - 23:00",
          "wo": "06:00 - 23:00",
          "do": "06:00 - 23:00",
          "vr": "06:00 - 23:59",
          "za": "07:00 - 23:59",
          "zo": "08:00 - 23:00"
        }
      }
    },
    {
      "type": "Feature",
      "geometry": {
        "type": "Point",
        "coordinates": [
          4.34975,
          50.33145
        ]
      },
      "properties": {
        "type": "pakketpunt",
        "locatieNaam": "BBOX SCHAMP GOZÉE",
        "straatNaam": "RUE DE BEAUMONT",
        "straatNr": "25",
        "vervoerder": "DHL",
        "puntType": "packStation",
        "bezettingsgraad": 50,
        "latitude": 50.33145,
        "longitude": 4.34975,
        "canPickup": true,
        "canDropoff": true,
        "openingstijden": {
          "ma": "00:00 - 23:59",
          "di": "00:00 - 23:59",
          "wo": "00:00 - 23:59",
          "do": "00:00 - 23:59",
          "vr": "00:00 - 23:59",
          "za": "00:00 - 23:59",
          "zo": "00:00 - 23:59"
        }
      }
    },
    {
      "type": "Feature",
      "geometry": {
        "type": "Point",
        "coordinates": [
          4.360451,
          50.344541
        ]
      },
      "properties": {
        "type": "pakketpunt",
        "locatieNaam": "BBOX 24/7 Q8 THUIN GOZEE",
        "straatNaam": "RUE DE MARCHIENNE",
        "straatNr": "122",
        "vervoerder": "DHL",
        "puntType": "packStation",
        "bezettingsgraad": 50,
        "latitude": 50.344541,
        "longitude": 4.360451,
        "canPickup": true,
        "canDropoff": true,
        "openingstijden": {
          "ma": "00:00 - 23:59",
          "di": "00:00 - 23:59",
          "wo": "00:00 - 23:59",
          "do": "00:00 - 23:59",
          "vr": "00:00 - 23:59",
          "za": "00:00 - 23:59",
          "zo": "00:00 - 23:59"
        }
      }
    },
    {
      "type": "Feature",
      "geometry": {
        "type": "Point",
        "coordinates": [
          4.364071,
          50.35619
        ]
      },
      "properties": {
        "type": "pakketpunt",
        "locatieNaam": "BBOX 24/7 HUBO GOZÉE",
        "straatNaam": "RUE DE MARCHIENNE",
        "straatNr": "183",
        "vervoerder": "DHL",
        "puntType": "packStation",
        "bezettingsgraad": 50,
        "latitude": 50.35619,
        "longitude": 4.364071,
        "canPickup": true,
        "canDropoff": true,
        "openingstijden": {
          "ma": "00:00 - 23:59",
          "di": "00:00 - 23:59",
          "wo": "00:00 - 23:59",
          "do": "00:00 - 23:59",
          "vr": "00:00 - 23:59",
          "za": "00:00 - 23:59",
          "zo": "00:00 - 23:59"
        }
      }
    },
    {
      "type": "Feature",
      "geometry": {
        "type": "Point",
        "coordinates": [
          4.3286197,
          50.2946241
        ]
      },
      "properties": {
        "type": "pakketpunt",
        "locatieNaam": "Librairie de la cour",
        "straatNaam": "Rue De La Cour",
        "straatNr": "2",
        "vervoerder": "GLS",
        "puntType": "parcel_shop",
        "bezettingsgraad": 50,
        "latitude": 50.2946241,
        "longitude": 4.3286197,
        "canPickup": true,
        "canDropoff": true,
        "openingstijden": "vr: 07:00 - 18:30; za: 07:00 - 17:00"
      }
    },
    {
      "type": "Feature",
      "geometry": {
        "type": "Point",
        "coordinates": [
          4.2857032,
          50.347463
        ]
      },
      "properties": {
        "type": "pakketpunt",
        "locatieNaam": "GLS Parcel Locker powered by bbox",
        "straatNaam": "Rue D'Anderlues",
        "straatNr": "91",
        "vervoerder": "GLS",
        "puntType": "locker",
        "bezettingsgraad": 50,
        "latitude": 50.347463,
        "longitude": 4.2857032,
        "canPickup": true,
        "canDropoff": true,
        "openingstijden": "vr: 00:00 - 24:00; ma: 00:00 - 24:00"
      }
    },
    {
      "type": "Feature",
      "geometry": {
        "type": "Point",
        "coordinates": [
          4.3644824,
          50.3564033
        ]
      },
      "properties": {
        "type": "pakketpunt",
        "locatieNaam": "GLS Parcel Locker powered by bbox",
        "straatNaam": "Rue De Marchienne",
        "straatNr": "183",
        "vervoerder": "GLS",
        "puntType": "locker",
        "bezettingsgraad": 50,
        "latitude": 50.3564033,
        "longitude": 4.3644824,
        "canPickup": true,
        "canDropoff": true,
        "openingstijden": "vr: 00:00 - 24:00; za: 00:00 - 24:00"
      }
    },
    {
      "type": "Feature",
      "geometry": {
        "type": "Point",
        "coordinates": [
          4.35018,
          50.33381
        ]
      },
      "properties": {
        "type": "pakketpunt",
        "locatieNaam": "LOUIS DELHAIZE A GOZEE",
        "straatNaam": "RUE DE THUIN 11",
        "straatNr": "",
        "vervoerder": "InPost",
        "puntType": "servicepunt",
        "bezettingsgraad": 50,
        "latitude": 50.33381,
        "longitude": 4.35018,
        "canPickup": true,
        "canDropoff": true,
        "openingstijden": null
      }
    },
    {
      "type": "Feature",
      "geometry": {
        "type": "Point",
        "coordinates": [
          4.28668,
          50.34099
        ]
      },
      "properties": {
        "type": "pakketpunt",
        "locatieNaam": "AUX QUATRE SAISONS THUIN",
        "straatNaam": "7 Rue du Pont",
        "straatNr": "",
        "vervoerder": "InPost",
        "puntType": "servicepunt",
        "bezettingsgraad": 50,
        "latitude": 50.34099,
        "longitude": 4.28668,
        "canPickup": true,
        "canDropoff": true,
        "openingstijden": null
      }
    },
    {
      "type": "Feature",
      "geometry": {
        "type": "Point",
        "coordinates": [
          4.36275,
          50.34634
        ]
      },
      "properties": {
        "type": "pakketpunt",
        "locatieNaam": "",
        "straatNaam": "Rue de Bomerée",
        "straatNr": "1",
        "vervoerder": "InPost",
        "puntType": "automaat",
        "bezettingsgraad": 50,
        "latitude": 50.34634,
        "longitude": 4.36275,
        "canPickup": true,
        "canDropoff": true,
        "openingstijden": "24/7"
      }
    },
    {
      "type": "Feature",
      "geometry": {
        "type": "Point",
        "coordinates": [
          4.35031,
          50.3341
        ]
      },
      "properties": {
        "type": "pakketpunt",
        "locatieNaam": "Louis Delhaize de Gozée",
        "straatNaam": "Rue de Thuin",
        "straatNr": "11B",
        "vervoerder": "VintedGo",
        "puntType": "parcel_shop",
        "bezettingsgraad": 50,
        "latitude": 50.3341,
        "longitude": 4.35031,
        "canPickup": true,
        "canDropoff": true,
        "openingstijden": null
      }
    },
    {
      "type": "Feature",
      "geometry": {
        "type": "Point",
        "coordinates": [
          4.3286519,
          50.2944665
        ]
      },
      "properties": {
        "type": "pakketpunt",
        "locatieNaam": "Librairie De La Cour",
        "straatNaam": "Rue de la Cour",
        "straatNr": "2",
        "vervoerder": "VintedGo",
        "puntType": "parcel_shop",
        "bezettingsgraad": 50,
        "latitude": 50.2944665,
        "longitude": 4.3286519,
        "canPickup": true,
        "canDropoff": true,
        "openingstijden": null
      }
    },
    {
      "type": "Feature",
      "geometry": {
        "type": "Point",
        "coordinates": [
          4.328644,
          50.29447
        ]
      },
      "properties": {
        "type": "pakketpunt",
        "locatieNaam": "LIBRAIRIE DE LA COUR",
        "straatNaam": "Rue de la cour",
        "straatNr": "2",
        "vervoerder": "PostNL",
        "puntType": "servicepunt",
        "bezettingsgraad": 50,
        "latitude": 50.29447,
        "longitude": 4.328644,
        "canPickup": true,
        "canDropoff": true,
        "openingstijden": "07:00 - 18:30"
      }
    },
    {
      "type": "Feature",
      "geometry": {
        "type": "Point",
        "coordinates": [
          4.35031,
          50.3341
        ]
      },
      "properties": {
        "type": "pakketpunt",
        "locatieNaam": "LOUIS DELHAIZE CHEZ ERIC",
        "straatNaam": "RUE DE THUIN",
        "straatNr": "11",
        "vervoerder": "DPD",
        "puntType": "pickup_point",
        "bezettingsgraad": 50,
        "latitude": 50.3341,
        "longitude": 4.35031,
        "canPickup": true,
        "canDropoff": true,
        "openingstijden": {
          "ma": "08:00 - 19:00",
          "di": "08:00 - 19:00",
          "wo": "08:00 - 19:00",
          "do": "08:00 - 19:00",
          "vr": "08:00 - 19:00",
          "za": "08:00 - 19:00",
          "zo": "08:00 - 19:00"
        }
      }
    },
    {
      "type": "Feature",
      "geometry": {
        "type": "Point",
        "coordinates": [
          4.28669,
          50.34098
        ]
      },
      "properties": {
        "type": "pakketpunt",
        "locatieNaam": "Aux Quatre Saisons",
        "straatNaam": "RUE DU PONT",
        "straatNr": "7",
        "vervoerder": "DPD",
        "puntType": "pickup_point",
        "bezettingsgraad": 50,
        "latitude": 50.34098,
        "longitude": 4.28669,
        "canPickup": true,
        "canDropoff": false,
        "openingstijden": {
          "ma": "13:00 - 18:00",
          "di": "09:00 - 18:00",
          "wo": "09:00 - 18:00",
          "do": "09:00 - 18:00",
          "vr": "09:00 - 18:00",
          "za": "09:00 - 18:00",
          "zo": "gesloten"
        }
      }
    },
    {
      "type": "Feature",
      "geometry": {
        "type": "Point",
        "coordinates": [
          4.32865,
          50.29447
        ]
      },
      "properties": {
        "type": "pakketpunt",
        "locatieNaam": "LIBRAIRIE DE LA COUR",
        "straatNaam": "RUE DE LA COUR",
        "straatNr": "2",
        "vervoerder": "DPD",
        "puntType": "pickup_point",
        "bezettingsgraad": 50,
        "latitude": 50.29447,
        "longitude": 4.32865,
        "canPickup": true,
        "canDropoff": false,
        "openingstijden": {
          "ma": "07:00 - 18:30",
          "di": "07:00 - 18:30",
          "wo": "07:00 - 18:30",
          "do": "07:00 - 18:30",
          "vr": "07:00 - 18:30",
          "za": "07:00 - 17:00",
          "zo": "gesloten"
        }
      }
    },
    {
      "type": "Feature",
      "geometry": {
        "type": "Point",
        "coordinates": [
          4.34975,
          50.33145
        ]
      },
      "properties": {
        "type": "pakketpunt",
        "locatieNaam": "bpost - BBOX SCHAMP GOZÉE",
        "straatNaam": "RUE DE BEAUMONT,25",
        "straatNr": "",
        "vervoerder": "Amazon",
        "puntType": "3p",
        "bezettingsgraad": 50,
        "latitude": 50.33145,
        "longitude": 4.34975,
        "canPickup": true,
        "canDropoff": false,
        "openingstijden": null
      }
    },
    {
      "type": "Feature",
      "geometry": {
        "type": "Point",
        "coordinates": [
          4.287469,
          50.339854
        ]
      },
      "properties": {
        "type": "pakketpunt",
        "locatieNaam": "bpost - THUIN CENTRE",
        "straatNaam": "PLACE DU CHAPITRE,7",
        "straatNr": "",
        "vervoerder": "Amazon",
        "puntType": "3p",
        "bezettingsgraad": 50,
        "latitude": 50.339854,
        "longitude": 4.287469,
        "canPickup": true,
        "canDropoff": false,
        "openingstijden": null
      }
    },
    {
      "type": "Feature",
      "geometry": {
        "type": "Point",
        "coordinates": [
          4.294344,
          50.340438
        ]
      },
      "properties": {
        "type": "pakketpunt",
        "locatieNaam": "bpost - NIGHT & DAY  93 THUIN",
        "straatNaam": "AVENUE DU BERCEAU,4",
        "straatNr": "",
        "vervoerder": "Amazon",
        "puntType": "3p",
        "bezettingsgraad": 50,
        "latitude": 50.340438,
        "longitude": 4.294344,
        "canPickup": true,
        "canDropoff": false,
        "openingstijden": null
      }
    },
    {
      "type": "Feature",
      "geometry": {
        "type": "Point",
        "coordinates": [
          4.288518,
          50.342268
        ]
      },
      "properties": {
        "type": "pakketpunt",
        "locatieNaam": "bpost - BBOX 24/7 STATION THUIN",
        "straatNaam": "RUE GARE DU NORD,DISTRIB",
        "straatNr": "",
        "vervoerder": "Amazon",
        "puntType": "3p",
        "bezettingsgraad": 50,
        "latitude": 50.342268,
        "longitude": 4.288518,
        "canPickup": true,
        "canDropoff": false,
        "openingstijden": null
      }
    },
    {
      "type": "Feature",
      "geometry": {
        "type": "Point",
        "coordinates": [
          4.360451,
          50.344541
        ]
      },
      "properties": {
        "type": "pakketpunt",
        "locatieNaam": "bpost - BBOX 24/7 Q8 THUIN GOZEE",
        "straatNaam": "RUE DE MARCHIENNE,122",
        "straatNr": "",
        "vervoerder": "Amazon",
        "puntType": "3p",
        "bezettingsgraad": 50,
        "latitude": 50.344541,
        "longitude": 4.360451,
        "canPickup": true,
        "canDropoff": false,
        "openingstijden": null
      }
    },
    {
      "type": "Feature",
      "geometry": {
        "type": "Point",
        "coordinates": [
          4.364071,
          50.35619
        ]
      },
      "properties": {
        "type": "pakketpunt",
        "locatieNaam": "bpost - BBOX 24/7 HUBO GOZÉE",
        "straatNaam": "RUE DE MARCHIENNE,183",
        "straatNr": "",
        "vervoerder": "Amazon",
        "puntType": "3p",
        "bezettingsgraad": 50,
        "latitude": 50.35619,
        "longitude": 4.364071,
        "canPickup": true,
        "canDropoff": false,
        "openingstijden": null
      }
    },
    {
      "type": "Feature",
      "geometry": {
        "type": "Point",
        "coordinates": [
          4.28637,
          50.347938
        ]
      },
      "properties": {
        "type": "pakketpunt",
        "locatieNaam": "bpost - BBOX LIDL THUIN",
        "straatNaam": "RUE D'ANDERLUES,91",
        "straatNr": "",
        "vervoerder": "Amazon",
        "puntType": "3p",
        "bezettingsgraad": 50,
        "latitude": 50.347938,
        "longitude": 4.28637,
        "canPickup": true,
        "canDropoff": false,
        "openingstijden": null
      }
    },
    {
      "type": "Feature",
      "geometry": {
        "type": "MultiPolygon",
        "coordinates": [
          [
            [
              [
                4.326306392048204,
                50.29222674961158
              ],
              [
                4.325974422833827,
                50.29238432886032
              ],
              [
                4.325668159736011,
                50.292561993677516
              ],
              [
                4.325390552169142,
                50.292758033267525
              ],
              [
                4.325144273711264,
                50.29297055987562
              ],
              [
                4.324931696353561,
                50.29319752695993
              ],
              [
                4.324754867649291,
                50.29343674889278
              ],
              [
                4.324615490982548,
                50.29368592200231
              ],
              [
                4.324514909147338,
                50.29394264675164
              ],
              [
                4.324454091395737,
                50.29420445084246
              ],
              [
                4.324448350664672,
                50.294278600199895
              ],
              [
                4.324429777957275,
                50.294358549968344
              ],
              [
                4.324409310440743,
                50.29462291213791
              ],
              [
                4.324429391274121,
                50.29488728647242
              ],
              [
                4.324489827738762,
                50.2951491268817
              ],
              [
                4.324590038443589,
                50.295405911637275
              ],
              [
                4.324729058899421,
                50.29565516766057
              ],
              [
                4.324905550784663,
                50.29589449434373
              ],
              [
                4.3251178148140506,
                50.29612158667409
              ],
              [
                4.325363807087219,
                50.29633425743909
              ],
              [
                4.325641158760366,
                50.29653045829756
              ],
              [
                4.325947198851956,
                50.29670829951429
              ],
              [
                4.326278979963163,
                50.29686606816744
              ],
              [
                4.326633306665451,
                50.29700224465305
              ],
              [
                4.327006766281787,
                50.297115517327676
              ],
              [
                4.327395761764778,
                50.297204795147415
              ],
              [
                4.327796546354625,
                50.297269218181675
              ],
              [
                4.3282052596824645,
                50.29730816590004
              ],
              [
                4.328617964970685,
                50.29732126315217
              ],
              [
                4.32903068697102,
                50.29730838378316
              ],
              [
                4.329439450274147,
                50.29726965184923
              ],
              [
                4.3298403176208415,
                50.29720544042225
              ],
              [
                4.330229427844725,
                50.297116367994455
              ],
              [
                4.3306030330802745,
                50.2970032925181
              ],
              [
                4.330957534876846,
                50.296867303137745
              ],
              [
                4.3312895188701726,
                50.29670970969475
              ],
              [
                4.331595787676789,
                50.29653203010559
              ],
              [
                4.331873391694113,
                50.296335975735516
              ],
              [
                4.332119657509293,
                50.296123434908985
              ],
              [
                4.3323322136431,
                50.29589645471595
              ],
              [
                4.33250901338107,
                50.29565722128915
              ],
              [
                4.332648354472286,
                50.29540803874335
              ],
              [
                4.3327488955065565,
                50.29515130697908
              ],
              [
                4.3328096688129225,
                50.29488949856489
              ],
              [
                4.33281186187391,
                50.29486110797084
              ],
              [
                4.332841855109758,
                50.29473189740579
              ],
              [
                4.332862275806303,
                50.29446753375208
              ],
              [
                4.332842148279721,
                50.29420316086797
              ],
              [
                4.33278166703982,
                50.29394132478799
              ],
              [
                4.332681415199027,
                50.29368454707451
              ],
              [
                4.332542358831916,
                50.29343530053623
              ],
              [
                4.332365837648537,
                50.29319598541745
              ],
              [
                4.332153552072246,
                50.292968906287705
              ],
              [
                4.331907546847265,
                50.292756249853866
              ],
              [
                4.331630191334461,
                50.29256006390823
              ],
              [
                4.33132415668556,
                50.292382237615
              ],
              [
                4.330992390115966,
                50.29222448332495
              ],
              [
                4.330638086523973,
                50.29208832009257
              ],
              [
                4.33026465772965,
                50.2919750590548
              ],
              [
                4.329875699629343,
                50.291885790811264
              ],
              [
                4.329474957581634,
                50.291821374927615
              ],
              [
                4.329066290357497,
                50.291782431662654
              ],
              [
                4.3286536330010446,
                50.2917693359988
              ],
              [
                4.328240958957675,
                50.29178221403326
              ],
              [
                4.327832241833381,
                50.291820941764385
              ],
              [
                4.327431417152517,
                50.291885146285104
              ],
              [
                4.327042344481341,
                50.29197420937184
              ],
              [
                4.326668770281106,
                50.29208727343444
              ],
              [
                4.326314291847643,
                50.292223249770046
              ],
              [
                4.326309137250578,
                50.29222569657177
              ],
              [
                4.326306392048204,
                50.29222674961158
              ]
            ]
          ],
          [
            [
              [
                4.290730237620299,
                50.33814091583697
              ],
              [
                4.290452787261844,
                50.33794463242382
              ],
              [
                4.29014661447562,
                50.33776669837334
              ],
              [
                4.289814667807986,
                50.33760882707392
              ],
              [
                4.289460143892021,
                50.33747253870681
              ],
              [
                4.289086456669692,
                50.337359145613924
              ],
              [
                4.288697204525911,
                50.33726973966641
              ],
              [
                4.288296135650538,
                50.33720518175588
              ],
              [
                4.2878871119612985,
                50.337166093508685
              ],
              [
                4.287474071934244,
                50.337152851303266
              ],
              [
                4.2870609926988905,
                50.337165582647856
              ],
              [
                4.286651851762101,
                50.337204164953256
              ],
              [
                4.286250588728325,
                50.33726822671276
              ],
              [
                4.285861067383909,
                50.33735715107744
              ],
              [
                4.2854870385096095,
                50.33747008179299
              ],
              [
                4.285132103778616,
                50.337605931440656
              ],
              [
                4.284799681086967,
                50.33776339190326
              ],
              [
                4.284492971649617,
                50.33794094695588
              ],
              [
                4.284214929178571,
                50.33813688686001
              ],
              [
                4.283968231439619,
                50.33834932482105
              ],
              [
                4.283755254461508,
                50.338576215150944
              ],
              [
                4.283578049646004,
                50.33881537296141
              ],
              [
                4.283438323999592,
                50.33906449519832
              ],
              [
                4.283337423677662,
                50.33932118281493
              ],
              [
                4.283336587551197,
                50.33932476503562
              ],
              [
                4.283336423340937,
                50.33932518277957
              ],
              [
                4.283328693064507,
                50.33935830161379
              ],
              [
                4.283188172803229,
                50.339479301487714
              ],
              [
                4.2831813730392305,
                50.33948654516041
              ],
              [
                4.283178172382129,
                50.339489301187754
              ],
              [
                4.282965186522626,
                50.339716190035325
              ],
              [
                4.282787973479841,
                50.33995534660533
              ],
              [
                4.282648240339502,
                50.34020446785555
              ],
              [
                4.282547333329184,
                50.34046115474877
              ],
              [
                4.282486224833383,
                50.34072293535155
              ],
              [
                4.282465504006059,
                50.34098728863631
              ],
              [
                4.28248537107196,
                50.34125166875793
              ],
              [
                4.282545635372517,
                50.341513529570676
              ],
              [
                4.282645717176169,
                50.341770349149854
              ],
              [
                4.282784653236641,
                50.34201965408165
              ],
              [
                4.282961106046616,
                50.34225904328737
              ],
              [
                4.283173376698565,
                50.34248621115231
              ],
              [
                4.283419421229645,
                50.34269896973654
              ],
              [
                4.283696870293889,
                50.34289526985312
              ],
              [
                4.284003051972725,
                50.343073220810936
              ],
              [
                4.284335017504394,
                50.34323110863114
              ],
              [
                4.284667795459202,
                50.34335904173936
              ],
              [
                4.284799055110384,
                50.34353710199638
              ],
              [
                4.28501134025878,
                50.34376426646249
              ],
              [
                4.285012021842701,
                50.34376485579576
              ],
              [
                4.2850133401741575,
                50.34376626652256
              ],
              [
                4.285259399572167,
                50.34397902117093
              ],
              [
                4.285536863712132,
                50.344175316856266
              ],
              [
                4.285843060530259,
                50.34435326293008
              ],
              [
                4.2861750411189545,
                50.34451114546059
              ],
              [
                4.286529608128913,
                50.344647443747036
              ],
              [
                4.286903346568815,
                50.34476084497276
              ],
              [
                4.287292656705751,
                50.344850256855686
              ],
              [
                4.287693788749051,
                50.34491481817387
              ],
              [
                4.288102878982839,
                50.34495390706491
              ],
              [
                4.288515986998609,
                50.34496714701866
              ],
              [
                4.288929133668339,
                50.34495441050568
              ],
              [
                4.289338339491488,
                50.34491582020619
              ],
              [
                4.289739662945618,
                50.34485174782784
              ],
              [
                4.290129238470251,
                50.34476281052356
              ],
              [
                4.290503313717252,
                50.34464986494418
              ],
              [
                4.290858285708091,
                50.34451399898316
              ],
              [
                4.29119073554899,
                50.34435652129324
              ],
              [
                4.291497461369026,
                50.34417894867612
              ],
              [
                4.29177550916347,
                50.34398299146688
              ],
              [
                4.292022201245057,
                50.3437705370544
              ],
              [
                4.292235162029076,
                50.34354363169647
              ],
              [
                4.292412340904051,
                50.34330446080537
              ],
              [
                4.292552031968061,
                50.34305532789381
              ],
              [
                4.2926139896796816,
                50.342897639287344
              ],
              [
                4.292723713919634,
                50.34293092662639
              ],
              [
                4.293113020014707,
                50.34302031900123
              ],
              [
                4.293514144516684,
                50.343084860212805
              ],
              [
                4.293923223782311,
                50.343123928592334
              ],
              [
                4.2943363175087335,
                50.34313714782728
              ],
              [
                4.294749446705579,
                50.343124390587704
              ],
              [
                4.295158632040645,
                50.34308577975354
              ],
              [
                4.295559932188889,
                50.34302168723017
              ],
              [
                4.29594948181437,
                50.342932730364616
              ],
              [
                4.29632352881849,
                50.34281976599607
              ],
              [
                4.296678470494822,
                50.342683882199005
              ],
              [
                4.297010888241656,
                50.34252638779792
              ],
              [
                4.297011885002539,
                50.34252581063385
              ],
              [
                4.297014888304868,
                50.342524387706355
              ],
              [
                4.297321580532621,
                50.342346799653264
              ],
              [
                4.297599593587435,
                50.34215082844344
              ],
              [
                4.297846250116708,
                50.341938361600555
              ],
              [
                4.298059174878203,
                50.34171144550211
              ],
              [
                4.298236317607432,
                50.34147226566382
              ],
              [
                4.298375972750624,
                50.3412231256845
              ],
              [
                4.2984767958737065,
                50.34096642505493
              ],
              [
                4.298537816589901,
                50.34070463604403
              ],
              [
                4.298558447882211,
                50.340440279885826
              ],
              [
                4.298538491731891,
                50.340175902495986
              ],
              [
                4.298478140999659,
                50.33991404995263
              ],
              [
                4.298377977542511,
                50.33965724397689
              ],
              [
                4.298238966585283,
                50.339407957649755
              ],
              [
                4.298062447402105,
                50.33916859159882
              ],
              [
                4.297850120398384,
                50.33894145088425
              ],
              [
                4.297604030718474,
                50.33872872280601
              ],
              [
                4.297326548537564,
                50.33853245584636
              ],
              [
                4.297020346228016,
                50.33835453994972
              ],
              [
                4.29668837262039,
                50.33819668832962
              ],
              [
                4.296333824607088,
                50.33806042097783
              ],
              [
                4.295960116362028,
                50.337947050033875
              ],
              [
                4.295570846472473,
                50.33785766715563
              ],
              [
                4.295169763299096,
                50.33779313301255
              ],
              [
                4.294760728897245,
                50.33775406900215
              ],
              [
                4.294347681846085,
                50.3377408512695
              ],
              [
                4.2939345993427525,
                50.337753607087144
              ],
              [
                4.293525458925575,
                50.3377922136303
              ],
              [
                4.29312420019402,
                50.33785629915879
              ],
              [
                4.292734686893046,
                50.3379452465949
              ],
              [
                4.292360669726009,
                50.338058199462104
              ],
              [
                4.292005750253442,
                50.338194070128374
              ],
              [
                4.291673346224536,
                50.33835155027413
              ],
              [
                4.291672349486362,
                50.33835212739263
              ],
              [
                4.291669346287761,
                50.33835355018257
              ],
              [
                4.291362658709999,
                50.33853112338272
              ],
              [
                4.291224003393006,
                50.33862885269878
              ],
              [
                4.291188585006207,
                50.33858081181987
              ],
              [
                4.290976293484968,
                50.338353658509945
              ],
              [
                4.290730237620299,
                50.33814091583697
              ]
            ]
          ],
          [
            [
              [
                4.288048326817968,
                50.34522186490306
              ],
              [
                4.28769375116507,
                50.345085571267276
              ],
              [
                4.287320008284554,
                50.34497217259202
              ],
              [
                4.28693069709724,
                50.34488276080223
              ],
              [
                4.286529566361463,
                50.34481819684576
              ],
              [
                4.286120478590525,
                50.34477910240718
              ],
              [
                4.285707372877416,
                50.344765853924514
              ],
              [
                4.285294226984039,
                50.34477857896649
              ],
              [
                4.284885019058988,
                50.34481715500454
              ],
              [
                4.284483689351631,
                50.34488121059234
              ],
              [
                4.2840941022902115,
                50.344970128940396
              ],
              [
                4.283720009288187,
                50.345083053852356
              ],
              [
                4.283365012636171,
                50.3452188979653
              ],
              [
                4.2830325308264054,
                50.34537635321544
              ],
              [
                4.282725765643089,
                50.34555390342801
              ],
              [
                4.2824476713350395,
                50.345749838911125
              ],
              [
                4.282200926167252,
                50.34596227291277
              ],
              [
                4.281987906625271,
                50.346189159783094
              ],
              [
                4.281810664520849,
                50.34642831466708
              ],
              [
                4.281670907219697,
                50.34667743453881
              ],
              [
                4.281569981182204,
                50.346934120374335
              ],
              [
                4.28150885897626,
                50.347195900250405
              ],
              [
                4.281488129888033,
                50.347460253146465
              ],
              [
                4.281507994222009,
                50.347724633221134
              ],
              [
                4.281568261346113,
                50.347986494329135
              ],
              [
                4.281668351501774,
                50.348243314542934
              ],
              [
                4.281807301362452,
                50.34849262044259
              ],
              [
                4.281983773288083,
                50.348732010940104
              ],
              [
                4.282196068187171,
                50.34895918040834
              ],
              [
                4.282442141863465,
                50.34917194089191
              ],
              [
                4.282719624690385,
                50.34936824318557
              ],
              [
                4.282916749427014,
                50.34948279847678
              ],
              [
                4.283108933106865,
                50.349648959527286
              ],
              [
                4.283386421474866,
                50.34984526021464
              ],
              [
                4.283692646780839,
                50.35002321183598
              ],
              [
                4.284024659842858,
                50.350181100406054
              ],
              [
                4.284379262998875,
                50.350317405165924
              ],
              [
                4.284753040909419,
                50.3504308132366
              ],
              [
                4.285142393461389,
                50.350520232270036
              ],
              [
                4.285543570455535,
                50.350584800975426
              ],
              [
                4.285952707742953,
                50.35062389741924
              ],
              [
                4.286365864461848,
                50.35063714501855
              ],
              [
                4.286779061014996,
                50.35062441617026
              ],
              [
                4.287188317421293,
                50.3505858334808
              ],
              [
                4.287589691670992,
                50.35052176858449
              ],
              [
                4.28797931771426,
                50.35043283856222
              ],
              [
                4.288353442716297,
                50.35031989999466
              ],
              [
                4.288708463219266,
                50.35018404070777
              ],
              [
                4.289040959862086,
                50.350026569289994
              ],
              [
                4.289347730323017,
                50.34984900248264
              ],
              [
                4.28962582016736,
                50.34965305056484
              ],
              [
                4.289872551302864,
                50.34944060087453
              ],
              [
                4.290085547768713,
                50.34921369962403
              ],
              [
                4.290262758609842,
                50.34897453218608
              ],
              [
                4.290402477616547,
                50.34872540204013
              ],
              [
                4.290503359739787,
                50.34846870858227
              ],
              [
                4.290564434024699,
                50.34820692401244
              ],
              [
                4.290585112938553,
                50.3479425695219
              ],
              [
                4.2905850361030575,
                50.347941549506444
              ],
              [
                4.290585112761118,
                50.34794056952189
              ],
              [
                4.290565197827582,
                50.34767619101029
              ],
              [
                4.290504881511532,
                50.347414334566594
              ],
              [
                4.290404745338761,
                50.347157521949576
              ],
              [
                4.2902657542716005,
                50.3469082263042
              ],
              [
                4.290089247392884,
                50.34666884834786
              ],
              [
                4.289876924989764,
                50.34644169325536
              ],
              [
                4.289630832162523,
                50.34622894846517
              ],
              [
                4.289353339116857,
                50.3460326626205
              ],
              [
                4.28914915730912,
                50.345914018228825
              ],
              [
                4.288964023548742,
                50.34575396710099
              ],
              [
                4.288686536031732,
                50.34555767964998
              ],
              [
                4.288380320803103,
                50.3453797411068
              ],
              [
                4.288048326817968,
                50.34522186490306
              ]
            ]
          ],
          [
            [
              [
                4.353466263360774,
                50.33017881483799
              ],
              [
                4.353253711805852,
                50.32995177533155
              ],
              [
                4.353007420771575,
                50.32973916459651
              ],
              [
                4.352729762371241,
                50.32954302998498
              ],
              [
                4.352423410673277,
                50.32936526016676
              ],
              [
                4.352091315945954,
                50.32920756694862
              ],
              [
                4.351736676247237,
                50.32907146879695
              ],
              [
                4.351362906633253,
                50.3289582762219
              ],
              [
                4.3509736062816655,
                50.32886907916381
              ],
              [
                4.350572523846069,
                50.32880473650284
              ],
              [
                4.350163521374457,
                50.32876586779269
              ],
              [
                4.34975053713844,
                50.3287528472979
              ],
              [
                4.349337547730364,
                50.32876580039185
              ],
              [
                4.3489285297923495,
                50.32880460235016
              ],
              [
                4.348527421744861,
                50.32886887955105
              ],
              [
                4.348138085882383,
                50.32895801307111
              ],
              [
                4.347764271200281,
                50.329071144642036
              ],
              [
                4.347409577309983,
                50.3292071849109
              ],
              [
                4.34707741978921,
                50.329364823924955
              ],
              [
                4.346770997300331,
                50.32954254373979
              ],
              [
                4.34649326079303,
                50.32973863303018
              ],
              [
                4.3462468850876,
                50.329951203562814
              ],
              [
                4.346034243112447,
                50.33017820837276
              ],
              [
                4.345857383043961,
                50.330417461469075
              ],
              [
                4.345718008569251,
                50.330666658879736
              ],
              [
                4.345617462462267,
                50.33092340083373
              ],
              [
                4.345556713632111,
                50.33118521486702
              ],
              [
                4.34553634776904,
                50.33144957962974
              ],
              [
                4.345556561679149,
                50.33171394916586
              ],
              [
                4.345617161363186,
                50.33197577743123
              ],
              [
                4.3457175638590755,
                50.332232542814246
              ],
              [
                4.345856802831319,
                50.332481772422724
              ],
              [
                4.346033537854461,
                50.3327210659031
              ],
              [
                4.3462120592279705,
                50.33291178671702
              ],
              [
                4.346147801268229,
                50.33302667404712
              ],
              [
                4.346047252490226,
                50.33328341630003
              ],
              [
                4.3459865030111,
                50.333545230483274
              ],
              [
                4.345966138527429,
                50.33380959524557
              ],
              [
                4.345986355832087,
                50.33407396463084
              ],
              [
                4.3460469608932,
                50.334335792596406
              ],
              [
                4.3461473706969675,
                50.33459255753357
              ],
              [
                4.346202583558425,
                50.33469137891676
              ],
              [
                4.346202583558425,
                50.33469137891676
              ],
              [
                4.346277348230069,
                50.3348825620245
              ],
              [
                4.346416597902017,
                50.33513179088048
              ],
              [
                4.346593345598751,
                50.335371083430566
              ],
              [
                4.3468058895718045,
                50.335598134990676
              ],
              [
                4.347052183224989,
                50.3358107587408
              ],
              [
                4.347329854811991,
                50.336006906792434
              ],
              [
                4.347636230270052,
                50.33618468991889
              ],
              [
                4.347968358970083,
                50.33634239575768
              ],
              [
                4.348323042135372,
                50.336478505309806
              ],
              [
                4.34869686365508,
                50.33659170757642
              ],
              [
                4.3490862229954725,
                50.33668091219172
              ],
              [
                4.349487369891485,
                50.336745259930176
              ],
              [
                4.349896440483879,
                50.336784130986615
              ],
              [
                4.3503094945531995,
                50.33679715094908
              ],
              [
                4.350722553491075,
                50.33678419440711
              ],
              [
                4.351131638642215,
                50.33674538616032
              ],
              [
                4.351532809646865,
                50.33668110001558
              ],
              [
                4.35192220241345,
                50.3365919551849
              ],
              [
                4.35229606635479,
                50.336478810317935
              ],
              [
                4.352650800528355,
                50.33634275522761
              ],
              [
                4.352982988331784,
                50.33618510038824
              ],
              [
                4.353289430418857,
                50.33600736430766
              ],
              [
                4.3535671755184895,
                50.33581125889523
              ],
              [
                4.353813548859631,
                50.33559867296706
              ],
              [
                4.354026177928222,
                50.33537165404739
              ],
              [
                4.354203015308271,
                50.33513238864197
              ],
              [
                4.3543423583873615,
                50.33488318117352
              ],
              [
                4.354442865737276,
                50.334626431782446
              ],
              [
                4.354503570012624,
                50.33436461320704
              ],
              [
                4.354523887244035,
                50.334100246965725
              ],
              [
                4.3545036224372575,
                50.33383587907093
              ],
              [
                4.354442971425267,
                50.333574055509025
              ],
              [
                4.3543425189564475,
                50.33331729772174
              ],
              [
                4.354287290766386,
                50.33321848019668
              ],
              [
                4.3542124964918685,
                50.333027302213395
              ],
              [
                4.354073212105442,
                50.33277808265242
              ],
              [
                4.353896436392654,
                50.33253880142379
              ],
              [
                4.353717885584821,
                50.33234809242791
              ],
              [
                4.353782124327805,
                50.332233200895644
              ],
              [
                4.353882629100226,
                50.33197645190701
              ],
              [
                4.353943333077124,
                50.33171463354025
              ],
              [
                4.353963652291926,
                50.331450267311716
              ],
              [
                4.353943391731206,
                50.33118589923383
              ],
              [
                4.353882747186971,
                50.330924075294675
              ],
              [
                4.353782303345251,
                50.33066731693958
              ],
              [
                4.353643028130439,
                50.33041809679067
              ],
              [
                4.353466263360774,
                50.33017881483799
              ]
            ]
          ],
          [
            [
              [
                4.36312367766191,
                50.34245501693845
              ],
              [
                4.362791455944917,
                50.3422973546098
              ],
              [
                4.362436687909634,
                50.34216128939204
              ],
              [
                4.362062789847794,
                50.342048131478194
              ],
              [
                4.3616733621737005,
                50.341958970474806
              ],
              [
                4.361272154766719,
                50.34189466491483
              ],
              [
                4.360863030877967,
                50.34185583399475
              ],
              [
                4.360449929947956,
                50.3418428516152
              ],
              [
                4.360036829692471,
                50.341855842782536
              ],
              [
                4.359627707820802,
                50.3418946824058
              ],
              [
                4.35922650375405,
                50.34195899650051
              ],
              [
                4.358837080711184,
                50.34204816578804
              ],
              [
                4.358463188526997,
                50.342161331655674
              ],
              [
                4.358108427559223,
                50.34229740442025
              ],
              [
                4.35777621403157,
                50.342455073816076
              ],
              [
                4.35746974714586,
                50.342632821606244
              ],
              [
                4.357191978279502,
                50.3428289361961
              ],
              [
                4.356945582564656,
                50.34304152910869
              ],
              [
                4.35673293312272,
                50.34326855316358
              ],
              [
                4.356556078202341,
                50.34350782218447
              ],
              [
                4.3564167214414375,
                50.343757032045914
              ],
              [
                4.3563162054437745,
                50.344013782857004
              ],
              [
                4.356255498828904,
                50.344275602068315
              ],
              [
                4.356235186880942,
                50.3445399682801
              ],
              [
                4.356255465887138,
                50.344804335522284
              ],
              [
                4.356316141221682,
                50.345066157772756
              ],
              [
                4.35641662919424,
                50.34532291347779
              ],
              [
                4.356555962646367,
                50.34557212983832
              ],
              [
                4.356732800242876,
                50.3458114066283
              ],
              [
                4.35694543936956,
                50.34603843931542
              ],
              [
                4.356945769454925,
                50.34603872413337
              ],
              [
                4.356946439327336,
                50.34603943934543
              ],
              [
                4.357192832481263,
                50.3462520412892
              ],
              [
                4.357470606948531,
                50.34644816481297
              ],
              [
                4.357777087675432,
                50.34662592092624
              ],
              [
                4.3581093230188666,
                50.346783597526695
              ],
              [
                4.358464113174828,
                50.346919675896885
              ],
              [
                4.358660152004046,
                50.34697900736301
              ],
              [
                4.358716514289402,
                50.34712299324714
              ],
              [
                4.358855865083878,
                50.34737220678941
              ],
              [
                4.35903272096265,
                50.34761148002001
              ],
              [
                4.359245379135444,
                50.34783850844086
              ],
              [
                4.359491791906232,
                50.348051105454694
              ],
              [
                4.359769586381419,
                50.34824722343052
              ],
              [
                4.360076087314572,
                50.348424973431236
              ],
              [
                4.360408342867948,
                50.34858264341337
              ],
              [
                4.360763153042854,
                50.34871871472326
              ],
              [
                4.361137100504914,
                50.34883187673034
              ],
              [
                4.3615265835071035,
                50.348921039456584
              ],
              [
                4.361927850593016,
                50.34898534407993
              ],
              [
                4.362337036745504,
                50.349024171210445
              ],
              [
                4.362750200631807,
                50.3490371468593
              ],
              [
                4.363163362585589,
                50.34902414604288
              ],
              [
                4.363572542959134,
                50.3489852939872
              ],
              [
                4.363973800475377,
                50.348920964921184
              ],
              [
                4.364363270209388,
                50.348831778470206
              ],
              [
                4.364737200832626,
                50.34871859368484
              ],
              [
                4.36509199076033,
                50.348582500762525
              ],
              [
                4.365424222853232,
                50.348424810541935
              ],
              [
                4.365730697338697,
                50.3482470418717
              ],
              [
                4.366008462633815,
                50.348050906975075
              ],
              [
                4.366254843773302,
                50.34783829495208
              ],
              [
                4.366467468168316,
                50.34761125357832
              ],
              [
                4.366644288448235,
                50.34737196957573
              ],
              [
                4.366783602165724,
                50.347122747546095
              ],
              [
                4.366884068175746,
                50.346865987770045
              ],
              [
                4.366944719531449,
                50.34660416308582
              ],
              [
                4.366964972773505,
                50.34633979507054
              ],
              [
                4.366944633524286,
                50.34607542975376
              ],
              [
                4.3668838983340095,
                50.3458136130969
              ],
              [
                4.366783352762013,
                50.34555686647508
              ],
              [
                4.36664396571267,
                50.34530766239735
              ],
              [
                4.3664670800814225,
                50.34506840069889
              ],
              [
                4.3662543998019165,
                50.34484138543463
              ],
              [
                4.366007973419731,
                50.34462880269618
              ],
              [
                4.365730174351539,
                50.34443269956597
              ],
              [
                4.365423678020278,
                50.344254964410624
              ],
              [
                4.3650914360868445,
                50.34409730870304
              ],
              [
                4.364736648026525,
                50.343961250548396
              ],
              [
                4.364540614060948,
                50.3439019293258
              ],
              [
                4.3644842379479725,
                50.343757946212776
              ],
              [
                4.364344868233702,
                50.343508739317194
              ],
              [
                4.364168000875969,
                50.34326947406018
              ],
              [
                4.363955339632434,
                50.34304245453091
              ],
              [
                4.363955009525868,
                50.34304216973279
              ],
              [
                4.363954339590223,
                50.34304145456091
              ],
              [
                4.36370793283281,
                50.34282886688995
              ],
              [
                4.363430153779967,
                50.34263275820911
              ],
              [
                4.36312367766191,
                50.34245501693845
              ]
            ]
          ],
          [
            [
              [
                4.362846007041377,
                50.35360903848072
              ],
              [
                4.3624564952935145,
                50.35369821978504
              ],
              [
                4.362082520040793,
                50.35381139714932
              ],
              [
                4.361727682440778,
                50.353947480779716
              ],
              [
                4.361395399455092,
                50.35410516030588
              ],
              [
                4.361088870954444,
                50.35428291739338
              ],
              [
                4.36081104890966,
                50.354479040358015
              ],
              [
                4.360564608965135,
                50.35469164064224
              ],
              [
                4.360351924668384,
                50.35491867099462
              ],
              [
                4.360175044603939,
                50.355157945178206
              ],
              [
                4.360035672652128,
                50.35540715901783
              ],
              [
                4.359935151563313,
                50.35566391258426
              ],
              [
                4.3598744500064,
                50.35592573330155
              ],
              [
                4.359854153217127,
                50.35619009975541
              ],
              [
                4.359874457337097,
                50.35645446597342
              ],
              [
                4.359935167498962,
                50.356716285943314
              ],
              [
                4.360035699677281,
                50.35697303813331
              ],
              [
                4.360175086288144,
                50.357222249778154
              ],
              [
                4.360351985484627,
                50.35746152069721
              ],
              [
                4.3605646940594465,
                50.35768854641464
              ],
              [
                4.360811163831282,
                50.357901140359246
              ],
              [
                4.361089021357647,
                50.35809725492952
              ],
              [
                4.361395590784895,
                50.35827500122115
              ],
              [
                4.36164044221955,
                50.35839116572002
              ],
              [
                4.361807996877207,
                50.35848831066651
              ],
              [
                4.362140328569125,
                50.358645975486574
              ],
              [
                4.362495218873785,
                50.3587820413253
              ],
              [
                4.3628692496849535,
                50.35889519760482
              ],
              [
                4.363258818452703,
                50.358984354402246
              ],
              [
                4.363660172894419,
                50.35904865295261
              ],
              [
                4.364069447151398,
                50.35908747392449
              ],
              [
                4.364482699042107,
                50.359100443388364
              ],
              [
                4.3648959480523875,
                50.359087436420154
              ],
              [
                4.365305213695841,
                50.3590485783052
              ],
              [
                4.365706553873943,
                50.35898424333077
              ],
              [
                4.3660961028654475,
                50.35889505117911
              ],
              [
                4.3664701085783175,
                50.35878186095576
              ],
              [
                4.366824968704483,
                50.35864576291051
              ],
              [
                4.367157265428515,
                50.35848806793143
              ],
              [
                4.367463798355296,
                50.35831029491296
              ],
              [
                4.367741615339098,
                50.35811415612026
              ],
              [
                4.367988040916907,
                50.35790154069089
              ],
              [
                4.3682007020720235,
                50.357674496433255
              ],
              [
                4.368377551079974,
                50.35743521009708
              ],
              [
                4.368516885216961,
                50.35718598630665
              ],
              [
                4.368617363141536,
                50.35692922535952
              ],
              [
                4.368678017792374,
                50.3566674001052
              ],
              [
                4.368698265678694,
                50.356403032126344
              ],
              [
                4.368677912474736,
                50.356138667452115
              ],
              [
                4.368617154865389,
                50.35587685203771
              ],
              [
                4.368516578626165,
                50.355620107246324
              ],
              [
                4.368377152957016,
                50.355370905569316
              ],
              [
                4.368200221125514,
                50.35513164681875
              ],
              [
                4.3679874875103994,
                50.35490463502116
              ],
              [
                4.367741001171006,
                50.354692056234704
              ],
              [
                4.367463136101481,
                50.35449595750381
              ],
              [
                4.367156568360389,
                50.35431822715265
              ],
              [
                4.36691722735796,
                50.35420468480728
              ],
              [
                4.366917227357958,
                50.35420468480727
              ],
              [
                4.366745174410399,
                50.35410493657471
              ],
              [
                4.3664128592035665,
                50.35394728484766
              ],
              [
                4.366057993796276,
                50.35381123090309
              ],
              [
                4.365683995417792,
                50.35369808482542
              ],
              [
                4.365294465448259,
                50.353608936107214
              ],
              [
                4.364893154751907,
                50.35354464316313
              ],
              [
                4.364483927574262,
                50.35350582506814
              ],
              [
                4.36407072435023,
                50.35349285559938
              ],
              [
                4.3640702250456185,
                50.35349287131414
              ],
              [
                4.364069724407004,
                50.35349285559938
              ],
              [
                4.363656523836906,
                50.35350585963536
              ],
              [
                4.363247304595522,
                50.35354471196474
              ],
              [
                4.362846007041377,
                50.35360903848072
              ]
            ]
          ]
        ]
      },
      "properties": {
        "type": "buffer_union_300m",
        "buffer_m": 300
      }
    },
    {
      "type": "Feature",
      "geometry": {
        "type": "MultiPolygon",
        "coordinates": [
          [
            [
              [
                4.325527238392295,
                50.29147898888328
              ],
              [
                4.32508461580089,
                50.29168909137807
              ],
              [
                4.324676266032571,
                50.2919259745035
              ],
              [
                4.324306121600275,
                50.29218735732538
              ],
              [
                4.323977747313482,
                50.2924707229642
              ],
              [
                4.323694305942705,
                50.29277334281929
              ],
              [
                4.323458527746952,
                50.293092302832875
              ],
              [
                4.323272684158208,
                50.29342453154089
              ],
              [
                4.323138565877125,
                50.29376682964175
              ],
              [
                4.323057465592067,
                50.294115900797884
              ],
              [
                4.3230517226945215,
                50.29419005008685
              ],
              [
                4.323033147674218,
                50.294269999632284
              ],
              [
                4.323005847302726,
                50.29462248219706
              ],
              [
                4.323032611395696,
                50.29497498163141
              ],
              [
                4.323113183392748,
                50.295324103136025
              ],
              [
                4.3232467884884045,
                50.2956664843695
              ],
              [
                4.32343214104981,
                50.29599882783374
              ],
              [
                4.323667456957455,
                50.296317932637606
              ],
              [
                4.323950470751575,
                50.29662072533251
              ],
              [
                4.32427845742051,
                50.296904289522786
              ],
              [
                4.324648258622305,
                50.29716589396502
              ],
              [
                4.325056313087843,
                50.297403018885554
              ],
              [
                4.325498690913247,
                50.29761338026179
              ],
              [
                4.325971131411465,
                50.29779495183326
              ],
              [
                4.326469084158341,
                50.297945984629614
              ],
              [
                4.326987752837351,
                50.298065023827114
              ],
              [
                4.327522141459943,
                50.2981509227708
              ],
              [
                4.328067102515213,
                50.2982028540266
              ],
              [
                4.328617386583851,
                50.29822031735701
              ],
              [
                4.329167692936988,
                50.29820314454287
              ],
              [
                4.329712720630951,
                50.29815150100488
              ],
              [
                4.330247219604091,
                50.298065884209066
              ],
              [
                4.330766041281836,
                50.297947118871676
              ],
              [
                4.331264188200919,
                50.29779634900983
              ],
              [
                4.331736862173303,
                50.29761502691461
              ],
              [
                4.332179510524607,
                50.2974048991535
              ],
              [
                4.332587869960577,
                50.29716798973692
              ],
              [
                4.332958007638337,
                50.296906580612
              ],
              [
                4.333286359046358,
                50.29662318967148
              ],
              [
                4.333569762328158,
                50.2963205464904
              ],
              [
                4.333805488719356,
                50.29600156602486
              ],
              [
                4.333991268805481,
                50.29566932052641
              ],
              [
                4.334125314348472,
                50.29532700994321
              ],
              [
                4.334206335472797,
                50.2949779310935
              ],
              [
                4.334208527704222,
                50.29494954047327
              ],
              [
                4.334238517201799,
                50.29482032954811
              ],
              [
                4.334265734447402,
                50.29446784434942
              ],
              [
                4.334238887394229,
                50.29411534749315
              ],
              [
                4.334158235786464,
                50.29376623367958
              ],
              [
                4.3340245574898635,
                50.29342386495503
              ],
              [
                4.333839140956429,
                50.29309153833777
              ],
              [
                4.333603772775292,
                50.29277245407284
              ],
              [
                4.333320720431292,
                50.29246968482124
              ],
              [
                4.332992710438644,
                50.292186146079864
              ],
              [
                4.332622902061391,
                50.291924568116585
              ],
              [
                4.332214856874584,
                50.29168746969035
              ],
              [
                4.331772504459837,
                50.29147713380873
              ],
              [
                4.331300104565797,
                50.29129558575588
              ],
              [
                4.33080220609776,
                50.29114457360205
              ],
              [
                4.330283603330913,
                50.291025551381544
              ],
              [
                4.329749289768008,
                50.29093966510108
              ],
              [
                4.329204410084763,
                50.290887741712275
              ],
              [
                4.328654210624388,
                50.29087028115464
              ],
              [
                4.328103988916468,
                50.29088745154519
              ],
              [
                4.3275590427046495,
                50.290939087560766
              ],
              [
                4.327024618972277,
                50.291024692028785
              ],
              [
                4.3265058634551306,
                50.2911434407111
              ],
              [
                4.32600777112578,
                50.29129419023486
              ],
              [
                4.325535138124877,
                50.29147548909457
              ],
              [
                4.325529983568763,
                50.291477935861835
              ],
              [
                4.325527238392295,
                50.29147898888328
              ]
            ]
          ],
          [
            [
              [
                4.290596174599684,
                50.33686175876476
              ],
              [
                4.290123480939504,
                50.33668004386822
              ],
              [
                4.289625237904445,
                50.33652885564397
              ],
              [
                4.289106243087639,
                50.33640964982165
              ],
              [
                4.288571493766574,
                50.336323574175715
              ],
              [
                4.288026138812167,
                50.33627145748109
              ],
              [
                4.2874754291429475,
                50.336253801538454
              ],
              [
                4.286924667199945,
                50.33627077634606
              ],
              [
                4.286379155927157,
                50.33632221846391
              ],
              [
                4.285844147747202,
                50.33640763258642
              ],
              [
                4.285324794021761,
                50.336526196308206
              ],
              [
                4.284826095481865,
                50.336676768037464
              ],
              [
                4.284352854103824,
                50.336857897980785
              ],
              [
                4.283909626892895,
                50.33706784209418
              ],
              [
                4.28350068201866,
                50.3373045788662
              ],
              [
                4.283129957723701,
                50.33756582877224
              ],
              [
                4.282801024400793,
                50.33784907621295
              ],
              [
                4.282517050203652,
                50.33815159372624
              ],
              [
                4.282280770522607,
                50.3384704682402
              ],
              [
                4.282094461619633,
                50.3388026291146
              ],
              [
                4.2820272408751965,
                50.338973625007874
              ],
              [
                4.282020946221699,
                50.33897904510147
              ],
              [
                4.2820141463513615,
                50.33898628870618
              ],
              [
                4.282010945660259,
                50.338989044701506
              ],
              [
                4.281726959621227,
                50.339291560238294
              ],
              [
                4.281490668970329,
                50.33961043309822
              ],
              [
                4.281304350075207,
                50.33994259265696
              ],
              [
                4.2811697982149255,
                50.34028484027925
              ],
              [
                4.281088310254879,
                50.34063388011409
              ],
              [
                4.281060672116632,
                50.34098635082866
              ],
              [
                4.281087151164953,
                50.341338857975515
              ],
              [
                4.281167493587056,
                50.34168800668149
              ],
              [
                4.281300926791024,
                50.342030434343584
              ],
              [
                4.281486166802119,
                50.3423628430169
              ],
              [
                4.281721430587417,
                50.3426820311826
              ],
              [
                4.282004453191656,
                50.34298492458941
              ],
              [
                4.282332509520631,
                50.34326860587185
              ],
              [
                4.282702440563497,
                50.343530342658894
              ],
              [
                4.283110683802281,
                50.34376761390222
              ],
              [
                4.2835533075162395,
                50.34397813416996
              ],
              [
                4.283589044906749,
                50.34399187323638
              ],
              [
                4.283696993858458,
                50.34410739194032
              ],
              [
                4.2835577739070585,
                50.344139166788764
              ],
              [
                4.283058989866036,
                50.34428973077985
              ],
              [
                4.282585665928649,
                50.34447085334351
              ],
              [
                4.282142359895015,
                50.34468079050679
              ],
              [
                4.281733340693652,
                50.34491752082528
              ],
              [
                4.2813625472828605,
                50.345178764836454
              ],
              [
                4.281033550721016,
                50.345462006997785
              ],
              [
                4.280749519770921,
                50.34576451989807
              ],
              [
                4.280513190369589,
                50.346083390509826
              ],
              [
                4.280326839258034,
                50.34641554823042
              ],
              [
                4.280192262025815,
                50.34675779444229
              ],
              [
                4.2801107557829425,
                50.34710683330807
              ],
              [
                4.28008310662736,
                50.34745930350427
              ],
              [
                4.280109582030261,
                50.347811810588446
              ],
              [
                4.280189928214294,
                50.34816095968803
              ],
              [
                4.2803233725516385,
                50.34850338819627
              ],
              [
                4.280508630960637,
                50.348835798160124
              ],
              [
                4.280743920231458,
                50.34915498804827
              ],
              [
                4.2810269751636305,
                50.34945788359288
              ],
              [
                4.281355070351798,
                50.3497415674079
              ],
              [
                4.281725046411006,
                50.350003307097836
              ],
              [
                4.281870887733102,
                50.350088061234985
              ],
              [
                4.282021858675097,
                50.35021859225507
              ],
              [
                4.282391842122579,
                50.35048032980329
              ],
              [
                4.282800143531085,
                50.35071760193147
              ],
              [
                4.28324283061964,
                50.350928123199154
              ],
              [
                4.28371563972335,
                50.35110986580578
              ],
              [
                4.284214016868124,
                50.35126107913349
              ],
              [
                4.28473316164961,
                50.35138030661958
              ],
              [
                4.285268073492917,
                50.35146639979532
              ],
              [
                4.285813599846513,
                50.35151852935566
              ],
              [
                4.286364485844782,
                50.35153619315283
              ],
              [
                4.286915424959401,
                50.351519221036625
              ],
              [
                4.287461110150046,
                50.35146777649452
              ],
              [
                4.2879962850200455,
                50.35138235507573
              ],
              [
                4.288515794482554,
                50.35126377961456
              ],
              [
                4.2890146344476126,
                50.351113192299266
              ],
              [
                4.289488000050011,
                50.350932043662766
              ],
              [
                4.289931331952118,
                50.35072207860191
              ],
              [
                4.2903403602746195,
                50.350485319560285
              ],
              [
                4.290711145731271,
                50.35022404703688
              ],
              [
                4.291040117570984,
                50.34994077760906
              ],
              [
                4.291324107961647,
                50.34963823968193
              ],
              [
                4.291560382484763,
                50.349319347198225
              ],
              [
                4.291746666447698,
                50.34898717156256
              ],
              [
                4.291881166760994,
                50.348644912050716
              ],
              [
                4.29196258917116,
                50.3482958649895
              ],
              [
                4.291990150684375,
                50.34794339200448
              ],
              [
                4.291990073818715,
                50.347942371989966
              ],
              [
                4.291990150447796,
                50.347941392004486
              ],
              [
                4.291963586827557,
                50.347588887641216
              ],
              [
                4.291883155092409,
                50.34723974667278
              ],
              [
                4.291749630993591,
                50.34689733140738
              ],
              [
                4.291564301501121,
                50.34656493931183
              ],
              [
                4.291328952368832,
                50.34624577126202
              ],
              [
                4.291045850900879,
                50.345942900725994
              ],
              [
                4.290717724087047,
                50.345659244176176
              ],
              [
                4.290635019405354,
                50.345600743935364
              ],
              [
                4.290665688817099,
                50.34559374223194
              ],
              [
                4.291164462440064,
                50.345443145567515
              ],
              [
                4.291637763357912,
                50.34526198803219
              ],
              [
                4.292081032856155,
                50.345052014608555
              ],
              [
                4.292490001656613,
                50.344815247820684
              ],
              [
                4.292860731046373,
                50.34455396824217
              ],
              [
                4.293189650814337,
                50.344270692518286
              ],
              [
                4.29345572155123,
                50.34398719209589
              ],
              [
                4.293784287913487,
                50.34401857092417
              ],
              [
                4.294335089918742,
                50.34403619690145
              ],
              [
                4.294885939221466,
                50.34401918692953
              ],
              [
                4.295431529646675,
                50.34396770486051
              ],
              [
                4.2959666057107775,
                50.3438822466051
              ],
              [
                4.296486013278939,
                50.34376363535244
              ],
              [
                4.296984749242955,
                50.3436130136355
              ],
              [
                4.297458009739643,
                50.343431832318565
              ],
              [
                4.297901236444001,
                50.343221836613246
              ],
              [
                4.297902233208657,
                50.34322125944158
              ],
              [
                4.2979052365282815,
                50.34321983649116
              ],
              [
                4.298314160537321,
                50.34298304912199
              ],
              [
                4.298684843606022,
                50.342721750876116
              ],
              [
                4.2990137159695685,
                50.342438458578556
              ],
              [
                4.299297610753995,
                50.34213590085465
              ],
              [
                4.299533794461595,
                50.341816991837746
              ],
              [
                4.299719993274298,
                50.34148480309158
              ],
              [
                4.299854414922559,
                50.34114253401815
              ],
              [
                4.299935765910263,
                50.34079348103625
              ],
              [
                4.299963263931139,
                50.34044100582838
              ],
              [
                4.299936645358679,
                50.34008850296153
              ],
              [
                4.299856167739083,
                50.33973936719417
              ],
              [
                4.299722607265052,
                50.33939696078438
              ],
              [
                4.2995372512564565,
                50.339064581113576
              ],
              [
                4.299301885722038,
                50.33874542893796
              ],
              [
                4.299018778123477,
                50.33844257757269
              ],
              [
                4.298690655509189,
                50.338158943305494
              ],
              [
                4.298320678229562,
                50.33789725732427
              ],
              [
                4.297912409487601,
                50.33766003942809
              ],
              [
                4.2974697810187585,
                50.337449573774926
              ],
              [
                4.296997055230618,
                50.33726788689854
              ],
              [
                4.296498784166906,
                50.33711672820583
              ],
              [
                4.295979765690496,
                50.336997553142055
              ],
              [
                4.295444997306565,
                50.33691150918554
              ],
              [
                4.294899628069484,
                50.33685942480604
              ],
              [
                4.294348909035241,
                50.33684180149314
              ],
              [
                4.293798142735003,
                50.336858808930906
              ],
              [
                4.293252632154723,
                50.33691028336513
              ],
              [
                4.292717629710384,
                50.3369957291791
              ],
              [
                4.292198286708509,
                50.3371143236623
              ],
              [
                4.291699603776975,
                50.3372649249267
              ],
              [
                4.291494815468951,
                50.33734332217353
              ],
              [
                4.2914469965299356,
                50.337309492758095
              ],
              [
                4.29103876715046,
                50.33707225065684
              ],
              [
                4.290596174599684,
                50.33686175876476
              ]
            ]
          ],
          [
            [
              [
                4.354704973639513,
                50.32975505995042
              ],
              [
                4.354421566654918,
                50.32945234353149
              ],
              [
                4.354093175584159,
                50.32916886572318
              ],
              [
                4.353722963361161,
                50.328907356206386
              ],
              [
                4.353314495449735,
                50.32867033308075
              ],
              [
                4.352871705501704,
                50.328460078628595
              ],
              [
                4.352398857478206,
                50.328278617349845
              ],
              [
                4.351900504598792,
                50.32812769647906
              ],
              [
                4.351381445513167,
                50.32800876917157
              ],
              [
                4.350846678116812,
                50.32792298052004
              ],
              [
                4.350301351454141,
                50.3278711565361
              ],
              [
                4.34975071617104,
                50.32785379620209
              ],
              [
                4.349200073992381,
                50.32787106666999
              ],
              [
                4.348654726709382,
                50.327922801653116
              ],
              [
                4.3481199251663405,
                50.328008503026005
              ],
              [
                4.347600818736231,
                50.32812734561745
              ],
              [
                4.347102405770098,
                50.32827818515047
              ],
              [
                4.346629485495844,
                50.328459569252935
              ],
              [
                4.346186611828294,
                50.32866975143347
              ],
              [
                4.345778049534266,
                50.32890670788808
              ],
              [
                4.3454077331739285,
                50.32916815697652
              ],
              [
                4.345079229213384,
                50.32945158118114
              ],
              [
                4.344795701673165,
                50.32975425133727
              ],
              [
                4.344559881643621,
                50.33007325290271
              ],
              [
                4.344374040961323,
                50.33040551401317
              ],
              [
                4.34423997030081,
                50.330747835054886
              ],
              [
                4.344158961893798,
                50.331096919469196
              ],
              [
                4.344131797043627,
                50.33144940549333
              ],
              [
                4.344158738556765,
                50.33180189853176
              ],
              [
                4.3442395281659625,
                50.33215100384655
              ],
              [
                4.344373388971595,
                50.33249335925196
              ],
              [
                4.344559032879503,
                50.33282566749843
              ],
              [
                4.344703564912624,
                50.33302136680447
              ],
              [
                4.344669690339539,
                50.33310785567488
              ],
              [
                4.34458868106621,
                50.33345694028917
              ],
              [
                4.344561518054197,
                50.33380942631275
              ],
              [
                4.344588464092385,
                50.334161919150105
              ],
              [
                4.344669260870061,
                50.334511024065215
              ],
              [
                4.344803131418677,
                50.334853378876204
              ],
              [
                4.34485834178798,
                50.334952200895984
              ],
              [
                4.34485834178798,
                50.334952200895984
              ],
              [
                4.344933101462297,
                50.33514338486393
              ],
              [
                4.345118759635677,
                50.33547569210714
              ],
              [
                4.345354416619032,
                50.33579475140213
              ],
              [
                4.345637803668578,
                50.336097489738414
              ],
              [
                4.345966192178322,
                50.336380991243566
              ],
              [
                4.3463364199362715,
                50.336642525277746
              ],
              [
                4.3467449215648415,
                50.33687957274524
              ],
              [
                4.347187762852838,
                50.33708985036928
              ],
              [
                4.347660678648565,
                50.33727133269595
              ],
              [
                4.348159113948934,
                50.3374222716144
              ],
              [
                4.348678267788363,
                50.33754121320505
              ],
              [
                4.3492131395039575,
                50.337627011753035
              ],
              [
                4.349758576930275,
                50.33767884079132
              ],
              [
                4.350309326058183,
                50.337696201066976
              ],
              [
                4.350860081677989,
                50.33767892535356
              ],
              [
                4.351405538517421,
                50.33762718006296
              ],
              [
                4.3519404423802195,
                50.337541463641365
              ],
              [
                4.352459640791078,
                50.33742260176477
              ],
              [
                4.352958132657487,
                50.3372717393802
              ],
              [
                4.353431116468657,
                50.337090329670005
              ],
              [
                4.353874036565969,
                50.33688012004566
              ],
              [
                4.354282627038196,
                50.33664313530616
              ],
              [
                4.354652952817959,
                50.3363816581241
              ],
              [
                4.354981447583098,
                50.33609820704774
              ],
              [
                4.355264948097767,
                50.33579551223133
              ],
              [
                4.355500724662739,
                50.335476489128204
              ],
              [
                4.3556865073821465,
                50.33514421040047
              ],
              [
                4.35582050799455,
                50.33480187631618
              ],
              [
                4.355901437059213,
                50.334452783919765
              ],
              [
                4.355928516333436,
                50.334100295272734
              ],
              [
                4.355901486223328,
                50.33374780507089
              ],
              [
                4.355820608237926,
                50.33339870795022
              ],
              [
                4.355686662424844,
                50.33305636579602
              ],
              [
                4.355631431743276,
                50.33295754890776
              ],
              [
                4.355556632472587,
                50.332766371785084
              ],
              [
                4.355370911903907,
                50.332434081139596
              ],
              [
                4.355226337734435,
                50.33223839511224
              ],
              [
                4.355260192476955,
                50.33215190315091
              ],
              [
                4.355341121144842,
                50.331802811032624
              ],
              [
                4.355368203064757,
                50.331450322402645
              ],
              [
                4.355341178617199,
                50.3310978319566
              ],
              [
                4.355260309256541,
                50.330748734332836
              ],
              [
                4.355126374947208,
                50.33040639142152
              ],
              [
                4.354940666608069,
                50.33007409999207
              ],
              [
                4.354704973639513,
                50.32975505995042
              ]
            ]
          ],
          [
            [
              [
                4.364014851408851,
                50.341760008773555
              ],
              [
                4.363571892145797,
                50.34154979550736
              ],
              [
                4.363098873012232,
                50.34136837814032
              ],
              [
                4.362600348874973,
                50.34121750348408
              ],
              [
                4.3620811200323475,
                50.341098624248964
              ],
              [
                4.361546186013956,
                50.34101288506477
              ],
              [
                4.361000697468128,
                50.34096111146675
              ],
              [
                4.360449906599042,
                50.340943801952115
              ],
              [
                4.359899116629254,
                50.34096112318357
              ],
              [
                4.35935363077267,
                50.34101290838562
              ],
              [
                4.358818701207591,
                50.34109865894928
              ],
              [
                4.358299478539496,
                50.34121754922977
              ],
              [
                4.3578009622385725,
                50.34136843449091
              ],
              [
                4.357327952527742,
                50.341549861920264
              ],
              [
                4.3568850041831455,
                50.3417600846093
              ],
              [
                4.356476382690919,
                50.341997078363974
              ],
              [
                4.356106023181625,
                50.342258561184835
              ],
              [
                4.355777492537319,
                50.342542015229405
              ],
              [
                4.355493955036036,
                50.342844711045664
              ],
              [
                4.355258141864674,
                50.343163733844236
              ],
              [
                4.355072324794442,
                50.34349601155631
              ],
              [
                4.354938294273213,
                50.34383834440818
              ],
              [
                4.354857342146884,
                50.34418743572736
              ],
              [
                4.354830249177517,
                50.34453992368449
              ],
              [
                4.354857277480019,
                50.34489241366533
              ],
              [
                4.354938167951936,
                50.34524151096126
              ],
              [
                4.355072142722814,
                50.34558385346365
              ],
              [
                4.355257912601364,
                50.345916144047095
              ],
              [
                4.355493689450379,
                50.3462351823294
              ],
              [
                4.35577720337178,
                50.34653789550229
              ],
              [
                4.355777533453613,
                50.346538180323556
              ],
              [
                4.35577820331548,
                50.34653889554231
              ],
              [
                4.356106724494275,
                50.34682236797281
              ],
              [
                4.356477089428294,
                50.3470838693035
              ],
              [
                4.356885731418597,
                50.34732088075354
              ],
              [
                4.357328714901853,
                50.34753111939309
              ],
              [
                4.357488548495383,
                50.34759242366211
              ],
              [
                4.357557782512866,
                50.347716246648105
              ],
              [
                4.35779358373823,
                50.34803528018469
              ],
              [
                4.358077123054644,
                50.348337987669346
              ],
              [
                4.358405670389643,
                50.34862145352673
              ],
              [
                4.358776062001452,
                50.34888294746021
              ],
              [
                4.359184730934143,
                50.34911995076019
              ],
              [
                4.359627741364835,
                50.34933018057529
              ],
              [
                4.360100826512328,
                50.34951161191202
              ],
              [
                4.360599429741939,
                50.349662497150604
              ],
              [
                4.361118748470131,
                50.34978138288848
              ],
              [
                4.361653780445305,
                50.34986712394878
              ],
              [
                4.3621993719579,
                50.34991889441821
              ],
              [
                4.362750267514139,
                50.349936195607995
              ],
              [
                4.363301160493487,
                50.34991886086081
              ],
              [
                4.3638467443002495,
                50.34986705715724
              ],
              [
                4.364381763514928,
                50.34978128350617
              ],
              [
                4.364901064550957,
                50.34966236613481
              ],
              [
                4.36539964532727,
                50.3495114505248
              ],
              [
                4.365872703476744,
                50.34932999037119
              ],
              [
                4.3663156826249025,
                50.349119733571314
              ],
              [
                4.366724316292035,
                50.348882705378564
              ],
              [
                4.367094668995111,
                50.348621188884074
              ],
              [
                4.367423174153144,
                50.34833770301469
              ],
              [
                4.367706668430765,
                50.34803497825976
              ],
              [
                4.36794242218946,
                50.347715930360906
              ],
              [
                4.368128165753699,
                50.34738363221895
              ],
              [
                4.368262111239866,
                50.34704128428886
              ],
              [
                4.36834296973885,
                50.346692183748324
              ],
              [
                4.36836996368825,
                50.346339692737125
              ],
              [
                4.368342834316552,
                50.34598720597376
              ],
              [
                4.368261844089315,
                50.34563811806094
              ],
              [
                4.3681277741355755,
                50.345295790795156
              ],
              [
                4.367941916680995,
                50.344963520795055
              ],
              [
                4.367706062562342,
                50.34464450776005
              ],
              [
                4.367422483945109,
                50.344341823664834
              ],
              [
                4.367093912412071,
                50.344058383185946
              ],
              [
                4.366723512634918,
                50.343796915644695
              ],
              [
                4.366314851883368,
                50.343559938736426
              ],
              [
                4.365871865665908,
                50.34334973429834
              ],
              [
                4.365712035528828,
                50.343288441544246
              ],
              [
                4.365642786714214,
                50.34316462335532
              ],
              [
                4.365406956960248,
                50.342845605575405
              ],
              [
                4.365123403724111,
                50.3425429157934
              ],
              [
                4.365123073614015,
                50.34254263099859
              ],
              [
                4.365122403667833,
                50.34254191583342
              ],
              [
                4.364793858300769,
                50.34225846877774
              ],
              [
                4.364423485210183,
                50.341996993835586
              ],
              [
                4.364014851408851,
                50.341760008773555
              ]
            ]
          ],
          [
            [
              [
                4.362438038942828,
                50.35274871491605
              ],
              [
                4.361918698004711,
                50.352867621218536
              ],
              [
                4.3614200709481965,
                50.353018521808124
              ],
              [
                4.360946959062559,
                50.35319996372487
              ],
              [
                4.3605039181077645,
                50.35341019992067
              ],
              [
                4.360095214461777,
                50.35364720607148
              ],
              [
                4.359724784046402,
                50.35390870005853
              ],
              [
                4.359396194426737,
                50.35419216393179
              ],
              [
                4.359112610449061,
                50.35449486814464
              ],
              [
                4.358876763748247,
                50.354813897826794
              ],
              [
                4.358690926418876,
                50.35514618084321
              ],
              [
                4.358556889104457,
                50.35548851736904
              ],
              [
                4.358475943716883,
                50.355837610696405
              ],
              [
                4.3584488709539135,
                50.3561900989766
              ],
              [
                4.35847593273646,
                50.356542587592216
              ],
              [
                4.358556869640206,
                50.35689168184777
              ],
              [
                4.358690903348067,
                50.35723401966386
              ],
              [
                4.3588767441016225,
                50.35756630396014
              ],
              [
                4.3591126030814795,
                50.35788533441493
              ],
              [
                4.359396209598882,
                50.358188038295296
              ],
              [
                4.3597248329343765,
                50.358471500060574
              ],
              [
                4.360095308614368,
                50.35873298945355
              ],
              [
                4.360504068873313,
                50.35896998780832
              ],
              [
                4.360748921710161,
                50.35908615417746
              ],
              [
                4.360916476996042,
                50.35918330040218
              ],
              [
                4.361359588946538,
                50.359393523334695
              ],
              [
                4.361832780936212,
                50.35957494737667
              ],
              [
                4.362331495301147,
                50.359725824978554
              ],
              [
                4.362850928387143,
                50.35984470281138
              ],
              [
                4.363386076840847,
                50.35993043577435
              ],
              [
                4.3639317858304665,
                50.35998219803217
              ],
              [
                4.364482798730355,
                50.359999490975156
              ],
              [
                4.365033807789383,
                50.35998214802546
              ],
              [
                4.365579505293444,
                50.35993033624263
              ],
              [
                4.366114634727602,
                50.3598445547134
              ],
              [
                4.366634041443394,
                50.35972562974089
              ],
              [
                4.367132722341641,
                50.35957470687994
              ],
              [
                4.367605874090715,
                50.35939323989551
              ],
              [
                4.368048939414531,
                50.35918297675071
              ],
              [
                4.368457651003366,
                50.358945942760066
              ],
              [
                4.368828072623769,
                50.35868442107062
              ],
              [
                4.369156637031145,
                50.358400930659236
              ],
              [
                4.369440180319727,
                50.35809820205902
              ],
              [
                4.369675972379284,
                50.35777915104865
              ],
              [
                4.369861743165797,
                50.35744685055893
              ],
              [
                4.36999570453391,
                50.357104501067454
              ],
              [
                4.370076567422039,
                50.35675539976689
              ],
              [
                4.370103554226016,
                50.35640290880437
              ],
              [
                4.37007640624365,
                50.3560504228979
              ],
              [
                4.3699953861202365,
                50.355701336641914
              ],
              [
                4.369861275273195,
                50.35535901181694
              ],
              [
                4.3696753663224355,
                50.35502674501806
              ],
              [
                4.3694394506010195,
                50.35470773591384
              ],
              [
                4.369155800867989,
                50.354405056441124
              ],
              [
                4.368827149391191,
                50.35412162123184
              ],
              [
                4.3684566616123135,
                50.353860159556554
              ],
              [
                4.368047905648572,
                50.35362318905411
              ],
              [
                4.367808566017478,
                50.35350964853681
              ],
              [
                4.367808566017475,
                50.35350964853681
              ],
              [
                4.367636513715605,
                50.35340990161679
              ],
              [
                4.367193429801891,
                50.353199702486236
              ],
              [
                4.36672028084229,
                50.35301830015017
              ],
              [
                4.3662216229535336,
                50.35286744127549
              ],
              [
                4.365702257721585,
                50.35274857842054
              ],
              [
                4.365167185989021,
                50.352662856057336
              ],
              [
                4.364621559729858,
                50.3526110995592
              ],
              [
                4.36407063247393,
                50.352593807258664
              ],
              [
                4.364070133178767,
                50.352593822973425
              ],
              [
                4.364069632549627,
                50.352593807258664
              ],
              [
                4.363518708832009,
                50.352611145647955
              ],
              [
                4.362973093153735,
                50.3526629477911
              ],
              [
                4.362438038942828,
                50.35274871491605
              ]
            ]
          ]
        ]
      },
      "properties": {
        "type": "buffer_union_400m",
        "buffer_m": 400
      }
    },
    {
      "type": "Feature",
      "geometry": {
        "type": "Polygon",
        "coordinates": [
          [
            [
              4.2267514,
              50.3200626
            ],
            [
              4.2275712,
              50.3203958
            ],
            [
              4.2283001,
              50.3210088
            ],
            [
              4.2292542,
              50.3213573
            ],
            [
              4.2304685,
              50.3215319
            ],
            [
              4.2307381,
              50.321642
            ],
            [
              4.2309996,
              50.3220002
            ],
            [
              4.2310633,
              50.3230618
            ],
            [
              4.2307954,
              50.3241287
            ],
            [
              4.2307874,
              50.3250801
            ],
            [
              4.2303957,
              50.3267593
            ],
            [
              4.2304831,
              50.3287131
            ],
            [
              4.2309103,
              50.3322898
            ],
            [
              4.2312884,
              50.332819
            ],
            [
              4.2318727,
              50.3331375
            ],
            [
              4.2349872,
              50.3338281
            ],
            [
              4.2370749,
              50.3335314
            ],
            [
              4.2376236,
              50.333592
            ],
            [
              4.2381359,
              50.3338568
            ],
            [
              4.2395142,
              50.3350205
            ],
            [
              4.2400874,
              50.3357816
            ],
            [
              4.2410547,
              50.3365243
            ],
            [
              4.2418985,
              50.3373071
            ],
            [
              4.2428503,
              50.3385721
            ],
            [
              4.2459992,
              50.3409295
            ],
            [
              4.2488901,
              50.3422015
            ],
            [
              4.2494614,
              50.3426303
            ],
            [
              4.2497951,
              50.342574
            ],
            [
              4.2497423,
              50.34239
            ],
            [
              4.2498367,
              50.3421941
            ],
            [
              4.2497201,
              50.3419197
            ],
            [
              4.2493101,
              50.3415165
            ],
            [
              4.2492994,
              50.3413511
            ],
            [
              4.2488363,
              50.3409203
            ],
            [
              4.2482573,
              50.3406245
            ],
            [
              4.2476331,
              50.3397863
            ],
            [
              4.2477763,
              50.3395155
            ],
            [
              4.2493694,
              50.3384653
            ],
            [
              4.2488329,
              50.3375875
            ],
            [
              4.2481061,
              50.3367302
            ],
            [
              4.2483678,
              50.3365679
            ],
            [
              4.2501285,
              50.3371406
            ],
            [
              4.2533781,
              50.3371527
            ],
            [
              4.2534774,
              50.3368923
            ],
            [
              4.2539628,
              50.3365601
            ],
            [
              4.2547003,
              50.3361872
            ],
            [
              4.2560432,
              50.3353349
            ],
            [
              4.2559749,
              50.3350434
            ],
            [
              4.2569894,
              50.3347626
            ],
            [
              4.2572195,
              50.3347842
            ],
            [
              4.2583948,
              50.3373588
            ],
            [
              4.2604144,
              50.3371202
            ],
            [
              4.2617096,
              50.338738
            ],
            [
              4.2635942,
              50.338204
            ],
            [
              4.2645005,
              50.3395275
            ],
            [
              4.2668095,
              50.3390983
            ],
            [
              4.2669698,
              50.3397618
            ],
            [
              4.2689401,
              50.3398454
            ],
            [
              4.268959,
              50.3400788
            ],
            [
              4.2690951,
              50.3400733
            ],
            [
              4.269565,
              50.3406664
            ],
            [
              4.2697386,
              50.3410926
            ],
            [
              4.2704199,
              50.3410234
            ],
            [
              4.2719198,
              50.3414254
            ],
            [
              4.2723495,
              50.3416752
            ],
            [
              4.2722328,
              50.3417853
            ],
            [
              4.2726142,
              50.3419302
            ],
            [
              4.272865,
              50.3421562
            ],
            [
              4.2732754,
              50.3429051
            ],
            [
              4.2735653,
              50.3450683
            ],
            [
              4.274478,
              50.3473427
            ],
            [
              4.2748399,
              50.3477982
            ],
            [
              4.2751736,
              50.3479946
            ],
            [
              4.2762828,
              50.348201
            ],
            [
              4.2769672,
              50.3481824
            ],
            [
              4.278022,
              50.3479416
            ],
            [
              4.2786731,
              50.347655
            ],
            [
              4.2788983,
              50.3474752
            ],
            [
              4.2795178,
              50.3490431
            ],
            [
              4.2798062,
              50.3491688
            ],
            [
              4.2801903,
              50.3495505
            ],
            [
              4.2806496,
              50.3502524
            ],
            [
              4.2810669,
              50.3512092
            ],
            [
              4.2808132,
              50.3511915
            ],
            [
              4.2803636,
              50.3517628
            ],
            [
              4.2811542,
              50.3524891
            ],
            [
              4.2812102,
              50.352868
            ],
            [
              4.2810553,
              50.3535229
            ],
            [
              4.281138,
              50.3540017
            ],
            [
              4.281064,
              50.3545858
            ],
            [
              4.2810976,
              50.3553115
            ],
            [
              4.2808445,
              50.3553148
            ],
            [
              4.2808468,
              50.3553872
            ],
            [
              4.2809862,
              50.3553845
            ],
            [
              4.2807967,
              50.35568
            ],
            [
              4.2805878,
              50.3556391
            ],
            [
              4.2805195,
              50.3557946
            ],
            [
              4.2811399,
              50.3558989
            ],
            [
              4.2817444,
              50.3573653
            ],
            [
              4.2833512,
              50.3607533
            ],
            [
              4.2836465,
              50.3617155
            ],
            [
              4.284028,
              50.3625242
            ],
            [
              4.2856871,
              50.365115
            ],
            [
              4.2862204,
              50.3668931
            ],
            [
              4.2871127,
              50.368809
            ],
            [
              4.2887847,
              50.373559
            ],
            [
              4.2893211,
              50.3745302
            ],
            [
              4.2901291,
              50.3756723
            ],
            [
              4.2901762,
              50.3763767
            ],
            [
              4.2904566,
              50.3766179
            ],
            [
              4.2904985,
              50.3763097
            ],
            [
              4.2907582,
              50.3761985
            ],
            [
              4.2909011,
              50.3758101
            ],
            [
              4.2908382,
              50.3757502
            ],
            [
              4.2910286,
              50.3748806
            ],
            [
              4.2923445,
              50.3739486
            ],
            [
              4.2923121,
              50.3737115
            ],
            [
              4.2933732,
              50.3730825
            ],
            [
              4.293312,
              50.3727709
            ],
            [
              4.2930552,
              50.3726496
            ],
            [
              4.2927576,
              50.3720449
            ],
            [
              4.2928066,
              50.3719635
            ],
            [
              4.292586,
              50.3715474
            ],
            [
              4.2926732,
              50.3714141
            ],
            [
              4.2923364,
              50.3710483
            ],
            [
              4.2923407,
              50.3707982
            ],
            [
              4.2921408,
              50.3707864
            ],
            [
              4.292012,
              50.3706145
            ],
            [
              4.2931754,
              50.3700304
            ],
            [
              4.293257,
              50.3699424
            ],
            [
              4.2932462,
              50.3697484
            ],
            [
              4.2926413,
              50.3694856
            ],
            [
              4.2923017,
              50.3691352
            ],
            [
              4.2925336,
              50.3688361
            ],
            [
              4.2930793,
              50.3686987
            ],
            [
              4.2932806,
              50.3683849
            ],
            [
              4.2932678,
              50.3682913
            ],
            [
              4.2934298,
              50.3682267
            ],
            [
              4.2936142,
              50.3679744
            ],
            [
              4.2948073,
              50.3678094
            ],
            [
              4.2963028,
              50.3672003
            ],
            [
              4.2975549,
              50.3669653
            ],
            [
              4.2979737,
              50.3670314
            ],
            [
              4.298303,
              50.3673694
            ],
            [
              4.2983646,
              50.3676322
            ],
            [
              4.2985435,
              50.3678359
            ],
            [
              4.2993271,
              50.3684095
            ],
            [
              4.2999462,
              50.3685602
            ],
            [
              4.3016704,
              50.368606
            ],
            [
              4.3020691,
              50.3687023
            ],
            [
              4.3024605,
              50.368999
            ],
            [
              4.3037183,
              50.3691815
            ],
            [
              4.3041269,
              50.3694639
            ],
            [
              4.3043986,
              50.3693204
            ],
            [
              4.3048895,
              50.3697939
            ],
            [
              4.3059679,
              50.3706031
            ],
            [
              4.3067968,
              50.3714377
            ],
            [
              4.3072148,
              50.3716499
            ],
            [
              4.3081698,
              50.3717921
            ],
            [
              4.3108646,
              50.3716502
            ],
            [
              4.3124448,
              50.3713129
            ],
            [
              4.3145368,
              50.370415
            ],
            [
              4.3151438,
              50.3703071
            ],
            [
              4.3154736,
              50.3703553
            ],
            [
              4.3159242,
              50.3705113
            ],
            [
              4.3176188,
              50.3714944
            ],
            [
              4.3183989,
              50.3718041
            ],
            [
              4.3224586,
              50.3729771
            ],
            [
              4.3233331,
              50.3733664
            ],
            [
              4.3242725,
              50.3739944
            ],
            [
              4.3250428,
              50.3742822
            ],
            [
              4.3261049,
              50.3744914
            ],
            [
              4.3268662,
              50.3743812
            ],
            [
              4.3276292,
              50.3740016
            ],
            [
              4.3284949,
              50.3727752
            ],
            [
              4.3290841,
              50.3716067
            ],
            [
              4.3306115,
              50.3703564
            ],
            [
              4.3314883,
              50.3694924
            ],
            [
              4.3329948,
              50.3668209
            ],
            [
              4.3340348,
              50.3662669
            ],
            [
              4.3347151,
              50.3663298
            ],
            [
              4.3353353,
              50.3664513
            ],
            [
              4.3362638,
              50.3667665
            ],
            [
              4.3372724,
              50.3673021
            ],
            [
              4.3380085,
              50.3680858
            ],
            [
              4.3385222,
              50.3689835
            ],
            [
              4.3386161,
              50.3698906
            ],
            [
              4.3385078,
              50.3705108
            ],
            [
              4.33832,
              50.3709646
            ],
            [
              4.3369881,
              50.3729459
            ],
            [
              4.3369486,
              50.3734637
            ],
            [
              4.3366987,
              50.3734974
            ],
            [
              4.3363124,
              50.3739046
            ],
            [
              4.3372037,
              50.3741376
            ],
            [
              4.3381271,
              50.3749246
            ],
            [
              4.3386233,
              50.3751247
            ],
            [
              4.3397086,
              50.3753729
            ],
            [
              4.3416361,
              50.375555
            ],
            [
              4.345489,
              50.3753284
            ],
            [
              4.346885,
              50.3754418
            ],
            [
              4.3478125,
              50.3753351
            ],
            [
              4.3489125,
              50.3733496
            ],
            [
              4.3488503,
              50.3714647
            ],
            [
              4.3493642,
              50.3707152
            ],
            [
              4.3495076,
              50.3703447
            ],
            [
              4.3498462,
              50.3701745
            ],
            [
              4.3497368,
              50.3693644
            ],
            [
              4.3505218,
              50.3678499
            ],
            [
              4.3517071,
              50.3678746
            ],
            [
              4.351809,
              50.3681073
            ],
            [
              4.3523739,
              50.3680368
            ],
            [
              4.3532467,
              50.3682989
            ],
            [
              4.3536383,
              50.3680765
            ],
            [
              4.355208,
              50.3679982
            ],
            [
              4.356122,
              50.3673682
            ],
            [
              4.3566048,
              50.3674674
            ],
            [
              4.3576013,
              50.366699
            ],
            [
              4.3581819,
              50.3666188
            ],
            [
              4.3581712,
              50.3661021
            ],
            [
              4.3580289,
              50.3660063
            ],
            [
              4.3580553,
              50.3656852
            ],
            [
              4.3582785,
              50.3654485
            ],
            [
              4.3584555,
              50.3655786
            ],
            [
              4.3586057,
              50.3654588
            ],
            [
              4.3584511,
              50.3653282
            ],
            [
              4.3587774,
              50.3652466
            ],
            [
              4.3587143,
              50.3648989
            ],
            [
              4.3599791,
              50.3637653
            ],
            [
              4.3599367,
              50.3629838
            ],
            [
              4.3607841,
              50.3620271
            ],
            [
              4.3614408,
              50.3616363
            ],
            [
              4.3627119,
              50.3611513
            ],
            [
              4.3634533,
              50.3600868
            ],
            [
              4.3651481,
              50.3590896
            ],
            [
              4.3717788,
              50.3570011
            ],
            [
              4.3727745,
              50.3568663
            ],
            [
              4.3754226,
              50.3567046
            ],
            [
              4.3759734,
              50.356772
            ],
            [
              4.3783248,
              50.3566507
            ],
            [
              4.3851887,
              50.3557478
            ],
            [
              4.3905907,
              50.3551279
            ],
            [
              4.3910356,
              50.3552358
            ],
            [
              4.3915228,
              50.3552358
            ],
            [
              4.3925185,
              50.3550875
            ],
            [
              4.3935354,
              50.3551549
            ],
            [
              4.3944269,
              50.3553802
            ],
            [
              4.3823048,
              50.3440647
            ],
            [
              4.3813528,
              50.3455868
            ],
            [
              4.378728,
              50.3492393
            ],
            [
              4.3783564,
              50.3499218
            ],
            [
              4.3782798,
              50.349927
            ],
            [
              4.3746992,
              50.3454799
            ],
            [
              4.3734282,
              50.344402
            ],
            [
              4.3689794,
              50.338473
            ],
            [
              4.3688947,
              50.3368022
            ],
            [
              4.3691489,
              50.3356973
            ],
            [
              4.3711403,
              50.3326249
            ],
            [
              4.3695726,
              50.3325979
            ],
            [
              4.3685981,
              50.3317625
            ],
            [
              4.366522,
              50.3325171
            ],
            [
              4.3658441,
              50.3323284
            ],
            [
              4.3653357,
              50.332544
            ],
            [
              4.3644036,
              50.3316817
            ],
            [
              4.3647849,
              50.33152
            ],
            [
              4.3630254,
              50.3293733
            ],
            [
              4.361692,
              50.3271002
            ],
            [
              4.3622851,
              50.3267499
            ],
            [
              4.3617767,
              50.3260223
            ],
            [
              4.3588108,
              50.3264804
            ],
            [
              4.3572009,
              50.3262379
            ],
            [
              4.3558027,
              50.3258336
            ],
            [
              4.3566924,
              50.3250251
            ],
            [
              4.3575821,
              50.3254024
            ],
            [
              4.3588108,
              50.3242975
            ],
            [
              4.3582601,
              50.3239472
            ],
            [
              4.3597006,
              50.3227614
            ],
            [
              4.360209,
              50.3230309
            ],
            [
              4.361014,
              50.3219799
            ],
            [
              4.3614377,
              50.3218182
            ],
            [
              4.3617767,
              50.3213061
            ],
            [
              4.3612683,
              50.3212791
            ],
            [
              4.3606327,
              50.3213869
            ],
            [
              4.3590651,
              50.321333
            ],
            [
              4.357794,
              50.320821
            ],
            [
              4.3568619,
              50.3205785
            ],
            [
              4.3566501,
              50.3202281
            ],
            [
              4.3555061,
              50.3201203
            ],
            [
              4.355379,
              50.319797
            ],
            [
              4.3548282,
              50.3196083
            ],
            [
              4.3547434,
              50.3191501
            ],
            [
              4.353072,
              50.318126
            ],
            [
              4.353665,
              50.317661
            ],
            [
              4.353496,
              50.317569
            ],
            [
              4.354682,
              50.316761
            ],
            [
              4.352931,
              50.315628
            ],
            [
              4.35101,
              50.314624
            ],
            [
              4.350699,
              50.313762
            ],
            [
              4.3484538,
              50.3125529
            ],
            [
              4.3476261,
              50.31197
            ],
            [
              4.3463754,
              50.3112626
            ],
            [
              4.3473709,
              50.3105384
            ],
            [
              4.3471446,
              50.3104587
            ],
            [
              4.3476655,
              50.3098409
            ],
            [
              4.3493974,
              50.3103313
            ],
            [
              4.3498127,
              50.3097173
            ],
            [
              4.3478045,
              50.3091604
            ],
            [
              4.3485752,
              50.308144
            ],
            [
              4.3489492,
              50.3082593
            ],
            [
              4.3494956,
              50.3074139
            ],
            [
              4.3483607,
              50.3070971
            ],
            [
              4.348749,
              50.3062768
            ],
            [
              4.353217,
              50.3072296
            ],
            [
              4.3535845,
              50.3066361
            ],
            [
              4.3551131,
              50.3032441
            ],
            [
              4.3546083,
              50.3031444
            ],
            [
              4.3553376,
              50.3022281
            ],
            [
              4.3546849,
              50.3020475
            ],
            [
              4.3568512,
              50.2972788
            ],
            [
              4.364109,
              50.2991813
            ],
            [
              4.36456,
              50.2982066
            ],
            [
              4.3638928,
              50.2980588
            ],
            [
              4.3646859,
              50.2962748
            ],
            [
              4.3658913,
              50.2964829
            ],
            [
              4.3676277,
              50.296625
            ],
            [
              4.3678233,
              50.2949194
            ],
            [
              4.3679488,
              50.2949202
            ],
            [
              4.3679477,
              50.2951538
            ],
            [
              4.369019,
              50.2951134
            ],
            [
              4.3690754,
              50.2944878
            ],
            [
              4.3687174,
              50.2945024
            ],
            [
              4.368063,
              50.2925372
            ],
            [
              4.3687168,
              50.2922606
            ],
            [
              4.3693688,
              50.2918637
            ],
            [
              4.3678744,
              50.2888007
            ],
            [
              4.3692538,
              50.2873792
            ],
            [
              4.3689645,
              50.2863958
            ],
            [
              4.3679742,
              50.2859488
            ],
            [
              4.3688452,
              50.2850983
            ],
            [
              4.3682474,
              50.2850425
            ],
            [
              4.3684966,
              50.2849206
            ],
            [
              4.3682534,
              50.2843524
            ],
            [
              4.3656464,
              50.2841754
            ],
            [
              4.3660029,
              50.2839463
            ],
            [
              4.3635447,
              50.282584
            ],
            [
              4.3633611,
              50.2828602
            ],
            [
              4.363023,
              50.2826542
            ],
            [
              4.362096,
              50.2831953
            ],
            [
              4.3617324,
              50.2829122
            ],
            [
              4.361859,
              50.2828634
            ],
            [
              4.3612577,
              50.2823448
            ],
            [
              4.3619667,
              50.2818845
            ],
            [
              4.3607087,
              50.2806965
            ],
            [
              4.3622113,
              50.2803288
            ],
            [
              4.362356,
              50.2792545
            ],
            [
              4.3607363,
              50.2792211
            ],
            [
              4.3595765,
              50.2779593
            ],
            [
              4.3586755,
              50.2779927
            ],
            [
              4.358241,
              50.277431
            ],
            [
              4.3598758,
              50.2769498
            ],
            [
              4.3580546,
              50.2749807
            ],
            [
              4.3571905,
              50.2752495
            ],
            [
              4.3568446,
              50.2749007
            ],
            [
              4.3539019,
              50.2758508
            ],
            [
              4.3541771,
              50.2769297
            ],
            [
              4.3541417,
              50.2774901
            ],
            [
              4.3508536,
              50.2773796
            ],
            [
              4.3506443,
              50.2775909
            ],
            [
              4.3510977,
              50.2783428
            ],
            [
              4.3414439,
              50.2787423
            ],
            [
              4.340107,
              50.277397
            ],
            [
              4.3397499,
              50.27656
            ],
            [
              4.3375043,
              50.2748394
            ],
            [
              4.3369365,
              50.2751175
            ],
            [
              4.3388205,
              50.2767591
            ],
            [
              4.3379538,
              50.277654
            ],
            [
              4.3376181,
              50.2776118
            ],
            [
              4.3380032,
              50.2772157
            ],
            [
              4.3372726,
              50.2766409
            ],
            [
              4.3360321,
              50.2772528
            ],
            [
              4.3353886,
              50.2771067
            ],
            [
              4.3330585,
              50.2756895
            ],
            [
              4.331396,
              50.2767288
            ],
            [
              4.3317907,
              50.2769775
            ],
            [
              4.3304999,
              50.277609
            ],
            [
              4.3282378,
              50.2775674
            ],
            [
              4.3261215,
              50.2745082
            ],
            [
              4.3279905,
              50.2739163
            ],
            [
              4.3271278,
              50.2726294
            ],
            [
              4.3241569,
              50.2732619
            ],
            [
              4.3212675,
              50.2735369
            ],
            [
              4.3193266,
              50.2731332
            ],
            [
              4.3181498,
              50.2716293
            ],
            [
              4.3158639,
              50.2728655
            ],
            [
              4.3161629,
              50.2718553
            ],
            [
              4.319863,
              50.2691319
            ],
            [
              4.3182684,
              50.268056
            ],
            [
              4.3170445,
              50.2690032
            ],
            [
              4.3147467,
              50.2673237
            ],
            [
              4.3111306,
              50.2685014
            ],
            [
              4.31134,
              50.269571
            ],
            [
              4.3095452,
              50.2700084
            ],
            [
              4.3093992,
              50.2697844
            ],
            [
              4.3092493,
              50.2688296
            ],
            [
              4.308755,
              50.2673019
            ],
            [
              4.3086463,
              50.2673343
            ],
            [
              4.3085315,
              50.2673774
            ],
            [
              4.3085538,
              50.2675878
            ],
            [
              4.3083308,
              50.2678192
            ],
            [
              4.3080201,
              50.2683842
            ],
            [
              4.308486,
              50.2692994
            ],
            [
              4.308385,
              50.2699123
            ],
            [
              4.3084461,
              50.2702267
            ],
            [
              4.3081786,
              50.2706502
            ],
            [
              4.3085727,
              50.2709009
            ],
            [
              4.3086033,
              50.2710386
            ],
            [
              4.308958,
              50.2713007
            ],
            [
              4.3095628,
              50.2721375
            ],
            [
              4.310247,
              50.2724577
            ],
            [
              4.3110326,
              50.2736552
            ],
            [
              4.3116535,
              50.274125
            ],
            [
              4.3113376,
              50.274293
            ],
            [
              4.312821,
              50.276255
            ],
            [
              4.3126237,
              50.276299
            ],
            [
              4.3130895,
              50.2769444
            ],
            [
              4.3112386,
              50.2776986
            ],
            [
              4.3127384,
              50.2797986
            ],
            [
              4.30171,
              50.2802727
            ],
            [
              4.3005974,
              50.2802444
            ],
            [
              4.2991495,
              50.280354
            ],
            [
              4.2993555,
              50.2819041
            ],
            [
              4.2978149,
              50.2818664
            ],
            [
              4.2977831,
              50.2822131
            ],
            [
              4.2986543,
              50.2821978
            ],
            [
              4.2987912,
              50.2823504
            ],
            [
              4.2998054,
              50.2824341
            ],
            [
              4.2997992,
              50.2831494
            ],
            [
              4.3016157,
              50.2832115
            ],
            [
              4.3014448,
              50.2835459
            ],
            [
              4.3031999,
              50.2841556
            ],
            [
              4.3048845,
              50.2849103
            ],
            [
              4.3033203,
              50.2860171
            ],
            [
              4.3048352,
              50.2863864
            ],
            [
              4.3056708,
              50.2868529
            ],
            [
              4.3038901,
              50.286972
            ],
            [
              4.3010325,
              50.2867845
            ],
            [
              4.3002499,
              50.2871101
            ],
            [
              4.2994217,
              50.2876814
            ],
            [
              4.2988852,
              50.2879211
            ],
            [
              4.295298,
              50.289214
            ],
            [
              4.2940341,
              50.289772
            ],
            [
              4.2928399,
              50.290152
            ],
            [
              4.2905463,
              50.2910899
            ],
            [
              4.2898167,
              50.2911999
            ],
            [
              4.2872574,
              50.2913449
            ],
            [
              4.2853328,
              50.291364
            ],
            [
              4.2832961,
              50.2920368
            ],
            [
              4.281569,
              50.2927281
            ],
            [
              4.2806418,
              50.2927397
            ],
            [
              4.2788553,
              50.292541
            ],
            [
              4.2781044,
              50.2928305
            ],
            [
              4.2767983,
              50.2930083
            ],
            [
              4.276618,
              50.2940225
            ],
            [
              4.275892,
              50.2944229
            ],
            [
              4.2750536,
              50.2945991
            ],
            [
              4.2738444,
              50.2945919
            ],
            [
              4.2719266,
              50.2949157
            ],
            [
              4.2715335,
              50.2939503
            ],
            [
              4.2702684,
              50.2941585
            ],
            [
              4.2696866,
              50.2933376
            ],
            [
              4.2688787,
              50.2934588
            ],
            [
              4.268596,
              50.2930349
            ],
            [
              4.2688065,
              50.2929631
            ],
            [
              4.268648,
              50.2926007
            ],
            [
              4.267464,
              50.2920108
            ],
            [
              4.265703,
              50.2926045
            ],
            [
              4.264451,
              50.2932033
            ],
            [
              4.263426,
              50.2935487
            ],
            [
              4.2619853,
              50.2933174
            ],
            [
              4.2602281,
              50.2936974
            ],
            [
              4.2577549,
              50.2944227
            ],
            [
              4.2578567,
              50.295845
            ],
            [
              4.2570877,
              50.2958771
            ],
            [
              4.2570877,
              50.2964484
            ],
            [
              4.2551677,
              50.2974762
            ],
            [
              4.2540889,
              50.29664
            ],
            [
              4.2544594,
              50.2963919
            ],
            [
              4.2538898,
              50.2960184
            ],
            [
              4.2542105,
              50.2957698
            ],
            [
              4.2535506,
              50.2952902
            ],
            [
              4.2536631,
              50.2951772
            ],
            [
              4.2519849,
              50.2935982
            ],
            [
              4.250326,
              50.2943041
            ],
            [
              4.2490551,
              50.2928318
            ],
            [
              4.2491854,
              50.2926972
            ],
            [
              4.2504763,
              50.2921225
            ],
            [
              4.2493244,
              50.2910485
            ],
            [
              4.2494002,
              50.2890049
            ],
            [
              4.2474014,
              50.2892368
            ],
            [
              4.247165,
              50.2891769
            ],
            [
              4.247012,
              50.2895625
            ],
            [
              4.2469921,
              50.2897055
            ],
            [
              4.2470615,
              50.2897229
            ],
            [
              4.2469071,
              50.2905517
            ],
            [
              4.2473761,
              50.2908456
            ],
            [
              4.2477634,
              50.291281
            ],
            [
              4.2468802,
              50.2917038
            ],
            [
              4.2466157,
              50.2914531
            ],
            [
              4.2464719,
              50.2915305
            ],
            [
              4.2462189,
              50.2918725
            ],
            [
              4.2460154,
              50.2919527
            ],
            [
              4.2456999,
              50.2949838
            ],
            [
              4.2455622,
              50.295451
            ],
            [
              4.2454068,
              50.2959391
            ],
            [
              4.2440683,
              50.2978567
            ],
            [
              4.2437498,
              50.2982949
            ],
            [
              4.243524,
              50.2982946
            ],
            [
              4.2433797,
              50.2985387
            ],
            [
              4.2432316,
              50.2990367
            ],
            [
              4.2435522,
              50.2991863
            ],
            [
              4.2440436,
              50.2991916
            ],
            [
              4.2431614,
              50.3010472
            ],
            [
              4.2417534,
              50.2997603
            ],
            [
              4.2380044,
              50.3012334
            ],
            [
              4.2385447,
              50.3021023
            ],
            [
              4.2386671,
              50.30211
            ],
            [
              4.2390535,
              50.3025895
            ],
            [
              4.2381582,
              50.3029824
            ],
            [
              4.2376031,
              50.3027685
            ],
            [
              4.2368506,
              50.3034666
            ],
            [
              4.2375281,
              50.3036276
            ],
            [
              4.2371213,
              50.3047809
            ],
            [
              4.2397141,
              50.3046464
            ],
            [
              4.2400897,
              50.3056614
            ],
            [
              4.2409274,
              50.3056498
            ],
            [
              4.2384027,
              50.3078415
            ],
            [
              4.2385654,
              50.3078286
            ],
            [
              4.2383786,
              50.3080267
            ],
            [
              4.2382726,
              50.3084721
            ],
            [
              4.2382647,
              50.3094363
            ],
            [
              4.2381793,
              50.3096345
            ],
            [
              4.2402914,
              50.3099771
            ],
            [
              4.2423726,
              50.3108132
            ],
            [
              4.2422138,
              50.3111308
            ],
            [
              4.2421303,
              50.3111153
            ],
            [
              4.2399636,
              50.312838
            ],
            [
              4.2404327,
              50.3137599
            ],
            [
              4.238352,
              50.314291
            ],
            [
              4.2369933,
              50.3142764
            ],
            [
              4.2372481,
              50.3148284
            ],
            [
              4.2302614,
              50.3157216
            ],
            [
              4.2309038,
              50.3169132
            ],
            [
              4.2299154,
              50.3180088
            ],
            [
              4.2290274,
              50.3179391
            ],
            [
              4.2267505,
              50.3180206
            ],
            [
              4.2267514,
              50.3200626
            ]
          ]
        ]
      },
      "properties": {
        "type": "boundary",
        "gemeente": "Thuin"
      }
    }
  ]
}