{
  "type": "FeatureCollection",
  "metadata": {
    "gemeente": "Trois-Ponts",
    "slug": "trois-ponts",
    "generated_at": "2026-09-25T22:11:45.021197Z",
    "total_points": 13,
    "providers": [
      "bpost",
      "DHL",
      "GLS",
      "InPost",
      "PostNL",
      "DPD",
      "Amazon",
      "ViaTim"
    ],
    "bounds": [
      5.8349957,
      50.3557,
      5.87316,
      50.37362
    ]
  },
  "features": [
    {
      "type": "Feature",
      "geometry": {
        "type": "Point",
        "coordinates": [
          5.87316,
          50.36885
        ]
      },
      "properties": {
        "type": "pakketpunt",
        "locatieNaam": "Bbox 24/7 Gare Trois Ponts",
        "straatNaam": "Place De La Gare",
        "straatNr": "DISTRIB",
        "vervoerder": "bpost",
        "puntType": "automaat",
        "bezettingsgraad": 50,
        "latitude": 50.36885,
        "longitude": 5.87316,
        "canPickup": true,
        "canDropoff": true,
        "openingstijden": null
      }
    },
    {
      "type": "Feature",
      "geometry": {
        "type": "Point",
        "coordinates": [
          5.87117,
          50.37183
        ]
      },
      "properties": {
        "type": "pakketpunt",
        "locatieNaam": "Trois-Ponts",
        "straatNaam": "Place Communale",
        "straatNr": "20",
        "vervoerder": "bpost",
        "puntType": "postkantoor",
        "bezettingsgraad": 50,
        "latitude": 50.37183,
        "longitude": 5.87117,
        "canPickup": true,
        "canDropoff": true,
        "openingstijden": null
      }
    },
    {
      "type": "Feature",
      "geometry": {
        "type": "Point",
        "coordinates": [
          5.871165,
          50.371828
        ]
      },
      "properties": {
        "type": "pakketpunt",
        "locatieNaam": "TROIS-PONTS",
        "straatNaam": "PLACE COMMUNALE",
        "straatNr": "20",
        "vervoerder": "DHL",
        "puntType": "postOffice",
        "bezettingsgraad": 50,
        "latitude": 50.371828,
        "longitude": 5.871165,
        "canPickup": true,
        "canDropoff": true,
        "openingstijden": {
          "ma": "13:45 - 17:00",
          "di": "09:30 - 12:30, 13:45 - 18:00",
          "wo": "13:45 - 17:00",
          "do": "13:45 - 18:00",
          "vr": "13:45 - 17:00",
          "za": "gesloten",
          "zo": "gesloten"
        }
      }
    },
    {
      "type": "Feature",
      "geometry": {
        "type": "Point",
        "coordinates": [
          5.87316,
          50.36885
        ]
      },
      "properties": {
        "type": "pakketpunt",
        "locatieNaam": "BBOX 24/7 GARE TROIS PONTS",
        "straatNaam": "PLACE DE LA GARE",
        "straatNr": "DISTRIB",
        "vervoerder": "DHL",
        "puntType": "packStation",
        "bezettingsgraad": 50,
        "latitude": 50.36885,
        "longitude": 5.87316,
        "canPickup": true,
        "canDropoff": true,
        "openingstijden": {
          "ma": "00:00 - 23:59",
          "di": "00:00 - 23:59",
          "wo": "00:00 - 23:59",
          "do": "00:00 - 23:59",
          "vr": "00:00 - 23:59",
          "za": "00:00 - 23:59",
          "zo": "00:00 - 23:59"
        }
      }
    },
    {
      "type": "Feature",
      "geometry": {
        "type": "Point",
        "coordinates": [
          5.8350115,
          50.3558254
        ]
      },
      "properties": {
        "type": "pakketpunt",
        "locatieNaam": "ViaTim -CP shop center Basse-Bodeux",
        "straatNaam": "Rue De Huy",
        "straatNr": "30",
        "vervoerder": "GLS",
        "puntType": "parcel_shop",
        "bezettingsgraad": 50,
        "latitude": 50.3558254,
        "longitude": 5.8350115,
        "canPickup": true,
        "canDropoff": true,
        "openingstijden": "vr: 05:30 - 12:30, 13:00 - 19:00; za: 05:30 - 12:30, 13:00 - 19:00"
      }
    },
    {
      "type": "Feature",
      "geometry": {
        "type": "Point",
        "coordinates": [
          5.8717515,
          50.370494
        ]
      },
      "properties": {
        "type": "pakketpunt",
        "locatieNaam": "Winandy Print",
        "straatNaam": "Avenue De La Salm",
        "straatNr": "26",
        "vervoerder": "GLS",
        "puntType": "parcel_shop",
        "bezettingsgraad": 50,
        "latitude": 50.370494,
        "longitude": 5.8717515,
        "canPickup": true,
        "canDropoff": true,
        "openingstijden": "vr: 08:30 - 12:30, 13:30 - 18:00; za: 08:30 - 12:30, 13:30 - 18:00"
      }
    },
    {
      "type": "Feature",
      "geometry": {
        "type": "Point",
        "coordinates": [
          5.8724,
          50.37362
        ]
      },
      "properties": {
        "type": "pakketpunt",
        "locatieNaam": "3E TECHNIC",
        "straatNaam": "ROUTE DE COO 42",
        "straatNr": "",
        "vervoerder": "InPost",
        "puntType": "servicepunt",
        "bezettingsgraad": 50,
        "latitude": 50.37362,
        "longitude": 5.8724,
        "canPickup": true,
        "canDropoff": true,
        "openingstijden": "Ma/Me/J/V 9-12 14-18,S 9-12:30 13:30-17"
      }
    },
    {
      "type": "Feature",
      "geometry": {
        "type": "Point",
        "coordinates": [
          5.87009,
          50.37251
        ]
      },
      "properties": {
        "type": "pakketpunt",
        "locatieNaam": "",
        "straatNaam": "Avenue Joseph Lejeune",
        "straatNr": "3",
        "vervoerder": "InPost",
        "puntType": "automaat",
        "bezettingsgraad": 50,
        "latitude": 50.37251,
        "longitude": 5.87009,
        "canPickup": true,
        "canDropoff": true,
        "openingstijden": "24/7"
      }
    },
    {
      "type": "Feature",
      "geometry": {
        "type": "Point",
        "coordinates": [
          5.8349957,
          50.355724
        ]
      },
      "properties": {
        "type": "pakketpunt",
        "locatieNaam": "CP Shop Center",
        "straatNaam": "Rue de Huy",
        "straatNr": "30",
        "vervoerder": "PostNL",
        "puntType": "servicepunt",
        "bezettingsgraad": 50,
        "latitude": 50.355724,
        "longitude": 5.8349957,
        "canPickup": true,
        "canDropoff": true,
        "openingstijden": "05:30 - 19:00"
      }
    },
    {
      "type": "Feature",
      "geometry": {
        "type": "Point",
        "coordinates": [
          5.835,
          50.3557
        ]
      },
      "properties": {
        "type": "pakketpunt",
        "locatieNaam": "CP SHOP CENTER",
        "straatNaam": "RUE DE HUY",
        "straatNr": "30",
        "vervoerder": "DPD",
        "puntType": "pickup_point",
        "bezettingsgraad": 50,
        "latitude": 50.3557,
        "longitude": 5.835,
        "canPickup": true,
        "canDropoff": true,
        "openingstijden": {
          "ma": "05:30 - 19:00",
          "di": "05:30 - 19:00",
          "wo": "05:30 - 19:00",
          "do": "05:30 - 19:00",
          "vr": "05:30 - 19:00",
          "za": "05:30 - 19:00",
          "zo": "07:00 - 13:00"
        }
      }
    },
    {
      "type": "Feature",
      "geometry": {
        "type": "Point",
        "coordinates": [
          5.871165,
          50.371828
        ]
      },
      "properties": {
        "type": "pakketpunt",
        "locatieNaam": "bpost - TROIS-PONTS",
        "straatNaam": "PLACE COMMUNALE,20",
        "straatNr": "",
        "vervoerder": "Amazon",
        "puntType": "3p",
        "bezettingsgraad": 50,
        "latitude": 50.371828,
        "longitude": 5.871165,
        "canPickup": true,
        "canDropoff": false,
        "openingstijden": null
      }
    },
    {
      "type": "Feature",
      "geometry": {
        "type": "Point",
        "coordinates": [
          5.87316,
          50.36885
        ]
      },
      "properties": {
        "type": "pakketpunt",
        "locatieNaam": "bpost - BBOX 24/7 GARE TROIS PONTS",
        "straatNaam": "PLACE DE LA GARE,DISTRIB",
        "straatNr": "",
        "vervoerder": "Amazon",
        "puntType": "3p",
        "bezettingsgraad": 50,
        "latitude": 50.36885,
        "longitude": 5.87316,
        "canPickup": true,
        "canDropoff": false,
        "openingstijden": null
      }
    },
    {
      "type": "Feature",
      "geometry": {
        "type": "Point",
        "coordinates": [
          5.8350222,
          50.3557022
        ]
      },
      "properties": {
        "type": "pakketpunt",
        "locatieNaam": "ViaTim et CP shop center Basse-Bodeux",
        "straatNaam": "Rue de Huy",
        "straatNr": "30",
        "vervoerder": "ViaTim",
        "puntType": "servicepunt",
        "bezettingsgraad": 50,
        "latitude": 50.3557022,
        "longitude": 5.8350222,
        "canPickup": true,
        "canDropoff": true,
        "openingstijden": {
          "ma": "05:30 - 19:00",
          "di": "05:30 - 19:00",
          "wo": "05:30 - 19:00",
          "do": "05:30 - 19:00",
          "vr": "05:30 - 19:00",
          "za": "05:30 - 19:00",
          "zo": "05:30 - 13:00"
        }
      }
    },
    {
      "type": "Feature",
      "geometry": {
        "type": "MultiPolygon",
        "coordinates": [
          [
            [
              [
                5.8349162194379725,
                50.35300338810566
              ],
              [
                5.834503506756534,
                50.353021626045766
              ],
              [
                5.83409557477034,
                50.353065656754936
              ],
              [
                5.833696351449238,
                50.353135056263795
              ],
              [
                5.833309680949367,
                50.35322915632585
              ],
              [
                5.8329392866142085,
                50.35334705084882
              ],
              [
                5.832588735136166,
                50.3534876046153
              ],
              [
                5.832261402223019,
                50.35364946420904
              ],
              [
                5.8319604400993335,
                50.35383107104147
              ],
              [
                5.8316887471553684,
                50.354030676354
              ],
              [
                5.831448940035504,
                50.35424635805111
              ],
              [
                5.831243328434974,
                50.354476039203035
              ],
              [
                5.831073892847727,
                50.35471750804004
              ],
              [
                5.830942265480048,
                50.35496843924574
              ],
              [
                5.830849714514278,
                50.355226416345
              ],
              [
                5.830797131874816,
                50.35548895497103
              ],
              [
                5.830796982399118,
                50.355492221381084
              ],
              [
                5.8307928297705605,
                50.355512954815936
              ],
              [
                5.830780722480709,
                50.35577752663111
              ],
              [
                5.830809207865138,
                50.35604158367958
              ],
              [
                5.83081742135752,
                50.356072740493175
              ],
              [
                5.830824999034359,
                50.35614298424518
              ],
              [
                5.830893803666143,
                50.3564039834709
              ],
              [
                5.831002265408803,
                50.3566594112455
              ],
              [
                5.831149340299299,
                50.356906807551226
              ],
              [
                5.831333612430977,
                50.357143789683626
              ],
              [
                5.831553307570122,
                50.35736807520386
              ],
              [
                5.831806310227122,
                50.357577503926485
              ],
              [
                5.832090184018462,
                50.3577700587305
              ],
              [
                5.832402195123886,
                50.35794388499342
              ],
              [
                5.832739338613042,
                50.35809730846053
              ],
              [
                5.833098367388179,
                50.35822885137702
              ],
              [
                5.833475823463989,
                50.3583372467274
              ],
              [
                5.833868071283034,
                50.35842145044467
              ],
              [
                5.834271332745418,
                50.35848065147144
              ],
              [
                5.834681723614655,
                50.35851427957574
              ],
              [
                5.835095290948382,
                50.358522010846464
              ],
              [
                5.835508051192476,
                50.35850377081465
              ],
              [
                5.835916028570796,
                50.35845973517133
              ],
              [
                5.83631529339981,
                50.35839032807432
              ],
              [
                5.836701999958121,
                50.358296218060616
              ],
              [
                5.837072423545282,
                50.3581783116039
              ],
              [
                5.837422996372088,
                50.35803774437912
              ],
              [
                5.83775034193601,
                50.357875870318885
              ],
              [
                5.838051307550075,
                50.35769424856675
              ],
              [
                5.8383229947115085,
                50.35749462845394
              ],
              [
                5.838562787017411,
                50.357278932644064
              ],
              [
                5.838768375358565,
                50.357049238608596
              ],
              [
                5.838937780148898,
                50.35680775861196
              ],
              [
                5.839069370376829,
                50.35655681839899
              ],
              [
                5.839161879295532,
                50.356298834790714
              ],
              [
                5.83921441660169,
                50.356036292403935
              ],
              [
                5.83921853606469,
                50.35594592270045
              ],
              [
                5.839225105749015,
                50.35591309202001
              ],
              [
                5.839237166042734,
                50.355648519330245
              ],
              [
                5.839208634046646,
                50.35538446433865
              ],
              [
                5.8391397852087,
                50.3551234700096
              ],
              [
                5.839031283219058,
                50.35486804979066
              ],
              [
                5.838884173593877,
                50.35462066340945
              ],
              [
                5.838699873584026,
                50.35438369318925
              ],
              [
                5.838480158506789,
                50.35415942111149
              ],
              [
                5.838227144632943,
                50.35395000684559
              ],
              [
                5.837943268794597,
                50.35375746695749
              ],
              [
                5.837631264910628,
                50.353583655497154
              ],
              [
                5.837294137656046,
                50.35343024615119
              ],
              [
                5.836935133528901,
                50.35329871613257
              ],
              [
                5.836557709593255,
                50.35319033196201
              ],
              [
                5.836165500198905,
                50.353106137277834
              ],
              [
                5.835762281997857,
                50.35304694279131
              ],
              [
                5.835745955068559,
                50.35304560496403
              ],
              [
                5.835740083204394,
                50.35304474293212
              ],
              [
                5.835329738835071,
                50.35301111854638
              ],
              [
                5.8349162194379725,
                50.35300338810566
              ]
            ]
          ],
          [
            [
              [
                5.8767134281230655,
                50.37030236267088
              ],
              [
                5.876918888293082,
                50.370072601480196
              ],
              [
                5.877088145527175,
                50.36983106624333
              ],
              [
                5.877219570235576,
                50.369580083237054
              ],
              [
                5.8773118972662175,
                50.369322069694284
              ],
              [
                5.877364238068096,
                50.36905951051995
              ],
              [
                5.877376089225112,
                50.36879493435634
              ],
              [
                5.877347337279075,
                50.36853088922882
              ],
              [
                5.877278259796448,
                50.36826991800658
              ],
              [
                5.877169522669493,
                50.368014533914405
              ],
              [
                5.877022173678838,
                50.367767196331805
              ],
              [
                5.876837632380387,
                50.36753028711195
              ],
              [
                5.87661767641484,
                50.36730608764864
              ],
              [
                5.8763644243723965,
                50.36709675691184
              ],
              [
                5.8760803153782835,
                50.366904310663045
              ],
              [
                5.87576808559612,
                50.366730602050325
              ],
              [
                5.875430741875705,
                50.36657730376986
              ],
              [
                5.87507153279899,
                50.36644589196504
              ],
              [
                5.874693917403027,
                50.36633763201821
              ],
              [
                5.874301531880714,
                50.3662535663715
              ],
              [
                5.873898154579547,
                50.36619450449363
              ],
              [
                5.8734876696348195,
                50.36616101508933
              ],
              [
                5.873074029586642,
                50.36615342062596
              ],
              [
                5.8726612173399735,
                50.36617179423004
              ],
              [
                5.872253207832991,
                50.36621595898341
              ],
              [
                5.871853929781984,
                50.366285489626094
              ],
              [
                5.871467227870198,
                50.36637971664888
              ],
              [
                5.871096825743813,
                50.366497732736946
              ],
              [
                5.870746290170596,
                50.36663840150233
              ],
              [
                5.870418996705613,
                50.366800368421316
              ],
              [
                5.870118097194102,
                50.36698207387192
              ],
              [
                5.869846489424005,
                50.36718176814573
              ],
              [
                5.86960678922017,
                50.36739752829054
              ],
              [
                5.869401305248952,
                50.36762727662101
              ],
              [
                5.869232016775945,
                50.367868800720345
              ],
              [
                5.869100554591412,
                50.368119774739796
              ],
              [
                5.869008185287608,
                50.3683777817918
              ],
              [
                5.868992775264417,
                50.36845501582569
              ],
              [
                5.868709547293454,
                50.36862603737188
              ],
              [
                5.868437924198509,
                50.36882572830666
              ],
              [
                5.868198209297719,
                50.369041485496034
              ],
              [
                5.867992711398972,
                50.36927123128317
              ],
              [
                5.867823409901992,
                50.36951275327574
              ],
              [
                5.867691935722484,
                50.36976372564533
              ],
              [
                5.867599555568241,
                50.37002173152021
              ],
              [
                5.867547159719326,
                50.37028428625627
              ],
              [
                5.867543573197599,
                50.37036398431412
              ],
              [
                5.867348917961467,
                50.3704602969329
              ],
              [
                5.867047983513301,
                50.37064199433746
              ],
              [
                5.866776341900815,
                50.3708416813311
              ],
              [
                5.8665366092747355,
                50.371057435031645
              ],
              [
                5.866331094613644,
                50.37128717781588
              ],
              [
                5.866161777478698,
                50.371528697320436
              ],
              [
                5.866030288936221,
                50.371779667740796
              ],
              [
                5.8659378958323565,
                50.372037672224096
              ],
              [
                5.865885488571918,
                50.3723002261396
              ],
              [
                5.86587357251991,
                50.372564801003556
              ],
              [
                5.865902263109453,
                50.37282884882773
              ],
              [
                5.865971284704135,
                50.37308982665752
              ],
              [
                5.866079973226828,
                50.37334522106312
              ],
              [
                5.866227282530562,
                50.37359257234787
              ],
              [
                5.8664117944510865,
                50.37382949824079
              ],
              [
                5.866631732445165,
                50.37405371684452
              ],
              [
                5.86688497868399,
                50.374263068617886
              ],
              [
                5.867169094437725,
                50.37445553718092
              ],
              [
                5.867481343555271,
                50.37462926874166
              ],
              [
                5.867818718813393,
                50.3747825899574
              ],
              [
                5.868177970881517,
                50.37491402405815
              ],
              [
                5.868555639623112,
                50.375022305076406
              ],
              [
                5.8688687449828585,
                50.37508939044582
              ],
              [
                5.868941726701591,
                50.375163785419794
              ],
              [
                5.869194989045035,
                50.375373132123315
              ],
              [
                5.869479120803797,
                50.37556559500484
              ],
              [
                5.869791385672606,
                50.3757393203271
              ],
              [
                5.8701287762764816,
                50.37589263480748
              ],
              [
                5.8704880431370166,
                50.376024061740864
              ],
              [
                5.870865725975166,
                50.376132335228775
              ],
              [
                5.871258187048801,
                50.37621641237799
              ],
              [
                5.871661646203452,
                50.37627548335014
              ],
              [
                5.872072217297997,
                50.376308979166005
              ],
              [
                5.872485945653742,
                50.37631657718862
              ],
              [
                5.872898846165289,
                50.37629820423253
              ],
              [
                5.873306941705239,
                50.376254037269135
              ],
              [
                5.873706301451842,
                50.376184501721106
              ],
              [
                5.874093078769501,
                50.37609026736271
              ],
              [
                5.874463548276392,
                50.37597224186531
              ],
              [
                5.874814141741317,
                50.37583156205046
              ],
              [
                5.875141482463383,
                50.37566958293517
              ],
              [
                5.875442417802779,
                50.37548786467479
              ],
              [
                5.875714049548939,
                50.375288157530036
              ],
              [
                5.87595376183339,
                50.375072385002674
              ],
              [
                5.876159246318374,
                50.37484262530296
              ],
              [
                5.876328524418854,
                50.37460109132759
              ],
              [
                5.876459966344186,
                50.374350109341165
              ],
              [
                5.876552306776595,
                50.374092096566834
              ],
              [
                5.876604657036129,
                50.37382953790208
              ],
              [
                5.87661651361573,
                50.37356496198431
              ],
              [
                5.876587763005122,
                50.373300916836556
              ],
              [
                5.876518682758046,
                50.37303994532815
              ],
              [
                5.876409938793516,
                50.37278456068668
              ],
              [
                5.8762625789581335,
                50.37253722229695
              ],
              [
                5.876078022912358,
                50.37230031201987
              ],
              [
                5.875858048439004,
                50.37207611125943
              ],
              [
                5.875604774306584,
                50.371866778998104
              ],
              [
                5.875462436001407,
                50.371770371682594
              ],
              [
                5.875510482161816,
                50.37171664681543
              ],
              [
                5.875679752419049,
                50.37147511368484
              ],
              [
                5.8758111891209035,
                50.37122413232791
              ],
              [
                5.875903526999831,
                50.370966119961665
              ],
              [
                5.8759189265984055,
                50.370888885036535
              ],
              [
                5.876202142100712,
                50.37071784595392
              ],
              [
                5.876473743368054,
                50.370518136904344
              ],
              [
                5.8767134281230655,
                50.37030236267088
              ]
            ]
          ]
        ]
      },
      "properties": {
        "type": "buffer_union_300m",
        "buffer_m": 300
      }
    },
    {
      "type": "Feature",
      "geometry": {
        "type": "MultiPolygon",
        "coordinates": [
          [
            [
              [
                5.834888294697528,
                50.35210451725391
              ],
              [
                5.834338021449244,
                50.35212883405164
              ],
              [
                5.833794121983279,
                50.35218754057629
              ],
              [
                5.833261833214334,
                50.35228007157718
              ],
              [
                5.832746280338391,
                50.35240553612347
              ],
              [
                5.832252427514075,
                50.35256272617671
              ],
              [
                5.831785030089577,
                50.35275012821535
              ],
              [
                5.831348588833884,
                50.35296593779894
              ],
              [
                5.8309473066120505,
                50.35320807693276
              ],
              [
                5.830585047920941,
                50.353474214065784
              ],
              [
                5.830265301674729,
                50.35376178653015
              ],
              [
                5.829991147598415,
                50.3540680252066
              ],
              [
                5.829765226553268,
                50.354389981178656
              ],
              [
                5.829589715080543,
                50.354724554119635
              ],
              [
                5.829466304409543,
                50.35506852213961
              ],
              [
                5.8293961841333575,
                50.35541857280505
              ],
              [
                5.829396034561552,
                50.35542183921335
              ],
              [
                5.829391881327697,
                50.355442572598236
              ],
              [
                5.829375727865127,
                50.35579533482447
              ],
              [
                5.8294136980490885,
                50.35614741134443
              ],
              [
                5.829421910644476,
                50.35617856825639
              ],
              [
                5.829429486274642,
                50.356248812098535
              ],
              [
                5.829521215932806,
                50.3565968121534
              ],
              [
                5.829665822595169,
                50.35693738419691
              ],
              [
                5.829861914656709,
                50.357267248140865
              ],
              [
                5.830107604541411,
                50.3575832269614
              ],
              [
                5.8304005268461365,
                50.35788227730512
              ],
              [
                5.830737861092895,
                50.35816151881005
              ],
              [
                5.831116358871433,
                50.358418261858276
              ],
              [
                5.831532375111562,
                50.3586500334926
              ],
              [
                5.831981903184453,
                50.35885460124723
              ],
              [
                5.832460613495001,
                50.359029994661995
              ],
              [
                5.832963895193336,
                50.35917452427308
              ],
              [
                5.83348690060318,
                50.35928679789589
              ],
              [
                5.834024591938318,
                50.35936573404368
              ],
              [
                5.83457178985605,
                50.359410572351685
              ],
              [
                5.8351232233786625,
                50.35942088090622
              ],
              [
                5.835673580700505,
                50.35939656040796
              ],
              [
                5.836217560389696,
                50.35933784512913
              ],
              [
                5.836749922489545,
                50.35924530065526
              ],
              [
                5.837265539025829,
                50.35911981843352
              ],
              [
                5.837759443431812,
                50.35896260718016
              ],
              [
                5.838226878413498,
                50.35877518123014
              ],
              [
                5.838663341792826,
                50.35855934594154
              ],
              [
                5.839064629886222,
                50.35831718029579
              ],
              [
                5.839426877999994,
                50.35805101686171
              ],
              [
                5.8397465976521366,
                50.35776341931695
              ],
              [
                5.840020710161945,
                50.357457157743866
              ],
              [
                5.840246576284235,
                50.357135181938176
              ],
              [
                5.840422021603332,
                50.35680059298827
              ],
              [
                5.840545357443189,
                50.35645661339895
              ],
              [
                5.840615397093416,
                50.35610655604816
              ],
              [
                5.840619513897325,
                50.35601618629577
              ],
              [
                5.840626082623124,
                50.35598335553634
              ],
              [
                5.840642152605078,
                50.35563059175684
              ],
              [
                5.8406040996155975,
                50.35527851889095
              ],
              [
                5.840512291315496,
                50.35493052754028
              ],
              [
                5.840367613003472,
                50.354589968926426
              ],
              [
                5.8401714590466,
                50.35426012262172
              ],
              [
                5.839925719412007,
                50.35394416497255
              ],
              [
                5.839632761430992,
                50.3536451385192
              ],
              [
                5.839295406972508,
                50.353365922706175
              ],
              [
                5.838916905246915,
                50.353109206164866
              ],
              [
                5.838500901502691,
                50.35287746083468
              ],
              [
                5.838051401918023,
                50.3526729181716
              ],
              [
                5.837572735025477,
                50.35249754767257
              ],
              [
                5.837069510041007,
                50.35235303792204
              ],
              [
                5.836546572498056,
                50.3522407803426
              ],
              [
                5.836008957613091,
                50.3521618558058
              ],
              [
                5.835992630981022,
                50.352160518013065
              ],
              [
                5.835986759221779,
                50.35215965599353
              ],
              [
                5.835439643485484,
                50.35211482431467
              ],
              [
                5.834888294697528,
                50.35210451725391
              ]
            ]
          ],
          [
            [
              [
                5.8778979524632184,
                50.37078645932848
              ],
              [
                5.878171894066038,
                50.370480108216576
              ],
              [
                5.878397563434865,
                50.37015805875935
              ],
              [
                5.8785727880502305,
                50.36982341275422
              ],
              [
                5.878695881362855,
                50.36947939325519
              ],
              [
                5.878765658999149,
                50.369129313524205
              ],
              [
                5.878781450125781,
                50.368776545116305
              ],
              [
                5.878743103865464,
                50.36842448540593
              ],
              [
                5.878650990703857,
                50.36807652486764
              ],
              [
                5.878505998875867,
                50.367736014425915
              ],
              [
                5.878309525767842,
                50.36740623318877
              ],
              [
                5.878063464420188,
                50.36709035687566
              ],
              [
                5.877770185261891,
                50.36679142724331
              ],
              [
                5.8774325132541945,
                50.36651232280357
              ],
              [
                5.8770537006646055,
                50.366255731115125
              ],
              [
                5.876637395734199,
                50.36602412291493
              ],
              [
                5.876187607540434,
                50.36581972833832
              ],
              [
                5.875708667393955,
                50.365644515456225
              ],
              [
                5.875205187140901,
                50.365500171335285
              ],
              [
                5.874682014771731,
                50.365388085803254
              ],
              [
                5.874144187763137,
                50.36530933807505
              ],
              [
                5.873596884601254,
                50.36526468636819
              ],
              [
                5.8730453749515785,
                50.36525456060722
              ],
              [
                5.872494968953893,
                50.36527905828678
              ],
              [
                5.871950966128808,
                50.36533794353376
              ],
              [
                5.871418604386206,
                50.365430649376684
              ],
              [
                5.870903009624897,
                50.36555628320117
              ],
              [
                5.870409146407208,
                50.365713635338935
              ],
              [
                5.869941770182009,
                50.365901190707675
              ],
              [
                5.869505381514948,
                50.36611714339049
              ],
              [
                5.869104182765647,
                50.366359414014696
              ],
              [
                5.868742037628283,
                50.36662566976296
              ],
              [
                5.868422433924756,
                50.366913346825115
              ],
              [
                5.868148450008689,
                50.36721967507443
              ],
              [
                5.867922725104015,
                50.36754170473163
              ],
              [
                5.867747433864415,
                50.36787633476018
              ],
              [
                5.867703699658442,
                50.36799848442998
              ],
              [
                5.867695616235213,
                50.368003365347626
              ],
              [
                5.86733345066501,
                50.36826961664379
              ],
              [
                5.867013827365679,
                50.3685572897653
              ],
              [
                5.866739824879549,
                50.3688636146234
              ],
              [
                5.866514082609393,
                50.36918564147146
              ],
              [
                5.866338775376154,
                50.369520269300054
              ],
              [
                5.86621559244351,
                50.36986427569033
              ],
              [
                5.866205286889766,
                50.3699159093916
              ],
              [
                5.8660340311996215,
                50.37001930796794
              ],
              [
                5.8656718409397035,
                50.370285554009165
              ],
              [
                5.865352194006803,
                50.37057322247882
              ],
              [
                5.8650781691708325,
                50.37087954333295
              ],
              [
                5.864852406049816,
                50.3712015668635
              ],
              [
                5.864677079665525,
                50.37153619209303
              ],
              [
                5.864553879466125,
                50.37188019662771
              ],
              [
                5.864483993019009,
                50.372230267682056
              ],
              [
                5.864468094532296,
                50.37258303397641
              ],
              [
                5.864506338317131,
                50.3729350982005
              ],
              [
                5.864598357255472,
                50.37328306973057
              ],
              [
                5.864743266289884,
                50.37362359728495
              ],
              [
                5.864939670903486,
                50.373953401203536
              ],
              [
                5.865185680510094,
                50.37426930504028
              ],
              [
                5.865478926627076,
                50.374568266163635
              ],
              [
                5.865816585657297,
                50.37484740507072
              ],
              [
                5.866195406061776,
                50.37510403313154
              ],
              [
                5.866611739662175,
                50.37533567849622
              ],
              [
                5.8670615767720715,
                50.375540109915015
              ],
              [
                5.867540584818815,
                50.37571535824085
              ],
              [
                5.867989324421745,
                50.37584401649374
              ],
              [
                5.868126599469051,
                50.37595748974499
              ],
              [
                5.868505441214189,
                50.37621411023048
              ],
              [
                5.868921795816981,
                50.376445747277195
              ],
              [
                5.869371653388656,
                50.37665016971546
              ],
              [
                5.869850681159421,
                50.37682540848472
              ],
              [
                5.870354265220586,
                50.376969775610604
              ],
              [
                5.870877554982456,
                50.37708188047354
              ],
              [
                5.871415509918897,
                50.37716064321234
              ],
              [
                5.87196294814725,
                50.37720530513263
              ],
              [
                5.872514596374299,
                50.3772154360197
              ],
              [
                5.873065140725706,
                50.37719093828575
              ],
              [
                5.873609277967668,
                50.37713204791017
              ],
              [
                5.87414176662572,
                50.37703933216521
              ],
              [
                5.874657477506652,
                50.376913684147816
              ],
              [
                5.87515144313527,
                50.376756314171224
              ],
              [
                5.875618905628395,
                50.3765687380993
              ],
              [
                5.876055362543711,
                50.376352762736055
              ],
              [
                5.87645661026084,
                50.376110468412065
              ],
              [
                5.876818784476097,
                50.37584418893547
              ],
              [
                5.877138397420479,
                50.37555648910144
              ],
              [
                5.877412371442377,
                50.37525013997738
              ],
              [
                5.877638068631818,
                50.37492809220201
              ],
              [
                5.877813316201547,
                50.37459344755659
              ],
              [
                5.8779364273814005,
                50.37424942908199
              ],
              [
                5.878006217625924,
                50.37389935003037
              ],
              [
                5.878022015980589,
                50.373546581950194
              ],
              [
                5.877983671498739,
                50.37319452221277
              ],
              [
                5.87789155464915,
                50.372846561292924
              ],
              [
                5.877746553702477,
                50.37250605011879
              ],
              [
                5.877550066133112,
                50.37217626780547
              ],
              [
                5.877303985120925,
                50.37186039008279
              ],
              [
                5.877078850132891,
                50.37163093590582
              ],
              [
                5.877164446567644,
                50.37146747820787
              ],
              [
                5.87720815963304,
                50.37134532503124
              ],
              [
                5.877216242647355,
                50.37134044345345
              ],
              [
                5.877578376224267,
                50.3710741614372
              ],
              [
                5.8778979524632184,
                50.37078645932848
              ]
            ]
          ]
        ]
      },
      "properties": {
        "type": "buffer_union_400m",
        "buffer_m": 400
      }
    },
    {
      "type": "Feature",
      "geometry": {
        "type": "Polygon",
        "coordinates": [
          [
            [
              5.760231,
              50.3657471
            ],
            [
              5.7604221,
              50.3629624
            ],
            [
              5.760375,
              50.3625587
            ],
            [
              5.7616826,
              50.3621327
            ],
            [
              5.7629219,
              50.36062
            ],
            [
              5.7633229,
              50.3597533
            ],
            [
              5.7643609,
              50.358434
            ],
            [
              5.7653466,
              50.356075
            ],
            [
              5.7655758,
              50.3557003
            ],
            [
              5.766162,
              50.3559124
            ],
            [
              5.7662693,
              50.3560853
            ],
            [
              5.7665978,
              50.3562744
            ],
            [
              5.7667804,
              50.3565068
            ],
            [
              5.7686152,
              50.3561808
            ],
            [
              5.7687717,
              50.3563024
            ],
            [
              5.7689913,
              50.356194
            ],
            [
              5.7690929,
              50.3560705
            ],
            [
              5.7691456,
              50.3557112
            ],
            [
              5.7698037,
              50.3548941
            ],
            [
              5.7698493,
              50.3547436
            ],
            [
              5.7694921,
              50.3538144
            ],
            [
              5.7696515,
              50.353159
            ],
            [
              5.7700431,
              50.352601
            ],
            [
              5.7702389,
              50.3525633
            ],
            [
              5.7710838,
              50.3511907
            ],
            [
              5.7718696,
              50.3504925
            ],
            [
              5.7744259,
              50.3490342
            ],
            [
              5.7753941,
              50.3486526
            ],
            [
              5.77618,
              50.3482332
            ],
            [
              5.7804194,
              50.3466946
            ],
            [
              5.7803578,
              50.3464096
            ],
            [
              5.7810456,
              50.3462478
            ],
            [
              5.7813942,
              50.3459106
            ],
            [
              5.7819333,
              50.3457515
            ],
            [
              5.7827112,
              50.3452362
            ],
            [
              5.7833523,
              50.3450513
            ],
            [
              5.7836205,
              50.3447124
            ],
            [
              5.7839771,
              50.3445259
            ],
            [
              5.7845512,
              50.3444146
            ],
            [
              5.7845083,
              50.3443444
            ],
            [
              5.7850876,
              50.3441955
            ],
            [
              5.7861847,
              50.3435056
            ],
            [
              5.7861203,
              50.343355
            ],
            [
              5.7863456,
              50.3432283
            ],
            [
              5.7866996,
              50.343177
            ],
            [
              5.7869625,
              50.3429202
            ],
            [
              5.7872215,
              50.3429118
            ],
            [
              5.7875526,
              50.3427525
            ],
            [
              5.7877779,
              50.3424461
            ],
            [
              5.7880649,
              50.3422766
            ],
            [
              5.7882312,
              50.3422715
            ],
            [
              5.7883358,
              50.3420815
            ],
            [
              5.7892182,
              50.3415679
            ],
            [
              5.7896366,
              50.3414653
            ],
            [
              5.7900014,
              50.3411879
            ],
            [
              5.7903662,
              50.3412444
            ],
            [
              5.7907283,
              50.34108
            ],
            [
              5.7909375,
              50.3410937
            ],
            [
              5.7912326,
              50.3408301
            ],
            [
              5.791305,
              50.3406452
            ],
            [
              5.7917985,
              50.3404775
            ],
            [
              5.7919621,
              50.3405014
            ],
            [
              5.7921177,
              50.3403525
            ],
            [
              5.7932416,
              50.3402789
            ],
            [
              5.7939565,
              50.3401164
            ],
            [
              5.7942528,
              50.3403953
            ],
            [
              5.7945357,
              50.3403696
            ],
            [
              5.7948945,
              50.3404976
            ],
            [
              5.7951117,
              50.3403863
            ],
            [
              5.7956054,
              50.3403218
            ],
            [
              5.7958405,
              50.3400011
            ],
            [
              5.7960485,
              50.3398849
            ],
            [
              5.7970637,
              50.3406059
            ],
            [
              5.7972729,
              50.3404621
            ],
            [
              5.7975653,
              50.3404141
            ],
            [
              5.7987025,
              50.3405614
            ],
            [
              5.7987495,
              50.3403628
            ],
            [
              5.7989386,
              50.3403029
            ],
            [
              5.801433,
              50.3408918
            ],
            [
              5.8015752,
              50.3411297
            ],
            [
              5.8017066,
              50.3412033
            ],
            [
              5.8020729,
              50.3413121
            ],
            [
              5.8024992,
              50.3412996
            ],
            [
              5.8024965,
              50.3413659
            ],
            [
              5.8027607,
              50.3415303
            ],
            [
              5.8030618,
              50.3414789
            ],
            [
              5.8032388,
              50.3416433
            ],
            [
              5.8039402,
              50.3416398
            ],
            [
              5.803904,
              50.3417468
            ],
            [
              5.8040448,
              50.3417834
            ],
            [
              5.804011,
              50.3418929
            ],
            [
              5.8041816,
              50.3418983
            ],
            [
              5.8043756,
              50.3420448
            ],
            [
              5.8043607,
              50.3421576
            ],
            [
              5.8045296,
              50.3422211
            ],
            [
              5.8048984,
              50.3419899
            ],
            [
              5.8052183,
              50.3419193
            ],
            [
              5.8054704,
              50.341965
            ],
            [
              5.8060826,
              50.3417981
            ],
            [
              5.807,
              50.3420438
            ],
            [
              5.8071434,
              50.3421097
            ],
            [
              5.807068,
              50.3422036
            ],
            [
              5.8073977,
              50.3423554
            ],
            [
              5.8078127,
              50.3422954
            ],
            [
              5.8084591,
              50.3424897
            ],
            [
              5.8087581,
              50.3426335
            ],
            [
              5.8088198,
              50.342797
            ],
            [
              5.8091108,
              50.3427251
            ],
            [
              5.8093469,
              50.3428577
            ],
            [
              5.8115007,
              50.3430229
            ],
            [
              5.8120117,
              50.3431599
            ],
            [
              5.8120948,
              50.3432977
            ],
            [
              5.8123355,
              50.3432437
            ],
            [
              5.8126239,
              50.3433589
            ],
            [
              5.8129055,
              50.3433024
            ],
            [
              5.8131985,
              50.3433567
            ],
            [
              5.8131717,
              50.3434791
            ],
            [
              5.8136371,
              50.3434487
            ],
            [
              5.8138208,
              50.3435656
            ],
            [
              5.8141306,
              50.3435578
            ],
            [
              5.8141091,
              50.3436657
            ],
            [
              5.8143438,
              50.3436889
            ],
            [
              5.8147542,
              50.3435681
            ],
            [
              5.8148675,
              50.3436644
            ],
            [
              5.8151002,
              50.3436691
            ],
            [
              5.8155482,
              50.3435835
            ],
            [
              5.8170649,
              50.3438394
            ],
            [
              5.8173506,
              50.3440821
            ],
            [
              5.8175813,
              50.3441334
            ],
            [
              5.8180138,
              50.3441702
            ],
            [
              5.8187842,
              50.3440622
            ],
            [
              5.8191517,
              50.3441415
            ],
            [
              5.8191866,
              50.3442656
            ],
            [
              5.8209059,
              50.3444
            ],
            [
              5.8214651,
              50.3442751
            ],
            [
              5.821713,
              50.3444017
            ],
            [
              5.8219291,
              50.3444034
            ],
            [
              5.8221705,
              50.34459
            ],
            [
              5.8222242,
              50.3447646
            ],
            [
              5.8224937,
              50.3446824
            ],
            [
              5.8226667,
              50.3448118
            ],
            [
              5.8230811,
              50.3448228
            ],
            [
              5.823525,
              50.3450924
            ],
            [
              5.8241084,
              50.3453132
            ],
            [
              5.8246703,
              50.3456757
            ],
            [
              5.8252698,
              50.3458472
            ],
            [
              5.8259122,
              50.345902
            ],
            [
              5.8260544,
              50.346163
            ],
            [
              5.8265398,
              50.3463222
            ],
            [
              5.8268281,
              50.3463197
            ],
            [
              5.8284234,
              50.3472041
            ],
            [
              5.8288005,
              50.3472866
            ],
            [
              5.8289988,
              50.3472108
            ],
            [
              5.8301353,
              50.3473133
            ],
            [
              5.8307751,
              50.3470394
            ],
            [
              5.831113,
              50.347189
            ],
            [
              5.831809,
              50.3472277
            ],
            [
              5.8322798,
              50.3473783
            ],
            [
              5.8324783,
              50.3473424
            ],
            [
              5.8327934,
              50.3474305
            ],
            [
              5.832772,
              50.3475418
            ],
            [
              5.8328667,
              50.3476094
            ],
            [
              5.8335337,
              50.3479157
            ],
            [
              5.8336973,
              50.3478909
            ],
            [
              5.833822,
              50.3477651
            ],
            [
              5.8338891,
              50.3479149
            ],
            [
              5.8342016,
              50.3479525
            ],
            [
              5.8343544,
              50.3481443
            ],
            [
              5.8346012,
              50.3480553
            ],
            [
              5.8346805,
              50.3479406
            ],
            [
              5.8345067,
              50.3478349
            ],
            [
              5.8348715,
              50.3474677
            ],
            [
              5.834915,
              50.3469803
            ],
            [
              5.835245,
              50.3467407
            ],
            [
              5.8352369,
              50.3466038
            ],
            [
              5.8353807,
              50.3463785
            ],
            [
              5.8352825,
              50.3462998
            ],
            [
              5.8352743,
              50.3459953
            ],
            [
              5.8351906,
              50.3458564
            ],
            [
              5.8350587,
              50.3458437
            ],
            [
              5.8350572,
              50.3456564
            ],
            [
              5.834761,
              50.3452003
            ],
            [
              5.8346425,
              50.3448331
            ],
            [
              5.8348104,
              50.3447413
            ],
            [
              5.8348621,
              50.3445057
            ],
            [
              5.8347662,
              50.3443572
            ],
            [
              5.8348265,
              50.3441124
            ],
            [
              5.8343329,
              50.3434415
            ],
            [
              5.8342673,
              50.3430537
            ],
            [
              5.8344188,
              50.3427885
            ],
            [
              5.8343182,
              50.3425565
            ],
            [
              5.8344162,
              50.3424238
            ],
            [
              5.8341506,
              50.3421251
            ],
            [
              5.8341908,
              50.3412668
            ],
            [
              5.8338301,
              50.3412401
            ],
            [
              5.8335592,
              50.3410073
            ],
            [
              5.833645,
              50.3399793
            ],
            [
              5.8338489,
              50.3392098
            ],
            [
              5.8371815,
              50.33594
            ],
            [
              5.8376348,
              50.3341441
            ],
            [
              5.8384743,
              50.3321931
            ],
            [
              5.838426,
              50.3308585
            ],
            [
              5.8377568,
              50.3293903
            ],
            [
              5.8378266,
              50.3286283
            ],
            [
              5.8379727,
              50.3282833
            ],
            [
              5.8386362,
              50.3272664
            ],
            [
              5.8390892,
              50.3268959
            ],
            [
              5.84003,
              50.3266437
            ],
            [
              5.8406228,
              50.3263664
            ],
            [
              5.8413995,
              50.3258691
            ],
            [
              5.84186,
              50.3255444
            ],
            [
              5.8424856,
              50.3247893
            ],
            [
              5.8432365,
              50.3240623
            ],
            [
              5.8439043,
              50.3232652
            ],
            [
              5.8440483,
              50.3215587
            ],
            [
              5.8462112,
              50.3210731
            ],
            [
              5.8492393,
              50.3198307
            ],
            [
              5.8503239,
              50.3197465
            ],
            [
              5.8508581,
              50.3208334
            ],
            [
              5.8508178,
              50.3222411
            ],
            [
              5.8503512,
              50.3256214
            ],
            [
              5.8503243,
              50.3262858
            ],
            [
              5.8504161,
              50.3268097
            ],
            [
              5.8502881,
              50.3275598
            ],
            [
              5.8503069,
              50.3277901
            ],
            [
              5.8505613,
              50.3280431
            ],
            [
              5.8504792,
              50.3281895
            ],
            [
              5.8507357,
              50.3283997
            ],
            [
              5.8507473,
              50.3287556
            ],
            [
              5.8509491,
              50.3289834
            ],
            [
              5.8508648,
              50.3290581
            ],
            [
              5.8511176,
              50.3293265
            ],
            [
              5.85087,
              50.3294852
            ],
            [
              5.8511062,
              50.3297892
            ],
            [
              5.8510185,
              50.3300907
            ],
            [
              5.8508527,
              50.3302224
            ],
            [
              5.851011,
              50.3304338
            ],
            [
              5.8510016,
              50.3306085
            ],
            [
              5.8511136,
              50.3308405
            ],
            [
              5.8509721,
              50.3310134
            ],
            [
              5.8510391,
              50.3311136
            ],
            [
              5.8508943,
              50.3312239
            ],
            [
              5.8509677,
              50.3314119
            ],
            [
              5.850905,
              50.3316249
            ],
            [
              5.8512388,
              50.3353555
            ],
            [
              5.8517138,
              50.3359518
            ],
            [
              5.8525544,
              50.3366752
            ],
            [
              5.8530639,
              50.3373556
            ],
            [
              5.8533436,
              50.3375818
            ],
            [
              5.8538769,
              50.3383616
            ],
            [
              5.8562371,
              50.3401537
            ],
            [
              5.8556175,
              50.3406952
            ],
            [
              5.8578023,
              50.3421088
            ],
            [
              5.8588538,
              50.3431505
            ],
            [
              5.8596772,
              50.3438223
            ],
            [
              5.8601127,
              50.3444539
            ],
            [
              5.8610478,
              50.3452875
            ],
            [
              5.8604253,
              50.3456488
            ],
            [
              5.8612089,
              50.3465804
            ],
            [
              5.8611664,
              50.3468318
            ],
            [
              5.861489,
              50.3470159
            ],
            [
              5.8616758,
              50.3472295
            ],
            [
              5.8618142,
              50.347549
            ],
            [
              5.8617493,
              50.3478169
            ],
            [
              5.8618088,
              50.3480395
            ],
            [
              5.8620101,
              50.3482952
            ],
            [
              5.8627842,
              50.3478288
            ],
            [
              5.8638507,
              50.3468982
            ],
            [
              5.8656795,
              50.3459037
            ],
            [
              5.8676943,
              50.3452738
            ],
            [
              5.8687872,
              50.3447366
            ],
            [
              5.8709658,
              50.3438613
            ],
            [
              5.8725793,
              50.3433428
            ],
            [
              5.8803752,
              50.3415414
            ],
            [
              5.8820419,
              50.3406299
            ],
            [
              5.8831672,
              50.3402139
            ],
            [
              5.8845426,
              50.3398949
            ],
            [
              5.8870968,
              50.3396282
            ],
            [
              5.8881649,
              50.3393117
            ],
            [
              5.8886202,
              50.3388495
            ],
            [
              5.8890885,
              50.338672
            ],
            [
              5.8903281,
              50.33874
            ],
            [
              5.8924737,
              50.3392415
            ],
            [
              5.8940886,
              50.3394259
            ],
            [
              5.8952574,
              50.3396573
            ],
            [
              5.8962485,
              50.3397272
            ],
            [
              5.8974902,
              50.3392122
            ],
            [
              5.8984386,
              50.3395322
            ],
            [
              5.8996384,
              50.3392782
            ],
            [
              5.9009255,
              50.3394033
            ],
            [
              5.9016969,
              50.3392101
            ],
            [
              5.9020384,
              50.3386204
            ],
            [
              5.9022599,
              50.3384711
            ],
            [
              5.9025737,
              50.3383894
            ],
            [
              5.9031435,
              50.3384126
            ],
            [
              5.9032871,
              50.3382149
            ],
            [
              5.9036192,
              50.3380707
            ],
            [
              5.9043997,
              50.3378388
            ],
            [
              5.9047188,
              50.3378258
            ],
            [
              5.9049682,
              50.3377526
            ],
            [
              5.90515,
              50.3375814
            ],
            [
              5.9054412,
              50.337554
            ],
            [
              5.9062189,
              50.3368551
            ],
            [
              5.9066925,
              50.3365999
            ],
            [
              5.9071047,
              50.336451
            ],
            [
              5.9074312,
              50.3364836
            ],
            [
              5.9074862,
              50.3366043
            ],
            [
              5.9081434,
              50.3364716
            ],
            [
              5.9086642,
              50.3364986
            ],
            [
              5.9099251,
              50.3358659
            ],
            [
              5.9098921,
              50.3357461
            ],
            [
              5.9100645,
              50.3356571
            ],
            [
              5.9100702,
              50.3355543
            ],
            [
              5.9104568,
              50.335488
            ],
            [
              5.9107662,
              50.335152
            ],
            [
              5.9110415,
              50.3352102
            ],
            [
              5.9112225,
              50.3350502
            ],
            [
              5.9121788,
              50.3348203
            ],
            [
              5.9122029,
              50.3346919
            ],
            [
              5.9135704,
              50.3348408
            ],
            [
              5.9141114,
              50.3345368
            ],
            [
              5.9147295,
              50.3346543
            ],
            [
              5.9149857,
              50.3346611
            ],
            [
              5.9151468,
              50.3345442
            ],
            [
              5.9156294,
              50.3346157
            ],
            [
              5.9165218,
              50.3344447
            ],
            [
              5.9168931,
              50.3341838
            ],
            [
              5.9170961,
              50.3341338
            ],
            [
              5.9174131,
              50.3343136
            ],
            [
              5.9175413,
              50.3342671
            ],
            [
              5.9174938,
              50.3341605
            ],
            [
              5.9178031,
              50.3341131
            ],
            [
              5.9178982,
              50.3339634
            ],
            [
              5.9182555,
              50.3337825
            ],
            [
              5.9189587,
              50.3336773
            ],
            [
              5.9194475,
              50.3337363
            ],
            [
              5.9198398,
              50.3335854
            ],
            [
              5.920129,
              50.3333528
            ],
            [
              5.9207858,
              50.333204
            ],
            [
              5.9214338,
              50.3329114
            ],
            [
              5.9232473,
              50.3326287
            ],
            [
              5.9236482,
              50.3326372
            ],
            [
              5.9241214,
              50.3324624
            ],
            [
              5.9245481,
              50.332535
            ],
            [
              5.9261506,
              50.3322719
            ],
            [
              5.926774,
              50.3323532
            ],
            [
              5.9268777,
              50.3324476
            ],
            [
              5.9274445,
              50.3325878
            ],
            [
              5.9285422,
              50.3324328
            ],
            [
              5.9285795,
              50.3325259
            ],
            [
              5.9287649,
              50.3326079
            ],
            [
              5.9287759,
              50.3327421
            ],
            [
              5.9291732,
              50.3327718
            ],
            [
              5.9292231,
              50.3329545
            ],
            [
              5.9302236,
              50.3332089
            ],
            [
              5.9302916,
              50.3334981
            ],
            [
              5.9307659,
              50.3337002
            ],
            [
              5.9315625,
              50.333993
            ],
            [
              5.9317052,
              50.3338847
            ],
            [
              5.9320515,
              50.3340615
            ],
            [
              5.9322765,
              50.3340148
            ],
            [
              5.9326494,
              50.3341483
            ],
            [
              5.9329845,
              50.3343884
            ],
            [
              5.9336262,
              50.3346317
            ],
            [
              5.9338674,
              50.3350015
            ],
            [
              5.9346052,
              50.3356198
            ],
            [
              5.9345285,
              50.3357262
            ],
            [
              5.9346323,
              50.3359325
            ],
            [
              5.9352248,
              50.3362668
            ],
            [
              5.9352189,
              50.3366719
            ],
            [
              5.9353822,
              50.3368231
            ],
            [
              5.9359287,
              50.3377795
            ],
            [
              5.9362364,
              50.3377903
            ],
            [
              5.9365524,
              50.338084
            ],
            [
              5.9369514,
              50.3381539
            ],
            [
              5.9371628,
              50.3382984
            ],
            [
              5.9376321,
              50.338312
            ],
            [
              5.9378295,
              50.3382019
            ],
            [
              5.9383082,
              50.3381376
            ],
            [
              5.9383087,
              50.3380652
            ],
            [
              5.9387308,
              50.3381529
            ],
            [
              5.9390457,
              50.3380915
            ],
            [
              5.9395051,
              50.3378994
            ],
            [
              5.9396147,
              50.3377168
            ],
            [
              5.9401019,
              50.3374461
            ],
            [
              5.9404829,
              50.3373374
            ],
            [
              5.9409942,
              50.3373248
            ],
            [
              5.9411482,
              50.3372026
            ],
            [
              5.9415052,
              50.337132
            ],
            [
              5.9419575,
              50.3372143
            ],
            [
              5.9423952,
              50.3370263
            ],
            [
              5.9424603,
              50.3369081
            ],
            [
              5.9423945,
              50.3368478
            ],
            [
              5.9425709,
              50.3367891
            ],
            [
              5.9430443,
              50.3368833
            ],
            [
              5.9435632,
              50.3367837
            ],
            [
              5.9438155,
              50.3366932
            ],
            [
              5.9437812,
              50.3366058
            ],
            [
              5.9440528,
              50.3365161
            ],
            [
              5.944025,
              50.3364237
            ],
            [
              5.9442057,
              50.3363526
            ],
            [
              5.9445557,
              50.3364861
            ],
            [
              5.9451655,
              50.3364186
            ],
            [
              5.945479,
              50.3364686
            ],
            [
              5.9458217,
              50.3363988
            ],
            [
              5.9458527,
              50.3363298
            ],
            [
              5.9465866,
              50.3362212
            ],
            [
              5.9468986,
              50.336237
            ],
            [
              5.9472769,
              50.3363738
            ],
            [
              5.9477355,
              50.336332
            ],
            [
              5.9484572,
              50.3365262
            ],
            [
              5.9490885,
              50.336436
            ],
            [
              5.9493193,
              50.3363792
            ],
            [
              5.9500126,
              50.3359223
            ],
            [
              5.9500212,
              50.335812
            ],
            [
              5.9502635,
              50.3356097
            ],
            [
              5.9505949,
              50.3355215
            ],
            [
              5.9511482,
              50.3355267
            ],
            [
              5.9516838,
              50.3353541
            ],
            [
              5.9519514,
              50.3352263
            ],
            [
              5.9527602,
              50.3345816
            ],
            [
              5.9538495,
              50.3343689
            ],
            [
              5.9543923,
              50.3339714
            ],
            [
              5.9553607,
              50.3335608
            ],
            [
              5.9556485,
              50.3333485
            ],
            [
              5.9557382,
              50.3331082
            ],
            [
              5.955948,
              50.3329681
            ],
            [
              5.956502,
              50.3323347
            ],
            [
              5.956642,
              50.3319752
            ],
            [
              5.9573895,
              50.3313196
            ],
            [
              5.9576645,
              50.3308532
            ],
            [
              5.9581258,
              50.3305278
            ],
            [
              5.9586996,
              50.3302945
            ],
            [
              5.9587609,
              50.3301069
            ],
            [
              5.9591563,
              50.3297709
            ],
            [
              5.9594621,
              50.3292233
            ],
            [
              5.9596581,
              50.3291694
            ],
            [
              5.9598455,
              50.3287248
            ],
            [
              5.9599968,
              50.3286572
            ],
            [
              5.9600575,
              50.3285066
            ],
            [
              5.9601934,
              50.3281291
            ],
            [
              5.9601424,
              50.327869
            ],
            [
              5.9604693,
              50.3276717
            ],
            [
              5.9604988,
              50.3275438
            ],
            [
              5.9608946,
              50.3274177
            ],
            [
              5.9640928,
              50.3278738
            ],
            [
              5.9685953,
              50.3283159
            ],
            [
              5.9722189,
              50.3289577
            ],
            [
              5.9801701,
              50.3298287
            ],
            [
              5.9877746,
              50.3301393
            ],
            [
              5.9937345,
              50.3297503
            ],
            [
              5.9971445,
              50.3297271
            ],
            [
              5.9981816,
              50.3298006
            ],
            [
              5.9986611,
              50.3299862
            ],
            [
              5.9989186,
              50.3301985
            ],
            [
              5.9998181,
              50.3313061
            ],
            [
              6.0004098,
              50.331714
            ],
            [
              6.0020397,
              50.3332564
            ],
            [
              6.0005225,
              50.3359909
            ],
            [
              5.9997712,
              50.3359456
            ],
            [
              5.9978098,
              50.3354592
            ],
            [
              5.9963113,
              50.3353833
            ],
            [
              5.9957282,
              50.3354723
            ],
            [
              5.9978135,
              50.3412325
            ],
            [
              5.9980899,
              50.3417639
            ],
            [
              5.9985935,
              50.3422727
            ],
            [
              5.9989199,
              50.342851
            ],
            [
              5.9989294,
              50.3432694
            ],
            [
              5.9980724,
              50.3441048
            ],
            [
              5.9975137,
              50.3448382
            ],
            [
              5.9976661,
              50.3457694
            ],
            [
              5.9981355,
              50.3463334
            ],
            [
              5.9989326,
              50.3470625
            ],
            [
              5.9994718,
              50.3473872
            ],
            [
              5.9996717,
              50.3477086
            ],
            [
              5.9996898,
              50.3478884
            ],
            [
              5.9996181,
              50.3483616
            ],
            [
              5.9980268,
              50.3494372
            ],
            [
              5.9973307,
              50.3500354
            ],
            [
              5.9966987,
              50.3503685
            ],
            [
              5.994812,
              50.3580968
            ],
            [
              5.991513,
              50.3597723
            ],
            [
              5.9887976,
              50.3608306
            ],
            [
              5.9837535,
              50.3618498
            ],
            [
              5.9822012,
              50.3618182
            ],
            [
              5.978062,
              50.3619228
            ],
            [
              5.9758296,
              50.3621134
            ],
            [
              5.9751162,
              50.3623363
            ],
            [
              5.9748399,
              50.362542
            ],
            [
              5.973191,
              50.3632157
            ],
            [
              5.9714636,
              50.3636794
            ],
            [
              5.9707394,
              50.3642354
            ],
            [
              5.9700327,
              50.3655255
            ],
            [
              5.9692575,
              50.3663031
            ],
            [
              5.9691985,
              50.3664622
            ],
            [
              5.9689973,
              50.3665563
            ],
            [
              5.9689296,
              50.3668147
            ],
            [
              5.9685521,
              50.3670123
            ],
            [
              5.968373,
              50.3672972
            ],
            [
              5.9684052,
              50.3674169
            ],
            [
              5.9682917,
              50.3675377
            ],
            [
              5.968293,
              50.3679301
            ],
            [
              5.9684703,
              50.3682972
            ],
            [
              5.9684607,
              50.3684707
            ],
            [
              5.967962,
              50.3692937
            ],
            [
              5.9679791,
              50.3694972
            ],
            [
              5.9678051,
              50.3700234
            ],
            [
              5.9674188,
              50.3706837
            ],
            [
              5.9674443,
              50.3709421
            ],
            [
              5.96716,
              50.3712808
            ],
            [
              5.9672465,
              50.3716426
            ],
            [
              5.9669682,
              50.37185
            ],
            [
              5.966924,
              50.371951
            ],
            [
              5.9670091,
              50.3721218
            ],
            [
              5.9668244,
              50.3722219
            ],
            [
              5.9666947,
              50.3719086
            ],
            [
              5.9667349,
              50.3715425
            ],
            [
              5.9660992,
              50.3712808
            ],
            [
              5.964337,
              50.3712432
            ],
            [
              5.9628052,
              50.3713817
            ],
            [
              5.9620142,
              50.3715391
            ],
            [
              5.9613088,
              50.371333
            ],
            [
              5.9555069,
              50.3739459
            ],
            [
              5.9434134,
              50.3730898
            ],
            [
              5.9371952,
              50.3710674
            ],
            [
              5.9351626,
              50.3711456
            ],
            [
              5.9334487,
              50.370978
            ],
            [
              5.9297339,
              50.371226
            ],
            [
              5.92931,
              50.3710857
            ],
            [
              5.9289774,
              50.3711234
            ],
            [
              5.9271562,
              50.3720934
            ],
            [
              5.9259811,
              50.3729504
            ],
            [
              5.9232455,
              50.3735338
            ],
            [
              5.9227735,
              50.3737322
            ],
            [
              5.9220549,
              50.3737048
            ],
            [
              5.9217542,
              50.3741701
            ],
            [
              5.9210622,
              50.3742659
            ],
            [
              5.9204775,
              50.3742488
            ],
            [
              5.9199625,
              50.3743515
            ],
            [
              5.9195977,
              50.3742728
            ],
            [
              5.9190506,
              50.3742967
            ],
            [
              5.9159873,
              50.3734903
            ],
            [
              5.9151066,
              50.3747646
            ],
            [
              5.9147523,
              50.3749527
            ],
            [
              5.9140029,
              50.3758225
            ],
            [
              5.9131553,
              50.3763699
            ],
            [
              5.9125116,
              50.3769036
            ],
            [
              5.9119425,
              50.3772132
            ],
            [
              5.9075332,
              50.3779368
            ],
            [
              5.9067929,
              50.3783712
            ],
            [
              5.9061277,
              50.3789186
            ],
            [
              5.9057844,
              50.3793838
            ],
            [
              5.9056395,
              50.3807179
            ],
            [
              5.9050655,
              50.3824283
            ],
            [
              5.9047598,
              50.3829243
            ],
            [
              5.9038744,
              50.3831894
            ],
            [
              5.9030646,
              50.3832048
            ],
            [
              5.902276,
              50.3830782
            ],
            [
              5.9019968,
              50.3829055
            ],
            [
              5.9015518,
              50.3820418
            ],
            [
              5.901069,
              50.3814739
            ],
            [
              5.8998996,
              50.3811729
            ],
            [
              5.8993953,
              50.3807077
            ],
            [
              5.8994597,
              50.3797806
            ],
            [
              5.8997226,
              50.3792196
            ],
            [
              5.8996099,
              50.3784739
            ],
            [
              5.8994812,
              50.3778375
            ],
            [
              5.8992881,
              50.3774339
            ],
            [
              5.8988374,
              50.3770781
            ],
            [
              5.8969814,
              50.3766778
            ],
            [
              5.8950553,
              50.3768164
            ],
            [
              5.8933657,
              50.3771704
            ],
            [
              5.8912198,
              50.3778025
            ],
            [
              5.8896734,
              50.3779915
            ],
            [
              5.8855484,
              50.3779466
            ],
            [
              5.8829252,
              50.3775691
            ],
            [
              5.8785485,
              50.3762506
            ],
            [
              5.8765073,
              50.376139
            ],
            [
              5.8763283,
              50.3761783
            ],
            [
              5.875736,
              50.3765975
            ],
            [
              5.8757436,
              50.3767309
            ],
            [
              5.8756628,
              50.3767587
            ],
            [
              5.8757698,
              50.3769674
            ],
            [
              5.875981,
              50.37694
            ],
            [
              5.8760011,
              50.3767514
            ],
            [
              5.8763324,
              50.3767899
            ],
            [
              5.8760809,
              50.3770405
            ],
            [
              5.8757738,
              50.3771119
            ],
            [
              5.8765121,
              50.3777692
            ],
            [
              5.8776507,
              50.379141
            ],
            [
              5.8784124,
              50.3799038
            ],
            [
              5.879262,
              50.3811229
            ],
            [
              5.8781335,
              50.381574
            ],
            [
              5.8775877,
              50.3809942
            ],
            [
              5.876606,
              50.379725
            ],
            [
              5.875299,
              50.3784619
            ],
            [
              5.8739801,
              50.3790094
            ],
            [
              5.8743475,
              50.3795318
            ],
            [
              5.8746437,
              50.3802339
            ],
            [
              5.875116,
              50.3805726
            ],
            [
              5.875463,
              50.3810839
            ],
            [
              5.8761323,
              50.3826148
            ],
            [
              5.8764222,
              50.3838385
            ],
            [
              5.8765601,
              50.3840907
            ],
            [
              5.874877,
              50.3844653
            ],
            [
              5.874424,
              50.383995
            ],
            [
              5.8738752,
              50.3837128
            ],
            [
              5.8719279,
              50.3831749
            ],
            [
              5.8703132,
              50.3828585
            ],
            [
              5.8665474,
              50.3828867
            ],
            [
              5.8648858,
              50.3831988
            ],
            [
              5.8625026,
              50.3837897
            ],
            [
              5.861671,
              50.3845974
            ],
            [
              5.862692,
              50.3849254
            ],
            [
              5.8628476,
              50.3850058
            ],
            [
              5.8629143,
              50.3852366
            ],
            [
              5.8624396,
              50.3862525
            ],
            [
              5.8616202,
              50.3884654
            ],
            [
              5.8607621,
              50.3881978
            ],
            [
              5.8607568,
              50.3881123
            ],
            [
              5.8603531,
              50.3881029
            ],
            [
              5.8599199,
              50.3879559
            ],
            [
              5.8598475,
              50.3878464
            ],
            [
              5.8595672,
              50.3877481
            ],
            [
              5.8585131,
              50.3879148
            ],
            [
              5.85733,
              50.3878105
            ],
            [
              5.8564717,
              50.3879643
            ],
            [
              5.8551064,
              50.3884534
            ],
            [
              5.853264,
              50.3894095
            ],
            [
              5.8530387,
              50.3896164
            ],
            [
              5.8520249,
              50.3901585
            ],
            [
              5.8510402,
              50.3910477
            ],
            [
              5.8506345,
              50.3910713
            ],
            [
              5.8494789,
              50.3907156
            ],
            [
              5.848111,
              50.390466
            ],
            [
              5.8474566,
              50.3902608
            ],
            [
              5.8469094,
              50.3897785
            ],
            [
              5.8462911,
              50.3890564
            ],
            [
              5.8454974,
              50.3887504
            ],
            [
              5.8441689,
              50.388684
            ],
            [
              5.8433843,
              50.388493
            ],
            [
              5.8428952,
              50.3881088
            ],
            [
              5.8388252,
              50.383875
            ],
            [
              5.8374948,
              50.3842923
            ],
            [
              5.8358211,
              50.3846275
            ],
            [
              5.8345229,
              50.3850243
            ],
            [
              5.833611,
              50.3848669
            ],
            [
              5.8324308,
              50.3843675
            ],
            [
              5.8287937,
              50.3820005
            ],
            [
              5.8268089,
              50.3813574
            ],
            [
              5.826251,
              50.3810632
            ],
            [
              5.8257333,
              50.3809175
            ],
            [
              5.8256753,
              50.3806894
            ],
            [
              5.8245344,
              50.3799822
            ],
            [
              5.8225281,
              50.3789628
            ],
            [
              5.8190841,
              50.3782444
            ],
            [
              5.8160801,
              50.3777928
            ],
            [
              5.815188,
              50.3773435
            ],
            [
              5.8148663,
              50.3760436
            ],
            [
              5.8125288,
              50.3757128
            ],
            [
              5.8083446,
              50.3749328
            ],
            [
              5.8061774,
              50.3746933
            ],
            [
              5.7997722,
              50.3745017
            ],
            [
              5.7954056,
              50.3745838
            ],
            [
              5.7945151,
              50.3745222
            ],
            [
              5.7909317,
              50.3733179
            ],
            [
              5.7893975,
              50.3726884
            ],
            [
              5.7881207,
              50.3723805
            ],
            [
              5.7860179,
              50.3720109
            ],
            [
              5.784194,
              50.3715593
            ],
            [
              5.7798595,
              50.3701976
            ],
            [
              5.7772631,
              50.3695064
            ],
            [
              5.7729118,
              50.3685137
            ],
            [
              5.7706185,
              50.3678224
            ],
            [
              5.7689474,
              50.3674383
            ],
            [
              5.760231,
              50.3657471
            ]
          ]
        ]
      },
      "properties": {
        "type": "boundary",
        "gemeente": "Trois-Ponts"
      }
    }
  ]
}