{
  "type": "FeatureCollection",
  "metadata": {
    "gemeente": "Tubize",
    "slug": "tubize",
    "generated_at": "2026-09-25T22:11:45.060273Z",
    "total_points": 39,
    "providers": [
      "bpost",
      "DHL",
      "GLS",
      "InPost",
      "VintedGo",
      "PostNL",
      "DPD",
      "Amazon"
    ],
    "bounds": [
      4.1591452393173,
      50.68325,
      4.2333839,
      50.708172
    ]
  },
  "features": [
    {
      "type": "Feature",
      "geometry": {
        "type": "Point",
        "coordinates": [
          4.20429,
          50.69804
        ]
      },
      "properties": {
        "type": "pakketpunt",
        "locatieNaam": "Bbox Lidl Tubize",
        "straatNaam": "Rue De Bruxelles",
        "straatNr": "114",
        "vervoerder": "bpost",
        "puntType": "automaat",
        "bezettingsgraad": 50,
        "latitude": 50.69804,
        "longitude": 4.20429,
        "canPickup": true,
        "canDropoff": true,
        "openingstijden": null
      }
    },
    {
      "type": "Feature",
      "geometry": {
        "type": "Point",
        "coordinates": [
          4.22298,
          50.68984
        ]
      },
      "properties": {
        "type": "pakketpunt",
        "locatieNaam": "Bbox 24/7 Park. Clabecq",
        "straatNaam": "Rue Georges Leveau",
        "straatNr": "DISTRIB",
        "vervoerder": "bpost",
        "puntType": "automaat",
        "bezettingsgraad": 50,
        "latitude": 50.68984,
        "longitude": 4.22298,
        "canPickup": true,
        "canDropoff": true,
        "openingstijden": null
      }
    },
    {
      "type": "Feature",
      "geometry": {
        "type": "Point",
        "coordinates": [
          4.20749,
          50.69404
        ]
      },
      "properties": {
        "type": "pakketpunt",
        "locatieNaam": "Bbox 24/7 Luxus Schoenen Tubize",
        "straatNaam": "Rue Du Pont Demeur",
        "straatNr": "2",
        "vervoerder": "bpost",
        "puntType": "automaat",
        "bezettingsgraad": 50,
        "latitude": 50.69404,
        "longitude": 4.20749,
        "canPickup": true,
        "canDropoff": true,
        "openingstijden": null
      }
    },
    {
      "type": "Feature",
      "geometry": {
        "type": "Point",
        "coordinates": [
          4.17489,
          50.70817
        ]
      },
      "properties": {
        "type": "pakketpunt",
        "locatieNaam": "Bbox 24/7 Centre Champagne",
        "straatNaam": "Avenue Leon Champagne",
        "straatNr": "2",
        "vervoerder": "bpost",
        "puntType": "automaat",
        "bezettingsgraad": 50,
        "latitude": 50.70817,
        "longitude": 4.17489,
        "canPickup": true,
        "canDropoff": true,
        "openingstijden": null
      }
    },
    {
      "type": "Feature",
      "geometry": {
        "type": "Point",
        "coordinates": [
          4.20552,
          50.69185
        ]
      },
      "properties": {
        "type": "pakketpunt",
        "locatieNaam": "Bbox 24/7 Gare Tubize",
        "straatNaam": "Plateau De La Gare",
        "straatNr": "32",
        "vervoerder": "bpost",
        "puntType": "automaat",
        "bezettingsgraad": 50,
        "latitude": 50.69185,
        "longitude": 4.20552,
        "canPickup": true,
        "canDropoff": true,
        "openingstijden": null
      }
    },
    {
      "type": "Feature",
      "geometry": {
        "type": "Point",
        "coordinates": [
          4.20428,
          50.69047
        ]
      },
      "properties": {
        "type": "pakketpunt",
        "locatieNaam": "Tubize Centre",
        "straatNaam": "Rue De L'Industrie",
        "straatNr": "15",
        "vervoerder": "bpost",
        "puntType": "postkantoor",
        "bezettingsgraad": 50,
        "latitude": 50.69047,
        "longitude": 4.20428,
        "canPickup": true,
        "canDropoff": true,
        "openingstijden": null
      }
    },
    {
      "type": "Feature",
      "geometry": {
        "type": "Point",
        "coordinates": [
          4.2284,
          50.68325
        ]
      },
      "properties": {
        "type": "pakketpunt",
        "locatieNaam": "Bbox 24/7 Intermarché Clabecq",
        "straatNaam": "Rue Raymond Pieret",
        "straatNr": "1",
        "vervoerder": "bpost",
        "puntType": "automaat",
        "bezettingsgraad": 50,
        "latitude": 50.68325,
        "longitude": 4.2284,
        "canPickup": true,
        "canDropoff": true,
        "openingstijden": null
      }
    },
    {
      "type": "Feature",
      "geometry": {
        "type": "Point",
        "coordinates": [
          4.174885,
          50.708172
        ]
      },
      "properties": {
        "type": "pakketpunt",
        "locatieNaam": "BBOX 24/7 CENTRE CHAMPAGNE",
        "straatNaam": "AVENUE LEON CHAMPAGNE",
        "straatNr": "2",
        "vervoerder": "DHL",
        "puntType": "packStation",
        "bezettingsgraad": 50,
        "latitude": 50.708172,
        "longitude": 4.174885,
        "canPickup": true,
        "canDropoff": true,
        "openingstijden": {
          "ma": "00:00 - 23:59",
          "di": "00:00 - 23:59",
          "wo": "00:00 - 23:59",
          "do": "00:00 - 23:59",
          "vr": "00:00 - 23:59",
          "za": "00:00 - 23:59",
          "zo": "00:00 - 23:59"
        }
      }
    },
    {
      "type": "Feature",
      "geometry": {
        "type": "Point",
        "coordinates": [
          4.204279,
          50.690467
        ]
      },
      "properties": {
        "type": "pakketpunt",
        "locatieNaam": "TUBIZE CENTRE",
        "straatNaam": "RUE DE L'INDUSTRIE",
        "straatNr": "15",
        "vervoerder": "DHL",
        "puntType": "postOffice",
        "bezettingsgraad": 50,
        "latitude": 50.690467,
        "longitude": 4.204279,
        "canPickup": true,
        "canDropoff": true,
        "openingstijden": {
          "ma": "09:30 - 12:30, 13:30 - 17:00",
          "di": "09:30 - 12:30, 13:30 - 18:00",
          "wo": "09:30 - 12:30, 13:30 - 17:00",
          "do": "09:30 - 12:30, 13:30 - 18:00",
          "vr": "09:30 - 12:30, 13:30 - 17:00",
          "za": "09:30 - 13:00",
          "zo": "gesloten"
        }
      }
    },
    {
      "type": "Feature",
      "geometry": {
        "type": "Point",
        "coordinates": [
          4.205522,
          50.691853
        ]
      },
      "properties": {
        "type": "pakketpunt",
        "locatieNaam": "BBOX 24/7 GARE TUBIZE",
        "straatNaam": "PLATEAU DE LA GARE",
        "straatNr": "32",
        "vervoerder": "DHL",
        "puntType": "packStation",
        "bezettingsgraad": 50,
        "latitude": 50.691853,
        "longitude": 4.205522,
        "canPickup": true,
        "canDropoff": true,
        "openingstijden": {
          "ma": "00:00 - 23:59",
          "di": "00:00 - 23:59",
          "wo": "00:00 - 23:59",
          "do": "00:00 - 23:59",
          "vr": "00:00 - 23:59",
          "za": "00:00 - 23:59",
          "zo": "00:00 - 23:59"
        }
      }
    },
    {
      "type": "Feature",
      "geometry": {
        "type": "Point",
        "coordinates": [
          4.20429,
          50.698039
        ]
      },
      "properties": {
        "type": "pakketpunt",
        "locatieNaam": "BBOX LIDL TUBIZE",
        "straatNaam": "RUE DE BRUXELLES",
        "straatNr": "114",
        "vervoerder": "DHL",
        "puntType": "packStation",
        "bezettingsgraad": 50,
        "latitude": 50.698039,
        "longitude": 4.20429,
        "canPickup": true,
        "canDropoff": true,
        "openingstijden": {
          "ma": "08:30 - 20:00",
          "di": "08:30 - 20:00",
          "wo": "08:30 - 20:00",
          "do": "08:30 - 20:00",
          "vr": "08:30 - 20:00",
          "za": "08:30 - 19:00",
          "zo": "gesloten"
        }
      }
    },
    {
      "type": "Feature",
      "geometry": {
        "type": "Point",
        "coordinates": [
          4.207495,
          50.694043
        ]
      },
      "properties": {
        "type": "pakketpunt",
        "locatieNaam": "BBOX 24/7 LUXUS SHOES TUBIZE",
        "straatNaam": "RUE DU PONT DEMEUR",
        "straatNr": "2",
        "vervoerder": "DHL",
        "puntType": "packStation",
        "bezettingsgraad": 50,
        "latitude": 50.694043,
        "longitude": 4.207495,
        "canPickup": true,
        "canDropoff": true,
        "openingstijden": {
          "ma": "00:00 - 23:59",
          "di": "00:00 - 23:59",
          "wo": "00:00 - 23:59",
          "do": "00:00 - 23:59",
          "vr": "00:00 - 23:59",
          "za": "00:00 - 23:59",
          "zo": "00:00 - 23:59"
        }
      }
    },
    {
      "type": "Feature",
      "geometry": {
        "type": "Point",
        "coordinates": [
          4.2284,
          50.68325
        ]
      },
      "properties": {
        "type": "pakketpunt",
        "locatieNaam": "BBOX 24/7 INTERMARCHÉ CLABECQ",
        "straatNaam": "RUE RAYMOND PIERET",
        "straatNr": "1",
        "vervoerder": "DHL",
        "puntType": "packStation",
        "bezettingsgraad": 50,
        "latitude": 50.68325,
        "longitude": 4.2284,
        "canPickup": true,
        "canDropoff": true,
        "openingstijden": {
          "ma": "00:00 - 23:59",
          "di": "00:00 - 23:59",
          "wo": "00:00 - 23:59",
          "do": "00:00 - 23:59",
          "vr": "00:00 - 23:59",
          "za": "00:00 - 23:59",
          "zo": "00:00 - 23:59"
        }
      }
    },
    {
      "type": "Feature",
      "geometry": {
        "type": "Point",
        "coordinates": [
          4.222977,
          50.689838
        ]
      },
      "properties": {
        "type": "pakketpunt",
        "locatieNaam": "BBOX 24/7 PARK. CLABECQ",
        "straatNaam": "RUE GEORGES LEVEAU",
        "straatNr": "DISTRIB",
        "vervoerder": "DHL",
        "puntType": "packStation",
        "bezettingsgraad": 50,
        "latitude": 50.689838,
        "longitude": 4.222977,
        "canPickup": true,
        "canDropoff": true,
        "openingstijden": {
          "ma": "00:00 - 23:59",
          "di": "00:00 - 23:59",
          "wo": "00:00 - 23:59",
          "do": "00:00 - 23:59",
          "vr": "00:00 - 23:59",
          "za": "00:00 - 23:59",
          "zo": "00:00 - 23:59"
        }
      }
    },
    {
      "type": "Feature",
      "geometry": {
        "type": "Point",
        "coordinates": [
          4.2280035,
          50.683659
        ]
      },
      "properties": {
        "type": "pakketpunt",
        "locatieNaam": "GLS Parcel Locker powered by bbox",
        "straatNaam": "Rue Raymond Pieret",
        "straatNr": "1",
        "vervoerder": "GLS",
        "puntType": "locker",
        "bezettingsgraad": 50,
        "latitude": 50.683659,
        "longitude": 4.2280035,
        "canPickup": true,
        "canDropoff": true,
        "openingstijden": "vr: 00:00 - 24:00; za: 00:00 - 24:00"
      }
    },
    {
      "type": "Feature",
      "geometry": {
        "type": "Point",
        "coordinates": [
          4.2333839,
          50.6905019
        ]
      },
      "properties": {
        "type": "pakketpunt",
        "locatieNaam": "Craftland",
        "straatNaam": "Rue Saint-Jean",
        "straatNr": "162",
        "vervoerder": "GLS",
        "puntType": "parcel_shop",
        "bezettingsgraad": 50,
        "latitude": 50.6905019,
        "longitude": 4.2333839,
        "canPickup": true,
        "canDropoff": true,
        "openingstijden": "vr: 08:00 - 12:30, 13:00 - 20:00; za: 08:00 - 12:30, 13:00 - 20:00"
      }
    },
    {
      "type": "Feature",
      "geometry": {
        "type": "Point",
        "coordinates": [
          4.20516,
          50.69305
        ]
      },
      "properties": {
        "type": "pakketpunt",
        "locatieNaam": "Photo Poley",
        "straatNaam": "Grand'Place",
        "straatNr": "3",
        "vervoerder": "GLS",
        "puntType": "parcel_shop",
        "bezettingsgraad": 50,
        "latitude": 50.69305,
        "longitude": 4.20516,
        "canPickup": true,
        "canDropoff": true,
        "openingstijden": "vr: 09:00 - 18:00; za: 09:30 - 17:00"
      }
    },
    {
      "type": "Feature",
      "geometry": {
        "type": "Point",
        "coordinates": [
          4.17484,
          50.70804
        ]
      },
      "properties": {
        "type": "pakketpunt",
        "locatieNaam": "GLS Parcel Locker powered by bbox",
        "straatNaam": "Avenue Leon Champagne",
        "straatNr": "2",
        "vervoerder": "GLS",
        "puntType": "locker",
        "bezettingsgraad": 50,
        "latitude": 50.70804,
        "longitude": 4.17484,
        "canPickup": true,
        "canDropoff": true,
        "openingstijden": "vr: 08:00 - 24:00; za: 08:00 - 24:00"
      }
    },
    {
      "type": "Feature",
      "geometry": {
        "type": "Point",
        "coordinates": [
          4.19481,
          50.68417
        ]
      },
      "properties": {
        "type": "pakketpunt",
        "locatieNaam": "LEONIDAS",
        "straatNaam": "Rue de Mons 41",
        "straatNr": "",
        "vervoerder": "InPost",
        "puntType": "servicepunt",
        "bezettingsgraad": 50,
        "latitude": 50.68417,
        "longitude": 4.19481,
        "canPickup": true,
        "canDropoff": true,
        "openingstijden": null
      }
    },
    {
      "type": "Feature",
      "geometry": {
        "type": "Point",
        "coordinates": [
          4.20453,
          50.69452
        ]
      },
      "properties": {
        "type": "pakketpunt",
        "locatieNaam": "ESSO TUBIZE",
        "straatNaam": "4 Rue de Nivelles",
        "straatNr": "",
        "vervoerder": "InPost",
        "puntType": "servicepunt",
        "bezettingsgraad": 50,
        "latitude": 50.69452,
        "longitude": 4.20453,
        "canPickup": true,
        "canDropoff": true,
        "openingstijden": null
      }
    },
    {
      "type": "Feature",
      "geometry": {
        "type": "Point",
        "coordinates": [
          4.20884,
          50.69225
        ]
      },
      "properties": {
        "type": "pakketpunt",
        "locatieNaam": "LIBRAIRIE HANON",
        "straatNaam": "Rue de la Déportation 64",
        "straatNr": "",
        "vervoerder": "InPost",
        "puntType": "servicepunt",
        "bezettingsgraad": 50,
        "latitude": 50.69225,
        "longitude": 4.20884,
        "canPickup": true,
        "canDropoff": true,
        "openingstijden": null
      }
    },
    {
      "type": "Feature",
      "geometry": {
        "type": "Point",
        "coordinates": [
          4.20661,
          50.69469
        ]
      },
      "properties": {
        "type": "pakketpunt",
        "locatieNaam": "",
        "straatNaam": "Rue du Bailli",
        "straatNr": "26",
        "vervoerder": "InPost",
        "puntType": "automaat",
        "bezettingsgraad": 50,
        "latitude": 50.69469,
        "longitude": 4.20661,
        "canPickup": true,
        "canDropoff": true,
        "openingstijden": "24/7"
      }
    },
    {
      "type": "Feature",
      "geometry": {
        "type": "Point",
        "coordinates": [
          4.22769,
          50.68368
        ]
      },
      "properties": {
        "type": "pakketpunt",
        "locatieNaam": "",
        "straatNaam": "Rue Raymond Piéret",
        "straatNr": "1",
        "vervoerder": "InPost",
        "puntType": "automaat",
        "bezettingsgraad": 50,
        "latitude": 50.68368,
        "longitude": 4.22769,
        "canPickup": true,
        "canDropoff": true,
        "openingstijden": "24/7"
      }
    },
    {
      "type": "Feature",
      "geometry": {
        "type": "Point",
        "coordinates": [
          4.20499354,
          50.69298962
        ]
      },
      "properties": {
        "type": "pakketpunt",
        "locatieNaam": "Photo Poley Espaces Multimedia",
        "straatNaam": "Grand Place",
        "straatNr": "3",
        "vervoerder": "VintedGo",
        "puntType": "parcel_shop",
        "bezettingsgraad": 50,
        "latitude": 50.69298962,
        "longitude": 4.20499354,
        "canPickup": true,
        "canDropoff": true,
        "openingstijden": null
      }
    },
    {
      "type": "Feature",
      "geometry": {
        "type": "Point",
        "coordinates": [
          4.15922,
          50.70638
        ]
      },
      "properties": {
        "type": "pakketpunt",
        "locatieNaam": "Louis Delhaize Saintes",
        "straatNaam": "Chaussée d'Enghien",
        "straatNr": "248",
        "vervoerder": "VintedGo",
        "puntType": "parcel_shop",
        "bezettingsgraad": 50,
        "latitude": 50.70638,
        "longitude": 4.15922,
        "canPickup": true,
        "canDropoff": true,
        "openingstijden": null
      }
    },
    {
      "type": "Feature",
      "geometry": {
        "type": "Point",
        "coordinates": [
          4.2333418,
          50.690385
        ]
      },
      "properties": {
        "type": "pakketpunt",
        "locatieNaam": "Craft Land",
        "straatNaam": "Rue Saint-Jean",
        "straatNr": "162",
        "vervoerder": "VintedGo",
        "puntType": "parcel_shop",
        "bezettingsgraad": 50,
        "latitude": 50.690385,
        "longitude": 4.2333418,
        "canPickup": true,
        "canDropoff": true,
        "openingstijden": null
      }
    },
    {
      "type": "Feature",
      "geometry": {
        "type": "Point",
        "coordinates": [
          4.2051888,
          50.6914889
        ]
      },
      "properties": {
        "type": "pakketpunt",
        "locatieNaam": "Lavoir Tubize Good Wash",
        "straatNaam": "Plateau de la Gare",
        "straatNr": "47",
        "vervoerder": "VintedGo",
        "puntType": "locker",
        "bezettingsgraad": 50,
        "latitude": 50.6914889,
        "longitude": 4.2051888,
        "canPickup": true,
        "canDropoff": true,
        "openingstijden": null
      }
    },
    {
      "type": "Feature",
      "geometry": {
        "type": "Point",
        "coordinates": [
          4.2075846,
          50.6921133
        ]
      },
      "properties": {
        "type": "pakketpunt",
        "locatieNaam": "Carrefour Market Tubize",
        "straatNaam": "Rue De La Déportation",
        "straatNr": "47",
        "vervoerder": "VintedGo",
        "puntType": "locker",
        "bezettingsgraad": 50,
        "latitude": 50.6921133,
        "longitude": 4.2075846,
        "canPickup": true,
        "canDropoff": true,
        "openingstijden": null
      }
    },
    {
      "type": "Feature",
      "geometry": {
        "type": "Point",
        "coordinates": [
          4.1591452393173,
          50.706382077132
        ]
      },
      "properties": {
        "type": "pakketpunt",
        "locatieNaam": "Louis Delhaize Saintes",
        "straatNaam": "Chaussée d'Enghien",
        "straatNr": "248",
        "vervoerder": "PostNL",
        "puntType": "servicepunt",
        "bezettingsgraad": 50,
        "latitude": 50.706382077132,
        "longitude": 4.1591452393173,
        "canPickup": true,
        "canDropoff": true,
        "openingstijden": "07:00 - 20:00"
      }
    },
    {
      "type": "Feature",
      "geometry": {
        "type": "Point",
        "coordinates": [
          4.205128,
          50.693028
        ]
      },
      "properties": {
        "type": "pakketpunt",
        "locatieNaam": "Poley Espace Multimedia",
        "straatNaam": "Grand Place",
        "straatNr": "3",
        "vervoerder": "PostNL",
        "puntType": "servicepunt",
        "bezettingsgraad": 50,
        "latitude": 50.693028,
        "longitude": 4.205128,
        "canPickup": true,
        "canDropoff": true,
        "openingstijden": "09:30 - 17:30"
      }
    },
    {
      "type": "Feature",
      "geometry": {
        "type": "Point",
        "coordinates": [
          4.233225,
          50.690462
        ]
      },
      "properties": {
        "type": "pakketpunt",
        "locatieNaam": "Craftland srl",
        "straatNaam": "Rue Saint-Jean",
        "straatNr": "162",
        "vervoerder": "PostNL",
        "puntType": "servicepunt",
        "bezettingsgraad": 50,
        "latitude": 50.690462,
        "longitude": 4.233225,
        "canPickup": true,
        "canDropoff": true,
        "openingstijden": "09:30 - 20:30"
      }
    },
    {
      "type": "Feature",
      "geometry": {
        "type": "Point",
        "coordinates": [
          4.20516,
          50.69305
        ]
      },
      "properties": {
        "type": "pakketpunt",
        "locatieNaam": "POLEY",
        "straatNaam": "GRAND'PLACE",
        "straatNr": "3",
        "vervoerder": "DPD",
        "puntType": "pickup_point",
        "bezettingsgraad": 50,
        "latitude": 50.69305,
        "longitude": 4.20516,
        "canPickup": true,
        "canDropoff": true,
        "openingstijden": {
          "ma": "09:00 - 18:00",
          "di": "09:00 - 18:00",
          "wo": "09:00 - 18:00",
          "do": "09:00 - 18:00",
          "vr": "09:00 - 18:00",
          "za": "10:00 - 17:00",
          "zo": "gesloten"
        }
      }
    },
    {
      "type": "Feature",
      "geometry": {
        "type": "Point",
        "coordinates": [
          4.2284,
          50.68325
        ]
      },
      "properties": {
        "type": "pakketpunt",
        "locatieNaam": "bpost - BBOX 24/7 INTERMARCHÉ CLABECQ",
        "straatNaam": "RUE RAYMOND PIERET,1",
        "straatNr": "",
        "vervoerder": "Amazon",
        "puntType": "3p",
        "bezettingsgraad": 50,
        "latitude": 50.68325,
        "longitude": 4.2284,
        "canPickup": true,
        "canDropoff": false,
        "openingstijden": null
      }
    },
    {
      "type": "Feature",
      "geometry": {
        "type": "Point",
        "coordinates": [
          4.2229771,
          50.6898384
        ]
      },
      "properties": {
        "type": "pakketpunt",
        "locatieNaam": "bpost - BBOX 24/7 PARK. CLABECQ",
        "straatNaam": "RUE GEORGES LEVEAU,DISTRIB",
        "straatNr": "",
        "vervoerder": "Amazon",
        "puntType": "3p",
        "bezettingsgraad": 50,
        "latitude": 50.6898384,
        "longitude": 4.2229771,
        "canPickup": true,
        "canDropoff": false,
        "openingstijden": null
      }
    },
    {
      "type": "Feature",
      "geometry": {
        "type": "Point",
        "coordinates": [
          4.207495,
          50.694043
        ]
      },
      "properties": {
        "type": "pakketpunt",
        "locatieNaam": "bpost - BBOX 24/7 LUXUS SHOES TUBIZE",
        "straatNaam": "RUE DU PONT DEMEUR,2",
        "straatNr": "",
        "vervoerder": "Amazon",
        "puntType": "3p",
        "bezettingsgraad": 50,
        "latitude": 50.694043,
        "longitude": 4.207495,
        "canPickup": true,
        "canDropoff": false,
        "openingstijden": null
      }
    },
    {
      "type": "Feature",
      "geometry": {
        "type": "Point",
        "coordinates": [
          4.20429,
          50.698039
        ]
      },
      "properties": {
        "type": "pakketpunt",
        "locatieNaam": "bpost - BBOX LIDL TUBIZE",
        "straatNaam": "RUE DE BRUXELLES,114",
        "straatNr": "",
        "vervoerder": "Amazon",
        "puntType": "3p",
        "bezettingsgraad": 50,
        "latitude": 50.698039,
        "longitude": 4.20429,
        "canPickup": true,
        "canDropoff": false,
        "openingstijden": null
      }
    },
    {
      "type": "Feature",
      "geometry": {
        "type": "Point",
        "coordinates": [
          4.204279,
          50.690467
        ]
      },
      "properties": {
        "type": "pakketpunt",
        "locatieNaam": "bpost - TUBIZE CENTRE",
        "straatNaam": "RUE DE L'INDUSTRIE,15",
        "straatNr": "",
        "vervoerder": "Amazon",
        "puntType": "3p",
        "bezettingsgraad": 50,
        "latitude": 50.690467,
        "longitude": 4.204279,
        "canPickup": true,
        "canDropoff": false,
        "openingstijden": null
      }
    },
    {
      "type": "Feature",
      "geometry": {
        "type": "Point",
        "coordinates": [
          4.2055215,
          50.6918525
        ]
      },
      "properties": {
        "type": "pakketpunt",
        "locatieNaam": "bpost - BBOX 24/7 GARE TUBIZE",
        "straatNaam": "PLATEAU DE LA GARE,32",
        "straatNr": "",
        "vervoerder": "Amazon",
        "puntType": "3p",
        "bezettingsgraad": 50,
        "latitude": 50.6918525,
        "longitude": 4.2055215,
        "canPickup": true,
        "canDropoff": false,
        "openingstijden": null
      }
    },
    {
      "type": "Feature",
      "geometry": {
        "type": "Point",
        "coordinates": [
          4.1748852,
          50.7081718
        ]
      },
      "properties": {
        "type": "pakketpunt",
        "locatieNaam": "bpost - BBOX 24/7 CENTRE CHAMPAGNE",
        "straatNaam": "AVENUE LEON CHAMPAGNE,2",
        "straatNr": "",
        "vervoerder": "Amazon",
        "puntType": "3p",
        "bezettingsgraad": 50,
        "latitude": 50.7081718,
        "longitude": 4.1748852,
        "canPickup": true,
        "canDropoff": false,
        "openingstijden": null
      }
    },
    {
      "type": "Feature",
      "geometry": {
        "type": "MultiPolygon",
        "coordinates": [
          [
            [
              [
                4.198558215790758,
                50.68290385881998
              ],
              [
                4.1983448209875975,
                50.682676549924835
              ],
              [
                4.198097387148785,
                50.682463623819785
              ],
              [
                4.1978182973991265,
                50.68226713089388
              ],
              [
                4.197510239595564,
                50.68208896326725
              ],
              [
                4.1971761804389525,
                50.68193083657723
              ],
              [
                4.19681933690558,
                50.681794273463986
              ],
              [
                4.1964431452734585,
                50.681680588914695
              ],
              [
                4.1960512280414,
                50.68159087760669
              ],
              [
                4.195647359058977,
                50.681526003371616
              ],
              [
                4.195235427202573,
                50.681486590881505
              ],
              [
                4.194819398946522,
                50.68147301963678
              ],
              [
                4.19440328018895,
                50.681485420313926
              ],
              [
                4.193991077698974,
                50.68152367350776
              ],
              [
                4.193586760555513,
                50.68158741088071
              ],
              [
                4.193194221948128,
                50.68167601870763
              ],
              [
                4.192817241706726,
                50.68178864378258
              ],
              [
                4.192459449920171,
                50.68192420163028
              ],
              [
                4.19212429199332,
                50.68208138694395
              ],
              [
                4.191814995478413,
                50.68225868614882
              ],
              [
                4.191534538999739,
                50.682454391970765
              ],
              [
                4.191285623570543,
                50.68266661987007
              ],
              [
                4.191070646578356,
                50.68289332618232
              ],
              [
                4.190891678689309,
                50.6831323277921
              ],
              [
                4.19075044389418,
                50.683381323150336
              ],
              [
                4.190648302888833,
                50.683637914432865
              ],
              [
                4.1905862399496865,
                50.68389963062775
              ],
              [
                4.1905648534314475,
                50.68416395132838
              ],
              [
                4.190584349979469,
                50.68442833100397
              ],
              [
                4.190644542513445,
                50.68469022351361
              ],
              [
                4.190744852002896,
                50.68494710662768
              ],
              [
                4.1908843130183095,
                50.685196506320764
              ],
              [
                4.191061583005472,
                50.68543602060162
              ],
              [
                4.191274955194571,
                50.68566334265101
              ],
              [
                4.191522375020519,
                50.6858762830439
              ],
              [
                4.19180145989701,
                50.686072790842175
              ],
              [
                4.19210952215438,
                50.686250973354134
              ],
              [
                4.192443594920614,
                50.68640911437044
              ],
              [
                4.192800460696416,
                50.68654569070034
              ],
              [
                4.193176682349009,
                50.68665938684878
              ],
              [
                4.19356863622591,
                50.68674910769269
              ],
              [
                4.193972547069307,
                50.686813989033915
              ],
              [
                4.194384524394122,
                50.68685340592739
              ],
              [
                4.194800599978699,
                50.68686697870343
              ],
              [
                4.195216766106095,
                50.68685457662674
              ],
              [
                4.195629014186807,
                50.68681631915627
              ],
              [
                4.1960333733898825,
                50.68675257479395
              ],
              [
                4.196425948909436,
                50.686663957533476
              ],
              [
                4.196802959497045,
                50.686551320943394
              ],
              [
                4.197160773897661,
                50.68641574994144
              ],
              [
                4.197495945837378,
                50.68625855033993
              ],
              [
                4.197805247225451,
                50.686081236262694
              ],
              [
                4.198085699250319,
                50.68588551555541
              ],
              [
                4.198334601069891,
                50.68567327332984
              ],
              [
                4.198549555819648,
                50.685446553800915
              ],
              [
                4.1987284936882245,
                50.685207540591975
              ],
              [
                4.19886969183851,
                50.68495853569787
              ],
              [
                4.198971790982884,
                50.68470193730916
              ],
              [
                4.199033808453618,
                50.684440216710925
              ],
              [
                4.1990551476433335,
                50.68417589447897
              ],
              [
                4.199035603725487,
                50.68391151620292
              ],
              [
                4.198975365600776,
                50.68364962796993
              ],
              [
                4.19887501405171,
                50.68339275184524
              ],
              [
                4.198735516124128,
                50.68314336158569
              ],
              [
                4.198558215790758,
                50.68290385881998
              ]
            ]
          ],
          [
            [
              [
                4.2078139930416905,
                50.688973265697335
              ],
              [
                4.207566483428058,
                50.68876035994803
              ],
              [
                4.207287316977451,
                50.68856388991873
              ],
              [
                4.206979182285326,
                50.68838574750909
              ],
              [
                4.206645046792828,
                50.688227648113546
              ],
              [
                4.206288128211179,
                50.68809111410946
              ],
              [
                4.205911863540908,
                50.68797746020362
              ],
              [
                4.205519875983974,
                50.68788778077835
              ],
              [
                4.205115940066963,
                50.687822939358185
              ],
              [
                4.204703945310634,
                50.68778356029928
              ],
              [
                4.204287858794849,
                50.68777002278009
              ],
              [
                4.203871686978615,
                50.68778245715236
              ],
              [
                4.203459437141863,
                50.68782074368647
              ],
              [
                4.203055078819363,
                50.687884513723816
              ],
              [
                4.202662505597172,
                50.68797315322474
              ],
              [
                4.202285497638527,
                50.688085808678295
              ],
              [
                4.201927685299238,
                50.68822139531668
              ],
              [
                4.201592514182167,
                50.68837860755592
              ],
              [
                4.201283211966694,
                50.6885559315619
              ],
              [
                4.201002757332162,
                50.68875165982169
              ],
              [
                4.200753851274249,
                50.68896390757949
              ],
              [
                4.2005388910904555,
                50.68919063097965
              ],
              [
                4.200359947285275,
                50.68942964674215
              ],
              [
                4.2002187436178,
                50.68967865318155
              ],
              [
                4.200116640484366,
                50.68993525236702
              ],
              [
                4.200054621796913,
                50.690196973210405
              ],
              [
                4.200033285484204,
                50.69046129526029
              ],
              [
                4.2000528377082835,
                50.69072567297287
              ],
              [
                4.200113090852823,
                50.69098756022605
              ],
              [
                4.200113843566702,
                50.69098948655459
              ],
              [
                4.200114090598885,
                50.69099056026131
              ],
              [
                4.200214465061648,
                50.691247434875024
              ],
              [
                4.200353994778085,
                50.69149682290632
              ],
              [
                4.20053133653239,
                50.69173632247628
              ],
              [
                4.200744782863575,
                50.69196362690725
              ],
              [
                4.2009619074834745,
                50.692150418952664
              ],
              [
                4.20093305450926,
                50.692201298455615
              ],
              [
                4.200830949800948,
                50.69245789811602
              ],
              [
                4.200768931760142,
                50.69271961918635
              ],
              [
                4.20074759830945,
                50.692983941213036
              ],
              [
                4.20076715558343,
                50.69324831865243
              ],
              [
                4.200771599593211,
                50.6932676320749
              ],
              [
                4.2006106049792615,
                50.69348265612084
              ],
              [
                4.20046939050071,
                50.69373166263057
              ],
              [
                4.200367279956595,
                50.69398826179535
              ],
              [
                4.200305257330329,
                50.694249982527204
              ],
              [
                4.2002839205887215,
                50.694514304375836
              ],
              [
                4.200303475898068,
                50.69477868179934
              ],
              [
                4.200363735612443,
                50.695040568678394
              ],
              [
                4.20046412005462,
                50.69529744283761
              ],
              [
                4.200603663073428,
                50.6955468303377
              ],
              [
                4.200781021325042,
                50.69578632930484
              ],
              [
                4.200994487189665,
                50.696013633067174
              ],
              [
                4.201201874253266,
                50.69619203120249
              ],
              [
                4.2010132309050965,
                50.696323663121575
              ],
              [
                4.200764284930281,
                50.696535910530926
              ],
              [
                4.200549290282748,
                50.69676263355412
              ],
              [
                4.200370317798999,
                50.69700164891481
              ],
              [
                4.200229091514457,
                50.69725065493143
              ],
              [
                4.2001269720434395,
                50.697507253677195
              ],
              [
                4.200064943455422,
                50.69776897406822
              ],
              [
                4.200043603774724,
                50.69803329565745
              ],
              [
                4.200043642333098,
                50.69803381694583
              ],
              [
                4.200043603684681,
                50.698034295657465
              ],
              [
                4.200063159106418,
                50.69829867290543
              ],
              [
                4.200123421984137,
                50.69856055969461
              ],
              [
                4.200223812610246,
                50.69881743385043
              ],
              [
                4.200363364774116,
                50.69906682143367
              ],
              [
                4.200540735043926,
                50.699306320569676
              ],
              [
                4.200754215684211,
                50.69953362458499
              ],
              [
                4.201001751085473,
                50.69974654422824
              ],
              [
                4.201280957548309,
                50.69994302876108
              ],
              [
                4.201589146231975,
                50.70012118571586
              ],
              [
                4.201923349046693,
                50.70027929912934
              ],
              [
                4.2022803472404435,
                50.700415846076616
              ],
              [
                4.202656702404849,
                50.70052951134561
              ],
              [
                4.203048789601247,
                50.70061920011061
              ],
              [
                4.203452832287463,
                50.700684048482515
              ],
              [
                4.2038649387082625,
                50.70072343183372
              ],
              [
                4.204281139398285,
                50.7007369708177
              ],
              [
                4.20469742543534,
                50.70072453502459
              ],
              [
                4.205109787074737,
                50.70068624423811
              ],
              [
                4.205514252391562,
                50.70062246728112
              ],
              [
                4.205906925557718,
                50.70053381846128
              ],
              [
                4.206284024384192,
                50.7004211516511
              ],
              [
                4.206641916766022,
                50.70028555205944
              ],
              [
                4.206977155678265,
                50.70012832577396
              ],
              [
                4.207286512385242,
                50.699950987175534
              ],
              [
                4.207567007542773,
                50.699755244345994
              ],
              [
                4.207815939893589,
                50.69954298261017
              ],
              [
                4.208030912279421,
                50.699316246370906
              ],
              [
                4.208209854719403,
                50.69907721941244
              ],
              [
                4.208351044332788,
                50.69882820386204
              ],
              [
                4.208453121914592,
                50.69857159801287
              ],
              [
                4.208515105005185,
                50.69830987322179
              ],
              [
                4.208536397328725,
                50.69804555010495
              ],
              [
                4.208536358676464,
                50.69804502881938
              ],
              [
                4.208536397238681,
                50.698044550104946
              ],
              [
                4.208516794420804,
                50.69778017426038
              ],
              [
                4.208456485930287,
                50.69751829175185
              ],
              [
                4.208356053227632,
                50.69726142458937
              ],
              [
                4.2083003212290535,
                50.69716185881688
              ],
              [
                4.208603999876187,
                50.69707111393287
              ],
              [
                4.208961860163985,
                50.69693550713397
              ],
              [
                4.209297067527677,
                50.69677827407405
              ],
              [
                4.209606393535485,
                50.696600929199185
              ],
              [
                4.209886859138932,
                50.69640518065167
              ],
              [
                4.210135763365403,
                50.69619291381138
              ],
              [
                4.21020867807689,
                50.696115998344574
              ],
              [
                4.210491388286692,
                50.69595390680161
              ],
              [
                4.210771846368995,
                50.695758156101604
              ],
              [
                4.211020743197413,
                50.69554588734528
              ],
              [
                4.211235681955803,
                50.69531914500311
              ],
              [
                4.211414592987145,
                50.69508011291809
              ],
              [
                4.2115557537131485,
                50.69483109326682
              ],
              [
                4.211657805206978,
                50.69457448438195
              ],
              [
                4.211719765260173,
                50.69431275764956
              ],
              [
                4.21172694098375,
                50.69422359543271
              ],
              [
                4.211836328866259,
                50.69416087311939
              ],
              [
                4.212116770703867,
                50.69396511911166
              ],
              [
                4.212365652016573,
                50.69375284740393
              ],
              [
                4.212580576137666,
                50.693526102495014
              ],
              [
                4.21275947355109,
                50.69328706825271
              ],
              [
                4.212900621809687,
                50.69303804687435
              ],
              [
                4.213002662106666,
                50.6927814367092
              ],
              [
                4.2130646123413635,
                50.692519709155675
              ],
              [
                4.213085876554221,
                50.69225538485651
              ],
              [
                4.213066250641021,
                50.69199100942115
              ],
              [
                4.213005924292332,
                50.69172912890929
              ],
              [
                4.212905479140459,
                50.69147226531177
              ],
              [
                4.212765883132774,
                50.69122289226468
              ],
              [
                4.212588481186588,
                50.6909834112309
              ],
              [
                4.212374982216437,
                50.69075612837781
              ],
              [
                4.212127442659524,
                50.69054323237404
              ],
              [
                4.211848246658605,
                50.69034677331875
              ],
              [
                4.211540083093643,
                50.69016864300588
              ],
              [
                4.2112059196837555,
                50.69001055671338
              ],
              [
                4.210848974408928,
                50.68987403669241
              ],
              [
                4.210472684526662,
                50.689760397515116
              ],
              [
                4.210080673481623,
                50.689670733421956
              ],
              [
                4.209676716026507,
                50.68960590778992
              ],
              [
                4.209264701889411,
                50.68956654482304
              ],
              [
                4.208918186175963,
                50.68955528490425
              ],
              [
                4.208825338535327,
                50.689534046665464
              ],
              [
                4.208421383976216,
                50.68946921669308
              ],
              [
                4.208209848446031,
                50.68944900483925
              ],
              [
                4.208204834046809,
                50.68944004502723
              ],
              [
                4.2080274619638995,
                50.68920055697367
              ],
              [
                4.2078139930416905,
                50.688973265697335
              ]
            ]
          ],
          [
            [
              [
                4.162970936614651,
                50.70511500681647
              ],
              [
                4.162757612873289,
                50.70488763413582
              ],
              [
                4.162510223210626,
                50.70467463380445
              ],
              [
                4.16223115032685,
                50.704478056926284
              ],
              [
                4.161923081917193,
                50.70429979642997
              ],
              [
                4.161588984785246,
                50.70414156884718
              ],
              [
                4.161232076273466,
                50.704004897789616
              ],
              [
                4.160855793285921,
                50.703891099283894
              ],
              [
                4.16046375920133,
                50.70380126910467
              ],
              [
                4.1600597489945415,
                50.703736272228205
              ],
              [
                4.15964765290175,
                50.70369673450743
              ],
              [
                4.159231438978553,
                50.703683036648606
              ],
              [
                4.159158716480973,
                50.70368518073137
              ],
              [
                4.159156682572364,
                50.70368511378925
              ],
              [
                4.158740358466595,
                50.703697387421805
              ],
              [
                4.158327932920897,
                50.70373551463
              ],
              [
                4.157923377161533,
                50.70379912828938
              ],
              [
                4.157530586675189,
                50.703887615866066
              ],
              [
                4.157153343716586,
                50.704000125312014
              ],
              [
                4.156795280903778,
                50.70413557326545
              ],
              [
                4.15645984625087,
                50.70429265547784
              ],
              [
                4.156150269974305,
                50.70446985936733
              ],
              [
                4.155869533391906,
                50.7046654785777
              ],
              [
                4.155620340213877,
                50.70487762940345
              ],
              [
                4.1554050905021755,
                50.7051042689225
              ],
              [
                4.155225857549086,
                50.70534321466282
              ],
              [
                4.155084367897999,
                50.70559216561351
              ],
              [
                4.154981984699253,
                50.705848724378306
              ],
              [
                4.15491969456198,
                50.7061104202586
              ],
              [
                4.154898098029349,
                50.706374733043624
              ],
              [
                4.15491740376984,
                50.70663911727908
              ],
              [
                4.154977426541435,
                50.706901026780294
              ],
              [
                4.155077588949363,
                50.707157939154214
              ],
              [
                4.155216926981467,
                50.70740738009379
              ],
              [
                4.155394099268844,
                50.70764694721075
              ],
              [
                4.155607399983506,
                50.70787433317706
              ],
              [
                4.155854775249586,
                50.70808734795224
              ],
              [
                4.156133842910738,
                50.708283939881824
              ],
              [
                4.156441915463811,
                50.70846221546391
              ],
              [
                4.156776025938232,
                50.70862045759277
              ],
              [
                4.157132956472001,
                50.7087571421038
              ],
              [
                4.157509269308968,
                50.70887095245998
              ],
              [
                4.157901339918599,
                50.70896079243819
              ],
              [
                4.158305391918804,
                50.709025796692785
              ],
              [
                4.158717533464835,
                50.709065339094764
              ],
              [
                4.159133794753069,
                50.70907903876553
              ],
              [
                4.159206525571495,
                50.70907689470099
              ],
              [
                4.159208559712772,
                50.70907696164216
              ],
              [
                4.15962493119946,
                50.709064686357934
              ],
              [
                4.16003740231328,
                50.709026554622476
              ],
              [
                4.160442000074545,
                50.708962933726674
              ],
              [
                4.160834827379045,
                50.708874436474986
              ],
              [
                4.161212100552617,
                50.70876191528007
              ],
              [
                4.161570185810444,
                50.708626453948256
              ],
              [
                4.161905634269236,
                50.708469357235565
              ],
              [
                4.162215215174397,
                50.70829213827497
              ],
              [
                4.162495947021746,
                50.7080965039961
              ],
              [
                4.1627451262737525,
                50.707884338678426
              ],
              [
                4.162960353393627,
                50.7076576857963
              ],
              [
                4.163139555946653,
                50.70741872833134
              ],
              [
                4.163281008546559,
                50.70716976774174
              ],
              [
                4.163383349455313,
                50.706913201791515
              ],
              [
                4.163445593677121,
                50.70665150145356
              ],
              [
                4.163467142421291,
                50.706387187108774
              ],
              [
                4.163447788843727,
                50.70612280427102
              ],
              [
                4.1633877200127545,
                50.70586089907161
              ],
              [
                4.1632875150812945,
                50.70560399373935
              ],
              [
                4.163148139684058,
                50.70535456231254
              ],
              [
                4.162970936614651,
                50.70511500681647
              ]
            ]
          ],
          [
            [
              [
                4.178377242931081,
                50.706547162182446
              ],
              [
                4.178129774005415,
                50.70633419498611
              ],
              [
                4.177850626185262,
                50.706137655468595
              ],
              [
                4.177542487887251,
                50.7059594361987
              ],
              [
                4.177208326587747,
                50.705801253311044
              ],
              [
                4.176851360246884,
                50.70566462998698
              ],
              [
                4.176475026325377,
                50.70555088179342
              ],
              [
                4.176082948692214,
                50.70546110402056
              ],
              [
                4.175678902741415,
                50.70539616113999
              ],
              [
                4.175266779053235,
                50.70535667848476
              ],
              [
                4.174850545948893,
                50.70534303623087
              ],
              [
                4.174434211298671,
                50.70535536573856
              ],
              [
                4.17402178395012,
                50.70539354828793
              ],
              [
                4.173617235146901,
                50.70545721622164
              ],
              [
                4.173224460308801,
                50.70554575648324
              ],
              [
                4.172847241539985,
                50.70565831651735
              ],
              [
                4.1724892112257415,
                50.705793812475065
              ],
              [
                4.172153817067424,
                50.7059509396456
              ],
              [
                4.171844288891755,
                50.70612818501414
              ],
              [
                4.171563607553603,
                50.706323841825046
              ],
              [
                4.171314476231434,
                50.70653602601065
              ],
              [
                4.171099294391789,
                50.70676269432761
              ],
              [
                4.1709201346735885,
                50.707001664026514
              ],
              [
                4.170778722915185,
                50.70725063386564
              ],
              [
                4.1706764215169905,
                50.70750720626679
              ],
              [
                4.170614216300534,
                50.70776891039993
              ],
              [
                4.170592706991282,
                50.70803322597474
              ],
              [
                4.170612101417783,
                50.70829760750993
              ],
              [
                4.170672213483945,
                50.70855950884679
              ],
              [
                4.170707886431274,
                50.708650922701175
              ],
              [
                4.170717202311187,
                50.708691510434306
              ],
              [
                4.170817454288063,
                50.70894840921176
              ],
              [
                4.170956880882603,
                50.70919783128485
              ],
              [
                4.171134139872859,
                50.70943737444692
              ],
              [
                4.171347524595655,
                50.709664731600604
              ],
              [
                4.1715949803658505,
                50.70987771298285
              ],
              [
                4.171874124251536,
                50.71007426726078
              ],
              [
                4.172182268015193,
                50.71025250129503
              ],
              [
                4.172516444000159,
                50.710410698380066
              ],
              [
                4.172873433713238,
                50.71054733478505
              ],
              [
                4.173249798828068,
                50.71066109443634
              ],
              [
                4.173641914310393,
                50.71075088159913
              ],
              [
                4.174046003345747,
                50.710815831436555
              ],
              [
                4.174458173732531,
                50.71085531834371
              ],
              [
                4.174874455389234,
                50.71086896197652
              ],
              [
                4.175290838613675,
                50.710856630917235
              ],
              [
                4.1757033127248535,
                50.71081844394069
              ],
              [
                4.176107904714248,
                50.710754768869855
              ],
              [
                4.176500717533325,
                50.71066621903103
              ],
              [
                4.176877967647564,
                50.71055364734337
              ],
              [
                4.177236021494415,
                50.71041813809954
              ],
              [
                4.177237217959487,
                50.710417577550444
              ],
              [
                4.177241021632891,
                50.71041613800007
              ],
              [
                4.1775764306009,
                50.71025899640316
              ],
              [
                4.177885964345614,
                50.71008173603377
              ],
              [
                4.178166641817313,
                50.70988606422037
              ],
              [
                4.178415760002429,
                50.70967386560385
              ],
              [
                4.178630919952573,
                50.70944718397927
              ],
              [
                4.1788100498801874,
                50.709208202605
              ],
              [
                4.178951425098681,
                50.708959223169416
              ],
              [
                4.179053684615475,
                50.70870264361801
              ],
              [
                4.179115844218805,
                50.70844093505455
              ],
              [
                4.179137305933036,
                50.70817661793907
              ],
              [
                4.179117863752303,
                50.70791223781204
              ],
              [
                4.17905770559825,
                50.70765034077854
              ],
              [
                4.179008755591617,
                50.707524961352604
              ],
              [
                4.179007694658184,
                50.70752034254492
              ],
              [
                4.178907401092939,
                50.70726345070432
              ],
              [
                4.178767938161051,
                50.707014037998626
              ],
              [
                4.1785906494989895,
                50.70677450627278
              ],
              [
                4.178377242931081,
                50.706547162182446
              ]
            ]
          ],
          [
            [
              [
                4.2321472407369205,
                50.681982781444034
              ],
              [
                4.231933688276686,
                50.681755533854286
              ],
              [
                4.231686107690518,
                50.681542678839044
              ],
              [
                4.231406883515883,
                50.68134626610265
              ],
              [
                4.231098704903688,
                50.68116818699298
              ],
              [
                4.230764539717628,
                50.68101015629488
              ],
              [
                4.230407605954524,
                50.68087369572417
              ],
              [
                4.230031340760818,
                50.680760119280556
              ],
              [
                4.229639367343293,
                50.68067052060034
              ],
              [
                4.229235460092247,
                50.68060576243071
              ],
              [
                4.228823508252338,
                50.680566468326056
              ],
              [
                4.228407478490197,
                50.680553016646904
              ],
              [
                4.227991376718417,
                50.6805655369184
              ],
              [
                4.2275792095426175,
                50.68060390858385
              ],
              [
                4.227174945701827,
                50.68066776216488
              ],
              [
                4.226782477872584,
                50.68075648281743
              ],
              [
                4.226405585203578,
                50.68086921624906
              ],
              [
                4.226047896940794,
                50.6810048769411
              ],
              [
                4.22571285749266,
                50.68116215859647
              ],
              [
                4.225403693270998,
                50.68133954671258
              ],
              [
                4.225123381626661,
                50.681535333159054
              ],
              [
                4.225122768775662,
                50.68153585618918
              ],
              [
                4.225002864422617,
                50.68159214247623
              ],
              [
                4.22469369471335,
                50.681769528696755
              ],
              [
                4.224413377567454,
                50.68196531342113
              ],
              [
                4.224164612656928,
                50.68217761134976
              ],
              [
                4.223949795920301,
                50.68240437814375
              ],
              [
                4.223770996480884,
                50.68264343010514
              ],
              [
                4.223629936707657,
                50.68289246519976
              ],
              [
                4.223527975611302,
                50.68314908522069
              ],
              [
                4.223466095735893,
                50.68341081887902
              ],
              [
                4.223444893673296,
                50.683675145599786
              ],
              [
                4.223464574292503,
                50.68393951979402
              ],
              [
                4.223524948740432,
                50.68420139537344
              ],
              [
                4.223625436234486,
                50.68445825027128
              ],
              [
                4.223765069630573,
                50.68470761073365
              ],
              [
                4.223942504713965,
                50.68494707514705
              ],
              [
                4.224156033124408,
                50.68517433717231
              ],
              [
                4.224403598791774,
                50.68538720796242
              ],
              [
                4.224682817724644,
                50.68558363724948
              ],
              [
                4.22499100096171,
                50.685761733097884
              ],
              [
                4.225325180465254,
                50.68591978013295
              ],
              [
                4.225682137707465,
                50.68605625606905
              ],
              [
                4.2260584346741625,
                50.6861698463781
              ],
              [
                4.226450446987088,
                50.6862594569564
              ],
              [
                4.2268543988252825,
                50.686324224667906
              ],
              [
                4.227266399308589,
                50.686363525661974
              ],
              [
                4.227682479992158,
                50.686376981385344
              ],
              [
                4.228098633109894,
                50.68636446223015
              ],
              [
                4.228282249707827,
                50.686347369477815
              ],
              [
                4.228412150769138,
                50.68634346114688
              ],
              [
                4.228824367418315,
                50.68630508659389
              ],
              [
                4.229228677339361,
                50.68624122738915
              ],
              [
                4.229621186201301,
                50.6861524986325
              ],
              [
                4.229998113398063,
                50.686039754966394
              ],
              [
                4.230355828478175,
                50.68590408233994
              ],
              [
                4.230690886124792,
                50.68574678754418
              ],
              [
                4.231000059348462,
                50.685569385619836
              ],
              [
                4.231280370572529,
                50.68537358525857
              ],
              [
                4.231529120311499,
                50.68516127233924
              ],
              [
                4.231743913166055,
                50.68493449175758
              ],
              [
                4.231800042686192,
                50.68485943068171
              ],
              [
                4.231925602369771,
                50.684752260519005
              ],
              [
                4.232140391455866,
                50.68452547918753
              ],
              [
                4.2323191556150075,
                50.684286414525985
              ],
              [
                4.232460173683465,
                50.68403736902461
              ],
              [
                4.232562088108279,
                50.68378074126491
              ],
              [
                4.232623918000942,
                50.68351900281463
              ],
              [
                4.2326450685607115,
                50.68325467442132
              ],
              [
                4.23262533677769,
                50.682990301733746
              ],
              [
                4.2325649133617365,
                50.682728430785026
              ],
              [
                4.23246438087961,
                50.68247158347381
              ],
              [
                4.232324708119322,
                50.68222223327925
              ],
              [
                4.2321472407369205,
                50.681982781444034
              ]
            ]
          ],
          [
            [
              [
                4.22498515954632,
                50.68746179245912
              ],
              [
                4.224608854857713,
                50.68734819872822
              ],
              [
                4.224216836995307,
                50.687258581995636
              ],
              [
                4.223812880777341,
                50.6871938051823
              ],
              [
                4.223400875919935,
                50.68715449202218
              ],
              [
                4.222984789600147,
                50.68714102105923
              ],
              [
                4.222568628275079,
                50.6871535220043
              ],
              [
                4.2221563991236755,
                50.6871918744868
              ],
              [
                4.221752071481614,
                50.687255709213076
              ],
              [
                4.221359538639658,
                50.687344411520584
              ],
              [
                4.220982580372394,
                50.68745712729357
              ],
              [
                4.220624826557354,
                50.68759277118343
              ],
              [
                4.2202897222340905,
                50.68775003705484
              ],
              [
                4.21998049443906,
                50.68792741055727
              ],
              [
                4.219700121135239,
                50.68812318370107
              ],
              [
                4.219451302535391,
                50.68833547129819
              ],
              [
                4.219236435095069,
                50.68856222910925
              ],
              [
                4.219057588425895,
                50.68880127352281
              ],
              [
                4.218916485351746,
                50.689050302577456
              ],
              [
                4.218814485300392,
                50.68930691812441
              ],
              [
                4.218752571191185,
                50.689568648917906
              ],
              [
                4.218731339945827,
                50.689832974410585
              ],
              [
                4.218750996714523,
                50.690097349025365
              ],
              [
                4.218811352874074,
                50.6903592266699
              ],
              [
                4.218811371799652,
                50.69035927505235
              ],
              [
                4.2188114528398515,
                50.690359626673406
              ],
              [
                4.218911927785376,
                50.69061648526096
              ],
              [
                4.219051554492767,
                50.690865851002236
              ],
              [
                4.219228988811904,
                50.691105322232886
              ],
              [
                4.219442522390073,
                50.69133259254811
              ],
              [
                4.2196900991075434,
                50.69154547302104
              ],
              [
                4.219969334866609,
                50.69174191329057
              ],
              [
                4.220277540544025,
                50.691920021315276
              ],
              [
                4.220278263022531,
                50.691920363007014
              ],
              [
                4.220280440580436,
                50.69192162138148
              ],
              [
                4.220614647943496,
                50.69207968166107
              ],
              [
                4.22097163817471,
                50.69221617179007
              ],
              [
                4.221347972942192,
                50.692329777103694
              ],
              [
                4.221740027503594,
                50.69241940335369
              ],
              [
                4.222144025630995,
                50.69248418725308
              ],
              [
                4.222556075998338,
                50.69252350479529
              ],
              [
                4.222972209680211,
                50.69253697726765
              ],
              [
                4.223388418399953,
                50.692524474901006
              ],
              [
                4.22380069315775,
                50.69248611812027
              ],
              [
                4.22420506286573,
                50.69242227638399
              ],
              [
                4.224597632616937,
                50.69233356462376
              ],
              [
                4.224974621218701,
                50.6922208373183
              ],
              [
                4.225332397628004,
                50.69208518025919
              ],
              [
                4.225667515937198,
                50.69192790008753
              ],
              [
                4.225976748572477,
                50.69175051170317
              ],
              [
                4.226257117384907,
                50.69155472366742
              ],
              [
                4.226505922334312,
                50.691342421740444
              ],
              [
                4.226720767489632,
                50.69111565071211
              ],
              [
                4.226899584095492,
                50.69087659470163
              ],
              [
                4.227040650483114,
                50.69062755611597
              ],
              [
                4.227142608634282,
                50.690370933470064
              ],
              [
                4.2272044772395025,
                50.69010919828243
              ],
              [
                4.227225661125362,
                50.689844871269216
              ],
              [
                4.227205956961196,
                50.68958049806596
              ],
              [
                4.227145555191078,
                50.68931862471077
              ],
              [
                4.227045038173517,
                50.68906177312549
              ],
              [
                4.22690537454781,
                50.68881241683045
              ],
              [
                4.2267279098822454,
                50.688572957127114
              ],
              [
                4.226514353695136,
                50.68834569997741
              ],
              [
                4.226266762974456,
                50.68813283380243
              ],
              [
                4.225987522355422,
                50.687936408414
              ],
              [
                4.225986643492288,
                50.68793590056869
              ],
              [
                4.225984522348974,
                50.687934408490314
              ],
              [
                4.225676321165374,
                50.68775631535015
              ],
              [
                4.225342127474027,
                50.68759826938547
              ],
              [
                4.22498515954632,
                50.68746179245912
              ]
            ]
          ],
          [
            [
              [
                4.236875866220866,
                50.68889038687089
              ],
              [
                4.236628225882815,
                50.68867754267267
              ],
              [
                4.2363489388930615,
                50.688481142064425
              ],
              [
                4.236040695007384,
                50.688303076277236
              ],
              [
                4.235706462717987,
                50.68814505996762
              ],
              [
                4.235349460667789,
                50.688008614712835
              ],
              [
                4.234973126660691,
                50.68789505436505
              ],
              [
                4.234581084565991,
                50.687805472405635
              ],
              [
                4.234177109435164,
                50.68774073142071
              ],
              [
                4.233765091166363,
                50.687701454799225
              ],
              [
                4.233348997065739,
                50.68768802073331
              ],
              [
                4.232932833665288,
                50.68770055857858
              ],
              [
                4.232520608163947,
                50.68773894760905
              ],
              [
                4.232116289862278,
                50.68780281817921
              ],
              [
                4.23172377196117,
                50.68789155528135
              ],
              [
                4.231346834091427,
                50.6880043044647
              ],
              [
                4.230989105934281,
                50.68813998005891
              ],
              [
                4.230654032282344,
                50.68829727562336
              ],
              [
                4.230344839876871,
                50.68847467652156
              ],
              [
                4.2302647837684875,
                50.68853059166584
              ],
              [
                4.2302280397149925,
                50.688551673560646
              ],
              [
                4.229947705235868,
                50.68874747125555
              ],
              [
                4.229698929466148,
                50.68895978063476
              ],
              [
                4.229484108449095,
                50.68918655724911
              ],
              [
                4.229305311349427,
                50.68942561730604
              ],
              [
                4.229164260513794,
                50.68967465869342
              ],
              [
                4.229062314867019,
                50.689931283143714
              ],
              [
                4.229000456804611,
                50.69019301932532
              ],
              [
                4.2289792827085835,
                50.69045734663892
              ],
              [
                4.2289989971788025,
                50.69072171948989
              ],
              [
                4.229059411036368,
                50.690983591802755
              ],
              [
                4.229159943119306,
                50.691240441542206
              ],
              [
                4.229299625854234,
                50.69148979500403
              ],
              [
                4.229477114551356,
                50.69172925064207
              ],
              [
                4.229690700334132,
                50.69195650220167
              ],
              [
                4.229938326579912,
                50.692169360936575
              ],
              [
                4.230217608713833,
                50.692365776694956
              ],
              [
                4.230525857165846,
                50.6925438576715
              ],
              [
                4.230860103270057,
                50.692701888634744
              ],
              [
                4.231217127857097,
                50.69283834745382
              ],
              [
                4.23159349226404,
                50.69295191976551
              ],
              [
                4.23170337667028,
                50.692977029017506
              ],
              [
                4.231752399272568,
                50.692991821960476
              ],
              [
                4.23214447910503,
                50.69308141330059
              ],
              [
                4.232548497190513,
                50.693146161231084
              ],
              [
                4.232960562010639,
                50.693185442091824
              ],
              [
                4.233376704500737,
                50.69319887752342
              ],
              [
                4.233792916299275,
                50.69318633811355
              ],
              [
                4.234205188376792,
                50.69314794464392
              ],
              [
                4.234609549671264,
                50.69308406692645
              ],
              [
                4.235002105356833,
                50.69299532023935
              ],
              [
                4.2353790743763975,
                50.69288255939774
              ],
              [
                4.235736825875661,
                50.69274687051615
              ],
              [
                4.2360719141870335,
                50.692589560542245
              ],
              [
                4.236381112025781,
                50.69241214466289
              ],
              [
                4.236661441578271,
                50.69221633170419
              ],
              [
                4.236910203182613,
                50.692004007666306
              ],
              [
                4.2371250013253725,
                50.69177721755206
              ],
              [
                4.237303767704112,
                50.69153814566443
              ],
              [
                4.237444781133928,
                50.69128909456326
              ],
              [
                4.237546684106755,
                50.69103246288394
              ],
              [
                4.237608495844603,
                50.69077072223196
              ],
              [
                4.237629621721801,
                50.690506393376054
              ],
              [
                4.237609858966375,
                50.6902420219694
              ],
              [
                4.237549398586666,
                50.68998015403277
              ],
              [
                4.237512555114922,
                50.68988606572557
              ],
              [
                4.2375072887285485,
                50.68986325551919
              ],
              [
                4.237406714126038,
                50.68960641287904
              ],
              [
                4.237266994110885,
                50.689357068998326
              ],
              [
                4.237089474794328,
                50.68911762505892
              ],
              [
                4.236875866220866,
                50.68889038687089
              ]
            ]
          ]
        ]
      },
      "properties": {
        "type": "buffer_union_300m",
        "buffer_m": 300
      }
    },
    {
      "type": "Feature",
      "geometry": {
        "type": "MultiPolygon",
        "coordinates": [
          [
            [
              [
                4.199807576341894,
                50.682481784966534
              ],
              [
                4.19952304491374,
                50.682178709363
              ],
              [
                4.199193130016013,
                50.68189481106474
              ],
              [
                4.198821009268013,
                50.6816328238018
              ],
              [
                4.1984102665205105,
                50.68139527027407
              ],
              [
                4.1979648573365385,
                50.68118443787086
              ],
              [
                4.1974890709015495,
                50.68100235665676
              ],
              [
                4.1969874887296035,
                50.68085077983513
              ],
              [
                4.196464940562773,
                50.68073116687671
              ],
              [
                4.195926457887613,
                50.68064466947563
              ],
              [
                4.195377225515229,
                50.68059212046726
              ],
              [
                4.194822531689886,
                50.680574025814565
              ],
              [
                4.194267717205027,
                50.68059055973977
              ],
              [
                4.193718124015055,
                50.68064156304792
              ],
              [
                4.193179043835974,
                50.68072654465878
              ],
              [
                4.192655667228098,
                50.68084468633185
              ],
              [
                4.192153033649481,
                50.680994850539676
              ],
              [
                4.191675982959481,
                50.6811755914136
              ],
              [
                4.191229108838115,
                50.68138516865689
              ],
              [
                4.190816714568664,
                50.68162156429183
              ],
              [
                4.190442771608485,
                50.68188250207993
              ],
              [
                4.190110881346519,
                50.682165469428654
              ],
              [
                4.1898242404155805,
                50.68246774157445
              ],
              [
                4.189585609893669,
                50.682786407809715
              ],
              [
                4.189397288691413,
                50.68311839950126
              ],
              [
                4.189261091382794,
                50.68346051963179
              ],
              [
                4.189178330693784,
                50.683809473579366
              ],
              [
                4.1891498048189,
                50.68416190083945
              ],
              [
                4.189175789689434,
                50.68451440738416
              ],
              [
                4.189256036269537,
                50.68486359834697
              ],
              [
                4.189389772907955,
                50.68520611071857
              ],
              [
                4.189575712724598,
                50.685538645738674
              ],
              [
                4.189812065962515,
                50.68585800067186
              ],
              [
                4.1900965571878945,
                50.68616109966072
              ],
              [
                4.190426447173858,
                50.686445023359596
              ],
              [
                4.190798559258452,
                50.68670703706227
              ],
              [
                4.191209309923834,
                50.686944617052816
              ],
              [
                4.191654743302691,
                50.68715547492496
              ],
              [
                4.192130569279776,
                50.687337579635376
              ],
              [
                4.192632204821448,
                50.68748917707773
              ],
              [
                4.1931548181346665,
                50.68760880698882
              ],
              [
                4.193693375229336,
                50.687695317023085
              ],
              [
                4.194242688434451,
                50.687747873859664
              ],
              [
                4.194797466399391,
                50.68776597123469
              ],
              [
                4.1953523650972775,
                50.68774943482143
              ],
              [
                4.195902039337443,
                50.687698423910334
              ],
              [
                4.196441194289173,
                50.6876134298739
              ],
              [
                4.196964636518682,
                50.68749527143013
              ],
              [
                4.197467324046114,
                50.68734508675092
              ],
              [
                4.197944414938887,
                50.687164322491654
              ],
              [
                4.1983913139720155,
                50.68695471984777
              ],
              [
                4.198803716904873,
                50.68671829777308
              ],
              [
                4.1991776519471715,
                50.68645733352218
              ],
              [
                4.199509518014251,
                50.68617434070451
              ],
              [
                4.199796119403093,
                50.68587204506239
              ],
              [
                4.200034696555279,
                50.68555335820642
              ],
              [
                4.2002229526111465,
                50.68522134956218
              ],
              [
                4.200359075500256,
                50.68487921679846
              ],
              [
                4.200441755356534,
                50.68453025502269
              ],
              [
                4.200470197091823,
                50.68417782504024
              ],
              [
                4.200444128008264,
                50.683825320983615
              ],
              [
                4.200363800377968,
                50.68347613762375
              ],
              [
                4.2002299889669015,
                50.683133637677734
              ],
              [
                4.200043983528626,
                50.68280111942832
              ],
              [
                4.199807576341894,
                50.682481784966534
              ]
            ]
          ],
          [
            [
              [
                4.208992274300598,
                50.68847533039289
              ],
              [
                4.208662258371525,
                50.688191459236
              ],
              [
                4.208290035357987,
                50.68792950250212
              ],
              [
                4.207879190095351,
                50.68769198259709
              ],
              [
                4.2074336791335885,
                50.687481186586425
              ],
              [
                4.206957792637935,
                50.68729914418424
              ],
              [
                4.206456113085663,
                50.68714760822013
              ],
              [
                4.205933471156226,
                50.687028037771434
              ],
              [
                4.205394899238714,
                50.68694158412293
              ],
              [
                4.2048455830032525,
                50.686889079688704
              ],
              [
                4.204290811501352,
                50.68687103000257
              ],
              [
                4.203735926274167,
                50.68688760885375
              ],
              [
                4.203186269957093,
                50.68693865661476
              ],
              [
                4.20264713487386,
                50.687023681777326
              ],
              [
                4.202123712113398,
                50.68714186568165
              ],
              [
                4.2016210415781785,
                50.687292070393646
              ],
              [
                4.201143963483503,
                50.68747284965464
              ],
              [
                4.200697071773431,
                50.68768246279826
              ],
              [
                4.200284669900832,
                50.68791889150114
              ],
              [
                4.199910729396562,
                50.68817985920631
              ],
              [
                4.1995788516262476,
                50.68846285303315
              ],
              [
                4.1992922331027955,
                50.68876514796309
              ],
              [
                4.199053634688834,
                50.68908383306904
              ],
              [
                4.198865354986221,
                50.68941583953609
              ],
              [
                4.198729208169723,
                50.68975797020453
              ],
              [
                4.198646506479478,
                50.69010693035087
              ],
              [
                4.198618047542214,
                50.69045935941081
              ],
              [
                4.198644106644935,
                50.69081186333899
              ],
              [
                4.198724434037188,
                50.69116104729404
              ],
              [
                4.1987251866971205,
                50.69116297363146
              ],
              [
                4.1987254336986,
                50.69116404734107
              ],
              [
                4.198859256966862,
                50.691506548379664
              ],
              [
                4.199045288384381,
                50.691839067851504
              ],
              [
                4.199281737312098,
                50.69215840317079
              ],
              [
                4.1994339816994,
                50.692320537094346
              ],
              [
                4.1993607397639146,
                50.69262958498361
              ],
              [
                4.199332284641529,
                50.69298201401265
              ],
              [
                4.199340178360991,
                50.693088765968135
              ],
              [
                4.199304178287144,
                50.6931368455711
              ],
              [
                4.199115884168317,
                50.69346885213187
              ],
              [
                4.198979727469276,
                50.6938109827727
              ],
              [
                4.198897020525521,
                50.69415994277034
              ],
              [
                4.19886856101458,
                50.69451237156195
              ],
              [
                4.198894624229188,
                50.69486487510474
              ],
              [
                4.198974960379499,
                50.69521405856102
              ],
              [
                4.199108796952073,
                50.695556558993665
              ],
              [
                4.199294846104723,
                50.6958890777573
              ],
              [
                4.199484486223141,
                50.696145171509606
              ],
              [
                4.19930243204029,
                50.69633715139067
              ],
              [
                4.199063795386091,
                50.69665583596074
              ],
              [
                4.19887548552477,
                50.69698784186395
              ],
              [
                4.198739316921838,
                50.697329971946054
              ],
              [
                4.198656602027593,
                50.6976789314892
              ],
              [
                4.198628138596301,
                50.69803135993491
              ],
              [
                4.198628177139026,
                50.69803188122375
              ],
              [
                4.198628138476241,
                50.69803235993492
              ],
              [
                4.1986542018391235,
                50.69838486324366
              ],
              [
                4.198734542205695,
                50.698734046580086
              ],
              [
                4.198868387022086,
                50.69907654700824
              ],
              [
                4.1990544483668835,
                50.69940906588277
              ],
              [
                4.19929093531311,
                50.69972840062357
              ],
              [
                4.199575571139488,
                50.7000314755677
              ],
              [
                4.199905615226621,
                50.7003153716009
              ],
              [
                4.20027788942839,
                50.7005773542834
              ],
              [
                4.200688808665439,
                50.70081490019793
              ],
              [
                4.201134415446641,
                50.70102572126638
              ],
              [
                4.201610417986287,
                50.70120778679983
              ],
              [
                4.202112231549733,
                50.70135934306928
              ],
              [
                4.202635022628794,
                50.701478930208076
              ],
              [
                4.203173755520646,
                50.70156539628262
              ],
              [
                4.20372324086048,
                50.70161790839546
              ],
              [
                4.204278185639148,
                50.701635960713595
              ],
              [
                4.204833244222517,
                50.70161937934421
              ],
              [
                4.205383069879454,
                50.7015683240109
              ],
              [
                4.205922366320419,
                50.70148328651402
              ],
              [
                4.206445938748519,
                50.70136508599022
              ],
              [
                4.206948743929656,
                50.701214861016766
              ],
              [
                4.207425938797962,
                50.701034058637205
              ],
              [
                4.20787292712704,
                50.700824420414165
              ],
              [
                4.208285403816385,
                50.70058796564414
              ],
              [
                4.208659396365628,
                50.700326971896665
              ],
              [
                4.208991303136664,
                50.700043953065276
              ],
              [
                4.209277928034976,
                50.69974163514283
              ],
              [
                4.209516511276346,
                50.69942292995447
              ],
              [
                4.209704755943166,
                50.69909090710229
              ],
              [
                4.209840850075425,
                50.69874876439188
              ],
              [
                4.209923484084777,
                50.69839979702639
              ],
              [
                4.209951863325366,
                50.698047365864895
              ],
              [
                4.209951824657458,
                50.69804684457981
              ],
              [
                4.209951863205307,
                50.6980463658649
              ],
              [
                4.209925715582437,
                50.697693865051136
              ],
              [
                4.209906128983782,
                50.697608823991445
              ],
              [
                4.210192809586081,
                50.69747435148185
              ],
              [
                4.21060524534239,
                50.69723788834331
              ],
              [
                4.21097919848567,
                50.69697688697195
              ],
              [
                4.211311067757377,
                50.69669386133475
              ],
              [
                4.21131163685145,
                50.69669326100118
              ],
              [
                4.211490238342524,
                50.69659085847988
              ],
              [
                4.211864181457388,
                50.69632985423855
              ],
              [
                4.212196040864867,
                50.69604682604669
              ],
              [
                4.212482620926619,
                50.69574449998724
              ],
              [
                4.212721162290228,
                50.69542578796371
              ],
              [
                4.212909368441338,
                50.69509375964398
              ],
              [
                4.213045427790777,
                50.69475161288627
              ],
              [
                4.213073946164092,
                50.694631133352395
              ],
              [
                4.21320908056615,
                50.694536804919146
              ],
              [
                4.213540919285876,
                50.69425377279212
              ],
              [
                4.213827479831271,
                50.69395144331047
              ],
              [
                4.214066003037864,
                50.69363272841067
              ],
              [
                4.214254192566142,
                50.69330069778826
              ],
              [
                4.214390236986973,
                50.692958549323635
              ],
              [
                4.214472827190566,
                50.6926095782753
              ],
              [
                4.214501168952696,
                50.692257145537795
              ],
              [
                4.2144749905387675,
                50.691904645270036
              ],
              [
                4.214394545274176,
                50.691555472206275
              ],
              [
                4.214260609058035,
                50.69121298896433
              ],
              [
                4.214074472846,
                50.69088049366596
              ],
              [
                4.213837930176282,
                50.69056118818101
              ],
              [
                4.2135532598606025,
                50.69025814730093
              ],
              [
                4.213223204008164,
                50.689974289138284
              ],
              [
                4.21285094159542,
                50.68971234703649
              ],
              [
                4.2124400578370365,
                50.689474843260506
              ],
              [
                4.211994509653561,
                50.689264064720476
              ],
              [
                4.211518587568526,
                50.689082040962276
              ],
              [
                4.211016874401773,
                50.68893052463599
              ],
              [
                4.2104942011563065,
                50.68881097462987
              ],
              [
                4.209955600522642,
                50.68872454203181
              ],
              [
                4.209406258447305,
                50.68867205905325
              ],
              [
                4.209178949076501,
                50.6886646729579
              ],
              [
                4.209168537267311,
                50.688663002006706
              ],
              [
                4.208992274300598,
                50.68847533039289
              ]
            ]
          ],
          [
            [
              [
                4.1642212040939075,
                50.70469331560021
              ],
              [
                4.163936767401161,
                50.70439015494824
              ],
              [
                4.163606911392343,
                50.704106157681096
              ],
              [
                4.163234813121075,
                50.703844058482
              ],
              [
                4.162824056222946,
                50.703606381128814
              ],
              [
                4.162378596398324,
                50.70339541420327
              ],
              [
                4.161902723321147,
                50.703213189065345
              ],
              [
                4.161401019340385,
                50.7030614603042
              ],
              [
                4.160878315371379,
                50.7029416888536
              ],
              [
                4.160339644401002,
                50.702855027933694
              ],
              [
                4.159790193053297,
                50.70280231195431
              ],
              [
                4.159235251680626,
                50.70278404848602
              ],
              [
                4.159162530569669,
                50.70278619257159
              ],
              [
                4.159160496699832,
                50.70278612562952
              ],
              [
                4.15860540842824,
                50.702802490165084
              ],
              [
                4.1580555178430885,
                50.70285332549532
              ],
              [
                4.157516119523025,
                50.70293814215735
              ],
              [
                4.156992407090674,
                50.703056123498904
              ],
              [
                4.156489423236634,
                50.703206133536405
              ],
              [
                4.156012011191974,
                50.703386727885714
              ],
              [
                4.1555647681151795,
                50.7035961676611
              ],
              [
                4.155152000841316,
                50.70383243620869
              ],
              [
                4.154777684418695,
                50.704093258513915
              ],
              [
                4.154445423831845,
                50.7043761230965
              ],
              [
                4.154158419279219,
                50.704678306182785
              ],
              [
                4.153919435340192,
                50.704996897923
              ],
              [
                4.153730774328808,
                50.70532883040175
              ],
              [
                4.153594254091732,
                50.70567090717224
              ],
              [
                4.153511190465365,
                50.706019834030506
              ],
              [
                4.153482384562428,
                50.70637225073327
              ],
              [
                4.153508115012057,
                50.70672476335462
              ],
              [
                4.153588135229867,
                50.707073976969944
              ],
              [
                4.153721675746031,
                50.70741652835206
              ],
              [
                4.1539074515707854,
                50.70774911836539
              ],
              [
                4.1541436745281395,
                50.70806854374502
              ],
              [
                4.154428070440588,
                50.70837172795536
              ],
              [
                4.154757901000745,
                50.70865575083013
              ],
              [
                4.155129990120417,
                50.70891787670807
              ],
              [
                4.1555407545042105,
                50.70915558079291
              ],
              [
                4.155986238153754,
                50.709366573483194
              ],
              [
                4.156462150470462,
                50.70954882243703
              ],
              [
                4.156963907589695,
                50.70970057215876
              ],
              [
                4.157486676547737,
                50.70982036091838
              ],
              [
                4.158025421855416,
                50.70990703484017
              ],
              [
                4.1585749540286745,
                50.70995975902461
              ],
              [
                4.159129979607361,
                50.70997802559586
              ],
              [
                4.1592027118127834,
                50.70997588153415
              ],
              [
                4.15920474599284,
                50.70997594847535
              ],
              [
                4.159759918513979,
                50.7099595811218
              ],
              [
                4.160309890144069,
                50.709908737860324
              ],
              [
                4.1608493631869345,
                50.709823908448506
              ],
              [
                4.1613731411438355,
                50.7097059100186
              ],
              [
                4.161876178800051,
                50.70955587920127
              ],
              [
                4.162353630849435,
                50.709375261169924
              ],
              [
                4.162800898587292,
                50.709165795711606
              ],
              [
                4.163213674220714,
                50.70892950045893
              ],
              [
                4.1635879823688215,
                50.708668651445116
              ],
              [
                4.163920218352685,
                50.70838576116993
              ],
              [
                4.1642071829059955,
                50.70808355438831
              ],
              [
                4.164446112972364,
                50.707764941855274
              ],
              [
                4.164634708293191,
                50.70743299228089
              ],
              [
                4.164771153530865,
                50.707090902765465
              ],
              [
                4.1648541357153785,
                50.70674196800021
              ],
              [
                4.1648828568477345,
                50.70638954853076
              ],
              [
                4.164857041540355,
                50.70603703838876
              ],
              [
                4.164776939622598,
                50.705687832404074
              ],
              [
                4.164643323688127,
                50.70534529351203
              ],
              [
                4.164457481609518,
                50.705012720370796
              ],
              [
                4.1642212040939075,
                50.70469331560021
              ]
            ]
          ],
          [
            [
              [
                4.1795562741325805,
                50.70604952568257
              ],
              [
                4.179226312443792,
                50.70576557259593
              ],
              [
                4.178854114261707,
                50.70550352321119
              ],
              [
                4.178443264183611,
                50.70526590082646
              ],
              [
                4.177997718806726,
                50.70505499349411
              ],
              [
                4.177521768628388,
                50.70487283200019
              ],
              [
                4.177019996739602,
                50.70472117032108
              ],
              [
                4.176497234709246,
                50.70460146874456
              ],
              [
                4.175958516082966,
                50.704514879818
              ],
              [
                4.1754090279434335,
                50.70446223725801
              ],
              [
                4.174854060997105,
                50.70444404792826
              ],
              [
                4.174298958666568,
                50.704460486962574
              ],
              [
                4.173749065677048,
                50.70451139607968
              ],
              [
                4.173209676630414,
                50.70459628510623
              ],
              [
                4.172685985060147,
                50.704714336693236
              ],
              [
                4.172183033456189,
                50.70486441418068
              ],
              [
                4.171705664739368,
                50.705045072535015
              ],
              [
                4.171258475651307,
                50.705254572254134
              ],
              [
                4.170845772507599,
                50.705490896106944
              ],
              [
                4.1704715297394515,
                50.70575176854629
              ],
              [
                4.170139351622581,
                50.70603467760907
              ],
              [
                4.169852437561728,
                50.70633689909318
              ],
              [
                4.169613551265275,
                50.706655522779016
              ],
              [
                4.1694249941073735,
                50.706987480443416
              ],
              [
                4.169288582934915,
                50.70732957539695
              ],
              [
                4.16920563253427,
                50.70767851326033
              ],
              [
                4.169176942927969,
                50.70803093368418
              ],
              [
                4.169202791625285,
                50.70838344270661
              ],
              [
                4.169282930903081,
                50.708732645437465
              ],
              [
                4.169318601287756,
                50.70882405971193
              ],
              [
                4.169327916005896,
                50.70886464755409
              ],
              [
                4.169461575948707,
                50.70920718080884
              ],
              [
                4.169647469858913,
                50.709539745667946
              ],
              [
                4.169883808423046,
                50.709859139108666
              ],
              [
                4.170168316349904,
                50.71016228490289
              ],
              [
                4.17049825425293,
                50.71044626325422
              ],
              [
                4.170870445009695,
                50.71070833893011
              ],
              [
                4.171281304345476,
                50.710945987617755
              ],
              [
                4.171726875346944,
                50.71115692024922
              ],
              [
                4.172202866573741,
                50.71133910506105
              ],
              [
                4.1727046934007825,
                50.7114907871754
              ],
              [
                4.173227522192567,
                50.71161050551341
              ],
              [
                4.173766316883287,
                50.71169710687774
              ],
              [
                4.174315887512978,
                50.71174975706774
              ],
              [
                4.174870940250885,
                50.711767948920325
              ],
              [
                4.175426128422746,
                50.711751507198635
              ],
              [
                4.175976104048812,
                50.71170059028101
              ],
              [
                4.176515569394477,
                50.71161568863456
              ],
              [
                4.177039328035288,
                50.711497620087364
              ],
              [
                4.177542334942804,
                50.71134752194545
              ],
              [
                4.17801974510734,
                50.71116684003072
              ],
              [
                4.178020941582094,
                50.7111662794737
              ],
              [
                4.178024745291972,
                50.7111648398981
              ],
              [
                4.178471960371421,
                50.71095531459369
              ],
              [
                4.178884673119884,
                50.7107189641291
              ],
              [
                4.179258908762603,
                50.71045806506931
              ],
              [
                4.179591063319436,
                50.71017513039605
              ],
              [
                4.179877938308778,
                50.70987288529176
              ],
              [
                4.18011677153729,
                50.70955424088049
              ],
              [
                4.180305263679432,
                50.709222266179204
              ],
              [
                4.18044160039166,
                50.70888015853007
              ],
              [
                4.180524469749449,
                50.70853121279882
              ],
              [
                4.180553074840629,
                50.7081787896365
              ],
              [
                4.180527141395306,
                50.70782628311019
              ],
              [
                4.1804469203806125,
                50.70747708801476
              ],
              [
                4.180397966859664,
                50.70735170916529
              ],
              [
                4.180396905794038,
                50.70734709037
              ],
              [
                4.180263171682609,
                50.7070045694681
              ],
              [
                4.18007721289336,
                50.70667202128945
              ],
              [
                4.179840821257161,
                50.706352648213404
              ],
              [
                4.1795562741325805,
                50.70604952568257
              ]
            ]
          ],
          [
            [
              [
                4.23339627624459,
                50.6815603484786
              ],
              [
                4.233111534615618,
                50.681257354616996
              ],
              [
                4.232781424064015,
                50.68097355110601
              ],
              [
                4.2324091240922685,
                50.680711670762726
              ],
              [
                4.231998220276072,
                50.6804742352573
              ],
              [
                4.231552669728548,
                50.68026353084245
              ],
              [
                4.23107676299551,
                50.68008158635029
              ],
              [
                4.230575082748607,
                50.67993015366761
              ],
              [
                4.230052459673601,
                50.67981069087728
              ],
              [
                4.229513925977787,
                50.679724348227474
              ],
              [
                4.228964666963149,
                50.6796719570635
              ],
              [
                4.228409971130252,
                50.679654021828554
              ],
              [
                4.227855179291805,
                50.67967071520993
              ],
              [
                4.227305633184267,
                50.67972187647735
              ],
              [
                4.2267666240705735,
                50.67980701302969
              ],
              [
                4.226243341827198,
                50.67992530513458
              ],
              [
                4.2257408250041415,
                50.680075613816086
              ],
              [
                4.225263912337224,
                50.68025649181442
              ],
              [
                4.2248171961782175,
                50.68046619751242
              ],
              [
                4.224404978290204,
                50.68070271169539
              ],
              [
                4.224170583603216,
                50.68086642495572
              ],
              [
                4.22410720541892,
                50.68089617601884
              ],
              [
                4.22369498021432,
                50.68113268767436
              ],
              [
                4.2233212230218795,
                50.68139373066599
              ],
              [
                4.222989533442565,
                50.68167679138799
              ],
              [
                4.2227031061775335,
                50.68197914417751
              ],
              [
                4.222464700248006,
                50.68229787755008
              ],
              [
                4.222276612402485,
                50.682629922225786
              ],
              [
                4.2221406549682685,
                50.68297208067678
              ],
              [
                4.222058138361695,
                50.68332105791176
              ],
              [
                4.222029858426928,
                50.683673493201624
              ],
              [
                4.2220560887268075,
                50.68402599244081
              ],
              [
                4.222136577861739,
                50.68437516083277
              ],
              [
                4.2222705518442005,
                50.684717635585315
              ],
              [
                4.222456721507821,
                50.685050118300126
              ],
              [
                4.2226932948814,
                50.685369406745195
              ],
              [
                4.222977994410249,
                50.6856724257033
              ],
              [
                4.223308078860454,
                50.68595625659929
              ],
              [
                4.223680369696224,
                50.68621816562064
              ],
              [
                4.223794387788157,
                50.68628405661918
              ],
              [
                4.223542157175897,
                50.68625998865458
              ],
              [
                4.222987385935587,
                50.68624202770843
              ],
              [
                4.222432514695841,
                50.6862586953217
              ],
              [
                4.221882885957437,
                50.68630983101228
              ],
              [
                4.221343791778715,
                50.68639494242529
              ],
              [
                4.220820422854986,
                50.68651321007042
              ],
              [
                4.220317818570658,
                50.68666349520727
              ],
              [
                4.219840818503494,
                50.68684435080277
              ],
              [
                4.21939401584666,
                50.687054035455525
              ],
              [
                4.21898171319599,
                50.68729053015349
              ],
              [
                4.218607881127393,
                50.687551557704175
              ],
              [
                4.21827611996281,
                50.68783460465057
              ],
              [
                4.217989625092746,
                50.68813694546253
              ],
              [
                4.2177511561895065,
                50.68845566877096
              ],
              [
                4.217563010608148,
                50.68878770539294
              ],
              [
                4.217427001232142,
                50.68912985787819
              ],
              [
                4.217344438978261,
                50.68947883129296
              ],
              [
                4.217316120130535,
                50.68983126494494
              ],
              [
                4.21734231862686,
                50.69018376474442
              ],
              [
                4.217422783374256,
                50.69053293588952
              ],
              [
                4.21742280229848,
                50.6905329842722
              ],
              [
                4.217422883328625,
                50.6905333358942
              ],
              [
                4.217556840576646,
                50.69087581556606
              ],
              [
                4.217743001319017,
                50.69120830531917
              ],
              [
                4.217979573670794,
                50.69152760285375
              ],
              [
                4.218264280087454,
                50.69183063286505
              ],
              [
                4.218594379269034,
                50.692114476671485
              ],
              [
                4.2189666925381175,
                50.69237640033621
              ],
              [
                4.219377634438453,
                50.692613881010324
              ],
              [
                4.2193783569210686,
                50.692614222707576
              ],
              [
                4.219380534486998,
                50.6926154810986
              ],
              [
                4.219826147336706,
                50.69282623132119
              ],
              [
                4.220302139262624,
                50.69300822109601
              ],
              [
                4.220803925631977,
                50.69315969742376
              ],
              [
                4.221326673198269,
                50.6932792012078
              ],
              [
                4.221865346677664,
                50.693365581317444
              ],
              [
                4.222414757277606,
                50.69341800568329
              ],
              [
                4.222969612708958,
                50.69343596931761
              ],
              [
                4.223524568198411,
                50.69341929918184
              ],
              [
                4.224074278008162,
                50.693368155854635
              ],
              [
                4.224613446964925,
                50.69328303198397
              ],
              [
                4.225136881500211,
                50.693164747538454
              ],
              [
                4.22563953970862,
                50.69301444190374
              ],
              [
                4.226116579940456,
                50.69283356290028
              ],
              [
                4.226563407459297,
                50.69262385282865
              ],
              [
                4.226975718714038,
                50.69238733167742
              ],
              [
                4.2273495427981915,
                50.69212627765533
              ],
              [
                4.227681279696633,
                50.69184320523642
              ],
              [
                4.227879815812895,
                50.69163364337961
              ],
              [
                4.227991129789401,
                50.6918323639911
              ],
              [
                4.2282277746472285,
                50.69215164073614
              ],
              [
                4.228512550672465,
                50.692454645740376
              ],
              [
                4.228842715894502,
                50.69273846056306
              ],
              [
                4.229215090999601,
                50.69300035154638
              ],
              [
                4.229626089935667,
                50.693237796156204
              ],
              [
                4.230071754443118,
                50.69344850729008
              ],
              [
                4.2305477921795145,
                50.6936304553179
              ],
              [
                4.231049618070589,
                50.69378188764251
              ],
              [
                4.2311595041209955,
                50.693806997400934
              ],
              [
                4.23120852741539,
                50.69382179056915
              ],
              [
                4.231731308678549,
                50.69394124780599
              ],
              [
                4.232270008770385,
                50.69402757995627
              ],
              [
                4.232819438641859,
                50.6940799554126
              ],
              [
                4.233374305818106,
                50.69409786965833
              ],
              [
                4.233929265412639,
                50.694081150130664
              ],
              [
                4.234478971648117,
                50.69402995788404
              ],
              [
                4.235018129385742,
                50.69394478603765
              ],
              [
                4.235541545165202,
                50.69382645502223
              ],
              [
                4.236044177261916,
                50.69367610467202
              ],
              [
                4.236521184277897,
                50.69349518323815
              ],
              [
                4.236967971796895,
                50.69328543342991
              ],
              [
                4.237380236653345,
                50.69304887561856
              ],
              [
                4.237754008387931,
                50.69278778836594
              ],
              [
                4.23808568749003,
                50.69250468646607
              ],
              [
                4.238372080058503,
                50.69220229671168
              ],
              [
                4.238610428547259,
                50.691883531619524
              ],
              [
                4.238798438299978,
                50.69155146136844
              ],
              [
                4.23893429961931,
                50.69120928422021
              ],
              [
                4.239016705159133,
                50.690860295709385
              ],
              [
                4.239044862473789,
                50.6905078568984
              ],
              [
                4.239018501605001,
                50.69015536200443
              ],
              [
                4.238937877635137,
                50.68980620570973
              ],
              [
                4.23890103152956,
                50.689712117836415
              ],
              [
                4.238895764491137,
                50.68968930769169
              ],
              [
                4.2387616556781555,
                50.68934685239483
              ],
              [
                4.238575354127887,
                50.689014395986646
              ],
              [
                4.2383386549702555,
                50.68869513996223
              ],
              [
                4.238053838523367,
                50.68839215863658
              ],
              [
                4.237723648302995,
                50.68810836954857
              ],
              [
                4.237351264578832,
                50.68784650537638
              ],
              [
                4.236940273733031,
                50.68760908763435
              ],
              [
                4.2364946337166565,
                50.68739840240417
              ],
              [
                4.236018635936899,
                50.68721647833317
              ],
              [
                4.23551686394192,
                50.68706506711149
              ],
              [
                4.234994149300709,
                50.68694562661531
              ],
              [
                4.234455525102004,
                50.68685930687812
              ],
              [
                4.23390617751898,
                50.68680693902465
              ],
              [
                4.233351395904764,
                50.68678902727362
              ],
              [
                4.232796521897806,
                50.6868057440862
              ],
              [
                4.232246898025539,
                50.68685692850656
              ],
              [
                4.231707816299509,
                50.68694208771057
              ],
              [
                4.231184467295237,
                50.68706040174783
              ],
              [
                4.230681890205484,
                50.68721073143123
              ],
              [
                4.2302049243463635,
                50.68739162929873
              ],
              [
                4.229758162581882,
                50.6876013535419
              ],
              [
                4.229345907114376,
                50.68783788476746
              ],
              [
                4.229265850902618,
                50.68789379923573
              ],
              [
                4.229229106898714,
                50.68791488081959
              ],
              [
                4.228855326593447,
                50.68817594110515
              ],
              [
                4.228523622532824,
                50.6884590170946
              ],
              [
                4.228325102639255,
                50.68866858019781
              ],
              [
                4.2282137947220155,
                50.688469859759834
              ],
              [
                4.227977168430253,
                50.688150582716254
              ],
              [
                4.227692421829355,
                50.68784757610794
              ],
              [
                4.227362297762726,
                50.6875637577173
              ],
              [
                4.226989975863277,
                50.687301860504725
              ],
              [
                4.226989097001174,
                50.68730135266688
              ],
              [
                4.226986975854684,
                50.68729986060648
              ],
              [
                4.22687295084776,
                50.68723397273772
              ],
              [
                4.227125188367448,
                50.687258033508996
              ],
              [
                4.227679973131782,
                50.687275974810866
              ],
              [
                4.228234854482352,
                50.68725928228999
              ],
              [
                4.22841847451417,
                50.68724218932716
              ],
              [
                4.228548378028448,
                50.68723828084561
              ],
              [
                4.229098010356973,
                50.68718711382168
              ],
              [
                4.2296370995947035,
                50.687101966659384
              ],
              [
                4.230160452941248,
                50.68698365955176
              ],
              [
                4.230663029273452,
                50.686833332102644
              ],
              [
                4.231139987730458,
                50.686652432342626
              ],
              [
                4.231586734363682,
                50.686442702772226
              ],
              [
                4.23199896640124,
                50.68620616356774
              ],
              [
                4.232372713699747,
                50.68594509311181
              ],
              [
                4.2327043769836985,
                50.6856620060367
              ],
              [
                4.232990762504024,
                50.68535962899231
              ],
              [
                4.233016952469409,
                50.6853246044211
              ],
              [
                4.233100853060312,
                50.685252990276474
              ],
              [
                4.233387233556008,
                50.68495061223236
              ],
              [
                4.2336255790884545,
                50.68463185677485
              ],
              [
                4.23381359502944,
                50.68429979398992
              ],
              [
                4.233949471621624,
                50.68395762206753
              ],
              [
                4.234031901371391,
                50.68360863649192
              ],
              [
                4.234060091599521,
                50.6832561982973
              ],
              [
                4.234033772030376,
                50.682903701694975
              ],
              [
                4.233953197348226,
                50.68255454138371
              ],
              [
                4.233819144697922,
                50.682212079858274
              ],
              [
                4.233632906155729,
                50.68187961503116
              ],
              [
                4.23339627624459,
                50.6815603484786
              ]
            ]
          ]
        ]
      },
      "properties": {
        "type": "buffer_union_400m",
        "buffer_m": 400
      }
    },
    {
      "type": "Feature",
      "geometry": {
        "type": "Polygon",
        "coordinates": [
          [
            [
              4.1342084,
              50.7160292
            ],
            [
              4.1342863,
              50.7155948
            ],
            [
              4.1339031,
              50.7154596
            ],
            [
              4.1309627,
              50.7134289
            ],
            [
              4.134682,
              50.7102993
            ],
            [
              4.1350367,
              50.7106043
            ],
            [
              4.1356616,
              50.7101471
            ],
            [
              4.1369233,
              50.7088311
            ],
            [
              4.1395201,
              50.7064759
            ],
            [
              4.1405802,
              50.7059574
            ],
            [
              4.1426498,
              50.7056206
            ],
            [
              4.1445193,
              50.7049963
            ],
            [
              4.1471003,
              50.7038022
            ],
            [
              4.1476428,
              50.7034571
            ],
            [
              4.1478852,
              50.7031226
            ],
            [
              4.1473349,
              50.7022075
            ],
            [
              4.146735,
              50.7023476
            ],
            [
              4.1455105,
              50.7006283
            ],
            [
              4.1436989,
              50.6989865
            ],
            [
              4.1431639,
              50.6983427
            ],
            [
              4.1441803,
              50.698408
            ],
            [
              4.144936,
              50.6982302
            ],
            [
              4.1468322,
              50.6982248
            ],
            [
              4.1476089,
              50.6979612
            ],
            [
              4.1485101,
              50.6979504
            ],
            [
              4.1490251,
              50.69807
            ],
            [
              4.1492826,
              50.6979775
            ],
            [
              4.1496087,
              50.69807
            ],
            [
              4.1509896,
              50.6977899
            ],
            [
              4.1507024,
              50.6969329
            ],
            [
              4.150422,
              50.6954234
            ],
            [
              4.1490528,
              50.6922014
            ],
            [
              4.1504655,
              50.6921972
            ],
            [
              4.1535673,
              50.6919017
            ],
            [
              4.1545757,
              50.6915742
            ],
            [
              4.1547061,
              50.691152
            ],
            [
              4.1563163,
              50.691166
            ],
            [
              4.1585846,
              50.6907629
            ],
            [
              4.1606362,
              50.6900489
            ],
            [
              4.1621006,
              50.6890799
            ],
            [
              4.16252,
              50.6882725
            ],
            [
              4.1643069,
              50.6867411
            ],
            [
              4.1645475,
              50.6871509
            ],
            [
              4.1656736,
              50.6879518
            ],
            [
              4.1663079,
              50.6882429
            ],
            [
              4.1686856,
              50.6874623
            ],
            [
              4.1697887,
              50.68689
            ],
            [
              4.1708044,
              50.686676
            ],
            [
              4.1708701,
              50.6851729
            ],
            [
              4.169547,
              50.6831547
            ],
            [
              4.169499,
              50.6823975
            ],
            [
              4.1683575,
              50.6791606
            ],
            [
              4.1688244,
              50.6791774
            ],
            [
              4.1698352,
              50.6776774
            ],
            [
              4.1715949,
              50.6761676
            ],
            [
              4.1729821,
              50.6751718
            ],
            [
              4.1731041,
              50.6751654
            ],
            [
              4.1731181,
              50.6749055
            ],
            [
              4.1743369,
              50.6744941
            ],
            [
              4.1745939,
              50.6745649
            ],
            [
              4.175769,
              50.6721349
            ],
            [
              4.1767134,
              50.6711765
            ],
            [
              4.177044,
              50.6700451
            ],
            [
              4.1798576,
              50.6689983
            ],
            [
              4.1809909,
              50.6684343
            ],
            [
              4.1767394,
              50.6635372
            ],
            [
              4.1823565,
              50.6620548
            ],
            [
              4.1838789,
              50.6613541
            ],
            [
              4.1866949,
              50.6596762
            ],
            [
              4.186898,
              50.6597226
            ],
            [
              4.1873851,
              50.6593258
            ],
            [
              4.1887243,
              50.6584633
            ],
            [
              4.1903022,
              50.6575528
            ],
            [
              4.190952,
              50.6569898
            ],
            [
              4.1915274,
              50.6570958
            ],
            [
              4.1922355,
              50.655736
            ],
            [
              4.1941565,
              50.6544309
            ],
            [
              4.1975371,
              50.6530886
            ],
            [
              4.1986957,
              50.652569
            ],
            [
              4.1990301,
              50.6522714
            ],
            [
              4.1993482,
              50.652128
            ],
            [
              4.2024451,
              50.6535801
            ],
            [
              4.2045051,
              50.6544507
            ],
            [
              4.2057925,
              50.6553758
            ],
            [
              4.2085391,
              50.6564641
            ],
            [
              4.210127,
              50.6563553
            ],
            [
              4.2118007,
              50.6566545
            ],
            [
              4.2155343,
              50.6580693
            ],
            [
              4.2168218,
              50.6581781
            ],
            [
              4.2189213,
              50.6584952
            ],
            [
              4.2191801,
              50.6582297
            ],
            [
              4.2202503,
              50.6588539
            ],
            [
              4.2219427,
              50.6578031
            ],
            [
              4.2218778,
              50.6574352
            ],
            [
              4.2233569,
              50.6573738
            ],
            [
              4.2234867,
              50.6565874
            ],
            [
              4.2236743,
              50.6564503
            ],
            [
              4.224385,
              50.6567137
            ],
            [
              4.225442,
              50.6566848
            ],
            [
              4.2261996,
              50.6569337
            ],
            [
              4.2280047,
              50.6564351
            ],
            [
              4.2283649,
              50.6566429
            ],
            [
              4.2280156,
              50.6576202
            ],
            [
              4.2289225,
              50.6574887
            ],
            [
              4.2294002,
              50.6578381
            ],
            [
              4.2311071,
              50.6581638
            ],
            [
              4.2318575,
              50.6586533
            ],
            [
              4.2329,
              50.6599138
            ],
            [
              4.2336267,
              50.6604753
            ],
            [
              4.2341521,
              50.6614958
            ],
            [
              4.2368254,
              50.6629898
            ],
            [
              4.236026,
              50.6637957
            ],
            [
              4.2346013,
              50.6670665
            ],
            [
              4.2336053,
              50.669837
            ],
            [
              4.2331013,
              50.6725195
            ],
            [
              4.2315056,
              50.672397
            ],
            [
              4.2310044,
              50.6729028
            ],
            [
              4.229337,
              50.6729122
            ],
            [
              4.2283487,
              50.6737553
            ],
            [
              4.2250758,
              50.6726397
            ],
            [
              4.2242274,
              50.6732392
            ],
            [
              4.222234,
              50.6740306
            ],
            [
              4.222267,
              50.6742105
            ],
            [
              4.2230823,
              50.6746751
            ],
            [
              4.2225457,
              50.6753406
            ],
            [
              4.2226057,
              50.6758322
            ],
            [
              4.222156,
              50.6763448
            ],
            [
              4.222189,
              50.6767165
            ],
            [
              4.2236609,
              50.677397
            ],
            [
              4.2231902,
              50.6776908
            ],
            [
              4.2218443,
              50.6774629
            ],
            [
              4.2216734,
              50.6776128
            ],
            [
              4.2224768,
              50.678653
            ],
            [
              4.2226611,
              50.6793929
            ],
            [
              4.2233535,
              50.6790961
            ],
            [
              4.2259135,
              50.6786405
            ],
            [
              4.2321959,
              50.6785058
            ],
            [
              4.2358298,
              50.6779992
            ],
            [
              4.2378287,
              50.6775465
            ],
            [
              4.2376013,
              50.6788636
            ],
            [
              4.2465439,
              50.6894505
            ],
            [
              4.2424914,
              50.6901935
            ],
            [
              4.2406644,
              50.6906441
            ],
            [
              4.2399734,
              50.6909507
            ],
            [
              4.2398469,
              50.6911014
            ],
            [
              4.239572,
              50.6924663
            ],
            [
              4.2383326,
              50.6935327
            ],
            [
              4.2376915,
              50.6943079
            ],
            [
              4.2374634,
              50.6949189
            ],
            [
              4.2368873,
              50.6955063
            ],
            [
              4.2362461,
              50.6966242
            ],
            [
              4.2363278,
              50.6970524
            ],
            [
              4.2362672,
              50.6973826
            ],
            [
              4.2360181,
              50.6977603
            ],
            [
              4.2356086,
              50.6980513
            ],
            [
              4.2352774,
              50.6981678
            ],
            [
              4.2342575,
              50.6981529
            ],
            [
              4.2317037,
              50.6977839
            ],
            [
              4.2310989,
              50.6989013
            ],
            [
              4.2280597,
              50.6996785
            ],
            [
              4.2271549,
              50.6993269
            ],
            [
              4.2267796,
              50.6997321
            ],
            [
              4.2248392,
              50.6998439
            ],
            [
              4.2235997,
              50.7009132
            ],
            [
              4.2232588,
              50.7011126
            ],
            [
              4.2207033,
              50.7020305
            ],
            [
              4.2189675,
              50.7030227
            ],
            [
              4.2172887,
              50.7041015
            ],
            [
              4.2117684,
              50.7071744
            ],
            [
              4.208974,
              50.7081058
            ],
            [
              4.2063216,
              50.7085275
            ],
            [
              4.2048453,
              50.7090154
            ],
            [
              4.2022866,
              50.7083951
            ],
            [
              4.2001784,
              50.7077478
            ],
            [
              4.1996688,
              50.7082302
            ],
            [
              4.1939449,
              50.7079006
            ],
            [
              4.1930698,
              50.7081942
            ],
            [
              4.1907619,
              50.7080385
            ],
            [
              4.1898973,
              50.7081193
            ],
            [
              4.1891143,
              50.7084476
            ],
            [
              4.1886878,
              50.7080492
            ],
            [
              4.1880773,
              50.7083018
            ],
            [
              4.187682,
              50.7079278
            ],
            [
              4.1822841,
              50.7068195
            ],
            [
              4.181584,
              50.707363
            ],
            [
              4.1803558,
              50.7091366
            ],
            [
              4.1782864,
              50.7135845
            ],
            [
              4.178148,
              50.7136257
            ],
            [
              4.1779951,
              50.7138218
            ],
            [
              4.1771938,
              50.7152426
            ],
            [
              4.176401,
              50.7163141
            ],
            [
              4.1756092,
              50.7167411
            ],
            [
              4.1750908,
              50.7169149
            ],
            [
              4.1746334,
              50.7173782
            ],
            [
              4.1738396,
              50.7186266
            ],
            [
              4.1732602,
              50.7191575
            ],
            [
              4.1720079,
              50.7216391
            ],
            [
              4.1718026,
              50.7216313
            ],
            [
              4.1696233,
              50.7222314
            ],
            [
              4.1687575,
              50.7225499
            ],
            [
              4.1683001,
              50.722775
            ],
            [
              4.1677653,
              50.7233189
            ],
            [
              4.1667925,
              50.7234023
            ],
            [
              4.1651679,
              50.7233908
            ],
            [
              4.1643036,
              50.7236756
            ],
            [
              4.1634667,
              50.7241393
            ],
            [
              4.1626898,
              50.7247895
            ],
            [
              4.1624241,
              50.7258192
            ],
            [
              4.1623791,
              50.7264274
            ],
            [
              4.1621105,
              50.7267078
            ],
            [
              4.161159,
              50.727091
            ],
            [
              4.1607008,
              50.7270404
            ],
            [
              4.1598874,
              50.727676
            ],
            [
              4.1569835,
              50.7283337
            ],
            [
              4.1566555,
              50.72868
            ],
            [
              4.1564192,
              50.7290783
            ],
            [
              4.152414,
              50.7286469
            ],
            [
              4.1533511,
              50.7275457
            ],
            [
              4.1562963,
              50.7277436
            ],
            [
              4.1563708,
              50.7276307
            ],
            [
              4.1573969,
              50.7279067
            ],
            [
              4.1580648,
              50.7274032
            ],
            [
              4.1569326,
              50.7272481
            ],
            [
              4.1562244,
              50.7270189
            ],
            [
              4.1551746,
              50.7270195
            ],
            [
              4.154848,
              50.7268824
            ],
            [
              4.1535383,
              50.7261181
            ],
            [
              4.1532666,
              50.7257617
            ],
            [
              4.1530723,
              50.7258072
            ],
            [
              4.1528459,
              50.7247602
            ],
            [
              4.1507135,
              50.7256454
            ],
            [
              4.1500213,
              50.7257903
            ],
            [
              4.1480152,
              50.7264412
            ],
            [
              4.1484509,
              50.7271869
            ],
            [
              4.148604,
              50.7282187
            ],
            [
              4.1468277,
              50.7280588
            ],
            [
              4.1460909,
              50.7280659
            ],
            [
              4.1446777,
              50.7282985
            ],
            [
              4.1433778,
              50.7286123
            ],
            [
              4.1423764,
              50.7289673
            ],
            [
              4.1421061,
              50.7287891
            ],
            [
              4.1417917,
              50.7282133
            ],
            [
              4.1411982,
              50.7276615
            ],
            [
              4.1407873,
              50.7265469
            ],
            [
              4.1402209,
              50.7265631
            ],
            [
              4.140041,
              50.7259162
            ],
            [
              4.1395614,
              50.725013
            ],
            [
              4.1396853,
              50.7245123
            ],
            [
              4.1398177,
              50.7243038
            ],
            [
              4.1409433,
              50.7233884
            ],
            [
              4.1414001,
              50.7232077
            ],
            [
              4.1385815,
              50.7212008
            ],
            [
              4.1367739,
              50.7197422
            ],
            [
              4.1362706,
              50.7192378
            ],
            [
              4.1363364,
              50.7187036
            ],
            [
              4.135302,
              50.7182983
            ],
            [
              4.1343894,
              50.7160521
            ],
            [
              4.1342084,
              50.7160292
            ]
          ]
        ]
      },
      "properties": {
        "type": "boundary",
        "gemeente": "Tubize"
      }
    }
  ]
}