{
  "type": "FeatureCollection",
  "metadata": {
    "gemeente": "Visé",
    "slug": "vise",
    "generated_at": "2026-09-25T22:11:45.403444Z",
    "total_points": 20,
    "providers": [
      "bpost",
      "DHL",
      "GLS",
      "InPost",
      "VintedGo",
      "PostNL",
      "DPD",
      "Amazon"
    ],
    "bounds": [
      5.67787,
      50.68565,
      5.7113,
      50.7452
    ]
  },
  "features": [
    {
      "type": "Feature",
      "geometry": {
        "type": "Point",
        "coordinates": [
          5.69558,
          50.73767
        ]
      },
      "properties": {
        "type": "pakketpunt",
        "locatieNaam": "Vise",
        "straatNaam": "Place Reine Astrid",
        "straatNr": "13",
        "vervoerder": "bpost",
        "puntType": "postkantoor",
        "bezettingsgraad": 50,
        "latitude": 50.73767,
        "longitude": 5.69558,
        "canPickup": true,
        "canDropoff": true,
        "openingstijden": null
      }
    },
    {
      "type": "Feature",
      "geometry": {
        "type": "Point",
        "coordinates": [
          5.69319,
          50.73945
        ]
      },
      "properties": {
        "type": "pakketpunt",
        "locatieNaam": "Bbox 24/7 Gare Visé",
        "straatNaam": "Avenue Maréchal Foch",
        "straatNr": "DISTRIB",
        "vervoerder": "bpost",
        "puntType": "automaat",
        "bezettingsgraad": 50,
        "latitude": 50.73945,
        "longitude": 5.69319,
        "canPickup": true,
        "canDropoff": true,
        "openingstijden": null
      }
    },
    {
      "type": "Feature",
      "geometry": {
        "type": "Point",
        "coordinates": [
          5.70176,
          50.7452
        ]
      },
      "properties": {
        "type": "pakketpunt",
        "locatieNaam": "Bbox Vise Mail Bpost",
        "straatNaam": "Rue De Maestricht",
        "straatNr": "75",
        "vervoerder": "bpost",
        "puntType": "automaat",
        "bezettingsgraad": 50,
        "latitude": 50.7452,
        "longitude": 5.70176,
        "canPickup": true,
        "canDropoff": true,
        "openingstijden": null
      }
    },
    {
      "type": "Feature",
      "geometry": {
        "type": "Point",
        "coordinates": [
          5.7113,
          50.73862
        ]
      },
      "properties": {
        "type": "pakketpunt",
        "locatieNaam": "Bbox 24/7 Q8 Visé",
        "straatNaam": "Rue De Berneau",
        "straatNr": "83",
        "vervoerder": "bpost",
        "puntType": "automaat",
        "bezettingsgraad": 50,
        "latitude": 50.73862,
        "longitude": 5.7113,
        "canPickup": true,
        "canDropoff": true,
        "openingstijden": null
      }
    },
    {
      "type": "Feature",
      "geometry": {
        "type": "Point",
        "coordinates": [
          5.7113,
          50.73862
        ]
      },
      "properties": {
        "type": "pakketpunt",
        "locatieNaam": "BBOX 24/7 Q8 VISÉ",
        "straatNaam": "RUE DE BERNEAU",
        "straatNr": "83",
        "vervoerder": "DHL",
        "puntType": "packStation",
        "bezettingsgraad": 50,
        "latitude": 50.73862,
        "longitude": 5.7113,
        "canPickup": true,
        "canDropoff": true,
        "openingstijden": {
          "ma": "00:00 - 23:59",
          "di": "00:00 - 23:59",
          "wo": "00:00 - 23:59",
          "do": "00:00 - 23:59",
          "vr": "00:00 - 23:59",
          "za": "00:00 - 23:59",
          "zo": "00:00 - 23:59"
        }
      }
    },
    {
      "type": "Feature",
      "geometry": {
        "type": "Point",
        "coordinates": [
          5.695577,
          50.737671
        ]
      },
      "properties": {
        "type": "pakketpunt",
        "locatieNaam": "VISE",
        "straatNaam": "PLACE REINE ASTRID",
        "straatNr": "13",
        "vervoerder": "DHL",
        "puntType": "postOffice",
        "bezettingsgraad": 50,
        "latitude": 50.737671,
        "longitude": 5.695577,
        "canPickup": true,
        "canDropoff": true,
        "openingstijden": {
          "ma": "09:00 - 12:30, 13:30 - 17:00",
          "di": "09:00 - 12:30, 13:30 - 18:00",
          "wo": "09:00 - 12:30, 13:30 - 17:00",
          "do": "09:00 - 12:30, 13:30 - 18:00",
          "vr": "09:00 - 12:30, 13:30 - 17:00",
          "za": "09:30 - 13:00",
          "zo": "gesloten"
        }
      }
    },
    {
      "type": "Feature",
      "geometry": {
        "type": "Point",
        "coordinates": [
          5.69319,
          50.73945
        ]
      },
      "properties": {
        "type": "pakketpunt",
        "locatieNaam": "BBOX 24/7 GARE VISÉ",
        "straatNaam": "AVENUE MARÉCHAL FOCH",
        "straatNr": "DISTRIB",
        "vervoerder": "DHL",
        "puntType": "packStation",
        "bezettingsgraad": 50,
        "latitude": 50.73945,
        "longitude": 5.69319,
        "canPickup": true,
        "canDropoff": true,
        "openingstijden": {
          "ma": "00:00 - 23:59",
          "di": "00:00 - 23:59",
          "wo": "00:00 - 23:59",
          "do": "00:00 - 23:59",
          "vr": "00:00 - 23:59",
          "za": "00:00 - 23:59",
          "zo": "00:00 - 23:59"
        }
      }
    },
    {
      "type": "Feature",
      "geometry": {
        "type": "Point",
        "coordinates": [
          5.70176,
          50.7452
        ]
      },
      "properties": {
        "type": "pakketpunt",
        "locatieNaam": "BBOX VISE MAIL BPOST",
        "straatNaam": "RUE DE MAESTRICHT",
        "straatNr": "75",
        "vervoerder": "DHL",
        "puntType": "packStation",
        "bezettingsgraad": 50,
        "latitude": 50.7452,
        "longitude": 5.70176,
        "canPickup": true,
        "canDropoff": true,
        "openingstijden": {
          "ma": "00:00 - 23:59",
          "di": "00:00 - 23:59",
          "wo": "00:00 - 23:59",
          "do": "00:00 - 23:59",
          "vr": "00:00 - 23:59",
          "za": "00:00 - 23:59",
          "zo": "00:00 - 23:59"
        }
      }
    },
    {
      "type": "Feature",
      "geometry": {
        "type": "Point",
        "coordinates": [
          5.6944818,
          50.7361963
        ]
      },
      "properties": {
        "type": "pakketpunt",
        "locatieNaam": "Med Market",
        "straatNaam": "Rue Des Beguines",
        "straatNr": "22",
        "vervoerder": "GLS",
        "puntType": "parcel_shop",
        "bezettingsgraad": 50,
        "latitude": 50.7361963,
        "longitude": 5.6944818,
        "canPickup": false,
        "canDropoff": true,
        "openingstijden": "vr: 15:30 - 21:00; za: 15:30 - 21:00"
      }
    },
    {
      "type": "Feature",
      "geometry": {
        "type": "Point",
        "coordinates": [
          5.6946909,
          50.7416001
        ]
      },
      "properties": {
        "type": "pakketpunt",
        "locatieNaam": "HEYLIGEN",
        "straatNaam": "Avenue De Navagne",
        "straatNr": "34",
        "vervoerder": "GLS",
        "puntType": "parcel_shop",
        "bezettingsgraad": 50,
        "latitude": 50.7416001,
        "longitude": 5.6946909,
        "canPickup": true,
        "canDropoff": true,
        "openingstijden": "vr: 09:00 - 18:00; za: 10:00 - 16:00"
      }
    },
    {
      "type": "Feature",
      "geometry": {
        "type": "Point",
        "coordinates": [
          5.69502,
          50.73628
        ]
      },
      "properties": {
        "type": "pakketpunt",
        "locatieNaam": "IT-MEDIA Rue du Collège 26, Visé, Belgique",
        "straatNaam": "26 Rue du Collège",
        "straatNr": "",
        "vervoerder": "InPost",
        "puntType": "servicepunt",
        "bezettingsgraad": 50,
        "latitude": 50.73628,
        "longitude": 5.69502,
        "canPickup": true,
        "canDropoff": true,
        "openingstijden": null
      }
    },
    {
      "type": "Feature",
      "geometry": {
        "type": "Point",
        "coordinates": [
          5.67787,
          50.68565
        ]
      },
      "properties": {
        "type": "pakketpunt",
        "locatieNaam": "CROISSANT DORÉ",
        "straatNaam": "57 Rue aux Communes",
        "straatNr": "",
        "vervoerder": "InPost",
        "puntType": "servicepunt",
        "bezettingsgraad": 50,
        "latitude": 50.68565,
        "longitude": 5.67787,
        "canPickup": true,
        "canDropoff": true,
        "openingstijden": null
      }
    },
    {
      "type": "Feature",
      "geometry": {
        "type": "Point",
        "coordinates": [
          5.69709,
          50.73199
        ]
      },
      "properties": {
        "type": "pakketpunt",
        "locatieNaam": "",
        "straatNaam": "Rue de Dalhem",
        "straatNr": "15",
        "vervoerder": "InPost",
        "puntType": "automaat",
        "bezettingsgraad": 50,
        "latitude": 50.73199,
        "longitude": 5.69709,
        "canPickup": true,
        "canDropoff": true,
        "openingstijden": "24/7"
      }
    },
    {
      "type": "Feature",
      "geometry": {
        "type": "Point",
        "coordinates": [
          5.6939411,
          50.7381561
        ]
      },
      "properties": {
        "type": "pakketpunt",
        "locatieNaam": "Point Repair",
        "straatNaam": "Rue des Francs Arquebusiers",
        "straatNr": "6a",
        "vervoerder": "VintedGo",
        "puntType": "parcel_shop",
        "bezettingsgraad": 50,
        "latitude": 50.7381561,
        "longitude": 5.6939411,
        "canPickup": true,
        "canDropoff": true,
        "openingstijden": null
      }
    },
    {
      "type": "Feature",
      "geometry": {
        "type": "Point",
        "coordinates": [
          5.69476598381078,
          50.7414304032328
        ]
      },
      "properties": {
        "type": "pakketpunt",
        "locatieNaam": "ETS HEYLIGEN",
        "straatNaam": "Avenue de Navagne",
        "straatNr": "34",
        "vervoerder": "PostNL",
        "puntType": "servicepunt",
        "bezettingsgraad": 50,
        "latitude": 50.7414304032328,
        "longitude": 5.69476598381078,
        "canPickup": true,
        "canDropoff": true,
        "openingstijden": "09:00 - 18:00"
      }
    },
    {
      "type": "Feature",
      "geometry": {
        "type": "Point",
        "coordinates": [
          5.6947826,
          50.7414802
        ]
      },
      "properties": {
        "type": "pakketpunt",
        "locatieNaam": "ETS HEYLIGEN",
        "straatNaam": "AVENUE DE NAVAGNE",
        "straatNr": "34",
        "vervoerder": "DPD",
        "puntType": "pickup_point",
        "bezettingsgraad": 50,
        "latitude": 50.7414802,
        "longitude": 5.6947826,
        "canPickup": true,
        "canDropoff": false,
        "openingstijden": {
          "ma": "gesloten",
          "di": "09:00 - 18:00",
          "wo": "09:00 - 18:00",
          "do": "09:00 - 18:00",
          "vr": "09:00 - 18:00",
          "za": "10:00 - 16:00",
          "zo": "gesloten"
        }
      }
    },
    {
      "type": "Feature",
      "geometry": {
        "type": "Point",
        "coordinates": [
          5.69319,
          50.73945
        ]
      },
      "properties": {
        "type": "pakketpunt",
        "locatieNaam": "bpost - BBOX 24/7 GARE VISÉ",
        "straatNaam": "AVENUE MARÉCHAL FOCH,DISTRIB",
        "straatNr": "",
        "vervoerder": "Amazon",
        "puntType": "3p",
        "bezettingsgraad": 50,
        "latitude": 50.73945,
        "longitude": 5.69319,
        "canPickup": true,
        "canDropoff": false,
        "openingstijden": null
      }
    },
    {
      "type": "Feature",
      "geometry": {
        "type": "Point",
        "coordinates": [
          5.695577,
          50.737671
        ]
      },
      "properties": {
        "type": "pakketpunt",
        "locatieNaam": "bpost - VISE",
        "straatNaam": "PLACE REINE ASTRID,13",
        "straatNr": "",
        "vervoerder": "Amazon",
        "puntType": "3p",
        "bezettingsgraad": 50,
        "latitude": 50.737671,
        "longitude": 5.695577,
        "canPickup": true,
        "canDropoff": false,
        "openingstijden": null
      }
    },
    {
      "type": "Feature",
      "geometry": {
        "type": "Point",
        "coordinates": [
          5.70176,
          50.7452
        ]
      },
      "properties": {
        "type": "pakketpunt",
        "locatieNaam": "bpost - BBOX VISE MAIL BPOST",
        "straatNaam": "RUE DE MAESTRICHT,75",
        "straatNr": "",
        "vervoerder": "Amazon",
        "puntType": "3p",
        "bezettingsgraad": 50,
        "latitude": 50.7452,
        "longitude": 5.70176,
        "canPickup": true,
        "canDropoff": false,
        "openingstijden": null
      }
    },
    {
      "type": "Feature",
      "geometry": {
        "type": "Point",
        "coordinates": [
          5.7113,
          50.73862
        ]
      },
      "properties": {
        "type": "pakketpunt",
        "locatieNaam": "bpost - BBOX 24/7 Q8 VISÉ",
        "straatNaam": "RUE DE BERNEAU,83",
        "straatNr": "",
        "vervoerder": "Amazon",
        "puntType": "3p",
        "bezettingsgraad": 50,
        "latitude": 50.73862,
        "longitude": 5.7113,
        "canPickup": true,
        "canDropoff": false,
        "openingstijden": null
      }
    },
    {
      "type": "Feature",
      "geometry": {
        "type": "MultiPolygon",
        "coordinates": [
          [
            [
              [
                5.681762579720576,
                50.68457375806003
              ],
              [
                5.681577780313852,
                50.684336552804496
              ],
              [
                5.681357275928994,
                50.68411199696547
              ],
              [
                5.6811031904449845,
                50.683902252945074
              ],
              [
                5.680817971019315,
                50.68370934048478
              ],
              [
                5.68050436451379,
                50.683535117222206
              ],
              [
                5.680165391039109,
                50.68338126080924
              ],
              [
                5.679804314873062,
                50.683249252763595
              ],
              [
                5.679424613032277,
                50.68314036420881
              ],
              [
                5.679029941799895,
                50.683055643639726
              ],
              [
                5.678624101530954,
                50.68299590683117
              ],
              [
                5.678211000073849,
                50.68296172898661
              ],
              [
                5.67779461515923,
                50.68295343920221
              ],
              [
                5.677378956117742,
                50.68297111729969
              ],
              [
                5.676968025294245,
                50.68301459305797
              ],
              [
                5.676565779529125,
                50.6830834478515
              ],
              [
                5.6761760920766635,
                50.68317701867913
              ],
              [
                5.675802715326244,
                50.68329440454503
              ],
              [
                5.675449244684524,
                50.68343447513028
              ],
              [
                5.6751190839656855,
                50.68359588167191
              ],
              [
                5.674815412622414,
                50.68377706994479
              ],
              [
                5.674541155132785,
                50.68397629522163
              ],
              [
                5.674298952837584,
                50.684191639067485
              ],
              [
                5.674091138499262,
                50.684421027807055
              ],
              [
                5.6739197138276305,
                50.68466225248752
              ],
              [
                5.673786330189075,
                50.68491299014483
              ],
              [
                5.673692272685594,
                50.68517082616885
              ],
              [
                5.673638447757634,
                50.68543327755242
              ],
              [
                5.673625374430932,
                50.685697816800406
              ],
              [
                5.67365317929257,
                50.68596189626874
              ],
              [
                5.673721595245583,
                50.6862229726991
              ],
              [
                5.6738299640551695,
                50.686478531712986
              ],
              [
                5.673977242662923,
                50.68672611202924
              ],
              [
                5.674162013209292,
                50.68696332917168
              ],
              [
                5.674382496668584,
                50.687187898438395
              ],
              [
                5.674636569965977,
                50.68739765691124
              ],
              [
                5.674921786412301,
                50.687590584293304
              ],
              [
                5.675235399260249,
                50.687764822373595
              ],
              [
                5.675574388155382,
                50.68791869293075
              ],
              [
                5.675935488227315,
                50.688050713903536
              ],
              [
                5.676315221540726,
                50.688159613671594
              ],
              [
                5.676709930603004,
                50.68824434330918
              ],
              [
                5.677115813605324,
                50.68830408669297
              ],
              [
                5.6775289610570745,
                50.68833826836682
              ],
              [
                5.677945393460055,
                50.68834655908738
              ],
              [
                5.6783610996586695,
                50.68832887899699
              ],
              [
                5.6787720754958375,
                50.688285398393305
              ],
              [
                5.679174362401325,
                50.68821653608805
              ],
              [
                5.679564085539842,
                50.688122955371085
              ],
              [
                5.679937491150619,
                50.688005557618276
              ],
              [
                5.680290982717903,
                50.68786547360534
              ],
              [
                5.680621155623358,
                50.68770405261127
              ],
              [
                5.680924829945973,
                50.6875228494166
              ],
              [
                5.681199081093181,
                50.68732360932205
              ],
              [
                5.681441267967929,
                50.687108251332
              ],
              [
                5.681649058400365,
                50.686878849665305
              ],
              [
                5.681820451599369,
                50.68663761377156
              ],
              [
                5.681953797408029,
                50.686386867045755
              ],
              [
                5.682047812178132,
                50.68612902444651
              ],
              [
                5.682101591111446,
                50.68586656923366
              ],
              [
                5.682114616949788,
                50.68560202904948
              ],
              [
                5.6820867649310225,
                50.68533795157407
              ],
              [
                5.6820183039643375,
                50.68507687998914
              ],
              [
                5.681909894014387,
                50.684821328486954
              ],
              [
                5.681762579720576,
                50.68457375806003
              ]
            ]
          ],
          [
            [
              [
                5.693577928792382,
                50.73356105272809
              ],
              [
                5.6931752758387475,
                50.7336299638664
              ],
              [
                5.692785203377913,
                50.73372358895778
              ],
              [
                5.6924114675062,
                50.73384102648395
              ],
              [
                5.692057667088157,
                50.733981145628576
              ],
              [
                5.6917272091135205,
                50.73414259716114
              ],
              [
                5.69142327589763,
                50.734323826423335
              ],
              [
                5.691148794440753,
                50.7345230882932
              ],
              [
                5.690906408241101,
                50.73473846398341
              ],
              [
                5.690698451832994,
                50.73496787951206
              ],
              [
                5.690526928295457,
                50.73520912566836
              ],
              [
                5.69039348994821,
                50.735459879281386
              ],
              [
                5.690299422421482,
                50.73571772558732
              ],
              [
                5.690245632253705,
                50.73598018147996
              ],
              [
                5.690232638137356,
                50.73624471942062
              ],
              [
                5.690260565898165,
                50.73650879177777
              ],
              [
                5.690322747472391,
                50.73674549389974
              ],
              [
                5.6901576085723615,
                50.73692766261358
              ],
              [
                5.689986075131753,
                50.7371689078617
              ],
              [
                5.689852628356249,
                50.73741966073801
              ],
              [
                5.689758553957285,
                50.73767750648581
              ],
              [
                5.689711804583403,
                50.73790558613919
              ],
              [
                5.689614401317043,
                50.73799212566395
              ],
              [
                5.689406424258207,
                50.73822153871406
              ],
              [
                5.689234882261144,
                50.73846278278465
              ],
              [
                5.689101427823398,
                50.738713534724894
              ],
              [
                5.689007346730219,
                50.738971379787145
              ],
              [
                5.688953545650766,
                50.73923383487711
              ],
              [
                5.688940543382685,
                50.73949837246393
              ],
              [
                5.688968465830307,
                50.73976244491941
              ],
              [
                5.689037044765764,
                50.74002350905268
              ],
              [
                5.689145620386031,
                50.74027905060359
              ],
              [
                5.689293147642218,
                50.740526608459
              ],
              [
                5.689478206281135,
                50.74076379835895
              ],
              [
                5.6896990145033275,
                50.740988335863754
              ],
              [
                5.689953446106765,
                50.74119805836106
              ],
              [
                5.69023905095172,
                50.741390945900335
              ],
              [
                5.690448204667516,
                50.74150696613196
              ],
              [
                5.690441250996181,
                50.7416485269414
              ],
              [
                5.690469183129431,
                50.741912598899454
              ],
              [
                5.690537773510237,
                50.742173662015425
              ],
              [
                5.6906463622254,
                50.74242920203892
              ],
              [
                5.690793904099956,
                50.74267675787155
              ],
              [
                5.690978978739965,
                50.7429139452728
              ],
              [
                5.691199804191887,
                50.74313847982704
              ],
              [
                5.691454254087762,
                50.7433481989503
              ],
              [
                5.691739878111686,
                50.74354108272457
              ],
              [
                5.6920539255909475,
                50.7437152733587
              ],
              [
                5.692393371984849,
                50.74386909308821
              ],
              [
                5.6927549480162165,
                50.74400106034128
              ],
              [
                5.693135171164894,
                50.74410990401496
              ],
              [
                5.693530379219577,
                50.74419457572366
              ],
              [
                5.693936765564387,
                50.74425425990198
              ],
              [
                5.694350415859651,
                50.744288381664035
              ],
              [
                5.694767345762856,
                50.744296612343526
              ],
              [
                5.695183539325562,
                50.74427887266109
              ],
              [
                5.695594987695534,
                50.74423533348842
              ],
              [
                5.695997727750347,
                50.74416641420141
              ],
              [
                5.696387880289388,
                50.744072778638795
              ],
              [
                5.696761687415506,
                50.74395532870477
              ],
              [
                5.697115548745399,
                50.74381519567769
              ],
              [
                5.697446056099276,
                50.74365372930874
              ],
              [
                5.697750026335089,
                50.74347248481551
              ],
              [
                5.698024532010674,
                50.74327320789653
              ],
              [
                5.698266929578257,
                50.743057817910895
              ],
              [
                5.6984748848397215,
                50.74282838938566
              ],
              [
                5.6985366576595,
                50.742741496242914
              ],
              [
                5.698566577600384,
                50.74270848645672
              ],
              [
                5.698738087272282,
                50.74246722895865
              ],
              [
                5.698871501053074,
                50.742216466260494
              ],
              [
                5.698965534641417,
                50.74195861347466
              ],
              [
                5.6990192830594495,
                50.74169615395903
              ],
              [
                5.699032229344516,
                50.741431615397296
              ],
              [
                5.699004249502265,
                50.74116754545378
              ],
              [
                5.698935613674461,
                50.74090648723755
              ],
              [
                5.698926366254103,
                50.74088473449905
              ],
              [
                5.698918993298239,
                50.740856691053146
              ],
              [
                5.698810363339931,
                50.74060115860908
              ],
              [
                5.69866278584594,
                50.74035361275896
              ],
              [
                5.698477682582985,
                50.7401164373621
              ],
              [
                5.698256836612882,
                50.739891916375896
              ],
              [
                5.698157703192751,
                50.73981021973029
              ],
              [
                5.698334965037308,
                50.739723610357345
              ],
              [
                5.69863890649886,
                50.739542363380316
              ],
              [
                5.698913385517914,
                50.73934308418404
              ],
              [
                5.699155758803412,
                50.73912769214955
              ],
              [
                5.69936369239107,
                50.738898261823614
              ],
              [
                5.699535184112145,
                50.73865700293184
              ],
              [
                5.699668582862154,
                50.73840623909066
              ],
              [
                5.6997626044844285,
                50.73814838542352
              ],
              [
                5.699816344116253,
                50.73788592529678
              ],
              [
                5.699829284879483,
                50.73762138639998
              ],
              [
                5.699801302832839,
                50.73735731640066
              ],
              [
                5.699732668139199,
                50.737096258408464
              ],
              [
                5.699624042437632,
                50.73684072648464
              ],
              [
                5.6994764724464915,
                50.736593181433
              ],
              [
                5.699291379860148,
                50.73635600710518
              ],
              [
                5.69926440545181,
                50.73632858241861
              ],
              [
                5.699269160108111,
                50.73623140672262
              ],
              [
                5.6992411820259194,
                50.73596733649976
              ],
              [
                5.699172552460071,
                50.73570627809049
              ],
              [
                5.6990639330002155,
                50.735450745560044
              ],
              [
                5.6989163703045636,
                50.735203199718086
              ],
              [
                5.698731285997205,
                50.7349660244239
              ],
              [
                5.698510462957309,
                50.73474150363389
              ],
              [
                5.6983048268689656,
                50.7345720193348
              ],
              [
                5.698396691890962,
                50.734556293438565
              ],
              [
                5.698786760094393,
                50.73446264965785
              ],
              [
                5.699160485006391,
                50.734345191785046
              ],
              [
                5.6995142670356245,
                50.734205051174996
              ],
              [
                5.699844698766177,
                50.73404357765186
              ],
              [
                5.70014859778441,
                50.733862326502134
              ],
              [
                5.7004230373340805,
                50.73366304348845
              ],
              [
                5.700665374504254,
                50.73344764802859
              ],
              [
                5.700873275678423,
                50.733218214702255
              ],
              [
                5.701044738999948,
                50.73297695326399
              ],
              [
                5.701178113637761,
                50.732726187354736
              ],
              [
                5.701272115667289,
                50.732468332117804
              ],
              [
                5.701325840414374,
                50.73220587093471
              ],
              [
                5.701338771144064,
                50.731941331505105
              ],
              [
                5.701310784011544,
                50.7316772615017
              ],
              [
                5.701242149228506,
                50.73141620403416
              ],
              [
                5.7011335284347116,
                50.73116067315864
              ],
              [
                5.700985968301095,
                50.73091312966889
              ],
              [
                5.70080089042695,
                50.73067595740148
              ],
              [
                5.700580077629385,
                50.73045144028373
              ],
              [
                5.700325656757836,
                50.73024174034473
              ],
              [
                5.700040078199766,
                50.73004887690136
              ],
              [
                5.6997260922753465,
                50.72987470711907
              ],
              [
                5.69938672274876,
                50.72972090813467
              ],
              [
                5.699025237711214,
                50.729588960912785
              ],
              [
                5.698645118116014,
                50.72948013599115
              ],
              [
                5.698250024268341,
                50.729395481251835
              ],
              [
                5.697843760591967,
                50.72933581183575
              ],
              [
                5.697430239011562,
                50.72930170229736
              ],
              [
                5.697013441302402,
                50.72929348107517
              ],
              [
                5.696597380769201,
                50.72931122733064
              ],
              [
                5.696186063622114,
                50.72935477018646
              ],
              [
                5.695783450420873,
                50.729423690371
              ],
              [
                5.695393417957388,
                50.729517324253486
              ],
              [
                5.695019721942905,
                50.72963477023099
              ],
              [
                5.694665960858241,
                50.72977489740575
              ],
              [
                5.694335541314424,
                50.72993635646998
              ],
              [
                5.694031645256766,
                50.73011759269278
              ],
              [
                5.693757199327733,
                50.730316860885175
              ],
              [
                5.693514846683416,
                50.73053224219894
              ],
              [
                5.693306921534987,
                50.730761662598
              ],
              [
                5.693135426660399,
                50.73100291282462
              ],
              [
                5.693002014103291,
                50.7312536696687
              ],
              [
                5.692907969245448,
                50.73151151833531
              ],
              [
                5.692854198406902,
                50.731773975695425
              ],
              [
                5.692841220093871,
                50.73203851419628
              ],
              [
                5.692869159979771,
                50.7323025862009
              ],
              [
                5.6929377496685705,
                50.73256364852271
              ],
              [
                5.693046329253455,
                50.73281918691895
              ],
              [
                5.693193853647127,
                50.733066740306924
              ],
              [
                5.693378902623756,
                50.73330392446964
              ],
              [
                5.693599694476751,
                50.73352845502267
              ],
              [
                5.693632263622398,
                50.73355530258602
              ],
              [
                5.693577928792382,
                50.73356105272809
              ]
            ]
          ],
          [
            [
              [
                5.715011016206928,
                50.73730550882046
              ],
              [
                5.71479010463639,
                50.737081018889256
              ],
              [
                5.714535584733167,
                50.73687135019462
              ],
              [
                5.714249907838246,
                50.73667852175245
              ],
              [
                5.713935825218586,
                50.73650439039113
              ],
              [
                5.713596361569311,
                50.73635063287747
              ],
              [
                5.713234785887772,
                50.736218729776695
              ],
              [
                5.7128545799999,
                50.7361099512017
              ],
              [
                5.712459405041597,
                50.736025344588235
              ],
              [
                5.712053066217462,
                50.73596572461379
              ],
              [
                5.711639476175589,
                50.73593166535677
              ],
              [
                5.711222617350321,
                50.735923494771484
              ],
              [
                5.710806503634747,
                50.73594129153185
              ],
              [
                5.71039514175104,
                50.735984884274224
              ],
              [
                5.709992492689673,
                50.736053853246645
              ],
              [
                5.709602433587873,
                50.73614753434854
              ],
              [
                5.709228720413458,
                50.736265025522314
              ],
              [
                5.708874951812595,
                50.736405195435
              ],
              [
                5.708544534468849,
                50.73656669436725
              ],
              [
                5.708240650306548,
                50.73674796720425
              ],
              [
                5.707966225853849,
                50.73694726840444
              ],
              [
                5.7077239040603045,
                50.73716267880172
              ],
              [
                5.707516018840281,
                50.737392124079854
              ],
              [
                5.70734457258753,
                50.737633394741536
              ],
              [
                5.707211216877758,
                50.737884167379775
              ],
              [
                5.707117236545591,
                50.73814202704747
              ],
              [
                5.707063537289933,
                50.73840449050964
              ],
              [
                5.707050636927875,
                50.73866903015461
              ],
              [
                5.7070786603823285,
                50.738933098334336
              ],
              [
                5.707147338452611,
                50.739194151899
              ],
              [
                5.707256010380842,
                50.739449676690086
              ],
              [
                5.707403630190442,
                50.73969721175583
              ],
              [
                5.707588776736643,
                50.73993437305565
              ],
              [
                5.707809667373116,
                50.74015887642525
              ],
              [
                5.708064175103819,
                50.74036855958092
              ],
              [
                5.70834984905555,
                50.74056140295102
              ],
              [
                5.708663938074455,
                50.74073554913354
              ],
              [
                5.709003417219493,
                50.740889320792064
              ],
              [
                5.709365016897816,
                50.741021236817794
              ],
              [
                5.709745254361311,
                50.741130026601155
              ],
              [
                5.7101404672606435,
                50.741214642275644
              ],
              [
                5.710546848933161,
                50.74127426881556
              ],
              [
                5.71096048508413,
                50.741308331890195
              ],
              [
                5.711377391507262,
                50.74131650339854
              ],
              [
                5.711793552480308,
                50.741298704631205
              ],
              [
                5.712204959465017,
                50.74125510702896
              ],
              [
                5.71260764973771,
                50.74118613053052
              ],
              [
                5.712997744577431,
                50.74109243952565
              ],
              [
                5.713371486642975,
                50.740974936452595
              ],
              [
                5.713725276177904,
                50.74083475310152
              ],
              [
                5.714055705694168,
                50.740673239708244
              ],
              [
                5.714359592799658,
                50.740491951943284
              ],
              [
                5.714634010853111,
                50.7402926359219
              ],
              [
                5.714876317150895,
                50.74007721137976
              ],
              [
                5.715084178374132,
                50.73984775317666
              ],
              [
                5.7152555930512605,
                50.73960647130662
              ],
              [
                5.715388910820004,
                50.739355689607365
              ],
              [
                5.715482848303789,
                50.73909782337418
              ],
              [
                5.71553650145035,
                50.738835356094405
              ],
              [
                5.715549354214546,
                50.738570815526366
              ],
              [
                5.7155212835026195,
                50.73830674935361
              ],
              [
                5.715452560331335,
                50.73804570064883
              ],
              [
                5.715343847191778,
                50.73779018338378
              ],
              [
                5.7151961916442575,
                50.737542658220974
              ],
              [
                5.715011016206928,
                50.73730550882046
              ]
            ]
          ],
          [
            [
              [
                5.705656953949569,
                50.74412297761848
              ],
              [
                5.705471800667373,
                50.74388581350612
              ],
              [
                5.7052509036975465,
                50.74366130592895
              ],
              [
                5.704996390700242,
                50.74345161682421
              ],
              [
                5.704710712950159,
                50.74325876540434
              ],
              [
                5.70439662172268,
                50.74308460871901
              ],
              [
                5.704057141795975,
                50.7429308237789
              ],
              [
                5.703695542324261,
                50.74279889141335
              ],
              [
                5.703315305362636,
                50.742690082017035
              ],
              [
                5.702920092346267,
                50.74260544332249
              ],
              [
                5.702513708846227,
                50.74254579031613
              ],
              [
                5.7021000679407665,
                50.74251169739441
              ],
              [
                5.701683152553935,
                50.7425034928358
              ],
              [
                5.701266977123357,
                50.74252125564134
              ],
              [
                5.700855548965341,
                50.742564814774326
              ],
              [
                5.700452829708381,
                50.74263375080643
              ],
              [
                5.700062697165472,
                50.74272739995428
              ],
              [
                5.699688908011447,
                50.742844860467955
              ],
              [
                5.699335061623942,
                50.74298500130978
              ],
              [
                5.699004565435409,
                50.74314647304033
              ],
              [
                5.698700602129273,
                50.74332772080675
              ],
              [
                5.698426098995704,
                50.743526999308926
              ],
              [
                5.698183699741842,
                50.74374238959938
              ],
              [
                5.697975739027935,
                50.74397181755556
              ],
              [
                5.697804219974726,
                50.744213073846986
              ],
              [
                5.6976707948590235,
                50.744463835205124
              ],
              [
                5.69757674918392,
                50.74472168679154
              ],
              [
                5.697522989277697,
                50.74498414544914
              ],
              [
                5.697510033541686,
                50.74524868361258
              ],
              [
                5.697538007432264,
                50.745512753648136
              ],
              [
                5.697606642226285,
                50.74577381238816
              ],
              [
                5.697715277582884,
                50.74602934562438
              ],
              [
                5.697862867877937,
                50.74627689232373
              ],
              [
                5.698047992251183,
                50.74651406833359
              ],
              [
                5.698268868270083,
                50.746738589348055
              ],
              [
                5.698523369079615,
                50.746948292913494
              ],
              [
                5.698809043873454,
                50.74714115926172
              ],
              [
                5.699123141489819,
                50.74731533076941
              ],
              [
                5.699462636905022,
                50.74746912985627
              ],
              [
                5.699824260369629,
                50.74760107514928
              ],
              [
                5.70020452890651,
                50.747709895757005
              ],
              [
                5.700599779867081,
                50.74779454351602
              ],
              [
                5.701006206222091,
                50.74785420309161
              ],
              [
                5.701419893246399,
                50.74788829983482
              ],
              [
                5.7018368562436335,
                50.74789650532038
              ],
              [
                5.702253078946529,
                50.747878740511595
              ],
              [
                5.702664552222127,
                50.74783517652216
              ],
              [
                5.703067312708092,
                50.74776623296702
              ],
              [
                5.703457481007021,
                50.74767257391864
              ],
              [
                5.703831299069997,
                50.747555101507466
              ],
              [
                5.704185166408429,
                50.747414947228336
              ],
              [
                5.704515674784733,
                50.74725346103711
              ],
              [
                5.704819641047113,
                50.747072198342316
              ],
              [
                5.7050941377917965,
                50.746872905017774
              ],
              [
                5.705336521557162,
                50.74665750058058
              ],
              [
                5.705544458278173,
                50.74642805969693
              ],
              [
                5.7057159457561255,
                50.74618679219412
              ],
              [
                5.7058493329276265,
                50.7459360217715
              ],
              [
                5.705943335747761,
                50.74567816361586
              ],
              [
                5.705997049535136,
                50.74541570113676
              ],
              [
                5.706009957660744,
                50.745151162046355
              ],
              [
                5.7059819364978495,
                50.74488709401407
              ],
              [
                5.705913256586245,
                50.7446260401305
              ],
              [
                5.705804580000644,
                50.74437051441731
              ],
              [
                5.705656953949569,
                50.74412297761848
              ]
            ]
          ]
        ]
      },
      "properties": {
        "type": "buffer_union_300m",
        "buffer_m": 300
      }
    },
    {
      "type": "Feature",
      "geometry": {
        "type": "MultiPolygon",
        "coordinates": [
          [
            [
              [
                5.68306006682217,
                50.684214981879244
              ],
              [
                5.682813661201175,
                50.683898710846954
              ],
              [
                5.682519650705974,
                50.683599306045636
              ],
              [
                5.682180867353787,
                50.68331965056347
              ],
              [
                5.6818005741252335,
                50.683062437265676
              ],
              [
                5.681382433528072,
                50.68283014287498
              ],
              [
                5.680930472322336,
                50.68262500413404
              ],
              [
                5.680449042746686,
                50.682448996279064
              ],
              [
                5.679942780619143,
                50.68230381403101
              ],
              [
                5.679416560715153,
                50.68219085528729
              ],
              [
                5.678875449851782,
                50.68211120767026
              ],
              [
                5.678324658128703,
                50.68206563806172
              ],
              [
                5.677769488794113,
                50.68205458522388
              ],
              [
                5.6772152872167805,
                50.682078155577685
              ],
              [
                5.676667389453916,
                50.68213612217871
              ],
              [
                5.676131070908401,
                50.682227926900964
              ],
              [
                5.675611495568029,
                50.682352685807
              ],
              [
                5.675113666313944,
                50.68250919765351
              ],
              [
                5.674642376775255,
                50.68269595545007
              ],
              [
                5.674202165192152,
                50.682911160960714
              ],
              [
                5.6737972707307645,
                50.68315274200865
              ],
              [
                5.6734315926696715,
                50.68341837241829
              ],
              [
                5.67310865285065,
                50.68370549440286
              ],
              [
                5.672831561755211,
                50.68401134318277
              ],
              [
                5.672602988533797,
                50.68433297359798
              ],
              [
                5.672425135276916,
                50.68466728845885
              ],
              [
                5.672299715776855,
                50.68501106836264
              ],
              [
                5.672227938985742,
                50.68536100268939
              ],
              [
                5.672210497330637,
                50.685713721478216
              ],
              [
                5.672247559999843,
                50.686065827878416
              ],
              [
                5.672338771266823,
                50.68641393086191
              ],
              [
                5.672483253869635,
                50.686754677882675
              ],
              [
                5.67267961741516,
                50.68708478716834
              ],
              [
                5.672925971728858,
                50.68740107933292
              ],
              [
                5.673219945023054,
                50.68770050800567
              ],
              [
                5.673558706710143,
                50.687980189181054
              ],
              [
                5.673938994642082,
                50.688237429006485
              ],
              [
                5.6743571465146605,
                50.688469749739795
              ],
              [
                5.674809135134536,
                50.68867491362597
              ],
              [
                5.675290607209538,
                50.6888509444625
              ],
              [
                5.6757969252884175,
                50.68899614664527
              ],
              [
                5.676323212445553,
                50.68910912151077
              ],
              [
                5.676864399279378,
                50.68918878081709
              ],
              [
                5.677415272770714,
                50.689234357233246
              ],
              [
                5.677970526529059,
                50.689245411735364
              ],
              [
                5.678524811941284,
                50.689221837838616
              ],
              [
                5.679072789728453,
                50.689163862623516
              ],
              [
                5.6796091814123955,
                50.68907204454711
              ],
              [
                5.680128820194648,
                50.68894726806003
              ],
              [
                5.68062670075603,
                50.688790735081255
              ],
              [
                5.6810980274957235,
                50.688603953413256
              ],
              [
                5.681538260743924,
                50.688388722209396
              ],
              [
                5.681943160501923,
                50.688147114633814
              ],
              [
                5.682308827287599,
                50.687881457881566
              ],
              [
                5.68263173969248,
                50.68759431075175
              ],
              [
                5.682908788288568,
                50.68728843899031
              ],
              [
                5.683137305558644,
                50.68696678864038
              ],
              [
                5.683315091562379,
                50.686632457657744
              ],
              [
                5.683440435091987,
                50.68628866606462
              ],
              [
                5.683512130114845,
                50.68593872493029
              ],
              [
                5.683529487346196,
                50.68558600447715
              ],
              [
                5.683492340842098,
                50.68523390161991
              ],
              [
                5.683401049550813,
                50.68488580725049
              ],
              [
                5.683256493809575,
                50.684545073583884
              ],
              [
                5.68306006682217,
                50.684214981879244
              ]
            ]
          ],
          [
            [
              [
                5.691249673430344,
                50.73324274941211
              ],
              [
                5.690809065507408,
                50.7334580149092
              ],
              [
                5.690403821879222,
                50.73369965060835
              ],
              [
                5.690037845187411,
                50.73396532980776
              ],
              [
                5.68971466015062,
                50.734252494250896
              ],
              [
                5.689437379613303,
                50.734558378749355
              ],
              [
                5.689208674552118,
                50.73488003779912
              ],
              [
                5.689030748329397,
                50.73521437393477
              ],
              [
                5.688905315442541,
                50.735558167548646
              ],
              [
                5.6888335849751845,
                50.7359081078886
              ],
              [
                5.6888162489109355,
                50.736260824935776
              ],
              [
                5.688850320779369,
                50.7365830847088
              ],
              [
                5.688667770337484,
                50.736839814055735
              ],
              [
                5.68848983287648,
                50.737174149209025
              ],
              [
                5.68836439082592,
                50.737517942078654
              ],
              [
                5.688350512598992,
                50.7375856413459
              ],
              [
                5.688145276187408,
                50.73781202435029
              ],
              [
                5.68791654651283,
                50.73813368061899
              ],
              [
                5.68773859883517,
                50.738468014524145
              ],
              [
                5.687613147858561,
                50.73881180647964
              ],
              [
                5.687541402840983,
                50.73916174574926
              ],
              [
                5.687524055906319,
                50.739514462324465
              ],
              [
                5.687561275333476,
                50.739866559375734
              ],
              [
                5.687652703888939,
                50.74021464596481
              ],
              [
                5.68779746222063,
                50.740555369703365
              ],
              [
                5.687994157282166,
                50.74088544904308
              ],
              [
                5.68824089570808,
                50.74120170488612
              ],
              [
                5.688535302012776,
                50.741501091211354
              ],
              [
                5.688874541439292,
                50.74178072442086
              ],
              [
                5.68904946802198,
                50.74189886595978
              ],
              [
                5.689061931729046,
                50.74201673134773
              ],
              [
                5.689153375544198,
                50.74236481658054
              ],
              [
                5.68929815133513,
                50.74270553828272
              ],
              [
                5.689494865887383,
                50.74303561492552
              ],
              [
                5.689741625647839,
                50.74335186743706
              ],
              [
                5.690036054925467,
                50.7436512498283
              ],
              [
                5.690375318742066,
                50.74393087853918
              ],
              [
                5.690756150114021,
                50.74418806022221
              ],
              [
                5.691174881503126,
                50.74442031769499
              ],
              [
                5.691627480134044,
                50.74462541381166
              ],
              [
                5.692109586838404,
                50.74480137302228
              ],
              [
                5.692616558051195,
                50.74494650041245
              ],
              [
                5.69314351055443,
                50.74505939803899
              ],
              [
                5.693685368536258,
                50.745138978403915
              ],
              [
                5.694236912511136,
                50.74518447493653
              ],
              [
                5.694792829628495,
                50.74519544938246
              ],
              [
                5.6953477648837785,
                50.745171796027996
              ],
              [
                5.695896372736904,
                50.74511374271908
              ],
              [
                5.69610251114053,
                50.74507846737688
              ],
              [
                5.696093376105376,
                50.74526487718535
              ],
              [
                5.6961306641209015,
                50.74561697101081
              ],
              [
                5.696222167152797,
                50.745965050409666
              ],
              [
                5.696367005131923,
                50.746305763062715
              ],
              [
                5.696563784244961,
                50.74663582752832
              ],
              [
                5.696810610317023,
                50.74695206485182
              ],
              [
                5.697105107018388,
                50.74725142919035
              ],
              [
                5.697444438721403,
                50.74753103715772
              ],
              [
                5.69782533778849,
                50.74778819560615
              ],
              [
                5.698244136029283,
                50.74802042757702
              ],
              [
                5.698696800024372,
                50.74822549617001
              ],
              [
                5.69917896997561,
                50.74840142610029
              ],
              [
                5.699686001708592,
                50.7485465227355
              ],
              [
                5.700213011422189,
                50.74865938842867
              ],
              [
                5.700754922753295,
                50.7487389359894
              ],
              [
                5.701306515702313,
                50.748784399162986
              ],
              [
                5.701862476946788,
                50.7487953400164
              ],
              [
                5.702417451056991,
                50.748771653159494
              ],
              [
                5.702966092118495,
                50.74871356676092
              ],
              [
                5.703503115262777,
                50.74862164034881
              ],
              [
                5.704023347607793,
                50.74849675941737
              ],
              [
                5.70452177811624,
                50.74834012689174
              ],
              [
                5.704993605889763,
                50.74815325153337
              ],
              [
                5.7054342864326815,
                50.74793793339813
              ],
              [
                5.705839575438564,
                50.74769624648758
              ],
              [
                5.70620556967721,
                50.747430518760986
              ],
              [
                5.706528744587788,
                50.747143309701094
              ],
              [
                5.706805988215969,
                50.746837385650274
              ],
              [
                5.707034631168497,
                50.74651569315536
              ],
              [
                5.707212472297282,
                50.74618133057786
              ],
              [
                5.707337799866577,
                50.74583751824421
              ],
              [
                5.70740940800058,
                50.74548756742329
              ],
              [
                5.707426608254503,
                50.74513484843055
              ],
              [
                5.707389236199301,
                50.74478275816643
              ],
              [
                5.707297652958371,
                50.7444346874013
              ],
              [
                5.7071527416832355,
                50.74409398812253
              ],
              [
                5.70695589900394,
                50.74376394125784
              ],
              [
                5.706709021538188,
                50.74344772508545
              ],
              [
                5.70641448759073,
                50.743148384635425
              ],
              [
                5.706075134220567,
                50.74286880237596
              ],
              [
                5.70569422989793,
                50.74261167046686
              ],
              [
                5.705275443015158,
                50.74237946484686
              ],
              [
                5.7048228065551765,
                50.74217442140364
              ],
              [
                5.704340679257972,
                50.74199851445551
              ],
              [
                5.7038337036587805,
                50.74185343775166
              ],
              [
                5.7033067614015405,
                50.74174058817314
              ],
              [
                5.702764926257049,
                50.741661052291015
              ],
              [
                5.702213415297093,
                50.74161559591121
              ],
              [
                5.701657538693334,
                50.741604656705704
              ],
              [
                5.701102648622806,
                50.741628340001284
              ],
              [
                5.700554087770338,
                50.74168641776614
              ],
              [
                5.7004345135231365,
                50.74170688627657
              ],
              [
                5.700448770509994,
                50.741415386234365
              ],
              [
                5.700411453550377,
                50.74106329342131
              ],
              [
                5.700319929088783,
                50.740715216878684
              ],
              [
                5.700310681066846,
                50.74069346424856
              ],
              [
                5.700303307316964,
                50.740665420888554
              ],
              [
                5.700158458212017,
                50.74032471263472
              ],
              [
                5.699961680275448,
                50.7399946537011
              ],
              [
                5.699937649125081,
                50.73996386352166
              ],
              [
                5.7000245666306215,
                50.73990075765684
              ],
              [
                5.700347727570815,
                50.73961356513388
              ],
              [
                5.700624967024419,
                50.739307655159884
              ],
              [
                5.700853615638011,
                50.7389859741461
              ],
              [
                5.70103147220857,
                50.738651620343525
              ],
              [
                5.701156824851204,
                50.73830781399413
              ],
              [
                5.701228467448199,
                50.73795786630919
              ],
              [
                5.70124571122244,
                50.73760514757403
              ],
              [
                5.701208391325359,
                50.73725305468663
              ],
              [
                5.70111686837768,
                50.73690497844275
              ],
              [
                5.700972024949966,
                50.736564270882575
              ],
              [
                5.700775257018618,
                50.73623421301361
              ],
              [
                5.700673782803292,
                50.73610419082035
              ],
              [
                5.700648230250996,
                50.735863081486386
              ],
              [
                5.7005567141409115,
                50.73551500468632
              ],
              [
                5.700411879035938,
                50.73517429631725
              ],
              [
                5.700283432075152,
                50.7349588290399
              ],
              [
                5.700322406695242,
                50.73494339013839
              ],
              [
                5.700762985043596,
                50.734728088894315
              ],
              [
                5.701168184391575,
                50.73448641737752
              ],
              [
                5.701534102372324,
                50.73422070339898
              ],
              [
                5.70185721515917,
                50.73393350630899
              ],
              [
                5.702134411395702,
                50.73362759233467
              ],
              [
                5.702363022144595,
                50.733305907925725
              ],
              [
                5.702540846567331,
                50.7329715513659
              ],
              [
                5.702666173088411,
                50.73262774292365
              ],
              [
                5.702737795841444,
                50.73227779383037
              ],
              [
                5.702755026240156,
                50.73192507438497
              ],
              [
                5.702717699564496,
                50.73157298149226
              ],
              [
                5.702626176500174,
                50.73122490594798
              ],
              [
                5.702481339618582,
                50.7308841997856
              ],
              [
                5.7022845848328,
                50.730554143999164
              ],
              [
                5.702037807913657,
                50.730237916952916
              ],
              [
                5.701743386197292,
                50.729938563781644
              ],
              [
                5.701404155661699,
                50.72965896707613
              ],
              [
                5.701023383594118,
                50.729401819135376
              ],
              [
                5.7006047371133075,
                50.729169596052515
              ],
              [
                5.700152247850292,
                50.72896453388343
              ],
              [
                5.699670273127839,
                50.7287886071268
              ],
              [
                5.699163454012281,
                50.728643509722595
              ],
              [
                5.698636670641102,
                50.72853063875119
              ],
              [
                5.698094995255579,
                50.72845108098968
              ],
              [
                5.6975436433896105,
                50.72840560245465
              ],
              [
                5.696987923683402,
                50.72839464103143
              ],
              [
                5.6964331868036675,
                50.72841830226071
              ],
              [
                5.695884773960583,
                50.728476358323164
              ],
              [
                5.695347965515471,
                50.72856825023142
              ],
              [
                5.694827930172373,
                50.728693093208626
              ],
              [
                5.694329675241132,
                50.72884968520203
              ],
              [
                5.693857998449408,
                50.72903651844962
              ],
              [
                5.693417441766363,
                50.72925179398894
              ],
              [
                5.693012247681625,
                50.72949343896897
              ],
              [
                5.692646318359787,
                50.72975912659854
              ],
              [
                5.692323178063353,
                50.730046298539925
              ],
              [
                5.692045939205912,
                50.73035218953245
              ],
              [
                5.691817272362687,
                50.73067385400957
              ],
              [
                5.69163938052787,
                50.73100819445354
              ],
              [
                5.691513977867568,
                50.73135199121521
              ],
              [
                5.691442273174157,
                50.73170193351206
              ],
              [
                5.691424958182839,
                50.73205465130637
              ],
              [
                5.691462200864506,
                50.732406747756805
              ],
              [
                5.691553643761294,
                50.73275483193085
              ],
              [
                5.691687308696471,
                50.73306942948052
              ],
              [
                5.691249673430344,
                50.73324274941211
              ]
            ]
          ],
          [
            [
              [
                5.716247975596488,
                50.73686731884599
              ],
              [
                5.715953422185161,
                50.736568001924155
              ],
              [
                5.715614059610495,
                50.736288446878234
              ],
              [
                5.715233156430976,
                50.73603134560598
              ],
              [
                5.7148143810275975,
                50.735799173751076
              ],
              [
                5.714361766272469,
                50.73559416687602
              ],
              [
                5.713879670696361,
                50.73541829894704
              ],
              [
                5.713372736528919,
                50.73527326333763
              ],
              [
                5.712845845015062,
                50.73516045653308
              ],
              [
                5.712304069436982,
                50.735080964692685
              ],
              [
                5.711752626292975,
                50.73503555319828
              ],
              [
                5.71119682510185,
                50.735024659289685
              ],
              [
                5.710642017314696,
                50.735048387857546
              ],
              [
                5.710093544824288,
                50.73510651043416
              ],
              [
                5.709556688566212,
                50.73519846739173
              ],
              [
                5.709036617704911,
                50.73532337332711
              ],
              [
                5.708538339892342,
                50.73548002558134
              ],
              [
                5.708066653076685,
                50.73566691581211
              ],
              [
                5.707626099323909,
                50.73588224450834
              ],
              [
                5.707220921095786,
                50.73612393830709
              ],
              [
                5.706855020404643,
                50.73638966994707
              ],
              [
                5.706531921237767,
                50.73667688066673
              ],
              [
                5.706254735613199,
                50.736982804831875
              ],
              [
                5.706026133594075,
                50.737304496556455
              ],
              [
                5.705848317550876,
                50.73763885806023
              ],
              [
                5.705723000920347,
                50.737982669491124
              ],
              [
                5.705651391666869,
                50.73833261992522
              ],
              [
                5.705634180606952,
                50.738685339246274
              ],
              [
                5.705671534710947,
                50.73903743059813
              ],
              [
                5.705763095448209,
                50.73938550309724
              ],
              [
                5.705907982193441,
                50.739726204490786
              ],
              [
                5.70610480066323,
                50.74005625344547
              ],
              [
                5.706351656303193,
                50.740372471155986
              ],
              [
                5.706646172498402,
                50.74067181196828
              ],
              [
                5.706985513433033,
                50.7409513927227
              ],
              [
                5.707366411380216,
                50.74120852053352
              ],
              [
                5.707785198160031,
                50.74144071873721
              ],
              [
                5.708237840463181,
                50.741645750758686
              ],
              [
                5.708719978700238,
                50.74182164166538
              ],
              [
                5.7092269690021205,
                50.741966697200766
              ],
              [
                5.709753927966696,
                50.74207952011379
              ],
              [
                5.7102957797196785,
                50.74215902362613
              ],
              [
                5.710847304835413,
                50.74220444190742
              ],
              [
                5.711403190644964,
                50.74221533745702
              ],
              [
                5.711958082445401,
                50.74219160532122
              ],
              [
                5.712506635115368,
                50.74213347410481
              ],
              [
                5.713043564638023,
                50.74204150376763
              ],
              [
                5.713563699033406,
                50.74191658022702
              ],
              [
                5.714062028207982,
                50.74175990681847
              ],
              [
                5.714533752239755,
                50.74157299269722
              ],
              [
                5.714974327632565,
                50.74135763829249
              ],
              [
                5.715379511093024,
                50.741115917955184
              ],
              [
                5.715745400407728,
                50.740850159966406
              ],
              [
                5.716068472026583,
                50.74056292410034
              ],
              [
                5.716345614990203,
                50.74025697695748
              ],
              [
                5.716574160874885,
                50.73993526530693
              ],
              [
                5.716751909467366,
                50.73960088769468
              ],
              [
                5.716877149922993,
                50.73925706459182
              ],
              [
                5.716948677204744,
                50.738907107370835
              ],
              [
                5.716965803646237,
                50.73855438640878
              ],
              [
                5.7169283655289584,
                50.73820229862488
              ],
              [
                5.71683672461214,
                50.737854234765564
              ],
              [
                5.716691764602328,
                50.737513546751615
              ],
              [
                5.716494882598458,
                50.73718351540216
              ],
              [
                5.716247975596488,
                50.73686731884599
              ]
            ]
          ]
        ]
      },
      "properties": {
        "type": "buffer_union_400m",
        "buffer_m": 400
      }
    },
    {
      "type": "Feature",
      "geometry": {
        "type": "Polygon",
        "coordinates": [
          [
            [
              5.6497678,
              50.7523259
            ],
            [
              5.6482547,
              50.7539565
            ],
            [
              5.6507968,
              50.7565617
            ],
            [
              5.6531271,
              50.7572803
            ],
            [
              5.6545394,
              50.7604693
            ],
            [
              5.6534802,
              50.7605592
            ],
            [
              5.6525622,
              50.7620414
            ],
            [
              5.6551044,
              50.7631643
            ],
            [
              5.6548219,
              50.7637032
            ],
            [
              5.6567284,
              50.7635236
            ],
            [
              5.6584938,
              50.7663982
            ],
            [
              5.6587763,
              50.768105
            ],
            [
              5.656727,
              50.771174
            ],
            [
              5.657027,
              50.7712676
            ],
            [
              5.6572441,
              50.771124
            ],
            [
              5.6577358,
              50.7714005
            ],
            [
              5.6581436,
              50.7714897
            ],
            [
              5.6595531,
              50.7726415
            ],
            [
              5.6590588,
              50.7730457
            ],
            [
              5.6594483,
              50.7746395
            ],
            [
              5.659277,
              50.7751136
            ],
            [
              5.6599203,
              50.7752042
            ],
            [
              5.6604208,
              50.7751646
            ],
            [
              5.6608098,
              50.773881
            ],
            [
              5.6630413,
              50.7718329
            ],
            [
              5.664623,
              50.7713478
            ],
            [
              5.6644253,
              50.7709884
            ],
            [
              5.6669674,
              50.7702339
            ],
            [
              5.6672782,
              50.770701
            ],
            [
              5.6725884,
              50.7765042
            ],
            [
              5.672978,
              50.7773535
            ],
            [
              5.6729839,
              50.7775282
            ],
            [
              5.6736901,
              50.778139
            ],
            [
              5.6741137,
              50.7787501
            ],
            [
              5.6747916,
              50.7805467
            ],
            [
              5.677588,
              50.7841041
            ],
            [
              5.677701,
              50.7850025
            ],
            [
              5.677249,
              50.7849845
            ],
            [
              5.6771643,
              50.7862241
            ],
            [
              5.6764863,
              50.7864218
            ],
            [
              5.6765711,
              50.7866733
            ],
            [
              5.6781529,
              50.7859906
            ],
            [
              5.6784636,
              50.7861523
            ],
            [
              5.6774467,
              50.7866733
            ],
            [
              5.6775597,
              50.7867991
            ],
            [
              5.6786049,
              50.7863858
            ],
            [
              5.6790002,
              50.7867815
            ],
            [
              5.6777857,
              50.7874283
            ],
            [
              5.6795652,
              50.7889375
            ],
            [
              5.6801019,
              50.7887039
            ],
            [
              5.6817684,
              50.7904646
            ],
            [
              5.6805821,
              50.7910396
            ],
            [
              5.6808645,
              50.7912731
            ],
            [
              5.6815424,
              50.7910575
            ],
            [
              5.6815989,
              50.7912372
            ],
            [
              5.680921,
              50.7915785
            ],
            [
              5.6812035,
              50.7917582
            ],
            [
              5.6815706,
              50.7916145
            ],
            [
              5.6828418,
              50.7929978
            ],
            [
              5.6837456,
              50.7942016
            ],
            [
              5.6839433,
              50.7945968
            ],
            [
              5.6839998,
              50.796286
            ],
            [
              5.6846495,
              50.798442
            ],
            [
              5.6848755,
              50.8003644
            ],
            [
              5.6874071,
              50.8045313
            ],
            [
              5.6879367,
              50.804983
            ],
            [
              5.6880534,
              50.8052118
            ],
            [
              5.6881596,
              50.8058584
            ],
            [
              5.6881084,
              50.8062839
            ],
            [
              5.6875813,
              50.8072433
            ],
            [
              5.687657,
              50.8073999
            ],
            [
              5.6881043,
              50.8078
            ],
            [
              5.6881218,
              50.8080035
            ],
            [
              5.6878692,
              50.8085859
            ],
            [
              5.6875236,
              50.8088713
            ],
            [
              5.6872072,
              50.809384
            ],
            [
              5.6871013,
              50.8099323
            ],
            [
              5.6872877,
              50.8104797
            ],
            [
              5.6872179,
              50.8107034
            ],
            [
              5.6874006,
              50.8108114
            ],
            [
              5.6878772,
              50.8119233
            ],
            [
              5.6886146,
              50.8118698
            ],
            [
              5.6887736,
              50.8116266
            ],
            [
              5.6902303,
              50.8118466
            ],
            [
              5.6911701,
              50.8118413
            ],
            [
              5.6916796,
              50.8121222
            ],
            [
              5.693856,
              50.811516
            ],
            [
              5.693635,
              50.8055097
            ],
            [
              5.6935445,
              50.8001156
            ],
            [
              5.6936637,
              50.7988264
            ],
            [
              5.6939763,
              50.796636
            ],
            [
              5.6945951,
              50.7941442
            ],
            [
              5.6956872,
              50.791352
            ],
            [
              5.6976771,
              50.7870485
            ],
            [
              5.6982843,
              50.7851662
            ],
            [
              5.6984908,
              50.7842143
            ],
            [
              5.6987063,
              50.7831486
            ],
            [
              5.6988237,
              50.7816519
            ],
            [
              5.6987439,
              50.7796192
            ],
            [
              5.6982844,
              50.7774776
            ],
            [
              5.6979915,
              50.7766044
            ],
            [
              5.6973659,
              50.7753091
            ],
            [
              5.6952095,
              50.772503
            ],
            [
              5.6937524,
              50.7709386
            ],
            [
              5.6898786,
              50.7672729
            ],
            [
              5.6850317,
              50.7636023
            ],
            [
              5.6828302,
              50.7612582
            ],
            [
              5.6821797,
              50.7599719
            ],
            [
              5.6819699,
              50.7588581
            ],
            [
              5.6820582,
              50.7575348
            ],
            [
              5.6821716,
              50.7575343
            ],
            [
              5.6821939,
              50.7572713
            ],
            [
              5.6826305,
              50.7560344
            ],
            [
              5.6830533,
              50.7550319
            ],
            [
              5.6832359,
              50.7548154
            ],
            [
              5.6853183,
              50.7550981
            ],
            [
              5.6869657,
              50.7533507
            ],
            [
              5.6873517,
              50.7528471
            ],
            [
              5.6881562,
              50.752291
            ],
            [
              5.6895213,
              50.7521525
            ],
            [
              5.6895143,
              50.7519224
            ],
            [
              5.6907863,
              50.7517938
            ],
            [
              5.6906346,
              50.7510997
            ],
            [
              5.6921551,
              50.751032
            ],
            [
              5.6924331,
              50.751743
            ],
            [
              5.6944058,
              50.751436
            ],
            [
              5.6941878,
              50.7508878
            ],
            [
              5.6954937,
              50.7506817
            ],
            [
              5.6964161,
              50.7502043
            ],
            [
              5.6990972,
              50.7499855
            ],
            [
              5.6992645,
              50.7505166
            ],
            [
              5.7007593,
              50.7502699
            ],
            [
              5.7008609,
              50.7505135
            ],
            [
              5.7034996,
              50.7498766
            ],
            [
              5.7031912,
              50.7505998
            ],
            [
              5.7065256,
              50.7498852
            ],
            [
              5.7064117,
              50.7496362
            ],
            [
              5.7087656,
              50.7490889
            ],
            [
              5.7087456,
              50.7490024
            ],
            [
              5.71114,
              50.7482688
            ],
            [
              5.7109748,
              50.7480937
            ],
            [
              5.7122965,
              50.7476922
            ],
            [
              5.7121719,
              50.7474814
            ],
            [
              5.7135045,
              50.7471463
            ],
            [
              5.7138578,
              50.7479218
            ],
            [
              5.7148008,
              50.7476716
            ],
            [
              5.714979,
              50.747874
            ],
            [
              5.7188449,
              50.7466757
            ],
            [
              5.7191027,
              50.7473893
            ],
            [
              5.7211193,
              50.747181
            ],
            [
              5.7206009,
              50.7460211
            ],
            [
              5.7222785,
              50.7457111
            ],
            [
              5.721935,
              50.7450558
            ],
            [
              5.7217526,
              50.7450914
            ],
            [
              5.7213726,
              50.7445062
            ],
            [
              5.7226725,
              50.7442683
            ],
            [
              5.7226378,
              50.7442072
            ],
            [
              5.723215,
              50.7440784
            ],
            [
              5.7216002,
              50.742733
            ],
            [
              5.7212688,
              50.7417582
            ],
            [
              5.7221731,
              50.741735
            ],
            [
              5.7223162,
              50.7410476
            ],
            [
              5.7220209,
              50.7410179
            ],
            [
              5.7219887,
              50.7406937
            ],
            [
              5.7223588,
              50.7407756
            ],
            [
              5.7224795,
              50.7406945
            ],
            [
              5.7221738,
              50.7401515
            ],
            [
              5.7238904,
              50.7394342
            ],
            [
              5.7246709,
              50.7389793
            ],
            [
              5.7252383,
              50.7388913
            ],
            [
              5.7251805,
              50.7387213
            ],
            [
              5.7249713,
              50.7386313
            ],
            [
              5.7245584,
              50.738652
            ],
            [
              5.7244233,
              50.7381282
            ],
            [
              5.7247457,
              50.7377221
            ],
            [
              5.7248328,
              50.7373488
            ],
            [
              5.7237848,
              50.7365668
            ],
            [
              5.7235963,
              50.7363081
            ],
            [
              5.7238719,
              50.7361182
            ],
            [
              5.7245586,
              50.7358417
            ],
            [
              5.724349,
              50.7355554
            ],
            [
              5.7237656,
              50.7353636
            ],
            [
              5.7234639,
              50.7351854
            ],
            [
              5.7231843,
              50.7348592
            ],
            [
              5.7227791,
              50.7347098
            ],
            [
              5.7232342,
              50.7343505
            ],
            [
              5.7231463,
              50.7340631
            ],
            [
              5.7227933,
              50.7341532
            ],
            [
              5.7223178,
              50.734421
            ],
            [
              5.7220729,
              50.7343325
            ],
            [
              5.7224554,
              50.7334114
            ],
            [
              5.7224366,
              50.7331771
            ],
            [
              5.7219431,
              50.7322892
            ],
            [
              5.7215184,
              50.7317768
            ],
            [
              5.7219377,
              50.7307426
            ],
            [
              5.7218116,
              50.7304421
            ],
            [
              5.7219317,
              50.7302538
            ],
            [
              5.7211973,
              50.7301101
            ],
            [
              5.7212255,
              50.7297687
            ],
            [
              5.7205453,
              50.7291789
            ],
            [
              5.7205477,
              50.7283494
            ],
            [
              5.719446,
              50.7283389
            ],
            [
              5.7190166,
              50.728193
            ],
            [
              5.7190701,
              50.7280237
            ],
            [
              5.7195145,
              50.7277355
            ],
            [
              5.719703,
              50.7273437
            ],
            [
              5.7206073,
              50.7272773
            ],
            [
              5.7211126,
              50.7270198
            ],
            [
              5.7211607,
              50.7265718
            ],
            [
              5.7214515,
              50.7260138
            ],
            [
              5.7202087,
              50.7248819
            ],
            [
              5.720124,
              50.7228337
            ],
            [
              5.7209431,
              50.7227978
            ],
            [
              5.7212538,
              50.7223486
            ],
            [
              5.7218187,
              50.7220073
            ],
            [
              5.7214797,
              50.7214324
            ],
            [
              5.721508,
              50.7211449
            ],
            [
              5.7219882,
              50.7208215
            ],
            [
              5.7226661,
              50.7209472
            ],
            [
              5.7231463,
              50.7213785
            ],
            [
              5.7236829,
              50.7211808
            ],
            [
              5.7233254,
              50.7203846
            ],
            [
              5.7233647,
              50.7201369
            ],
            [
              5.7228643,
              50.7197633
            ],
            [
              5.7228911,
              50.7194631
            ],
            [
              5.7222989,
              50.7192045
            ],
            [
              5.719446,
              50.7192045
            ],
            [
              5.7192483,
              50.7208754
            ],
            [
              5.7189658,
              50.7222229
            ],
            [
              5.7174688,
              50.7232828
            ],
            [
              5.7137685,
              50.724289
            ],
            [
              5.7092492,
              50.7257083
            ],
            [
              5.7080911,
              50.722492
            ],
            [
              5.7074437,
              50.7211089
            ],
            [
              5.7072045,
              50.720753
            ],
            [
              5.7084301,
              50.7194377
            ],
            [
              5.7093339,
              50.7180543
            ],
            [
              5.7095599,
              50.7173177
            ],
            [
              5.7093622,
              50.715018
            ],
            [
              5.7105303,
              50.7127265
            ],
            [
              5.7090797,
              50.7119454
            ],
            [
              5.7071872,
              50.7101668
            ],
            [
              5.7061139,
              50.7088552
            ],
            [
              5.7045886,
              50.7077952
            ],
            [
              5.7037413,
              50.7065196
            ],
            [
              5.7018453,
              50.7043692
            ],
            [
              5.7014815,
              50.7040872
            ],
            [
              5.7006019,
              50.7042502
            ],
            [
              5.6991792,
              50.7000763
            ],
            [
              5.6985633,
              50.6987848
            ],
            [
              5.6978709,
              50.6969658
            ],
            [
              5.6979386,
              50.6962036
            ],
            [
              5.6978372,
              50.6954272
            ],
            [
              5.6972857,
              50.6937193
            ],
            [
              5.696746,
              50.6925037
            ],
            [
              5.6962934,
              50.6906285
            ],
            [
              5.6963835,
              50.6889513
            ],
            [
              5.6945014,
              50.6890936
            ],
            [
              5.6931256,
              50.6892977
            ],
            [
              5.6927443,
              50.6881807
            ],
            [
              5.6917126,
              50.6879293
            ],
            [
              5.6911949,
              50.6875069
            ],
            [
              5.690985,
              50.687464
            ],
            [
              5.6909126,
              50.6873485
            ],
            [
              5.6896761,
              50.686905
            ],
            [
              5.6894759,
              50.6866468
            ],
            [
              5.6896332,
              50.6865328
            ],
            [
              5.6896386,
              50.6863799
            ],
            [
              5.6893837,
              50.686006
            ],
            [
              5.6894106,
              50.6859159
            ],
            [
              5.6890002,
              50.685729
            ],
            [
              5.6889734,
              50.6854503
            ],
            [
              5.6887927,
              50.6851827
            ],
            [
              5.6886059,
              50.6851461
            ],
            [
              5.6884584,
              50.6849354
            ],
            [
              5.6882136,
              50.6848356
            ],
            [
              5.6879407,
              50.6844816
            ],
            [
              5.6876913,
              50.6845139
            ],
            [
              5.6875753,
              50.6835992
            ],
            [
              5.686855,
              50.6833567
            ],
            [
              5.6866008,
              50.6829255
            ],
            [
              5.687046,
              50.6825021
            ],
            [
              5.6868898,
              50.6820631
            ],
            [
              5.6862618,
              50.6813085
            ],
            [
              5.6856266,
              50.6810807
            ],
            [
              5.6852728,
              50.680689
            ],
            [
              5.6849402,
              50.680598
            ],
            [
              5.6845031,
              50.6800929
            ],
            [
              5.6847365,
              50.6798267
            ],
            [
              5.6840586,
              50.6792877
            ],
            [
              5.683254,
              50.6794665
            ],
            [
              5.6826799,
              50.67878
            ],
            [
              5.6820812,
              50.6777113
            ],
            [
              5.6797209,
              50.6773648
            ],
            [
              5.6781943,
              50.6769921
            ],
            [
              5.6779929,
              50.6770311
            ],
            [
              5.6774067,
              50.6754609
            ],
            [
              5.6768284,
              50.6745883
            ],
            [
              5.6752436,
              50.6732142
            ],
            [
              5.6749457,
              50.6728684
            ],
            [
              5.673929,
              50.6711706
            ],
            [
              5.6719758,
              50.6714735
            ],
            [
              5.6722422,
              50.672735
            ],
            [
              5.6715925,
              50.6729146
            ],
            [
              5.6700955,
              50.6739926
            ],
            [
              5.6689374,
              50.6751245
            ],
            [
              5.6692763,
              50.675412
            ],
            [
              5.6690503,
              50.6755917
            ],
            [
              5.6685137,
              50.675376
            ],
            [
              5.6662768,
              50.6751371
            ],
            [
              5.665541,
              50.675298
            ],
            [
              5.6660497,
              50.6758092
            ],
            [
              5.6645592,
              50.6762384
            ],
            [
              5.6634012,
              50.6767235
            ],
            [
              5.6637113,
              50.6770965
            ],
            [
              5.6627138,
              50.6774417
            ],
            [
              5.6634732,
              50.6781726
            ],
            [
              5.6630246,
              50.6783544
            ],
            [
              5.6628934,
              50.6782383
            ],
            [
              5.6604459,
              50.6791637
            ],
            [
              5.6594705,
              50.6799111
            ],
            [
              5.660009,
              50.6801204
            ],
            [
              5.6594164,
              50.6804763
            ],
            [
              5.6595115,
              50.6810036
            ],
            [
              5.6579696,
              50.6816543
            ],
            [
              5.6581411,
              50.6817855
            ],
            [
              5.6584769,
              50.6816716
            ],
            [
              5.6596286,
              50.6829711
            ],
            [
              5.6586362,
              50.6830296
            ],
            [
              5.6590614,
              50.6840249
            ],
            [
              5.6657463,
              50.6862427
            ],
            [
              5.6672196,
              50.6868425
            ],
            [
              5.6683953,
              50.6874231
            ],
            [
              5.6702969,
              50.6886669
            ],
            [
              5.6713266,
              50.6896076
            ],
            [
              5.6721541,
              50.6906149
            ],
            [
              5.6731308,
              50.692327
            ],
            [
              5.674559,
              50.6958254
            ],
            [
              5.6750945,
              50.6964574
            ],
            [
              5.6754289,
              50.6970445
            ],
            [
              5.675963,
              50.6986958
            ],
            [
              5.6767484,
              50.7005617
            ],
            [
              5.6768638,
              50.7021423
            ],
            [
              5.6770355,
              50.7026437
            ],
            [
              5.6774179,
              50.7034876
            ],
            [
              5.6780044,
              50.7045067
            ],
            [
              5.6791949,
              50.7061139
            ],
            [
              5.680195,
              50.7072339
            ],
            [
              5.681141,
              50.7080731
            ],
            [
              5.6850113,
              50.7141762
            ],
            [
              5.6858971,
              50.7152692
            ],
            [
              5.6889292,
              50.7184772
            ],
            [
              5.6903863,
              50.7207423
            ],
            [
              5.6907224,
              50.7216881
            ],
            [
              5.6910565,
              50.7230256
            ],
            [
              5.6917067,
              50.7269899
            ],
            [
              5.6919721,
              50.7300752
            ],
            [
              5.6917413,
              50.7323895
            ],
            [
              5.6857401,
              50.7322389
            ],
            [
              5.6766579,
              50.7330284
            ],
            [
              5.6769713,
              50.7365517
            ],
            [
              5.6768614,
              50.7406327
            ],
            [
              5.6766119,
              50.7452205
            ],
            [
              5.671785,
              50.7456479
            ],
            [
              5.6717266,
              50.74628
            ],
            [
              5.6699932,
              50.7460602
            ],
            [
              5.6702194,
              50.746859
            ],
            [
              5.6692588,
              50.7469549
            ],
            [
              5.6693183,
              50.7471811
            ],
            [
              5.6687454,
              50.747239
            ],
            [
              5.6686232,
              50.7469123
            ],
            [
              5.6646452,
              50.747515
            ],
            [
              5.6644543,
              50.7470754
            ],
            [
              5.6637806,
              50.7471671
            ],
            [
              5.6638305,
              50.7473107
            ],
            [
              5.6609136,
              50.7476416
            ],
            [
              5.660944,
              50.7482497
            ],
            [
              5.6594075,
              50.748327
            ],
            [
              5.6594656,
              50.7488947
            ],
            [
              5.6593022,
              50.7494464
            ],
            [
              5.6581848,
              50.7494773
            ],
            [
              5.6552783,
              50.7497559
            ],
            [
              5.655155,
              50.7507773
            ],
            [
              5.655602,
              50.7512485
            ],
            [
              5.6548082,
              50.7514982
            ],
            [
              5.6551438,
              50.7519724
            ],
            [
              5.6525127,
              50.7528433
            ],
            [
              5.6516193,
              50.752125
            ],
            [
              5.6512062,
              50.7530463
            ],
            [
              5.6507806,
              50.7531525
            ],
            [
              5.6497678,
              50.7523259
            ]
          ]
        ]
      },
      "properties": {
        "type": "boundary",
        "gemeente": "Visé"
      }
    }
  ]
}